nan,-1.425959780621570763e-02,nan,nan,nan,nan,nan,-5.118829981718442737e-03,nan,7.312614259598060329e-04,nan,3.290676416819038243e-03,nan,nan,nan,nan,nan,nan,-1.389396709323580462e-02,nan,nan,nan,5.484460694698367438e-03,nan,nan,nan,nan,nan,nan,nan,4.440892098500626408e-17,nan,nan,nan,nan,nan,nan,nan,nan,nan,nan,nan,nan,nan,nan,nan,nan,0.000000000000000000e+00,nan,nan,nan,nan,1.389396709323584798e-02,nan,nan,nan,nan,nan,nan,nan,-9.140767824497264896e-03,nan,nan,nan,nan
nan,-6.557377049180357353e-03,nan,nan,nan,nan,nan,1.785063752276862953e-02,nan,7.285974499089209813e-03,nan,2.185792349726733887e-03,nan,nan,nan,nan,nan,nan,-7.285974499089631568e-04,nan,nan,nan,1.566484517304183102e-02,nan,nan,nan,nan,nan,nan,nan,-7.285974499089409306e-04,nan,nan,nan,nan,nan,7.650273224043657727e-03,nan,nan,nan,nan,nan,nan,nan,nan,nan,nan,1.457194899817792957e-03,nan,nan,nan,nan,nan,nan,nan,nan,nan,nan,nan,nan,-1.639344262295085869e-02,nan,nan,nan,nan
nan,-5.692599620493355057e-03,nan,nan,nan,nan,nan,4.174573055028463556e-03,nan,-1.138519924098671011e-02,nan,2.656546489563615856e-03,nan,nan,nan,nan,nan,nan,-1.897533206831103535e-03,nan,nan,nan,nan,nan,nan,nan,nan,nan,nan,nan,-1.518026565464847266e-03,nan,nan,nan,nan,nan,7.210626185958269110e-03,nan,nan,nan,nan,nan,nan,nan,nan,nan,nan,0.000000000000000000e+00,nan,nan,nan,nan,nan,1.897533206831125653e-03,nan,nan,nan,nan,nan,nan,-3.795066413661895904e-04,nan,nan,nan,nan
nan,-6.581352833637988016e-03,nan,nan,nan,nan,nan,1.572212065813536480e-02,nan,4.440892098500626408e-17,nan,7.312614259598282590e-04,nan,nan,nan,nan,nan,nan,-4.021937842778755372e-03,nan,nan,nan,9.140767824497308264e-03,nan,nan,nan,nan,nan,nan,nan,-7.312614259597394629e-04,nan,nan,nan,nan,nan,nan,nan,nan,nan,nan,nan,nan,nan,nan,nan,nan,2.220446049250313204e-17,nan,nan,nan,nan,nan,6.215722120658173470e-03,nan,nan,nan,nan,nan,nan,-7.312614259597749813e-03,nan,nan,nan,nan
nan,-4.770642201834896304e-03,nan,nan,nan,nan,nan,-1.834862385321112078e-03,nan,-2.201834862385365545e-03,nan,-3.669724770642312952e-04,nan,nan,nan,nan,nan,nan,-1.027522935779816640e-02,nan,nan,nan,nan,nan,nan,nan,nan,nan,nan,nan,1.100917431192627262e-03,nan,nan,nan,nan,nan,5.871559633027501231e-03,nan,nan,nan,nan,nan,nan,nan,nan,nan,nan,-3.669724770642312952e-04,nan,nan,nan,nan,nan,-7.339449541284625905e-04,nan,nan,nan,nan,nan,nan,-1.981651376146793472e-02,nan,nan,nan,nan
nan,-1.764705882352934907e-02,nan,nan,nan,nan,nan,2.941176470588269080e-03,nan,-1.249999999999995559e-02,nan,2.573529411764807762e-03,nan,nan,nan,nan,nan,nan,-4.411764705882337267e-03,nan,nan,nan,nan,nan,nan,nan,nan,nan,nan,nan,-7.352941176470562112e-04,nan,nan,nan,nan,nan,nan,nan,nan,nan,nan,nan,nan,nan,nan,nan,nan,3.676470588235503318e-04,nan,nan,nan,nan,9.558823529411841768e-03,1.580882352941181956e-02,nan,nan,nan,nan,nan,nan,-1.397058823529406801e-02,nan,nan,nan,nan
nan,3.642987249544593631e-03,nan,nan,nan,nan,nan,4.007285974499064096e-03,nan,2.040072859744983605e-02,nan,-3.642987249544704653e-04,nan,nan,nan,nan,nan,nan,-2.550091074681271140e-03,nan,nan,nan,2.914389799635674818e-03,nan,nan,nan,nan,nan,nan,nan,7.285974499088964784e-04,nan,nan,nan,nan,nan,1.347905282331505160e-02,nan,nan,nan,nan,nan,nan,nan,nan,nan,nan,3.642987249544482392e-04,nan,nan,nan,nan,nan,nan,nan,nan,nan,nan,nan,nan,-1.821493624772352327e-03,nan,nan,nan,nan
nan,2.139037433155022150e-03,nan,nan,nan,nan,nan,-2.139037433155111054e-03,nan,1.105169340463456676e-02,nan,3.208556149732588736e-03,nan,nan,nan,nan,nan,nan,6.773618538324343782e-03,nan,nan,nan,nan,nan,nan,nan,nan,nan,nan,nan,-2.220446049250313204e-17,nan,nan,nan,nan,nan,4.313725490196074208e-02,nan,nan,nan,nan,nan,nan,nan,nan,nan,nan,-1.782531194295944310e-03,nan,nan,nan,nan,nan,3.208556149732566618e-03,nan,nan,nan,nan,nan,nan,3.921568627450943909e-03,nan,nan,nan,nan
nan,3.949730700179565623e-03,nan,nan,nan,nan,nan,4.308797127468589130e-03,nan,1.077199281867147196e-02,nan,-3.590664272890453537e-04,nan,nan,nan,nan,nan,nan,3.949730700179565623e-03,nan,nan,nan,7.181328545780974078e-03,nan,nan,nan,nan,nan,nan,nan,2.154398563734294565e-03,nan,nan,nan,nan,nan,5.816876122082590556e-02,nan,nan,nan,nan,nan,nan,nan,nan,nan,nan,-3.590664272890453537e-04,nan,nan,nan,nan,nan,nan,nan,nan,nan,nan,nan,nan,8.976660682226245136e-03,nan,nan,nan,nan
nan,1.681901279707500446e-02,nan,nan,nan,nan,nan,2.193784277879395981e-03,nan,1.828153564899492965e-03,nan,7.312614259597860836e-03,nan,nan,nan,nan,nan,nan,1.096892138939677998e-02,nan,nan,nan,4.021937842778844710e-03,nan,nan,nan,nan,nan,nan,nan,-1.096892138939620145e-03,nan,nan,nan,nan,nan,nan,nan,nan,nan,nan,nan,nan,nan,nan,nan,nan,-3.656307129798807903e-04,nan,nan,nan,nan,nan,-1.462522851919523161e-03,nan,nan,nan,nan,nan,nan,-4.387568555758614153e-03,nan,nan,nan,nan
nan,1.691176470588231368e-02,nan,nan,nan,nan,nan,5.514705882352921584e-03,nan,7.352941176470562112e-03,nan,5.147058823529393479e-03,nan,nan,nan,nan,nan,nan,3.308823529411752951e-03,nan,nan,nan,5.514705882352921584e-03,nan,nan,nan,nan,nan,nan,nan,-7.352941176470562112e-04,nan,nan,nan,nan,nan,nan,nan,nan,nan,nan,nan,nan,nan,nan,nan,nan,-1.470588235294112422e-03,nan,nan,nan,nan,2.389705882352941707e-02,nan,nan,nan,nan,nan,nan,nan,-1.691176470588238306e-02,nan,nan,nan,nan
nan,4.929577464788703275e-03,nan,nan,nan,nan,nan,4.577464788732355308e-03,nan,-2.112676056338069590e-03,nan,3.521126760563375591e-03,nan,nan,nan,nan,nan,nan,4.577464788732355308e-03,nan,nan,nan,nan,nan,nan,nan,nan,nan,nan,nan,-7.042253521126973443e-04,nan,nan,nan,nan,nan,-3.521126760563442377e-03,nan,nan,nan,nan,nan,nan,nan,nan,nan,nan,-3.521126760563708441e-04,nan,nan,nan,nan,nan,3.521126760563353473e-03,nan,nan,nan,nan,nan,nan,-5.985915492957816567e-03,nan,nan,nan,nan
nan,-3.231597845601452690e-03,nan,nan,nan,nan,nan,-5.026929982046656961e-03,nan,-4.308797127468566579e-03,nan,1.436265709156181415e-03,nan,nan,nan,nan,nan,nan,-5.026929982046702064e-03,nan,nan,nan,nan,nan,nan,nan,nan,nan,nan,nan,-1.436265709156181415e-03,nan,nan,nan,nan,nan,3.231597845601434649e-02,nan,nan,nan,nan,nan,nan,nan,nan,nan,nan,1.795332136445226823e-03,nan,nan,nan,nan,1.472172351885097166e-02,nan,nan,nan,nan,nan,nan,nan,-6.822262118491906335e-03,nan,nan,nan,nan
nan,1.352313167259788784e-02,nan,nan,nan,nan,nan,2.220446049250313204e-17,nan,7.117437722420127738e-04,nan,1.423487544484003430e-03,nan,nan,nan,nan,nan,nan,7.117437722420127738e-04,nan,nan,nan,nan,nan,nan,nan,nan,nan,nan,nan,3.558718861210063869e-04,nan,nan,nan,nan,nan,2.099644128113882166e-02,nan,nan,nan,nan,nan,nan,nan,nan,nan,nan,-1.779359430604920966e-03,nan,nan,nan,nan,nan,8.185053380782968818e-03,nan,nan,nan,nan,nan,nan,-1.779359430604943084e-03,nan,nan,nan,nan
nan,4.469273743016777614e-03,nan,nan,nan,nan,nan,2.234636871508421767e-03,nan,3.724394785847340121e-03,nan,5.586592178770976788e-03,nan,nan,nan,nan,nan,nan,2.220446049250313204e-17,nan,nan,nan,4.841713221601495927e-03,nan,nan,nan,nan,nan,nan,nan,1.489757914338940472e-03,nan,nan,nan,nan,nan,2.346368715083799877e-02,nan,nan,nan,nan,nan,nan,nan,nan,nan,nan,-1.117318435754177707e-03,nan,nan,nan,nan,nan,nan,nan,nan,nan,nan,nan,nan,-3.351955307262577573e-03,nan,nan,nan,nan
nan,3.738317757009323831e-03,nan,nan,nan,nan,nan,-3.738317757009612880e-04,nan,2.093457943925232032e-02,nan,6.355140186915853029e-03,nan,nan,nan,nan,nan,nan,7.476635514018336714e-04,nan,nan,nan,nan,nan,nan,nan,nan,nan,nan,nan,-1.869158878504695309e-03,nan,nan,nan,nan,nan,2.429906542056072677e-02,nan,nan,nan,nan,nan,nan,nan,nan,nan,nan,-3.738317757009390618e-04,nan,nan,nan,nan,nan,1.794392523364483211e-02,nan,nan,nan,nan,nan,nan,-3.738317757009368501e-03,nan,nan,nan,nan
nan,5.424954792043390137e-03,8.679927667269415545e-03,nan,nan,nan,nan,1.735985533453883109e-02,nan,3.616636528029016024e-04,nan,2.169981916817365162e-03,nan,nan,nan,nan,nan,nan,-1.808318264014507903e-03,nan,nan,nan,nan,nan,nan,nan,nan,nan,nan,nan,1.084990958408638129e-03,nan,nan,nan,nan,nan,3.291139240506326530e-02,nan,nan,nan,nan,nan,nan,nan,nan,nan,nan,-1.446654611211606409e-03,nan,nan,nan,nan,nan,nan,nan,nan,nan,nan,nan,nan,-7.233273056058253225e-04,nan,nan,nan,nan
nan,-1.418181818181825024e-02,nan,nan,nan,nan,nan,5.090909090909034873e-03,nan,-7.636363636363685883e-03,nan,3.999999999999936766e-03,nan,nan,nan,nan,nan,nan,-1.018181818181824669e-02,nan,nan,nan,2.181818181818129428e-03,nan,nan,nan,nan,nan,nan,nan,-2.181818181818195781e-03,nan,nan,nan,nan,nan,nan,nan,nan,nan,nan,nan,nan,nan,nan,nan,nan,-1.090909090909097890e-03,nan,nan,nan,nan,5.454545454545422882e-03,nan,nan,nan,nan,nan,nan,nan,-1.381818181818186310e-02,nan,nan,nan,nan
nan,-3.752345215759844699e-03,nan,nan,nan,nan,nan,5.253283302063804609e-03,nan,4.878048780487809211e-03,nan,4.502814258911835496e-03,nan,nan,nan,nan,nan,nan,3.752345215759866816e-03,nan,nan,nan,1.538461538461539588e-02,nan,nan,nan,nan,nan,nan,nan,-3.752345215759955613e-04,nan,nan,nan,nan,nan,nan,nan,nan,nan,nan,nan,nan,nan,nan,nan,nan,2.626641651031858069e-03,nan,nan,nan,nan,nan,1.575984990619139214e-02,nan,nan,nan,nan,nan,nan,-2.251407129455929024e-03,nan,nan,nan,nan
nan,-1.199999999999998811e-02,nan,nan,nan,nan,nan,-6.181818181818154664e-03,nan,-1.490909090909091697e-02,nan,1.090909090909097890e-03,nan,nan,nan,nan,nan,nan,-5.818181818181810891e-03,nan,nan,nan,nan,nan,nan,nan,nan,nan,nan,nan,-1.818181818181829890e-03,nan,nan,nan,nan,nan,3.636363636363659996e-04,nan,nan,nan,nan,nan,nan,nan,nan,nan,nan,-3.636363636363637662e-03,nan,nan,nan,nan,6.909090909090908998e-03,3.636363636363881715e-04,nan,nan,nan,nan,nan,nan,nan,nan,nan,nan,nan
nan,-3.272727272727271770e-03,nan,nan,nan,nan,nan,-4.363636363636303091e-03,nan,-2.909090909090883328e-03,nan,4.000000000000026104e-03,nan,nan,nan,nan,nan,nan,-2.545454545454495319e-03,nan,nan,nan,nan,nan,nan,nan,nan,nan,nan,nan,-1.818181818181807772e-03,nan,nan,nan,nan,nan,1.381818181818186310e-02,nan,nan,nan,nan,nan,nan,nan,nan,nan,nan,7.272727272727319992e-04,nan,nan,nan,nan,2.327272727272733377e-02,nan,nan,nan,nan,nan,nan,nan,-2.545454545454517437e-03,nan,nan,nan,nan
nan,-1.127819548872221935e-03,nan,nan,nan,nan,nan,-3.759398496240651168e-03,nan,7.894736842105242597e-03,nan,3.759398496240562264e-03,nan,nan,nan,nan,nan,nan,-6.015037593985006134e-03,nan,nan,nan,1.015037593984957631e-02,nan,nan,nan,nan,nan,nan,nan,1.503759398496207298e-03,nan,nan,nan,nan,nan,1.654135338345863460e-02,nan,nan,nan,nan,nan,nan,nan,nan,nan,nan,-2.220446049250313204e-17,nan,nan,nan,nan,1.240601503759393084e-02,nan,nan,nan,nan,nan,nan,nan,nan,nan,nan,nan,nan
nan,7.763401109057377347e-03,9.981515711645138483e-03,nan,nan,nan,nan,1.109057301293905375e-02,nan,5.545286506469548557e-03,nan,5.914972273567542863e-03,nan,nan,nan,nan,nan,nan,7.763401109057354796e-03,nan,nan,nan,nan,nan,nan,nan,nan,nan,nan,nan,2.220446049250313204e-17,nan,nan,nan,nan,nan,1.515711645101669447e-02,nan,nan,nan,nan,nan,nan,nan,nan,nan,nan,2.218114602587828357e-03,nan,nan,nan,nan,nan,nan,nan,nan,nan,nan,nan,nan,1.700554528650646130e-02,nan,nan,nan,nan
nan,-5.704099821746888219e-03,nan,nan,nan,nan,nan,-7.130124777183777240e-04,nan,-1.426024955436710996e-03,nan,4.278074866310155322e-03,nan,nan,nan,nan,nan,nan,-8.912655971479499506e-03,nan,nan,nan,nan,nan,nan,nan,nan,nan,nan,nan,1.782531194295944310e-03,nan,nan,nan,nan,nan,1.354723707664884369e-02,nan,nan,nan,nan,nan,nan,nan,nan,nan,nan,-3.565062388591888620e-04,nan,nan,nan,nan,nan,3.921568627450966460e-03,nan,nan,nan,nan,nan,nan,-7.130124777183577747e-03,nan,nan,nan,nan
nan,-1.275045537340624424e-02,nan,nan,nan,nan,nan,-6.921675774134827819e-03,nan,-1.821493624772352327e-03,nan,5.464480874316901722e-03,nan,nan,nan,nan,nan,nan,-6.193078324225886888e-03,nan,nan,nan,nan,nan,nan,nan,nan,nan,nan,nan,-1.457194899817881861e-03,nan,nan,nan,nan,nan,-6.557377049180357353e-03,nan,nan,nan,nan,nan,nan,nan,nan,nan,nan,2.185792349726733887e-03,nan,nan,nan,nan,nan,1.493624772313295601e-02,nan,nan,nan,nan,nan,nan,-1.165755919854287795e-02,nan,nan,nan,nan
nan,-2.540834845735040655e-03,nan,nan,nan,nan,nan,5.444646098003658174e-03,nan,2.177858439201463357e-03,nan,1.814882032667886058e-03,nan,nan,nan,nan,nan,nan,-3.992740471869348981e-03,nan,nan,nan,nan,nan,nan,nan,nan,nan,nan,nan,-3.629764065335771899e-04,nan,nan,nan,nan,nan,1.415607985480940058e-02,nan,nan,nan,nan,nan,nan,nan,nan,nan,nan,-1.814882032667886058e-03,nan,nan,nan,nan,1.597096188747728490e-02,nan,nan,nan,nan,nan,nan,nan,-4.718693284936481894e-03,nan,nan,nan,nan
nan,-6.500956022944537338e-03,nan,nan,nan,nan,nan,3.824091778202665017e-03,nan,-3.824091778202642683e-04,nan,2.676864244741850203e-03,nan,nan,nan,nan,nan,nan,-1.147227533460801717e-02,nan,nan,nan,nan,nan,nan,nan,nan,nan,nan,nan,0.000000000000000000e+00,nan,nan,nan,nan,nan,2.294455066921585826e-03,nan,nan,nan,nan,nan,nan,nan,nan,nan,nan,0.000000000000000000e+00,nan,nan,nan,nan,-7.648183556405352586e-03,nan,nan,nan,nan,nan,nan,nan,-8.413001912045881339e-03,nan,nan,nan,nan
nan,5.526770293609662051e-03,nan,nan,nan,nan,nan,2.072538860103589984e-03,nan,1.727115716753013699e-03,nan,2.072538860103589984e-03,nan,nan,nan,nan,nan,nan,-1.036269430051817110e-03,nan,nan,nan,nan,nan,nan,nan,nan,nan,nan,nan,1.036269430051794992e-03,nan,nan,nan,nan,nan,2.176165803108807278e-02,nan,nan,nan,nan,nan,nan,nan,nan,nan,nan,0.000000000000000000e+00,nan,nan,nan,nan,1.485319516407597115e-02,nan,nan,nan,nan,nan,nan,nan,2.763385146804831025e-03,nan,nan,nan,nan
nan,-8.775137111517384431e-03,nan,nan,nan,nan,nan,5.484460694698367438e-03,nan,-6.581352833638009700e-03,nan,2.559414990859210093e-03,nan,nan,nan,nan,nan,nan,-4.753199268738583956e-03,nan,nan,nan,nan,nan,nan,nan,nan,nan,nan,nan,3.656307129798807903e-04,nan,nan,nan,nan,nan,nan,nan,nan,nan,nan,nan,nan,nan,nan,nan,nan,-7.312614259597615806e-04,nan,nan,nan,nan,9.872029250457048377e-03,1.462522851919545496e-03,nan,nan,nan,nan,nan,nan,-7.678244972577718749e-03,nan,nan,nan,nan
nan,-1.518026565464847266e-03,3.415559772296017371e-03,nan,nan,nan,nan,3.415559772296039489e-03,nan,1.214421252371917712e-02,nan,nan,nan,nan,nan,nan,nan,nan,-1.518026565464847266e-03,nan,nan,nan,6.451612903225800374e-03,nan,nan,nan,nan,nan,nan,nan,1.897533206831170105e-03,nan,nan,nan,nan,nan,nan,nan,nan,nan,nan,nan,nan,nan,nan,nan,nan,0.000000000000000000e+00,nan,nan,nan,nan,nan,4.933586337760908873e-03,nan,nan,nan,nan,nan,nan,2.220446049250313204e-17,nan,nan,nan,nan
nan,-1.828153564899492965e-03,nan,nan,nan,nan,nan,-1.462522851919589948e-03,nan,-1.096892138939709049e-03,nan,2.925045703839113109e-03,nan,nan,nan,nan,nan,nan,2.193784277879329194e-03,nan,nan,nan,nan,nan,nan,nan,nan,nan,nan,nan,-3.656307129799030164e-04,nan,nan,nan,nan,nan,8.409506398537458863e-03,nan,nan,nan,nan,nan,nan,nan,nan,nan,nan,-2.220446049250313204e-17,nan,nan,nan,nan,2.669104204753194182e-02,nan,nan,nan,nan,nan,nan,nan,3.290676416818994008e-03,nan,nan,nan,nan
nan,5.535714285714284089e-02,nan,nan,nan,nan,nan,1.714285714285710555e-02,nan,3.214285714285702953e-03,nan,8.928571428571396851e-03,nan,nan,nan,nan,nan,nan,-2.857142857142847166e-03,nan,nan,nan,4.642857142857126536e-03,nan,nan,nan,nan,nan,nan,nan,3.571428571428558957e-04,nan,nan,nan,nan,nan,3.392857142857141906e-02,nan,nan,nan,nan,nan,nan,nan,nan,nan,nan,-1.785714285714279370e-03,nan,nan,nan,nan,nan,nan,nan,nan,nan,nan,nan,nan,7.857142857142829923e-03,nan,nan,nan,nan
nan,-1.020036429872488506e-02,1.056466302367946655e-02,nan,nan,nan,nan,-5.464480874316879171e-03,nan,7.650273224043768749e-03,nan,7.285974499089409306e-04,nan,nan,nan,nan,nan,nan,2.185792349726822792e-03,nan,nan,nan,7.285974499089298284e-03,nan,nan,nan,nan,nan,nan,nan,5.464480874316968509e-03,nan,nan,nan,nan,nan,nan,nan,nan,nan,nan,nan,nan,nan,nan,nan,nan,7.285974499089631568e-04,nan,nan,nan,nan,nan,nan,nan,nan,nan,nan,nan,nan,-1.275045537340613322e-02,nan,nan,nan,nan
nan,5.584642233856951070e-03,1.116928446771381367e-02,nan,nan,nan,nan,7.678883071553265979e-03,nan,8.726003490401423868e-03,nan,nan,nan,nan,nan,nan,nan,nan,1.745200698080307021e-03,nan,nan,nan,3.490401396160747291e-04,nan,nan,nan,nan,nan,nan,nan,6.980802792321050059e-04,nan,nan,nan,nan,nan,nan,nan,nan,nan,nan,nan,nan,nan,nan,nan,nan,-3.490401396160525030e-04,nan,nan,nan,nan,nan,8.027923211169296636e-03,nan,nan,nan,nan,nan,nan,2.443280977312434037e-03,nan,nan,nan,nan
nan,1.326164874551967118e-02,nan,nan,nan,nan,nan,-3.584229390681370584e-04,nan,7.168458781361941243e-03,nan,2.150537634408555745e-03,nan,nan,nan,nan,nan,nan,1.792114695340463193e-03,nan,nan,nan,7.168458781361941243e-03,nan,nan,nan,nan,nan,nan,nan,-7.168458781362296644e-04,nan,nan,nan,nan,nan,nan,nan,nan,nan,nan,nan,nan,nan,nan,nan,nan,0.000000000000000000e+00,nan,nan,nan,nan,nan,-4.440892098500626408e-17,nan,nan,nan,nan,nan,nan,2.150537634408555745e-03,nan,nan,nan,nan
nan,4.823747680890578052e-03,nan,nan,nan,nan,nan,1.076066790352507921e-02,nan,-3.710575139146188089e-04,nan,4.081632653061250879e-03,nan,nan,nan,nan,nan,nan,-4.081632653061184959e-03,nan,nan,nan,2.486085343228205957e-02,nan,nan,nan,nan,nan,nan,nan,-3.710575139146410351e-04,nan,nan,nan,nan,nan,1.372912801484233933e-02,nan,nan,nan,nan,nan,nan,nan,nan,nan,nan,-3.710575139146410351e-04,nan,nan,nan,nan,3.302411873840449541e-02,nan,nan,nan,nan,nan,nan,nan,nan,nan,nan,nan,nan
nan,2.446043165467624153e-02,nan,nan,nan,nan,nan,7.553956834532349167e-03,nan,1.223021582733812077e-02,nan,3.597122302158251234e-04,nan,nan,nan,nan,nan,nan,-3.237410071942426002e-03,nan,nan,nan,nan,nan,nan,nan,nan,nan,nan,nan,-1.079136690647475262e-03,nan,nan,nan,nan,nan,2.014388489208631533e-02,nan,nan,nan,nan,nan,nan,nan,nan,nan,nan,7.194244604316502468e-04,nan,nan,nan,nan,nan,1.007194244604316981e-02,nan,nan,nan,nan,nan,nan,1.798561151079125509e-03,nan,nan,nan,nan
nan,-7.393715341959872017e-04,nan,nan,nan,nan,nan,7.763401109057266325e-03,nan,8.872458410351159036e-03,nan,5.914972273567431840e-03,nan,nan,nan,nan,nan,nan,-6.654343807763418717e-03,nan,nan,nan,6.284658040665381043e-03,nan,nan,nan,nan,nan,nan,nan,-1.109057301293936513e-03,nan,nan,nan,nan,nan,2.920517560073934010e-02,nan,nan,nan,nan,nan,nan,nan,nan,nan,nan,0.000000000000000000e+00,nan,nan,nan,nan,2.107208872458408294e-02,nan,nan,nan,nan,nan,nan,nan,nan,nan,nan,nan,nan
nan,1.001855287569575204e-02,nan,nan,nan,nan,nan,3.339517625231947125e-03,nan,1.224489795918368672e-02,nan,1.484230055658653045e-03,nan,nan,nan,nan,nan,nan,-7.421150278292820701e-04,nan,nan,nan,nan,nan,nan,nan,nan,nan,nan,nan,7.421150278293265224e-04,nan,nan,nan,nan,nan,2.634508348794066881e-02,nan,nan,nan,nan,nan,nan,nan,nan,nan,nan,-3.710575139146632612e-04,nan,nan,nan,nan,2.560296846011129654e-02,nan,nan,nan,nan,nan,nan,nan,4.452690166975937017e-03,nan,nan,nan,nan
nan,3.717472118959141893e-03,nan,nan,nan,nan,nan,5.204460966542789543e-03,nan,5.947955390334614019e-03,nan,5.576208178438712623e-03,nan,nan,nan,nan,nan,nan,7.434944237918461596e-04,nan,nan,nan,nan,nan,nan,nan,nan,nan,nan,nan,3.717472118959230798e-04,nan,nan,nan,nan,nan,nan,nan,nan,nan,nan,nan,nan,nan,nan,nan,nan,2.230483271375494243e-03,nan,nan,nan,nan,2.899628252788106694e-02,1.412639405204463294e-02,nan,nan,nan,nan,nan,nan,4.440892098500626408e-17,nan,nan,nan,nan
nan,-7.220216606498075290e-04,nan,nan,nan,nan,nan,-2.888086642599274785e-03,nan,-2.166064981949445030e-03,nan,2.166064981949467148e-03,nan,nan,nan,nan,nan,nan,1.444043321299637393e-03,nan,nan,nan,nan,nan,nan,nan,nan,nan,nan,nan,0.000000000000000000e+00,nan,nan,nan,nan,nan,1.913357400722024565e-02,nan,nan,nan,nan,nan,nan,nan,nan,nan,nan,2.220446049250313204e-17,nan,nan,nan,nan,2.310469314079423991e-02,nan,nan,nan,nan,nan,nan,nan,-4.693140794223804937e-03,nan,nan,nan,nan
nan,2.607076350093073727e-03,nan,nan,nan,nan,nan,-3.724394785847628736e-04,nan,1.117318435754184255e-02,nan,4.469273743016732511e-03,nan,nan,nan,nan,nan,nan,-3.351955307262599690e-03,nan,nan,nan,nan,nan,nan,nan,nan,nan,nan,nan,-2.220446049250313204e-17,nan,nan,nan,nan,nan,nan,nan,nan,nan,nan,nan,nan,nan,nan,nan,nan,-1.489757914338940472e-03,nan,nan,nan,nan,1.824953445065176025e-02,1.191806331471134683e-02,nan,nan,nan,nan,nan,nan,-2.234636871508399649e-03,nan,nan,nan,nan
nan,7.446808510638258313e-03,4.255319148936153803e-03,nan,nan,nan,nan,7.446808510638303416e-03,nan,-2.836879432624139687e-03,nan,2.127659574468054784e-03,nan,nan,nan,nan,nan,nan,-3.546099290780535648e-04,nan,nan,nan,5.319148936170159728e-03,nan,nan,nan,nan,nan,nan,nan,3.546099290780135686e-03,nan,nan,nan,nan,nan,nan,nan,nan,nan,nan,nan,nan,nan,nan,nan,nan,3.546099290780091668e-04,nan,nan,nan,nan,nan,nan,nan,nan,nan,nan,nan,nan,6.382978723404231572e-03,nan,nan,nan,nan
nan,2.872928176795572913e-02,nan,nan,nan,nan,nan,5.893186003683226377e-03,nan,-4.051565377532239873e-03,nan,5.524861878453024566e-03,nan,nan,nan,nan,nan,nan,-1.031307550644571316e-02,nan,nan,nan,nan,nan,nan,nan,nan,nan,nan,nan,-1.104972375690605000e-03,nan,nan,nan,nan,nan,2.983425414364635625e-02,nan,nan,nan,nan,nan,nan,nan,nan,nan,nan,3.683241252302016486e-04,nan,nan,nan,nan,nan,3.683241252302016377e-03,nan,nan,nan,nan,nan,nan,-7.366482504604076990e-03,nan,nan,nan,nan
nan,-5.797101449275321623e-03,nan,nan,nan,nan,nan,-9.057971014492682826e-03,nan,1.086956521739135218e-03,nan,3.623188405797117756e-04,nan,nan,nan,nan,nan,nan,-6.521739130434722406e-03,nan,nan,nan,nan,nan,nan,nan,nan,nan,nan,nan,-2.173913043478248319e-03,nan,nan,nan,nan,nan,1.594202898550727346e-02,nan,nan,nan,nan,nan,nan,nan,nan,nan,nan,-7.246376811594235513e-04,nan,nan,nan,nan,2.210144927536237397e-02,nan,nan,nan,nan,nan,nan,nan,-6.521739130434722406e-03,nan,nan,nan,nan
nan,-9.854014598540117992e-03,nan,nan,nan,nan,nan,-2.408759124087589409e-02,nan,-1.496350364963503453e-02,nan,5.474452554744524066e-03,nan,nan,nan,nan,nan,nan,-1.204379562043795746e-02,nan,nan,nan,nan,nan,nan,nan,nan,nan,nan,nan,1.824817518248211768e-03,nan,nan,nan,nan,nan,nan,nan,nan,nan,nan,nan,nan,nan,nan,nan,nan,-2.554744525547469978e-03,nan,nan,nan,nan,-1.167883211678832911e-02,-3.649635036496357184e-03,nan,nan,nan,nan,nan,nan,-4.343065693430656765e-02,nan,nan,nan,nan
nan,4.718693284936459342e-03,nan,nan,nan,nan,nan,7.622504537205010075e-03,nan,1.197822141560793766e-02,nan,nan,nan,nan,nan,nan,nan,nan,-5.807622504537235039e-03,nan,nan,nan,nan,nan,nan,nan,nan,nan,nan,nan,-3.629764065335771899e-04,nan,nan,nan,nan,4.319419237749542312e-02,nan,nan,nan,nan,nan,nan,nan,nan,nan,nan,nan,-1.814882032667886058e-03,nan,nan,nan,nan,4.609800362976401722e-02,7.985480943738609491e-03,nan,nan,nan,nan,nan,nan,3.992740471869283062e-03,nan,nan,nan,nan
nan,0.000000000000000000e+00,nan,nan,nan,nan,nan,-6.204379562043759941e-03,nan,-2.919708029197076640e-03,nan,-3.649635036496290505e-04,nan,nan,nan,nan,nan,nan,-3.649635036496334632e-03,nan,nan,nan,-2.554744525547403191e-03,nan,nan,nan,nan,nan,nan,nan,-1.824817518248145198e-03,nan,nan,nan,nan,nan,3.357664233576642537e-02,nan,nan,nan,nan,nan,nan,nan,nan,nan,nan,-1.094890510948887206e-03,nan,nan,nan,nan,nan,nan,nan,nan,nan,nan,nan,nan,2.220446049250313204e-17,nan,nan,nan,nan
nan,9.558823529411819217e-03,nan,nan,nan,nan,nan,1.213235294117653851e-02,nan,8.823529411764763006e-03,nan,4.779411764705909609e-03,nan,nan,nan,nan,nan,nan,9.191176470588313663e-03,nan,nan,nan,nan,nan,nan,nan,nan,nan,nan,nan,0.000000000000000000e+00,nan,nan,nan,nan,nan,2.169117647058826925e-02,nan,nan,nan,nan,nan,nan,nan,nan,nan,nan,-3.676470588235281056e-04,nan,nan,nan,nan,nan,1.250000000000006661e-02,nan,nan,nan,nan,nan,nan,4.044117647058831713e-03,nan,nan,nan,nan
nan,-3.370786516853940904e-03,3.745318352059934458e-04,nan,nan,nan,nan,1.198501872659179027e-02,nan,1.498127340823973783e-03,nan,2.996254681647947567e-03,nan,nan,nan,nan,nan,nan,3.370786516853940904e-03,nan,nan,nan,nan,nan,nan,nan,nan,nan,nan,nan,0.000000000000000000e+00,nan,nan,nan,nan,nan,1.647940074906371205e-02,nan,nan,nan,nan,nan,nan,nan,nan,nan,nan,7.490636704119868917e-04,nan,nan,nan,nan,nan,nan,nan,nan,nan,nan,nan,nan,5.243445692883907591e-03,nan,nan,nan,nan
nan,1.187739463601531452e-02,nan,nan,nan,nan,nan,1.379310344827586708e-02,nan,1.609195402298852981e-02,nan,1.149425287356331581e-03,nan,nan,nan,nan,nan,nan,7.662835249042166015e-03,nan,nan,nan,nan,nan,nan,nan,nan,nan,nan,nan,7.662835249042209817e-04,nan,nan,nan,nan,nan,nan,nan,nan,nan,nan,nan,nan,nan,nan,nan,nan,-3.831417624521104908e-04,nan,nan,nan,nan,2.605363984674331432e-02,1.570881226053639709e-02,nan,nan,nan,nan,nan,nan,7.662835249042121780e-03,nan,nan,nan,nan
nan,1.056466302367946655e-02,nan,nan,nan,nan,nan,1.530054644808749240e-02,nan,7.650273224043768749e-03,nan,7.285974499089631568e-04,nan,nan,nan,nan,nan,nan,1.056466302367946655e-02,nan,nan,nan,3.315118397085614621e-02,nan,nan,nan,nan,nan,nan,nan,7.285974499089409306e-04,nan,nan,nan,nan,nan,nan,nan,nan,nan,nan,nan,nan,nan,nan,nan,nan,0.000000000000000000e+00,nan,nan,nan,nan,nan,1.639344262295088298e-02,nan,nan,nan,nan,nan,nan,8.743169398907135043e-03,nan,nan,nan,nan
nan,5.100182149362431257e-03,nan,nan,nan,nan,nan,1.129326047358829646e-02,nan,4.371584699453512010e-03,nan,2.550091074681226470e-03,nan,nan,nan,nan,nan,nan,-4.007285974499108332e-03,nan,nan,nan,7.650273224043657727e-03,nan,nan,nan,nan,nan,nan,nan,1.821493624772263422e-03,nan,nan,nan,nan,nan,nan,nan,nan,nan,nan,nan,nan,nan,nan,nan,nan,-2.220446049250313204e-17,nan,nan,nan,nan,1.275045537340615577e-02,nan,nan,nan,nan,nan,nan,nan,3.642987249544038411e-04,nan,nan,nan,nan
nan,-1.243144424131630357e-02,nan,nan,nan,nan,nan,-1.462522851919589948e-03,nan,-1.023765996343697394e-02,nan,2.925045703839090992e-03,nan,nan,nan,nan,nan,nan,-1.023765996343695139e-02,nan,nan,nan,4.387568555758680940e-03,nan,nan,nan,nan,nan,nan,nan,1.462522851919523161e-03,nan,nan,nan,nan,nan,nan,nan,nan,nan,nan,nan,nan,nan,nan,nan,nan,3.656307129798586184e-04,nan,nan,nan,nan,5.045703839122481910e-02,nan,nan,nan,nan,nan,nan,nan,-1.279707495429620659e-02,nan,nan,nan,nan
nan,1.107011070110663995e-03,nan,nan,nan,nan,nan,1.808118081180807440e-02,nan,1.623616236162355245e-02,nan,3.690036900368953710e-03,nan,nan,nan,nan,nan,nan,-2.952029520295251872e-03,nan,nan,nan,9.963099630996263487e-03,nan,nan,nan,nan,nan,nan,nan,2.214022140221372226e-03,nan,nan,nan,nan,nan,3.321033210332100666e-02,nan,nan,nan,nan,nan,nan,nan,nan,nan,nan,-4.440892098500626408e-17,nan,nan,nan,nan,nan,nan,nan,nan,nan,nan,nan,nan,-4.440892098500626408e-17,nan,nan,nan,nan
nan,3.208556149732632971e-03,nan,nan,nan,nan,nan,-3.565062388591777598e-03,nan,-5.347593582887677673e-03,nan,8.199643493761166885e-03,nan,nan,nan,nan,nan,nan,2.495543672014277799e-03,nan,nan,nan,4.634581105169344184e-03,nan,nan,nan,nan,nan,nan,nan,-1.069518716577522134e-03,nan,nan,nan,nan,nan,nan,nan,nan,nan,nan,nan,nan,nan,nan,nan,nan,7.130124777183777240e-04,nan,nan,nan,nan,1.925133689839573364e-02,nan,nan,nan,nan,nan,nan,nan,-7.130124777183111540e-04,nan,nan,nan,nan
nan,-1.029411764705878696e-02,6.617647058823572688e-03,nan,nan,nan,nan,1.213235294117653851e-02,nan,7.352941176470562112e-04,nan,3.676470588235281056e-04,nan,nan,nan,nan,nan,nan,-4.411764705882337267e-03,nan,nan,nan,nan,nan,nan,nan,nan,nan,nan,nan,2.573529411764696739e-03,nan,nan,nan,nan,nan,7.683823529411767939e-02,nan,nan,nan,nan,nan,nan,nan,nan,nan,nan,-4.779411764705865373e-03,nan,nan,nan,nan,nan,nan,nan,nan,nan,nan,nan,nan,-1.286764705882348370e-02,nan,nan,nan,nan
nan,-7.130124777183554979e-04,nan,nan,nan,nan,nan,9.982174688057066092e-03,nan,-1.426024955436733330e-03,nan,3.565062388591799716e-03,nan,nan,nan,nan,nan,nan,7.130124777183621983e-03,nan,nan,nan,5.704099821746866535e-03,nan,nan,nan,nan,nan,nan,nan,-4.278074866310155322e-03,nan,nan,nan,nan,nan,-3.565062388592110882e-04,nan,nan,nan,nan,nan,nan,nan,nan,nan,nan,0.000000000000000000e+00,nan,nan,nan,nan,nan,nan,nan,nan,nan,nan,nan,nan,2.852049910873421992e-03,nan,nan,nan,nan
nan,-3.978300180831850948e-03,nan,nan,nan,nan,nan,-7.594936708860755732e-03,nan,-2.169981916817387280e-03,nan,3.254972875226025408e-03,nan,nan,nan,nan,nan,nan,-1.482820976491863209e-02,nan,nan,nan,7.956600361663656792e-03,nan,nan,nan,nan,nan,nan,nan,-3.616636528029016024e-04,nan,nan,nan,nan,nan,2.603978300180831429e-02,nan,nan,nan,nan,nan,nan,nan,nan,nan,nan,2.220446049250313204e-17,nan,nan,nan,nan,nan,nan,nan,nan,nan,nan,nan,nan,-8.679927667269460648e-03,nan,nan,nan,nan
nan,4.316546762589923598e-03,nan,nan,nan,nan,nan,7.194244604316502468e-04,nan,8.633093525179824645e-03,nan,4.676258992805726496e-03,nan,nan,nan,nan,nan,nan,7.194244604316502468e-04,nan,nan,nan,2.517985611510775538e-03,nan,nan,nan,nan,nan,nan,nan,7.194244604316502468e-04,nan,nan,nan,nan,nan,2.805755395683451336e-02,nan,nan,nan,nan,nan,nan,nan,nan,nan,nan,-2.517985611510775538e-03,nan,nan,nan,nan,nan,nan,nan,nan,nan,nan,nan,nan,5.035971223021551077e-03,nan,nan,nan,nan
nan,-1.375464684014873241e-02,nan,nan,nan,nan,nan,-3.345724907063196696e-03,nan,-4.460966542750921700e-03,nan,7.434944237918017073e-04,nan,nan,nan,nan,nan,nan,-2.973977695167295734e-03,nan,nan,nan,nan,nan,nan,nan,nan,nan,nan,nan,-3.717472118959230798e-04,nan,nan,nan,nan,nan,2.156133828996280657e-02,nan,nan,nan,nan,nan,nan,nan,nan,nan,nan,-1.486988847583692319e-03,nan,nan,nan,nan,nan,1.003717472118959009e-02,nan,nan,nan,nan,nan,nan,-6.691449814126393392e-03,nan,nan,nan,nan
nan,-9.140767824497219793e-03,nan,nan,nan,nan,nan,2.925045703839157345e-03,nan,-9.140767824497219793e-03,nan,3.656307129799030164e-04,nan,nan,nan,nan,nan,nan,-3.290676416818994008e-03,nan,nan,nan,nan,nan,nan,nan,nan,nan,nan,nan,3.656307129799030164e-04,nan,nan,nan,nan,nan,1.937842778793419374e-02,nan,nan,nan,nan,nan,nan,nan,nan,nan,nan,-2.193784277879329194e-03,nan,nan,nan,nan,2.266910420475323068e-02,nan,nan,nan,nan,nan,nan,nan,1.828153564899492965e-03,nan,nan,nan,nan
nan,6.761565836298943921e-03,nan,nan,nan,nan,nan,1.067615658362992478e-02,nan,3.202846975088968848e-03,nan,8.540925266903930807e-03,nan,nan,nan,nan,nan,nan,-1.067615658362952536e-03,nan,nan,nan,nan,nan,nan,nan,nan,nan,nan,nan,4.626334519572972495e-03,nan,nan,nan,nan,nan,4.056939501779362189e-02,nan,nan,nan,nan,nan,nan,nan,nan,nan,nan,-7.117437722419684299e-04,nan,nan,nan,nan,2.170818505338079074e-02,nan,nan,nan,nan,nan,nan,nan,7.117437722419950145e-03,nan,nan,nan,nan
nan,5.765765765765729425e-03,nan,nan,nan,nan,nan,7.927927927927912871e-03,nan,-2.162162162162184313e-03,nan,1.441441441441426718e-03,nan,nan,nan,nan,nan,nan,4.684684684684681071e-03,nan,nan,nan,2.162162162162157772e-02,nan,nan,nan,nan,nan,nan,nan,-7.207207207207133592e-04,nan,nan,nan,nan,nan,3.963963963963923476e-03,nan,nan,nan,nan,nan,nan,nan,nan,nan,nan,1.801801801801783398e-03,nan,nan,nan,nan,nan,nan,nan,nan,nan,nan,nan,nan,-2.162162162162184313e-03,nan,nan,nan,nan
nan,-4.761904761904744987e-03,2.197802197802212112e-03,nan,nan,nan,nan,5.860805860805839984e-03,nan,2.197802197802189994e-03,nan,0.000000000000000000e+00,nan,nan,nan,nan,nan,nan,-1.098901098901094997e-02,nan,nan,nan,nan,nan,nan,nan,nan,nan,nan,nan,0.000000000000000000e+00,nan,nan,nan,nan,nan,nan,nan,nan,nan,nan,nan,nan,nan,nan,nan,nan,1.831501831501824995e-03,nan,nan,nan,nan,2.893772893772896676e-02,nan,nan,nan,nan,nan,nan,nan,-4.761904761904744987e-03,nan,nan,nan,nan
nan,-3.636363636363215473e-04,nan,nan,nan,nan,nan,-5.454545454545378647e-03,nan,5.454545454545512220e-03,nan,5.454545454545489669e-03,nan,nan,nan,nan,nan,nan,-2.545454545454495319e-03,nan,nan,nan,4.727272727272757886e-03,nan,nan,nan,nan,nan,nan,nan,3.272727272727293888e-03,nan,nan,nan,nan,nan,1.636363636363644819e-02,nan,nan,nan,nan,nan,nan,nan,nan,nan,nan,1.090909090909120225e-03,nan,nan,nan,nan,2.545454545454550743e-02,nan,nan,nan,nan,nan,nan,nan,nan,nan,nan,nan,nan
nan,1.050724637681164052e-02,nan,nan,nan,nan,nan,6.159420289855099644e-03,nan,1.231884057971019929e-02,nan,4.710144927536252975e-03,nan,nan,nan,nan,nan,nan,5.434782608695676309e-03,nan,nan,nan,1.630434782608702893e-02,nan,nan,nan,nan,nan,nan,nan,3.623188405797117756e-04,nan,nan,nan,nan,nan,nan,nan,nan,nan,nan,nan,nan,nan,nan,nan,nan,-2.536231884057871082e-03,nan,nan,nan,nan,nan,1.340579710144933559e-02,nan,nan,nan,nan,nan,nan,6.159420289855099644e-03,nan,nan,nan,nan
nan,8.378870673952687129e-03,nan,nan,nan,nan,nan,6.557377049180379905e-03,nan,7.650273224043746198e-03,nan,6.921675774134850370e-03,nan,nan,nan,nan,nan,nan,1.821493624772352327e-03,nan,nan,nan,nan,nan,nan,nan,nan,nan,nan,nan,2.185792349726822792e-03,nan,nan,nan,nan,nan,1.785063752276871973e-02,nan,nan,nan,nan,nan,nan,nan,nan,nan,nan,3.642987249544704653e-04,nan,nan,nan,nan,4.335154826958109719e-02,nan,nan,nan,nan,nan,nan,nan,6.193078324225909440e-03,nan,nan,nan,nan
nan,-9.712230215827278440e-03,nan,nan,nan,nan,nan,-3.597122302158251017e-03,nan,-7.194244604316502034e-03,nan,0.000000000000000000e+00,nan,nan,nan,nan,nan,nan,-1.223021582733805311e-02,nan,nan,nan,nan,nan,nan,nan,nan,nan,nan,nan,-3.237410071942426002e-03,nan,nan,nan,nan,nan,nan,nan,nan,nan,nan,nan,nan,nan,nan,nan,nan,-3.597122302158251017e-03,nan,nan,nan,nan,-4.316546762589879363e-03,-2.877697841726556318e-03,nan,nan,nan,nan,nan,nan,-1.474820143884887289e-02,nan,nan,nan,nan
nan,2.139037433155133172e-03,nan,nan,nan,nan,nan,5.704099821746910770e-03,nan,1.711229946524066639e-02,nan,3.565062388592110882e-04,nan,nan,nan,nan,nan,nan,-3.565062388591733362e-03,nan,nan,nan,1.140819964349379899e-02,nan,nan,nan,nan,nan,nan,nan,7.130124777183777240e-04,nan,nan,nan,nan,nan,2.745098039215687624e-02,nan,nan,nan,nan,nan,nan,nan,nan,nan,nan,2.852049910873510896e-03,nan,nan,nan,nan,nan,nan,nan,nan,nan,nan,nan,nan,-8.556149732620310644e-03,nan,nan,nan,nan
nan,-7.326007326007299980e-03,nan,nan,nan,nan,nan,3.663003663003649990e-04,nan,9.157509157509147527e-03,nan,4.395604395604379988e-03,nan,nan,nan,nan,nan,nan,3.663003663003649990e-03,nan,nan,nan,1.758241758241761016e-02,nan,nan,nan,nan,nan,nan,nan,3.663003663003649990e-04,nan,nan,nan,nan,nan,nan,nan,nan,nan,nan,nan,nan,nan,nan,nan,nan,-1.098901098901094997e-03,nan,nan,nan,nan,nan,-6.959706959706934981e-03,nan,nan,nan,nan,nan,nan,-1.245421245421240997e-02,nan,nan,nan,nan
nan,7.079646017699170457e-04,nan,nan,nan,nan,nan,8.141592920353990515e-03,nan,3.539823008849918079e-04,nan,1.769911504424803673e-03,nan,nan,nan,nan,nan,nan,3.185840707964637981e-03,nan,nan,nan,3.893805309734532476e-03,nan,nan,nan,nan,nan,nan,nan,7.079646017699392719e-04,nan,nan,nan,nan,nan,4.955752212389396769e-03,nan,nan,nan,nan,nan,nan,nan,nan,nan,nan,1.415929203539878544e-03,nan,nan,nan,nan,nan,6.725663716814178975e-03,nan,nan,nan,nan,nan,nan,nan,nan,nan,nan,nan
nan,-6.204379562043849279e-03,6.204379562043738257e-03,nan,nan,nan,nan,7.664233576642298477e-03,nan,3.284671532846661184e-03,nan,7.299270072992647580e-03,nan,nan,nan,nan,nan,nan,-1.094890510948911579e-02,nan,nan,nan,nan,nan,nan,nan,nan,nan,nan,nan,-2.220446049250313204e-17,nan,nan,nan,nan,nan,nan,nan,nan,nan,nan,nan,nan,nan,nan,nan,nan,-1.094890510948931441e-03,nan,nan,nan,nan,nan,3.649635036495624263e-04,nan,nan,nan,nan,nan,nan,-7.664233576642409500e-03,nan,nan,nan,nan
nan,-6.666666666666687044e-03,nan,nan,nan,nan,nan,-1.222222222222222286e-02,nan,-5.925925925925912621e-03,nan,3.703703703703675656e-03,nan,nan,nan,nan,nan,nan,-1.740740740740742698e-02,nan,nan,nan,nan,nan,nan,nan,nan,nan,nan,nan,-1.111111111111129325e-03,nan,nan,nan,nan,nan,-5.555555555555580054e-03,nan,nan,nan,nan,nan,nan,nan,nan,nan,nan,-4.814814814814827315e-03,nan,nan,nan,nan,2.592592592592588702e-02,nan,nan,nan,nan,nan,nan,nan,-1.185185185185186861e-02,nan,nan,nan,nan
nan,1.083032490974744633e-03,nan,nan,nan,nan,nan,1.444043321299637306e-02,nan,7.220216606498209080e-03,nan,5.054151624548764050e-03,nan,nan,nan,nan,nan,nan,-6.137184115523464448e-03,nan,nan,nan,8.664259927797868591e-03,nan,nan,nan,nan,nan,nan,nan,1.444043321299659510e-03,nan,nan,nan,nan,nan,7.220216606498186529e-03,nan,nan,nan,nan,nan,nan,nan,nan,nan,nan,-3.610108303249148776e-04,nan,nan,nan,nan,nan,nan,nan,nan,nan,nan,nan,nan,7.942238267148016284e-03,nan,nan,nan,nan
nan,-1.178637200736645275e-02,nan,nan,nan,nan,nan,4.419889502762420000e-03,nan,-1.473296500920806594e-03,nan,nan,nan,nan,nan,nan,nan,nan,-5.893186003683226377e-03,nan,nan,nan,-1.104972375690605000e-03,nan,nan,nan,nan,nan,nan,nan,-3.683241252302016486e-04,nan,nan,nan,nan,nan,nan,nan,nan,nan,nan,nan,nan,nan,nan,nan,nan,-3.683241252302016486e-04,nan,nan,nan,nan,3.683241252302016377e-03,1.694290976058929893e-02,nan,nan,nan,nan,nan,nan,-1.694290976058927464e-02,nan,nan,nan,nan
nan,-1.001855287569577459e-02,nan,nan,nan,nan,nan,-4.440892098500626408e-17,nan,-2.597402597402620385e-03,nan,4.081632653061206643e-03,nan,nan,nan,nan,nan,nan,-5.936920222634545392e-03,nan,nan,nan,nan,nan,nan,nan,nan,nan,nan,nan,1.113172541743967557e-03,nan,nan,nan,nan,nan,nan,nan,nan,nan,nan,nan,nan,nan,nan,nan,nan,0.000000000000000000e+00,nan,nan,nan,nan,1.335807050092763237e-02,1.187384044526900231e-02,nan,nan,nan,nan,nan,nan,-4.081632653061250879e-03,nan,nan,nan,nan
nan,-1.929824561403510261e-02,nan,nan,nan,nan,nan,-2.385964912280698000e-02,nan,-2.070175438596490863e-02,nan,3.859649122807029455e-03,nan,nan,nan,nan,nan,nan,-1.964912280701756192e-02,nan,nan,nan,nan,nan,nan,nan,nan,nan,nan,nan,-2.456140350877200444e-03,nan,nan,nan,nan,nan,nan,nan,nan,nan,nan,nan,nan,nan,nan,nan,nan,1.403508771929829011e-03,nan,nan,nan,nan,-1.403508771929829011e-03,1.052631578947371650e-03,nan,nan,nan,nan,nan,nan,-2.877192982456140344e-02,nan,nan,nan,nan
nan,9.352517985611564014e-03,nan,nan,nan,nan,nan,2.517985611510798090e-03,nan,2.517985611510798090e-03,nan,2.158273381294950524e-03,nan,nan,nan,nan,nan,nan,2.877697841726623105e-03,nan,nan,nan,nan,nan,nan,nan,nan,nan,nan,nan,3.597122302158251234e-04,nan,nan,nan,nan,nan,nan,nan,nan,nan,nan,nan,nan,nan,nan,nan,nan,1.798561151079125509e-03,nan,nan,nan,nan,2.625899280575540867e-02,1.187050359712231787e-02,nan,nan,nan,nan,nan,nan,-5.395683453237399077e-03,nan,nan,nan,nan
nan,-8.928571428571396851e-03,nan,nan,nan,nan,nan,-2.142857142857135157e-03,nan,1.035714285714282000e-02,nan,2.499999999999990945e-03,nan,nan,nan,nan,nan,nan,-1.142857142857138866e-02,nan,nan,nan,9.642857142857109293e-03,nan,nan,nan,nan,nan,nan,nan,-2.142857142857135157e-03,nan,nan,nan,nan,nan,1.571428571428570148e-02,nan,nan,nan,nan,nan,nan,nan,nan,nan,nan,1.428571428571423583e-03,nan,nan,nan,nan,nan,nan,nan,nan,nan,nan,nan,nan,-1.392857142857140129e-02,nan,nan,nan,nan
nan,-4.051565377532284976e-03,nan,nan,nan,nan,nan,-2.946593001841657424e-03,nan,-1.104972375690627118e-03,nan,-3.683241252302016377e-03,nan,nan,nan,nan,nan,nan,-1.104972375690605000e-03,nan,nan,nan,nan,nan,nan,nan,nan,nan,nan,nan,0.000000000000000000e+00,nan,nan,nan,nan,nan,1.178637200736645275e-02,nan,nan,nan,nan,nan,nan,nan,nan,nan,nan,-1.841620626151008189e-03,nan,nan,nan,nan,nan,-8.839779005524928471e-03,nan,nan,nan,nan,nan,nan,-6.998158379373897731e-03,nan,nan,nan,nan
nan,2.934782608695653966e-02,nan,nan,nan,nan,nan,1.376811594202895749e-02,nan,-3.623188405797117539e-03,nan,4.347826086956540874e-03,nan,nan,nan,nan,nan,nan,5.434782608695676309e-03,nan,nan,nan,1.231884057971011082e-02,nan,nan,nan,nan,nan,nan,nan,-1.449275362318847103e-03,nan,nan,nan,nan,nan,nan,nan,nan,nan,nan,nan,nan,nan,nan,nan,nan,0.000000000000000000e+00,nan,nan,nan,nan,nan,8.333333333333326279e-03,nan,nan,nan,nan,nan,nan,-1.811594202898558770e-03,nan,nan,nan,nan
nan,-2.456140350877200444e-03,nan,nan,nan,nan,nan,6.315789473684230333e-03,nan,-2.807017543859635471e-03,nan,3.508771929824572311e-03,nan,nan,nan,nan,nan,nan,2.105263157894743300e-03,nan,nan,nan,nan,nan,nan,nan,nan,nan,nan,nan,-1.052631578947371650e-03,nan,nan,nan,nan,nan,1.017543859649125935e-02,nan,nan,nan,nan,nan,nan,nan,nan,nan,nan,-1.403508771929829011e-03,nan,nan,nan,nan,nan,-8.070175438596449702e-03,nan,nan,nan,nan,nan,nan,-2.807017543859635471e-03,nan,nan,nan,nan
nan,1.834862385321098938e-02,nan,nan,nan,nan,nan,2.935779816513739340e-03,nan,1.504587155963299505e-02,nan,4.036697247706388936e-03,nan,nan,nan,nan,nan,nan,7.339449541283960205e-04,nan,nan,nan,nan,nan,nan,nan,nan,nan,nan,nan,1.834862385321067626e-03,nan,nan,nan,nan,nan,1.981651376146786880e-02,nan,nan,nan,nan,nan,nan,nan,nan,nan,nan,1.100917431192627262e-03,nan,nan,nan,nan,nan,9.174311926605472137e-03,nan,nan,nan,nan,nan,nan,9.908256880733911851e-03,nan,nan,nan,nan
nan,-1.503759398496273868e-03,nan,nan,nan,nan,nan,2.406015037593980249e-02,nan,6.015037593984895112e-03,nan,6.766917293233021095e-03,nan,nan,nan,nan,nan,nan,-4.887218045112828868e-03,nan,nan,nan,2.443609022556385638e-02,nan,nan,nan,nan,nan,nan,nan,-3.759398496240739965e-04,nan,nan,nan,nan,nan,1.729323308270671461e-02,nan,nan,nan,nan,nan,nan,nan,nan,nan,nan,-1.503759398496295986e-03,nan,nan,nan,nan,nan,nan,nan,nan,nan,nan,nan,nan,1.879699248120236896e-03,nan,nan,nan,nan
nan,-4.718693284936503578e-03,nan,nan,nan,nan,nan,-2.903811252268617520e-03,nan,-3.629764065335772116e-03,nan,1.451905626134308760e-03,nan,nan,nan,nan,nan,nan,-1.814882032667886058e-03,nan,nan,nan,nan,nan,nan,nan,nan,nan,nan,nan,7.259528130671543799e-04,nan,nan,nan,nan,nan,1.451905626134308760e-03,nan,nan,nan,nan,nan,nan,nan,nan,nan,nan,-7.259528130671543799e-04,nan,nan,nan,nan,3.484573502722323329e-02,nan,nan,nan,nan,nan,nan,nan,5.081669691470058758e-03,nan,nan,nan,nan
nan,-9.625668449197877230e-03,nan,nan,nan,nan,nan,-9.269162210338710919e-03,nan,-1.782531194295899858e-03,nan,1.426024955436733330e-03,nan,nan,nan,nan,nan,nan,-7.486631016042766609e-03,nan,nan,nan,nan,nan,nan,nan,nan,nan,nan,nan,-3.565062388591888620e-04,nan,nan,nan,nan,nan,1.176470588235296530e-02,nan,nan,nan,nan,nan,nan,nan,nan,nan,nan,-3.565062388591888620e-04,nan,nan,nan,nan,nan,1.247771836007129966e-02,nan,nan,nan,nan,nan,nan,-6.417112299465221707e-03,nan,nan,nan,nan
nan,3.971119133573975182e-03,nan,nan,nan,nan,nan,2.527075812274359908e-03,nan,6.137184115523441896e-03,nan,-3.610108303249148776e-04,nan,nan,nan,nan,nan,nan,8.664259927797800936e-03,nan,nan,nan,nan,nan,nan,nan,nan,nan,nan,nan,-7.220216606498297551e-04,nan,nan,nan,nan,nan,2.635379061371838708e-02,nan,nan,nan,nan,nan,nan,nan,nan,nan,nan,7.220216606498075290e-04,nan,nan,nan,nan,2.021660649819490008e-02,nan,nan,nan,nan,nan,nan,nan,5.054151624548697264e-03,nan,nan,nan,nan
nan,2.177858439201463357e-03,6.170598911070790220e-03,nan,nan,nan,nan,6.896551724137944817e-03,nan,7.259528130671499997e-03,nan,5.081669691470081310e-03,nan,nan,nan,nan,nan,nan,6.170598911070790220e-03,nan,nan,nan,nan,nan,nan,nan,nan,nan,nan,nan,-7.259528130671543799e-04,nan,nan,nan,nan,nan,nan,nan,nan,nan,nan,nan,nan,nan,nan,nan,nan,7.259528130671543799e-04,nan,nan,nan,nan,2.177858439201452168e-02,nan,nan,nan,nan,nan,nan,nan,3.266787658802194818e-03,nan,nan,nan,nan
nan,-1.798561151079125509e-03,nan,nan,nan,nan,nan,1.223021582733814158e-02,nan,2.158273381294950524e-03,nan,1.438848920863300494e-03,nan,nan,nan,nan,nan,nan,-3.597122302158251234e-04,nan,nan,nan,nan,nan,nan,nan,nan,nan,nan,nan,1.798561151079125509e-03,nan,nan,nan,nan,nan,4.388489208633090943e-02,nan,nan,nan,nan,nan,nan,nan,nan,nan,nan,2.877697841726600987e-03,nan,nan,nan,nan,4.136690647482015037e-02,nan,nan,nan,nan,nan,nan,nan,-3.597122302158251234e-04,nan,nan,nan,nan
nan,-6.093189964157752492e-03,nan,nan,nan,nan,nan,-2.150537634408600414e-03,nan,-6.093189964157729940e-03,nan,2.508960573476648297e-03,nan,nan,nan,nan,nan,nan,-3.584229390681370584e-04,nan,nan,nan,nan,nan,nan,nan,nan,nan,nan,nan,-2.150537634408644649e-03,nan,nan,nan,nan,nan,nan,nan,nan,nan,nan,nan,nan,nan,nan,nan,nan,1.433691756272370641e-03,nan,nan,nan,nan,3.154121863799279335e-02,1.505376344086017948e-02,nan,nan,nan,nan,nan,nan,4.301075268817155725e-03,nan,nan,nan,nan
nan,2.255639097744355399e-03,nan,nan,nan,nan,nan,8.270676691729362401e-03,nan,6.015037593984984450e-03,nan,2.255639097744355399e-03,nan,nan,nan,nan,nan,nan,1.879699248120303466e-03,nan,nan,nan,1.503759398496242773e-02,nan,nan,nan,nan,nan,nan,nan,0.000000000000000000e+00,nan,nan,nan,nan,nan,nan,nan,nan,nan,nan,nan,nan,nan,nan,nan,nan,3.383458646616532665e-03,nan,nan,nan,nan,nan,7.894736842105287700e-03,nan,nan,nan,nan,nan,nan,-3.383458646616532665e-03,nan,nan,nan,nan
nan,-2.220446049250313204e-17,nan,nan,nan,nan,nan,2.772963604852685116e-03,nan,5.199306759098765510e-03,nan,3.466204506065828639e-03,nan,nan,nan,nan,nan,nan,-6.585788561525185263e-03,nan,nan,nan,nan,nan,nan,nan,nan,nan,nan,nan,1.386481802426331499e-03,nan,nan,nan,nan,nan,3.535528596187174216e-02,nan,nan,nan,nan,nan,nan,nan,nan,nan,nan,6.932409012131657495e-04,nan,nan,nan,nan,2.738301559792024470e-02,nan,nan,nan,nan,nan,nan,nan,-4.506065857885621986e-03,nan,nan,nan,nan
nan,3.616636528029460004e-04,1.084990958408727033e-03,nan,nan,nan,nan,2.169981916817409397e-03,nan,-1.446654611211539623e-03,nan,nan,nan,nan,nan,nan,nan,nan,3.616636528029237743e-04,nan,nan,nan,nan,nan,nan,nan,nan,nan,nan,nan,3.616636528029237743e-04,nan,nan,nan,nan,nan,nan,nan,nan,nan,nan,nan,nan,nan,nan,nan,nan,-3.616636528028793762e-04,nan,nan,nan,nan,3.508137432188067339e-02,3.616636528028971571e-03,nan,nan,nan,nan,nan,nan,-1.446654611211561957e-03,nan,nan,nan,nan
nan,-1.717352415026840440e-02,nan,nan,nan,nan,nan,-7.513416815742424322e-03,nan,-1.216457960644012903e-02,nan,0.000000000000000000e+00,nan,nan,nan,nan,nan,nan,-1.574239713774601077e-02,nan,nan,nan,1.073345259391733642e-03,nan,nan,nan,nan,nan,nan,nan,7.155635062611853236e-04,nan,nan,nan,nan,nan,nan,nan,nan,nan,nan,nan,nan,nan,nan,nan,nan,-1.788908765652963417e-03,nan,nan,nan,nan,9.660107334525890738e-03,nan,nan,nan,nan,nan,nan,nan,-1.216457960644012903e-02,nan,nan,nan,nan
nan,1.113172541743969769e-02,nan,nan,nan,nan,nan,3.710575139146588160e-03,nan,6.679035250463827462e-03,nan,5.194805194805219087e-03,nan,nan,nan,nan,nan,nan,2.597402597402620385e-03,nan,nan,nan,nan,nan,nan,nan,nan,nan,nan,nan,0.000000000000000000e+00,nan,nan,nan,nan,nan,nan,nan,nan,nan,nan,nan,nan,nan,nan,nan,nan,0.000000000000000000e+00,nan,nan,nan,nan,1.632653061224489249e-02,4.823747680890555500e-03,nan,nan,nan,nan,nan,nan,7.792207792207817355e-03,nan,nan,nan,nan
nan,-8.045977011494320416e-03,nan,nan,nan,nan,nan,-4.980842911877414805e-03,nan,-7.662835249042432078e-04,nan,3.448275862068928173e-03,nan,nan,nan,nan,nan,nan,5.747126436781569217e-03,nan,nan,nan,8.812260536398452276e-03,nan,nan,nan,nan,nan,nan,nan,-3.831417624521104908e-04,nan,nan,nan,nan,nan,2.720306513409955634e-02,nan,nan,nan,nan,nan,nan,nan,nan,nan,nan,-3.831417624521104908e-04,nan,nan,nan,nan,nan,nan,nan,nan,nan,nan,nan,nan,-3.448275862068994526e-03,nan,nan,nan,nan
nan,-9.647495361781088449e-03,nan,nan,nan,nan,nan,-6.679035250463804911e-03,nan,-4.081632653061206643e-03,nan,1.484230055658630710e-03,nan,nan,nan,nan,nan,nan,-1.484230055658630710e-03,nan,nan,nan,nan,nan,nan,nan,nan,nan,nan,nan,1.855287569573294080e-03,nan,nan,nan,nan,nan,6.679035250463804911e-03,nan,nan,nan,nan,nan,nan,nan,nan,nan,nan,-1.113172541743945223e-03,nan,nan,nan,nan,4.526901669758811447e-02,nan,nan,nan,nan,nan,nan,nan,-1.187384044526900231e-02,nan,nan,nan,nan
nan,-9.608540925266884428e-03,nan,nan,nan,nan,nan,-8.185053380782925450e-03,nan,-1.067615658362952536e-03,nan,4.270462633451965404e-03,nan,nan,nan,nan,nan,nan,-5.338078291814918157e-03,nan,nan,nan,nan,nan,nan,nan,nan,nan,nan,nan,-7.117437722419684299e-04,nan,nan,nan,nan,nan,5.693950177935969484e-03,nan,nan,nan,nan,nan,nan,nan,nan,nan,nan,3.558718861210063869e-04,nan,nan,nan,nan,2.491103202846973660e-02,nan,nan,nan,nan,nan,nan,nan,-9.608540925266861876e-03,nan,nan,nan,nan
nan,-1.745454545454541012e-02,nan,nan,nan,nan,nan,-1.236363636363633188e-02,nan,-8.727272727272694652e-03,nan,2.545454545454561672e-03,nan,nan,nan,nan,nan,nan,-1.054545454545450199e-02,nan,nan,nan,3.272727272727293888e-03,nan,nan,nan,nan,nan,nan,nan,-2.545454545454517437e-03,nan,nan,nan,nan,nan,nan,nan,nan,nan,nan,nan,nan,nan,nan,nan,nan,-5.090909090909012322e-03,nan,nan,nan,nan,1.927272727272730940e-02,nan,nan,nan,nan,nan,nan,nan,-1.418181818181813922e-02,nan,nan,nan,nan
