nan,nan,nan,nan,nan,nan,nan,nan,nan,nan,-2.033898305084740413e-02,nan,nan,nan,nan,nan,nan,1.355932203389837928e-02,nan,nan,nan,nan,nan,nan,nan,7.627118644067842901e-03,nan,-4.237288135593209049e-03,nan,nan,nan,nan,5.932203389830537250e-03,nan,7.627118644067865452e-03,nan,nan,nan,nan,nan,8.474576271186639925e-04,nan,-7.627118644067776114e-03,nan,-2.542372881355925516e-03,nan,nan,nan,nan,nan,nan,nan,nan,nan,nan,-2.542372881355925516e-03,nan,nan,nan,nan,nan,nan,nan,nan,nan
nan,nan,nan,nan,nan,nan,nan,nan,nan,nan,-2.113821138211375780e-02,nan,nan,nan,nan,nan,nan,nan,nan,nan,nan,nan,nan,nan,-2.357723577235766241e-02,1.138211382113825040e-02,nan,1.626016260162632633e-03,nan,nan,nan,nan,1.219512195121956813e-02,nan,-8.130081300812719725e-04,nan,nan,nan,nan,nan,-4.878048780487764975e-03,nan,8.130081300813385425e-04,nan,nan,nan,nan,nan,nan,nan,nan,nan,nan,nan,nan,-1.707317073170724203e-02,-1.951219512195117092e-02,nan,nan,nan,nan,nan,nan,nan,nan
nan,nan,nan,nan,nan,nan,nan,nan,nan,nan,nan,nan,nan,nan,nan,nan,nan,-1.632653061224509372e-03,nan,nan,nan,nan,nan,nan,nan,-2.448979591836764058e-03,nan,-4.081632653061226940e-02,nan,nan,nan,nan,-3.265306122448996626e-03,nan,-2.204081632653063366e-02,nan,nan,nan,nan,nan,-8.979591836734713076e-03,nan,-2.040816326530614511e-02,nan,-2.040816326530612429e-02,nan,nan,nan,nan,nan,nan,nan,nan,nan,nan,-2.693877551020409239e-02,-6.040816326530613900e-02,nan,nan,nan,nan,nan,nan,nan,nan
nan,nan,nan,nan,nan,nan,nan,nan,nan,nan,nan,nan,nan,nan,nan,nan,nan,1.102362204724407525e-02,nan,nan,nan,nan,nan,nan,nan,1.023622047244092739e-02,nan,-9.448818897637777797e-03,nan,3.937007874015741038e-03,nan,nan,7.874015748031482076e-03,nan,-7.874015748031481859e-04,nan,nan,nan,nan,nan,1.574803149606296372e-03,nan,-1.259842519685037097e-02,nan,nan,nan,nan,nan,nan,nan,nan,nan,nan,nan,nan,-1.102362204724407525e-02,-2.047244094488185479e-02,nan,nan,nan,nan,nan,nan,nan,nan
nan,nan,nan,nan,nan,nan,nan,nan,nan,nan,nan,nan,nan,nan,nan,nan,nan,1.632653061224482657e-02,nan,nan,nan,nan,nan,nan,nan,1.959183673469382450e-02,nan,-8.163265306122524309e-03,nan,nan,nan,nan,4.897959183673417094e-03,nan,-4.897959183673528116e-03,nan,nan,nan,nan,4.081632653061162408e-03,-9.795918367346990313e-03,nan,-1.795918367346947125e-02,nan,nan,nan,nan,nan,nan,nan,nan,nan,nan,nan,nan,-2.448979591836786176e-03,-3.428571428571429436e-02,nan,nan,nan,nan,nan,nan,nan,nan
nan,nan,nan,nan,nan,nan,nan,nan,nan,nan,nan,nan,nan,nan,nan,nan,nan,1.639344262295085869e-02,nan,nan,nan,nan,nan,nan,nan,1.639344262295085869e-02,nan,-2.459016393442621171e-02,nan,-8.196721311475396385e-03,nan,nan,-8.196721311475307914e-04,nan,-4.918032786885228984e-03,nan,nan,nan,nan,nan,-5.737704918032782327e-03,nan,-2.049180327868849183e-02,nan,nan,nan,nan,nan,nan,nan,nan,nan,nan,nan,nan,-2.459016393442621171e-02,-4.754098360655736183e-02,nan,nan,nan,nan,nan,nan,nan,nan
nan,nan,nan,nan,nan,nan,nan,nan,nan,nan,-1.085271317829459257e-02,nan,nan,nan,nan,nan,nan,9.302325581395366055e-03,nan,nan,nan,nan,nan,nan,-2.325581395348839259e-02,6.976744186046523674e-03,nan,-5.426356589147296287e-03,nan,nan,nan,nan,6.201550387596910414e-03,nan,1.085271317829459257e-02,nan,nan,nan,nan,nan,1.395348837209304735e-02,nan,4.651162790697683028e-03,nan,nan,nan,nan,nan,nan,nan,nan,nan,nan,nan,nan,-3.100775193798455207e-03,nan,nan,nan,nan,nan,nan,nan,nan,nan
nan,nan,nan,nan,nan,nan,nan,nan,nan,nan,-2.239999999999990957e-02,nan,nan,nan,nan,nan,nan,1.920000000000001567e-02,nan,nan,nan,nan,nan,nan,nan,8.800000000000007469e-03,nan,-9.599999999999987016e-03,nan,nan,nan,nan,1.600000000000001378e-03,nan,-3.200000000000002755e-03,nan,nan,nan,nan,nan,-1.039999999999998738e-02,nan,-8.800000000000007469e-03,nan,nan,nan,nan,nan,nan,nan,nan,nan,nan,nan,nan,-3.199999999999993822e-02,-4.399999999999992806e-02,nan,nan,nan,nan,nan,nan,nan,nan
nan,nan,nan,nan,nan,nan,nan,nan,nan,nan,nan,nan,nan,nan,nan,nan,nan,-2.290076335877833189e-03,nan,nan,nan,nan,nan,nan,nan,3.053435114503821966e-03,nan,-2.748091603053432960e-02,nan,-3.816793893129743955e-03,nan,nan,2.220446049250313204e-17,nan,-1.984732824427477491e-02,nan,nan,nan,nan,nan,-6.106870229007599696e-03,nan,-6.106870229007599696e-03,nan,nan,nan,nan,nan,nan,nan,nan,nan,nan,nan,nan,-2.366412213740456266e-02,-5.114503816793891655e-02,nan,nan,nan,nan,nan,nan,nan,nan
nan,nan,nan,nan,nan,nan,nan,nan,nan,nan,nan,nan,nan,nan,nan,nan,nan,nan,nan,nan,nan,nan,nan,nan,nan,1.072796934865898402e-02,nan,-1.379310344827586708e-02,nan,9.195402298850541625e-03,nan,nan,9.961685823754761956e-03,nan,-1.149425287356324946e-02,nan,nan,nan,nan,nan,7.662835249042143464e-03,nan,-6.896551724137967368e-03,nan,-5.363984674329524971e-03,nan,nan,nan,nan,nan,nan,nan,nan,nan,nan,-1.379310344827588963e-02,-3.678160919540231916e-02,nan,nan,nan,nan,nan,nan,nan,nan
nan,nan,nan,nan,nan,nan,nan,nan,nan,nan,nan,nan,nan,nan,nan,nan,nan,8.560311284046728114e-03,nan,nan,nan,nan,nan,nan,nan,-6.225680933852117960e-03,nan,-3.112840466926070082e-02,nan,-3.891050583657573725e-03,nan,nan,0.000000000000000000e+00,nan,-1.011673151750969168e-02,nan,nan,nan,nan,nan,-7.003891050583632705e-03,nan,-3.035019455252918608e-02,nan,nan,nan,nan,nan,nan,nan,nan,nan,nan,nan,nan,-1.089494163424122898e-02,-6.381322957198443113e-02,nan,nan,nan,nan,nan,nan,nan,nan
nan,nan,nan,nan,nan,nan,nan,nan,nan,nan,-2.371541501976279914e-02,nan,nan,nan,nan,nan,nan,1.581027667984247166e-03,nan,nan,nan,nan,nan,nan,nan,-7.114624505928812681e-03,nan,-1.106719367588928672e-02,nan,nan,nan,nan,-7.905138339920902979e-04,nan,-1.581027667984136144e-03,nan,nan,nan,nan,nan,-1.185770750988137702e-02,nan,-1.343873517786555762e-02,nan,nan,nan,nan,nan,nan,nan,nan,nan,nan,nan,nan,-1.660079051383391707e-02,-1.660079051383394136e-02,nan,nan,nan,nan,nan,nan,nan,nan
nan,nan,nan,nan,nan,nan,nan,nan,nan,nan,nan,nan,nan,nan,nan,nan,nan,-3.238866396761142137e-03,nan,nan,nan,nan,nan,nan,nan,4.858299595141679812e-03,nan,-1.214574898785427716e-02,nan,-3.238866396761119586e-03,nan,nan,4.858299595141724048e-03,nan,8.097165991902910637e-04,nan,nan,nan,nan,nan,-1.619433198380537675e-03,nan,-2.429149797570873300e-03,nan,nan,nan,nan,nan,nan,nan,nan,nan,nan,nan,nan,-2.105263157894736795e-02,-3.238866396761135025e-02,nan,nan,nan,nan,nan,nan,nan,nan
nan,nan,nan,nan,nan,nan,nan,nan,nan,nan,nan,nan,nan,nan,nan,nan,nan,-4.580152671755777401e-03,nan,nan,nan,nan,nan,nan,nan,-4.580152671755754849e-03,nan,-1.755725190839700980e-02,nan,-6.870229007633632708e-03,nan,nan,3.816793893129743955e-03,nan,-1.984732824427488593e-02,nan,nan,nan,nan,nan,1.526717557251866531e-03,nan,-1.221374045801531041e-02,nan,nan,nan,nan,nan,nan,nan,nan,nan,nan,nan,nan,-6.106870229007688167e-03,-4.122137404580157594e-02,nan,nan,nan,nan,nan,nan,nan,nan
nan,nan,nan,nan,nan,nan,nan,nan,nan,nan,nan,nan,nan,nan,nan,nan,nan,1.626016260162599369e-02,nan,nan,nan,nan,nan,nan,nan,1.382113821138206654e-02,nan,-1.951219512195128195e-02,nan,nan,nan,nan,4.065040650406470668e-03,nan,-6.504065040650463744e-03,nan,nan,nan,nan,6.504065040650352722e-03,-1.626016260162605961e-02,nan,-2.439024390243904605e-02,nan,nan,nan,nan,nan,nan,nan,nan,nan,nan,nan,nan,-1.300813008130086157e-02,-3.495934959349598220e-02,nan,nan,nan,nan,nan,nan,nan,nan
nan,nan,nan,nan,nan,nan,nan,nan,nan,nan,nan,nan,nan,nan,nan,nan,nan,1.434599156118145959e-02,nan,nan,nan,nan,nan,nan,nan,5.063291139240533312e-03,nan,-1.772151898734175557e-02,nan,1.687763713080192660e-03,nan,nan,6.751054852320725538e-03,nan,1.518987341772155483e-02,nan,nan,nan,nan,nan,6.751054852320703854e-03,nan,-1.772151898734175557e-02,nan,nan,nan,nan,nan,nan,nan,nan,nan,nan,nan,nan,-2.109704641350211921e-02,-4.894514767932487548e-02,nan,nan,nan,nan,nan,nan,nan,nan
nan,nan,nan,nan,nan,nan,nan,nan,nan,nan,nan,nan,nan,nan,nan,nan,nan,1.739130434782611839e-02,nan,nan,nan,nan,nan,nan,nan,1.818181818181818787e-02,nan,1.581027667984202714e-03,nan,nan,nan,nan,1.185770750988146549e-02,nan,1.660079051383400728e-02,nan,nan,nan,nan,nan,1.027667984189726234e-02,nan,-1.264822134387348987e-02,nan,-5.533596837944654637e-03,nan,nan,nan,nan,nan,nan,nan,nan,nan,nan,8.695652173913081748e-03,1.027667984189726234e-02,nan,nan,nan,nan,nan,nan,nan,nan
nan,nan,nan,nan,nan,nan,nan,nan,nan,nan,nan,nan,nan,nan,nan,nan,nan,4.032258064516081215e-03,nan,nan,nan,nan,nan,nan,-1.290322580645171177e-02,-1.612903225806494546e-03,nan,3.225806451612878070e-03,nan,nan,nan,nan,8.064516129032250468e-04,nan,6.451612903225778690e-03,nan,nan,nan,nan,nan,-1.532258064516138843e-02,nan,2.338709677419352831e-02,nan,2.419354838709675271e-02,nan,nan,nan,nan,nan,nan,nan,nan,nan,nan,-4.032258064516192238e-03,nan,nan,nan,nan,nan,nan,nan,nan,nan
nan,nan,nan,nan,nan,nan,nan,nan,nan,nan,nan,nan,nan,nan,nan,nan,nan,7.751937984496137801e-03,nan,nan,nan,nan,nan,nan,nan,-4.651162790697683028e-03,nan,-1.782945736434107115e-02,nan,-1.240310077519379828e-02,nan,nan,-7.751937984496138018e-04,nan,-1.007751937984497845e-02,nan,nan,nan,nan,nan,-1.782945736434111625e-02,nan,-9.302325581395366055e-03,nan,nan,nan,nan,nan,nan,nan,nan,nan,nan,nan,nan,-1.007751937984497845e-02,-4.031007751937980277e-02,nan,nan,nan,nan,nan,nan,nan,nan
nan,nan,nan,-1.757322175732216676e-02,nan,nan,nan,nan,nan,nan,nan,nan,nan,nan,nan,nan,nan,4.769874476987447792e-02,nan,nan,nan,nan,nan,nan,nan,4.100418410041841571e-02,nan,-8.368200836820082963e-03,nan,nan,nan,nan,5.020920502092018900e-03,nan,2.343096234309625242e-02,nan,nan,nan,nan,-4.184100418410019798e-03,-5.020920502092063135e-03,nan,9.205020920502104617e-03,nan,nan,nan,nan,nan,nan,nan,nan,nan,nan,nan,nan,-3.179916317991633712e-02,nan,nan,nan,nan,nan,nan,nan,nan,nan
7.812500000000000000e-03,nan,nan,nan,nan,nan,nan,nan,nan,nan,nan,nan,nan,nan,nan,nan,nan,1.874999999999999931e-02,nan,nan,nan,nan,nan,nan,nan,1.093749999999999931e-02,nan,-3.437500000000000278e-02,nan,nan,nan,nan,1.562500000000000087e-03,nan,-4.687499999999999827e-03,nan,nan,nan,nan,nan,-2.343749999999999913e-03,nan,-2.031250000000000069e-02,nan,nan,nan,nan,nan,nan,nan,nan,nan,nan,nan,nan,-1.015625000000000035e-02,-6.093749999999999861e-02,nan,nan,nan,nan,nan,nan,nan,nan
nan,nan,nan,nan,nan,nan,nan,nan,nan,nan,nan,nan,nan,nan,nan,nan,nan,3.937007874015741038e-03,nan,nan,nan,nan,nan,nan,-4.566929133858266265e-02,7.874015748031481859e-04,nan,-3.937007874015741038e-03,nan,nan,nan,nan,3.149606299212592744e-03,nan,-2.362204724409444449e-03,nan,nan,nan,nan,nan,-1.102362204724407525e-02,nan,-7.874015748031481859e-04,nan,nan,nan,nan,nan,nan,nan,nan,nan,nan,nan,nan,-7.874015748031482076e-03,-3.070866141732277871e-02,nan,nan,nan,nan,nan,nan,nan,nan
nan,nan,nan,nan,nan,nan,nan,nan,nan,nan,nan,nan,nan,nan,nan,nan,nan,1.562500000000000000e-02,nan,nan,nan,nan,nan,nan,-2.500000000000000139e-02,1.484374999999999931e-02,nan,6.250000000000000347e-03,nan,nan,nan,nan,0.000000000000000000e+00,nan,7.031250000000000173e-03,nan,nan,nan,nan,nan,-1.796874999999999861e-02,nan,5.468749999999999653e-03,nan,nan,nan,nan,nan,nan,nan,nan,nan,nan,nan,nan,-1.640625000000000069e-02,-2.968749999999999861e-02,nan,nan,nan,nan,nan,nan,nan,nan
nan,nan,nan,nan,nan,nan,nan,nan,nan,nan,nan,nan,nan,nan,nan,nan,nan,1.538461538461533039e-03,nan,nan,nan,nan,nan,nan,-3.923076923076920103e-02,5.384615384615365312e-03,nan,-6.153846153846132157e-03,nan,nan,nan,nan,-3.076923076923066078e-03,nan,-8.461538461538431824e-03,nan,nan,nan,nan,nan,-6.153846153846132157e-03,nan,-7.692307692307665196e-04,nan,nan,nan,nan,nan,nan,nan,nan,nan,nan,nan,nan,-1.461538461538460822e-02,-4.384615384615382638e-02,nan,nan,nan,nan,nan,nan,nan,nan
nan,nan,nan,nan,nan,nan,nan,nan,nan,nan,nan,nan,nan,nan,nan,nan,nan,-3.053435114503844083e-03,nan,nan,nan,nan,nan,nan,nan,-7.633587786259577249e-03,nan,-9.160305343511487147e-03,nan,nan,nan,nan,-2.290076335877899542e-03,nan,-7.633587786259577249e-03,nan,nan,nan,nan,nan,-9.160305343511487147e-03,nan,-9.923664122137432556e-03,nan,-1.068702290076339878e-02,nan,nan,nan,nan,nan,nan,nan,nan,nan,nan,-7.633587786259577249e-03,-4.809160305343516267e-02,nan,nan,nan,nan,nan,nan,nan,nan
nan,nan,nan,nan,nan,nan,nan,nan,nan,nan,nan,nan,nan,nan,nan,nan,nan,9.125475285171135917e-03,nan,nan,nan,nan,nan,nan,nan,1.064638783269964382e-02,nan,-9.885931558935356911e-03,nan,6.844106463878341096e-03,nan,nan,3.802281368821325280e-03,nan,-3.802281368821281045e-03,nan,nan,nan,nan,nan,9.885931558935402014e-03,nan,-1.216730038022810836e-02,nan,nan,nan,nan,nan,nan,nan,nan,nan,nan,nan,nan,-1.596958174904938854e-02,-2.357414448669199400e-02,nan,nan,nan,nan,nan,nan,nan,nan
nan,nan,nan,nan,nan,nan,nan,nan,nan,nan,nan,nan,nan,nan,nan,nan,nan,1.185770750988137702e-02,nan,nan,nan,nan,nan,nan,-3.478260869565221597e-02,2.371541501976248776e-03,nan,3.162055335968361192e-03,nan,nan,nan,nan,3.162055335968361192e-03,nan,-6.324110671936810854e-03,nan,nan,nan,nan,nan,-4.743083003952652810e-03,nan,-1.581027667984247166e-03,nan,nan,nan,nan,nan,nan,nan,nan,nan,nan,nan,nan,-2.371541501976337681e-03,-1.343873517786566864e-02,nan,nan,nan,nan,nan,nan,nan,nan
nan,nan,nan,nan,nan,nan,nan,nan,nan,nan,nan,nan,nan,nan,nan,nan,nan,5.645161290322575978e-03,nan,nan,nan,nan,nan,nan,nan,7.258064516129025638e-03,nan,-8.870967741935475298e-03,nan,2.419354838709675357e-03,nan,nan,1.693548387096772620e-02,nan,7.258064516129025638e-03,nan,nan,nan,nan,nan,2.419354838709675357e-03,nan,-7.258064516129025638e-03,nan,nan,nan,nan,nan,nan,nan,nan,nan,nan,nan,nan,-8.064516129032250468e-04,-2.661290322580642936e-02,nan,nan,nan,nan,nan,nan,nan,nan
nan,nan,nan,nan,nan,nan,nan,nan,nan,nan,nan,nan,nan,nan,nan,nan,nan,7.194244604316945907e-04,nan,nan,nan,nan,nan,nan,nan,-5.755395683453179423e-03,nan,-2.230215827338126802e-02,nan,-5.755395683453201974e-03,nan,nan,-2.877697841726600987e-03,nan,-9.352517985611475543e-03,nan,nan,nan,nan,nan,-7.194244604316502034e-03,nan,-2.086330935251794541e-02,nan,nan,nan,nan,nan,nan,nan,nan,nan,nan,nan,nan,-1.582733812949634750e-02,-5.035971223021575710e-02,nan,nan,nan,nan,nan,nan,nan,nan
nan,nan,nan,nan,nan,nan,nan,nan,nan,nan,nan,nan,nan,nan,nan,nan,nan,2.419354838709675357e-03,nan,nan,nan,nan,nan,nan,-2.580645161290320150e-02,1.612903225806450094e-03,nan,-1.774193548387095060e-02,nan,7.258064516129025638e-03,nan,nan,4.838709677419350715e-03,nan,-1.129032258064515196e-02,nan,nan,nan,nan,nan,0.000000000000000000e+00,nan,nan,nan,nan,nan,nan,nan,nan,nan,nan,nan,nan,nan,nan,-5.645161290322575978e-03,-2.661290322580642936e-02,nan,nan,nan,nan,nan,nan,nan,nan
nan,nan,nan,nan,nan,nan,nan,nan,nan,nan,1.626016260162599369e-02,nan,nan,nan,nan,nan,nan,1.382113821138211164e-02,nan,nan,nan,nan,nan,nan,nan,4.878048780487764975e-03,nan,-7.317073170731713816e-03,nan,nan,nan,nan,1.626016260162588180e-03,nan,8.943089430894302430e-03,nan,nan,nan,nan,nan,2.032520325203253028e-02,nan,-4.878048780487831762e-03,nan,nan,nan,nan,nan,nan,nan,nan,nan,nan,nan,nan,-8.130081300813029807e-03,-4.878048780487809211e-03,nan,nan,nan,nan,nan,nan,nan,nan
nan,nan,nan,nan,nan,nan,nan,nan,nan,nan,nan,nan,nan,nan,nan,nan,nan,-7.228915662650626031e-03,nan,nan,nan,nan,nan,nan,nan,-4.819277108433772661e-03,nan,-3.132530120481931413e-02,nan,-1.606425702811264998e-03,nan,nan,-8.032128514056324992e-04,nan,-2.409638554216873146e-02,nan,nan,nan,nan,nan,-5.622489959839405485e-03,nan,-2.329317269076312119e-02,nan,nan,nan,nan,nan,nan,nan,nan,nan,nan,nan,nan,-3.212851405622494522e-02,-5.943775100401613859e-02,nan,nan,nan,nan,nan,nan,nan,nan
1.354581673306771636e-02,nan,nan,nan,nan,nan,nan,nan,nan,nan,nan,nan,nan,nan,nan,nan,nan,1.673306772908365186e-02,nan,nan,nan,nan,nan,nan,nan,8.764940239043816569e-03,nan,-1.354581673306778401e-02,nan,nan,nan,nan,7.171314741035850551e-03,nan,1.593625498007944551e-03,nan,nan,nan,nan,nan,-1.912350597609568936e-02,nan,-7.171314741035894787e-03,nan,nan,nan,nan,nan,nan,nan,nan,nan,nan,nan,nan,-8.207171314741039392e-02,-9.243027888446217477e-02,nan,nan,nan,nan,nan,nan,nan,nan
nan,nan,nan,nan,nan,nan,nan,nan,nan,nan,nan,nan,nan,nan,nan,nan,nan,3.937007874015741038e-03,nan,nan,nan,nan,nan,nan,nan,0.000000000000000000e+00,nan,-2.283464566929140765e-02,nan,-3.149606299212592744e-03,nan,nan,0.000000000000000000e+00,nan,4.724409448818888899e-03,nan,nan,nan,nan,nan,-9.448818897637822900e-03,nan,-3.149606299212603933e-02,nan,nan,nan,nan,nan,nan,nan,nan,nan,nan,nan,nan,-8.661417322834675039e-03,-4.094488188976382059e-02,nan,nan,nan,nan,nan,nan,nan,nan
nan,nan,nan,nan,nan,nan,nan,nan,nan,nan,-1.774193548387095060e-02,nan,nan,nan,nan,nan,nan,nan,nan,nan,nan,nan,nan,nan,-6.048387096774190258e-02,-4.032258064516125451e-03,nan,-8.064516129032250468e-04,nan,nan,nan,nan,-8.064516129032250468e-04,nan,0.000000000000000000e+00,nan,nan,nan,nan,nan,0.000000000000000000e+00,nan,-1.451612903225805128e-02,nan,nan,nan,nan,nan,nan,nan,nan,nan,nan,nan,nan,-1.532258064516127741e-02,-3.145161290322577574e-02,nan,nan,nan,nan,nan,nan,nan,nan
nan,nan,nan,nan,nan,nan,nan,nan,nan,nan,-1.240310077519377573e-02,nan,nan,nan,nan,nan,nan,1.860465116279073211e-02,nan,nan,nan,nan,nan,nan,-3.410852713178289669e-02,1.395348837209304735e-02,nan,6.976744186046523674e-03,nan,nan,nan,nan,1.395348837209304735e-02,nan,1.085271317829459257e-02,nan,nan,nan,nan,nan,-8.527131782945729377e-03,nan,-5.426356589147274603e-03,nan,nan,nan,nan,nan,nan,nan,nan,nan,nan,nan,nan,-6.976744186046523674e-03,nan,nan,nan,nan,nan,nan,nan,nan,nan
nan,nan,nan,nan,nan,nan,nan,nan,nan,nan,nan,nan,nan,nan,nan,nan,nan,1.158301158301155986e-02,nan,nan,nan,nan,nan,nan,-5.637065637065641344e-02,1.003861003861001785e-02,nan,-2.239382239382246148e-02,nan,nan,nan,nan,4.633204633204624293e-03,nan,-1.467181467181473062e-02,nan,nan,nan,nan,nan,-1.698841698841706618e-02,nan,5.405405405405394430e-03,nan,nan,nan,nan,nan,nan,nan,nan,nan,nan,nan,nan,-1.853281853281860819e-02,-5.019305019305020377e-02,nan,nan,nan,nan,nan,nan,nan,nan
nan,nan,nan,nan,nan,nan,nan,nan,nan,nan,nan,nan,nan,nan,nan,nan,nan,1.445783132530127288e-02,nan,nan,nan,nan,nan,nan,-2.409638554216859616e-02,1.767068273092373826e-02,nan,1.124497991967874332e-02,nan,nan,nan,nan,5.622489959839405485e-03,nan,2.409638554216919724e-03,nan,nan,nan,nan,nan,-7.228915662650559244e-03,nan,4.440892098500626408e-17,nan,nan,nan,nan,nan,nan,nan,nan,nan,nan,nan,nan,2.220446049250313204e-17,-1.445783132530114104e-02,nan,nan,nan,nan,nan,nan,nan,nan
nan,nan,nan,nan,nan,nan,nan,nan,nan,nan,-5.447470817120647450e-03,nan,nan,nan,nan,nan,nan,1.712062256809334521e-02,nan,nan,nan,nan,nan,nan,-1.245136186770430184e-02,1.089494163424120643e-02,nan,5.447470817120603215e-03,nan,nan,nan,nan,8.560311284046662195e-03,nan,-1.556420233463073942e-03,nan,nan,nan,nan,nan,-6.225680933852162195e-03,nan,5.447470817120603215e-03,nan,nan,nan,nan,nan,nan,nan,nan,nan,nan,nan,nan,-1.556420233463051608e-03,nan,nan,nan,nan,nan,nan,nan,nan,nan
nan,nan,nan,nan,nan,nan,nan,nan,nan,nan,-3.919999999999999180e-02,nan,nan,nan,nan,nan,nan,2.080000000000001986e-02,nan,nan,nan,nan,nan,nan,nan,-8.000000000000006889e-04,nan,1.280000000000001102e-02,nan,nan,nan,nan,6.400000000000005511e-03,nan,4.000000000000003553e-03,nan,nan,nan,nan,nan,-6.400000000000005511e-03,nan,2.400000000000001958e-03,nan,nan,nan,nan,nan,nan,nan,nan,nan,nan,nan,nan,-3.280000000000003052e-02,-4.799999999999995243e-02,nan,nan,nan,nan,nan,nan,nan,nan
nan,nan,nan,nan,nan,nan,nan,nan,nan,nan,nan,nan,nan,nan,nan,nan,nan,1.040000000000000993e-02,nan,nan,nan,nan,nan,nan,nan,3.200000000000002755e-03,nan,-2.399999999999913487e-03,nan,2.400000000000024510e-03,nan,nan,2.160000000000001849e-02,nan,-1.039999999999991973e-02,nan,nan,nan,nan,nan,6.400000000000005511e-03,nan,8.000000000000451411e-04,nan,nan,nan,nan,nan,nan,nan,nan,nan,nan,nan,nan,-2.479999999999991239e-02,-4.959999999999993581e-02,nan,nan,nan,nan,nan,nan,nan,nan
nan,nan,nan,nan,nan,nan,nan,nan,nan,nan,nan,nan,nan,nan,nan,nan,nan,3.238866396761164255e-03,nan,nan,nan,nan,nan,nan,-4.696356275303636973e-02,-1.619433198380515557e-03,nan,-1.619433198380537675e-03,nan,nan,nan,nan,6.477732793522328510e-03,nan,-5.668016194331970334e-03,nan,nan,nan,nan,nan,-2.591093117408900179e-02,nan,-1.052631578947365101e-02,nan,nan,nan,nan,nan,nan,nan,nan,nan,nan,nan,nan,-1.457489878542506112e-02,-3.076923076923070502e-02,nan,nan,nan,nan,nan,nan,nan,nan
nan,nan,nan,nan,nan,nan,nan,nan,nan,nan,nan,nan,nan,nan,nan,nan,nan,2.247191011235960458e-03,nan,nan,nan,nan,nan,nan,nan,5.243445692883907591e-03,nan,-7.490636704119868917e-04,nan,-5.992509363295895133e-03,nan,nan,1.123595505617980272e-02,nan,-4.494382022471920916e-03,nan,nan,nan,nan,nan,-3.745318352059934242e-03,nan,-7.490636704119868483e-03,nan,nan,nan,nan,nan,nan,nan,nan,nan,nan,nan,nan,-2.247191011235960458e-03,-2.471910112359554379e-02,nan,nan,nan,nan,nan,nan,nan,nan
nan,nan,nan,nan,nan,nan,nan,nan,nan,nan,nan,nan,nan,nan,nan,nan,nan,4.780876494023922341e-03,nan,nan,nan,nan,nan,nan,nan,2.390438247011949895e-03,nan,-9.561752988047799579e-03,nan,-7.968127490039833343e-04,nan,nan,3.187250996015933337e-03,nan,-7.968127490039833343e-04,nan,nan,nan,nan,nan,1.593625498007966669e-03,nan,-3.984063745019916780e-03,nan,nan,nan,nan,nan,nan,nan,nan,nan,nan,nan,nan,-7.968127490039833560e-03,-5.099601593625493340e-02,nan,nan,nan,nan,nan,nan,nan,nan
nan,nan,nan,nan,nan,nan,nan,nan,nan,nan,nan,nan,nan,nan,nan,nan,nan,1.646090534979418457e-02,nan,nan,nan,nan,nan,nan,nan,9.876543209876520457e-03,nan,-2.633744855967079523e-02,nan,nan,nan,nan,3.292181069958832924e-03,nan,-7.407407407407440650e-03,nan,nan,nan,nan,nan,-8.230452674897170348e-03,nan,-1.234567901234573384e-02,nan,-2.139917695473252460e-02,nan,nan,nan,nan,nan,nan,nan,nan,nan,nan,-1.728395061728398366e-02,-4.115226337448563143e-02,nan,nan,nan,nan,nan,nan,nan,nan
nan,nan,nan,nan,nan,nan,nan,nan,nan,nan,nan,nan,nan,nan,nan,nan,nan,1.507936507936502579e-02,nan,nan,nan,nan,nan,nan,-4.206349206349213610e-02,2.063492063492058243e-02,nan,-5.555555555555646841e-03,nan,nan,nan,nan,1.031746031746028081e-02,nan,7.936507936507463789e-04,nan,nan,nan,nan,nan,-8.730158730158810165e-03,nan,-1.825396825396830014e-02,nan,nan,nan,nan,nan,nan,nan,nan,nan,nan,nan,nan,2.380952380952350376e-03,-2.539682539682546272e-02,nan,nan,nan,nan,nan,nan,nan,nan
nan,nan,nan,6.177606177606165434e-03,nan,nan,nan,nan,nan,nan,nan,nan,nan,nan,nan,nan,nan,9.266409266409248585e-03,nan,nan,nan,nan,nan,nan,nan,1.235521235521233087e-02,nan,-3.861003861003853288e-03,nan,nan,nan,nan,1.544401544401541359e-03,nan,9.266409266409248585e-03,nan,nan,nan,nan,nan,1.544401544401541359e-03,nan,-1.158301158301162578e-02,nan,nan,nan,nan,nan,nan,nan,nan,nan,nan,nan,nan,3.088803088803082717e-03,-4.092664092664095865e-02,nan,nan,nan,nan,nan,nan,nan,nan
nan,nan,nan,nan,nan,nan,nan,nan,nan,nan,nan,nan,nan,nan,nan,nan,nan,-4.048582995951477762e-03,nan,nan,nan,nan,nan,nan,nan,-1.133603238866400832e-02,nan,-1.538461538461544098e-02,nan,1.619433198380537675e-03,nan,nan,-4.440892098500626408e-17,nan,-5.668016194332037121e-03,nan,nan,nan,nan,nan,-2.429149797570873300e-03,nan,-1.943319838056683027e-02,nan,nan,nan,nan,nan,nan,nan,nan,nan,nan,nan,nan,-4.858299595141746599e-03,-2.995951417004054720e-02,nan,nan,nan,nan,nan,nan,nan,nan
nan,nan,nan,nan,nan,nan,nan,nan,nan,nan,nan,nan,nan,nan,nan,nan,nan,7.142857142857117481e-03,nan,nan,nan,nan,nan,nan,nan,1.587301587301581662e-03,nan,-1.190476190476190757e-02,nan,nan,nan,nan,3.968253968253954156e-03,nan,-1.587301587301581662e-03,nan,nan,nan,nan,nan,-9.523809523809535077e-03,nan,6.349206349206326649e-03,nan,1.190476190476186247e-02,nan,nan,nan,nan,nan,nan,nan,nan,nan,nan,7.936507936507908312e-04,-2.777777777777779011e-02,nan,nan,nan,nan,nan,nan,nan,nan
nan,nan,nan,nan,nan,nan,nan,nan,nan,nan,nan,nan,nan,nan,nan,nan,nan,5.833333333333312783e-03,nan,nan,nan,nan,nan,nan,-4.750000000000005607e-02,2.499999999999990945e-03,nan,-7.500000000000017937e-03,nan,nan,nan,nan,7.499999999999973702e-03,nan,-9.166666666666701407e-03,nan,nan,nan,nan,nan,-7.500000000000039621e-03,nan,-4.166666666666674415e-03,nan,nan,nan,nan,nan,nan,nan,nan,nan,nan,nan,nan,-1.000000000000005398e-02,-3.166666666666666241e-02,nan,nan,nan,nan,nan,nan,nan,nan
nan,nan,nan,nan,nan,nan,nan,nan,nan,nan,nan,nan,nan,nan,nan,nan,nan,-1.652892561983465613e-03,nan,nan,nan,nan,nan,nan,-2.148760330578516203e-02,0.000000000000000000e+00,nan,-8.264462809917350397e-03,nan,nan,nan,nan,1.487603305785121198e-02,nan,-1.652892561983465613e-03,nan,nan,nan,nan,nan,-8.264462809917328063e-04,nan,-1.900826446280996437e-02,nan,nan,nan,nan,nan,nan,nan,nan,nan,nan,nan,nan,-1.239669421487608024e-02,-2.231404958677689690e-02,nan,nan,nan,nan,nan,nan,nan,nan
nan,nan,nan,nan,nan,nan,nan,nan,nan,nan,nan,nan,nan,nan,nan,nan,nan,-7.287449392712508009e-03,nan,nan,nan,nan,nan,nan,-5.263157894736843201e-02,-4.048582995951366739e-03,nan,-2.914979757085014306e-02,nan,nan,nan,nan,-4.048582995951366739e-03,nan,-3.238866396761130861e-02,nan,nan,nan,nan,nan,-2.591093117408904689e-02,nan,-2.995951417004048128e-02,nan,nan,nan,nan,nan,nan,nan,nan,nan,nan,nan,nan,-2.753036437246960538e-02,-3.400809716599188792e-02,nan,nan,nan,nan,nan,nan,nan,nan
2.666666666666663715e-02,nan,nan,nan,nan,nan,nan,nan,nan,nan,nan,nan,nan,nan,nan,nan,nan,3.037037037037036008e-02,nan,nan,nan,nan,nan,nan,nan,2.444444444444437980e-02,nan,-2.000000000000003858e-02,nan,nan,nan,nan,6.666666666666642808e-03,nan,5.925925925925912621e-03,nan,nan,nan,nan,nan,-2.222222222222280767e-03,nan,-1.185185185185189116e-02,nan,nan,nan,nan,nan,nan,nan,nan,nan,nan,nan,nan,-1.851851851851855565e-02,-6.148148148148151193e-02,nan,nan,nan,nan,nan,nan,nan,nan
nan,nan,nan,nan,nan,nan,nan,nan,nan,nan,nan,nan,nan,nan,nan,nan,nan,0.000000000000000000e+00,nan,nan,nan,nan,nan,nan,nan,1.626016260162588180e-03,nan,-2.195121951219512063e-02,nan,1.626016260162610515e-03,nan,nan,7.317073170731713816e-03,nan,-4.065040650406537455e-03,nan,nan,nan,nan,nan,3.252032520325198912e-03,nan,-1.951219512195119174e-02,nan,nan,nan,nan,nan,nan,nan,nan,nan,nan,nan,nan,-1.382113821138208909e-02,-3.902439024390240430e-02,nan,nan,nan,nan,nan,nan,nan,nan
nan,nan,nan,nan,nan,nan,nan,nan,nan,nan,nan,nan,nan,nan,nan,nan,nan,4.878048780487809211e-03,nan,nan,nan,nan,nan,nan,-3.170731707317075987e-02,-4.878048780487809211e-03,nan,-2.439024390243882488e-03,nan,nan,nan,nan,0.000000000000000000e+00,nan,2.439024390243904605e-03,nan,nan,nan,nan,nan,-4.878048780487786659e-03,nan,-1.463414634146342763e-02,nan,nan,nan,nan,nan,nan,nan,nan,nan,nan,nan,nan,-9.756097560975618421e-03,-2.520325203252033949e-02,nan,nan,nan,nan,nan,nan,nan,nan
nan,nan,nan,nan,nan,nan,nan,nan,nan,nan,nan,nan,nan,nan,nan,nan,nan,-1.072796934865896147e-02,nan,nan,nan,nan,nan,nan,-5.363984674329500685e-02,-1.915708812260534868e-02,nan,-1.992337164750954820e-02,nan,-7.662835249042143464e-03,nan,nan,-7.662835249042209817e-04,nan,-2.835249042145591286e-02,nan,nan,nan,nan,nan,-9.195402298850564177e-03,nan,nan,nan,nan,nan,nan,nan,nan,nan,nan,nan,nan,nan,nan,-2.452107279693484937e-02,-2.375478927203060822e-02,nan,nan,nan,nan,nan,nan,nan,nan
nan,nan,nan,nan,nan,nan,nan,nan,nan,nan,nan,nan,nan,nan,nan,nan,nan,4.705882352941159578e-03,nan,nan,nan,nan,nan,nan,nan,-2.220446049250313204e-17,nan,-2.196078431372552181e-02,nan,nan,nan,nan,7.843137254901933354e-04,nan,-5.490196078431397800e-03,nan,nan,nan,nan,-7.843137254902043942e-03,-2.588235294117648827e-02,nan,2.901960784313723993e-02,nan,2.039215686274504710e-02,nan,nan,nan,nan,nan,nan,nan,nan,nan,nan,-1.568627450980397686e-02,nan,nan,nan,nan,nan,nan,nan,nan,nan
nan,nan,nan,1.333333333333335327e-02,nan,nan,nan,nan,nan,nan,nan,nan,nan,nan,nan,nan,nan,1.411764705882356807e-02,nan,nan,nan,nan,nan,nan,nan,3.137254901960773341e-03,nan,-1.098039215686270539e-02,nan,nan,nan,nan,-3.137254901960773341e-03,nan,5.490196078431352697e-03,nan,nan,nan,nan,nan,-3.921568627450966460e-03,nan,-1.568627450980388666e-02,nan,nan,nan,nan,nan,nan,nan,nan,1.098039215686277305e-02,nan,nan,nan,nan,-2.431372549019607948e-02,nan,nan,nan,nan,nan,nan,nan,nan
nan,nan,nan,nan,nan,nan,nan,nan,nan,nan,nan,nan,nan,nan,nan,nan,nan,1.245136186770434694e-02,nan,nan,nan,nan,nan,nan,-3.346303501945524506e-02,3.891050583657617960e-03,nan,7.782101167315369711e-04,nan,nan,nan,nan,9.338521400778287962e-03,nan,-7.003891050583632705e-03,nan,nan,nan,nan,nan,-1.478599221789878015e-02,nan,-3.891050583657573725e-03,nan,nan,nan,nan,nan,nan,nan,nan,nan,nan,nan,nan,-1.556420233463007372e-03,-3.035019455252916526e-02,nan,nan,nan,nan,nan,nan,nan,nan
nan,nan,nan,nan,nan,nan,nan,nan,nan,nan,nan,nan,nan,nan,nan,nan,nan,6.399999999999917040e-03,nan,nan,nan,nan,nan,nan,-4.640000000000003844e-02,7.999999999999784627e-04,nan,-8.800000000000007469e-03,nan,nan,nan,nan,4.799999999999982232e-03,nan,-3.200000000000002755e-03,nan,nan,nan,nan,nan,-2.400000000000002132e-02,nan,3.199999999999958520e-03,nan,7.999999999999918635e-03,nan,nan,nan,nan,nan,nan,nan,nan,nan,nan,-7.200000000000006742e-03,nan,nan,nan,nan,nan,nan,nan,nan,nan
6.446280991735542365e-02,nan,nan,nan,nan,nan,nan,nan,nan,nan,nan,nan,nan,nan,nan,nan,nan,4.462809917355374523e-02,nan,nan,nan,nan,nan,nan,nan,4.049586776859508130e-02,nan,-3.140495867768591104e-02,nan,nan,nan,nan,1.404958677685956905e-02,nan,2.231404958677691772e-02,nan,nan,nan,nan,2.479338842975242763e-03,-1.404958677685945803e-02,nan,1.900826446280998866e-02,nan,nan,nan,nan,nan,nan,nan,nan,nan,nan,nan,nan,-3.140495867768591104e-02,nan,nan,nan,nan,nan,nan,nan,nan,nan
nan,nan,nan,nan,nan,nan,nan,nan,nan,nan,nan,nan,nan,nan,nan,nan,nan,1.147540983606554210e-02,nan,nan,nan,nan,nan,nan,nan,9.836065573770435416e-03,nan,-1.393442622950824550e-02,nan,-4.918032786885273219e-03,nan,nan,1.311475409836060368e-02,nan,-2.459016393442681279e-03,nan,nan,nan,nan,nan,5.737704918032759775e-03,nan,8.196721311475307914e-04,nan,nan,nan,nan,nan,nan,nan,nan,nan,nan,nan,nan,-3.278688524590212070e-03,-2.704918032786891510e-02,nan,nan,nan,nan,nan,nan,nan,nan
nan,nan,nan,nan,nan,nan,nan,nan,nan,nan,nan,nan,nan,nan,nan,nan,nan,-6.949806949806935572e-03,nan,nan,nan,nan,nan,nan,-4.942084942084943450e-02,-1.235521235521233087e-02,nan,-6.949806949806935572e-03,nan,nan,nan,nan,-3.088803088803082717e-03,nan,-1.698841698841695516e-02,nan,nan,nan,nan,nan,-2.162162162162160201e-02,nan,-1.312741312741310187e-02,nan,nan,nan,nan,nan,nan,nan,nan,nan,nan,nan,nan,-1.312741312741312269e-02,-4.169884169884172792e-02,nan,nan,nan,nan,nan,nan,nan,nan
nan,nan,nan,nan,nan,nan,nan,nan,nan,nan,-2.153846153846148553e-02,nan,nan,nan,nan,nan,nan,-1.538461538461533039e-03,nan,nan,nan,nan,nan,nan,-4.230769230769226841e-02,-6.923076923076898134e-03,nan,-2.307692307692299667e-03,nan,nan,nan,nan,5.384615384615409547e-03,nan,-4.615384615384599334e-03,nan,nan,nan,nan,nan,-3.846153846153832490e-03,nan,-5.384615384615365312e-03,nan,nan,nan,nan,nan,nan,nan,nan,nan,nan,nan,nan,-7.692307692307664979e-03,nan,nan,nan,nan,nan,nan,nan,nan,nan
nan,nan,nan,nan,nan,nan,nan,nan,nan,nan,nan,nan,nan,nan,nan,nan,nan,1.612903225806450094e-03,nan,nan,nan,nan,nan,nan,-3.387096774193545240e-02,2.419354838709675357e-03,nan,-2.419354838709675271e-02,nan,nan,nan,nan,7.258064516129025638e-03,nan,-8.064516129032250468e-04,nan,nan,nan,nan,nan,-2.419354838709675271e-02,nan,-2.741935483870965376e-02,nan,nan,nan,nan,nan,nan,nan,nan,nan,nan,nan,nan,-7.258064516129025638e-03,-3.467741935483868027e-02,nan,nan,nan,nan,nan,nan,nan,nan
nan,nan,nan,nan,nan,nan,nan,nan,nan,nan,-6.716417910447769826e-03,nan,nan,nan,nan,nan,nan,2.611940298507464675e-02,nan,nan,nan,nan,nan,nan,nan,6.716417910447791510e-03,nan,2.238805970149293327e-03,nan,nan,nan,nan,3.731343283582111599e-03,nan,8.955223880597041469e-03,nan,nan,nan,nan,nan,4.477611940298520735e-03,nan,-2.238805970149249092e-03,nan,nan,nan,nan,nan,nan,nan,nan,nan,nan,nan,nan,-2.910447761194023819e-02,-2.164179104477610346e-02,nan,nan,nan,nan,nan,nan,nan,nan
nan,nan,nan,nan,nan,nan,nan,nan,nan,nan,nan,nan,nan,nan,nan,nan,nan,3.375527426160385321e-03,nan,nan,nan,nan,nan,nan,nan,5.063291139240533312e-03,nan,8.438818565400963301e-04,nan,nan,nan,nan,-8.438818565400518779e-04,nan,2.220446049250313204e-17,nan,nan,nan,nan,-1.687763713080148208e-03,-1.181434599156114783e-02,nan,-1.350210970464129669e-02,nan,-1.603375527426151997e-02,nan,nan,nan,nan,nan,nan,nan,nan,nan,nan,-1.772151898734171047e-02,nan,nan,nan,nan,nan,nan,nan,nan,nan
nan,nan,nan,nan,nan,nan,nan,nan,nan,nan,nan,nan,nan,nan,nan,nan,nan,1.590909090909089357e-02,nan,nan,nan,nan,nan,nan,-4.318181818181816845e-02,1.742424242424240807e-02,nan,-1.590909090909089357e-02,nan,nan,nan,nan,1.212121212121211079e-02,nan,-5.303030303030298147e-03,nan,nan,nan,nan,nan,-1.515151515151513806e-02,nan,1.515151515151513849e-03,nan,nan,nan,nan,nan,nan,nan,nan,nan,nan,nan,nan,-2.045454545454543707e-02,-5.757575757575763425e-02,nan,nan,nan,nan,nan,nan,nan,nan
-1.400778210116726541e-02,nan,nan,nan,nan,nan,nan,nan,nan,nan,nan,nan,nan,nan,nan,nan,nan,1.556420233463029490e-03,nan,nan,nan,nan,nan,nan,nan,-2.334630350194522117e-03,nan,-1.011673151750969168e-02,nan,nan,nan,nan,7.782101167315147450e-04,nan,-1.089494163424120643e-02,nan,nan,nan,nan,nan,-4.202334630350192807e-02,nan,-2.723735408560312710e-02,nan,nan,nan,nan,nan,nan,nan,nan,nan,nan,nan,nan,-1.634241245136183046e-02,-3.346303501945524506e-02,nan,nan,nan,nan,nan,nan,nan,nan
nan,nan,nan,nan,nan,nan,nan,nan,nan,nan,nan,nan,nan,nan,nan,nan,nan,1.673306772908373860e-02,nan,nan,nan,nan,nan,nan,nan,1.115537848605578988e-02,nan,-2.470119521912348542e-02,nan,nan,nan,nan,7.968127490039833343e-04,nan,-3.984063745019916780e-03,nan,nan,nan,nan,nan,-7.968127490039833560e-03,nan,8.764940239043816569e-03,nan,3.984063745019916780e-03,nan,nan,nan,nan,nan,nan,nan,nan,nan,nan,-1.593625498007966712e-02,-3.745019920318722051e-02,nan,nan,nan,nan,nan,nan,nan,nan
8.000000000000006889e-04,nan,nan,nan,nan,nan,nan,nan,nan,nan,nan,nan,nan,nan,nan,nan,nan,nan,nan,nan,nan,nan,nan,nan,-2.879999999999998186e-02,3.200000000000002755e-03,nan,7.200000000000006742e-03,nan,nan,nan,nan,1.440000000000001348e-02,nan,2.400000000000001958e-03,nan,nan,nan,nan,nan,-3.200000000000002755e-03,nan,7.200000000000006742e-03,nan,nan,nan,nan,nan,nan,nan,nan,nan,nan,nan,nan,-1.760000000000001494e-02,-4.079999999999992660e-02,nan,nan,nan,nan,nan,nan,nan,nan
nan,nan,nan,nan,nan,nan,nan,nan,nan,nan,nan,nan,nan,nan,nan,nan,nan,-1.290322580645160075e-02,nan,nan,nan,nan,nan,nan,nan,-1.935483870967746878e-02,nan,-4.032258064516125451e-03,nan,-3.225806451612900187e-03,nan,nan,4.838709677419350715e-03,nan,-7.258064516129069874e-03,nan,nan,nan,nan,nan,-4.838709677419350715e-03,nan,-2.177419354838718707e-02,nan,nan,nan,nan,nan,nan,nan,nan,nan,nan,nan,nan,-2.419354838709684291e-02,-2.016129032258069317e-02,nan,nan,nan,nan,nan,nan,nan,nan
nan,nan,nan,nan,nan,nan,nan,nan,nan,nan,-1.280000000000001102e-02,nan,nan,nan,nan,nan,nan,1.680000000000001631e-02,nan,nan,nan,nan,nan,nan,-3.679999999999994387e-02,1.840000000000001704e-02,nan,-3.200000000000002755e-03,nan,nan,nan,nan,8.000000000000007105e-03,nan,6.400000000000005511e-03,nan,nan,nan,nan,nan,-9.600000000000007833e-03,nan,0.000000000000000000e+00,nan,nan,nan,nan,nan,nan,nan,nan,nan,nan,nan,nan,-6.400000000000005511e-03,nan,nan,nan,nan,nan,nan,nan,nan,nan
nan,nan,nan,nan,nan,nan,nan,nan,nan,nan,-3.813229571984437516e-02,nan,nan,nan,nan,nan,nan,5.447470817120603215e-03,nan,nan,nan,nan,nan,nan,nan,0.000000000000000000e+00,nan,-3.112840466926081098e-03,nan,nan,nan,nan,3.891050583657573725e-03,nan,-9.338521400778242859e-03,nan,nan,nan,nan,nan,-3.112840466926058980e-03,nan,-1.011673151750975760e-02,nan,nan,nan,nan,nan,nan,nan,nan,nan,nan,nan,nan,-4.513618677042805644e-02,-5.836575875486382792e-02,nan,nan,nan,nan,nan,nan,nan,nan
nan,nan,nan,nan,nan,nan,nan,nan,nan,nan,3.212851405622463210e-03,nan,nan,nan,nan,nan,nan,1.124497991967869995e-02,nan,nan,nan,nan,nan,nan,nan,8.835341365461824026e-03,nan,2.409638554216830819e-03,nan,nan,nan,nan,2.088353413654613425e-02,nan,6.425702811244948971e-03,nan,nan,nan,nan,nan,2.409638554216864126e-02,nan,5.622489959839294463e-03,nan,nan,nan,nan,nan,nan,nan,nan,nan,nan,nan,nan,-1.204819277108437614e-02,-1.526104417670688315e-02,nan,nan,nan,nan,nan,nan,nan,nan
nan,nan,nan,nan,nan,nan,nan,nan,nan,nan,nan,nan,nan,nan,nan,nan,nan,3.921568627451010695e-03,nan,nan,nan,nan,nan,nan,nan,-7.843137254901711092e-04,nan,-3.137254901960784270e-02,nan,7.843137254901933354e-04,nan,nan,1.568627450980408788e-03,nan,-1.098039215686270539e-02,nan,nan,nan,nan,nan,-2.352941176470579789e-03,nan,-8.627450980392126906e-03,nan,nan,nan,nan,nan,nan,nan,nan,nan,nan,nan,nan,-8.627450980392126906e-03,-3.686274509803919713e-02,nan,nan,nan,nan,nan,nan,nan,nan
nan,nan,nan,nan,nan,nan,nan,nan,nan,nan,nan,nan,nan,nan,nan,nan,nan,1.306122448979594140e-02,nan,nan,nan,nan,nan,nan,-1.795918367346940187e-02,1.632653061224491678e-02,nan,-4.897959183673483881e-03,nan,nan,nan,nan,8.979591836734690524e-03,nan,9.795918367346945210e-03,nan,nan,nan,nan,nan,8.979591836734690524e-03,nan,4.081632653061250879e-03,nan,nan,nan,nan,nan,nan,nan,nan,nan,nan,nan,nan,-8.163265306122324599e-04,-3.183673469387753030e-02,nan,nan,nan,nan,nan,nan,nan,nan
nan,nan,nan,nan,nan,nan,nan,nan,nan,nan,-3.178294573643416360e-02,nan,nan,nan,nan,nan,nan,1.085271317829459257e-02,nan,nan,nan,nan,nan,nan,nan,2.325581395348841514e-03,nan,-1.782945736434111625e-02,nan,8.527131782945751928e-03,nan,nan,6.201550387596910414e-03,nan,-3.100775193798455207e-03,nan,nan,nan,nan,nan,0.000000000000000000e+00,nan,-1.240310077519382083e-02,nan,nan,nan,nan,nan,nan,nan,nan,nan,nan,nan,nan,-4.108527131782942210e-02,nan,nan,nan,nan,nan,nan,nan,nan,nan
nan,nan,nan,nan,nan,nan,nan,nan,nan,nan,-3.018867924528301303e-03,nan,nan,nan,nan,nan,nan,nan,nan,nan,nan,nan,nan,nan,-2.264150943396225912e-02,7.547169811320753041e-03,nan,8.301886792452828692e-03,nan,nan,nan,nan,1.056603773584905391e-02,nan,2.264150943396226086e-03,nan,nan,nan,nan,nan,3.773584905660376521e-03,nan,-6.792452830188677390e-03,nan,nan,nan,nan,nan,nan,nan,nan,nan,nan,nan,nan,-7.547169811320753041e-03,2.264150943396226086e-03,nan,nan,nan,nan,nan,nan,nan,nan
nan,nan,nan,nan,nan,nan,nan,nan,nan,nan,nan,nan,nan,nan,nan,nan,nan,9.677419354838701429e-03,nan,nan,nan,nan,nan,nan,-3.790322580645166806e-02,1.129032258064515196e-02,nan,6.451612903225800374e-03,nan,nan,nan,nan,1.370967741935482688e-02,nan,0.000000000000000000e+00,nan,nan,nan,nan,nan,-1.774193548387095060e-02,nan,-5.645161290322575978e-03,nan,nan,nan,nan,nan,nan,nan,nan,nan,nan,nan,nan,-1.612903225806450094e-03,-2.016129032258064807e-02,nan,nan,nan,nan,nan,nan,nan,nan
nan,nan,nan,nan,nan,nan,nan,nan,nan,nan,nan,nan,nan,nan,nan,nan,nan,1.984732824427477491e-02,nan,nan,nan,nan,nan,nan,nan,9.923664122137364901e-03,nan,-1.068702290076339878e-02,nan,8.396946564885455003e-03,nan,nan,2.213740458015260940e-02,nan,-1.221374045801533123e-02,nan,nan,nan,nan,nan,3.816793893129743955e-03,nan,-2.213740458015272042e-02,nan,nan,nan,nan,nan,nan,nan,nan,nan,nan,nan,nan,1.145038167938927653e-02,-2.366412213740463205e-02,nan,nan,nan,nan,nan,nan,nan,nan
nan,nan,nan,nan,nan,nan,nan,nan,nan,nan,nan,nan,nan,nan,nan,nan,nan,1.698841698841695516e-02,nan,nan,nan,nan,nan,nan,nan,2.007722007722003571e-02,nan,-3.861003861003942193e-03,nan,5.405405405405394430e-03,nan,nan,2.316602316602312146e-03,nan,1.467181467181464215e-02,nan,nan,nan,nan,nan,7.722007722007706576e-03,nan,-1.698841698841706618e-02,nan,nan,nan,nan,nan,nan,nan,nan,nan,nan,nan,nan,3.088803088803060599e-03,-1.776061776061783545e-02,nan,nan,nan,nan,nan,nan,nan,nan
2.222222222222220919e-02,nan,nan,nan,nan,nan,nan,nan,nan,nan,nan,nan,nan,nan,nan,nan,nan,8.730158730158699143e-03,nan,nan,nan,nan,nan,nan,nan,7.936507936507908312e-04,nan,-1.984126984126988180e-02,nan,nan,nan,nan,7.936507936507908312e-04,nan,-7.936507936507953415e-03,nan,nan,nan,nan,nan,-3.174603174603174427e-02,nan,-8.730158730158744246e-03,nan,nan,nan,nan,nan,nan,nan,nan,nan,nan,nan,nan,-4.761904761904789223e-03,-2.460317460317462679e-02,nan,nan,nan,nan,nan,nan,nan,nan
nan,nan,nan,nan,nan,nan,nan,nan,nan,nan,nan,nan,nan,nan,nan,nan,nan,4.065040650406537455e-03,nan,nan,nan,nan,nan,nan,-3.902439024390243205e-02,1.138211382113822959e-02,nan,2.439024390243926723e-03,nan,nan,nan,nan,-8.130081300812940902e-04,nan,-6.504065040650375273e-03,nan,nan,nan,nan,nan,-7.317073170731669580e-03,nan,-1.382113821138211164e-02,nan,nan,nan,nan,nan,nan,nan,nan,nan,nan,nan,nan,-3.252032520325176361e-03,-2.113821138211380291e-02,nan,nan,nan,nan,nan,nan,nan,nan
nan,nan,nan,nan,nan,nan,nan,nan,nan,nan,-1.757322175732218758e-02,nan,nan,nan,nan,nan,nan,4.267782426778241739e-02,nan,nan,nan,nan,nan,nan,nan,2.259414225941423077e-02,nan,8.368200836819772014e-04,nan,nan,nan,nan,1.589958158995812346e-02,nan,1.087866108786610456e-02,nan,nan,nan,nan,nan,2.510460251046025063e-02,nan,-1.087866108786612537e-02,nan,nan,nan,nan,nan,nan,nan,nan,nan,nan,nan,nan,-2.426778242677824979e-02,-1.506276150627619027e-02,nan,nan,nan,nan,nan,nan,nan,nan
nan,nan,nan,-1.244813278008296588e-02,nan,nan,nan,nan,nan,nan,nan,nan,nan,nan,nan,nan,nan,8.298755186721962218e-04,nan,nan,nan,nan,nan,nan,nan,9.958506224066377213e-03,nan,-1.244813278008300925e-02,nan,nan,nan,nan,2.489626556016588665e-03,nan,-1.410788381742740169e-02,nan,nan,nan,nan,nan,-2.987551867219917501e-02,nan,3.485477178423237316e-02,nan,nan,nan,nan,nan,nan,nan,nan,-1.742738589211621086e-02,nan,nan,nan,-7.468879668049788548e-03,nan,nan,nan,nan,nan,nan,nan,nan,nan
nan,nan,nan,nan,nan,nan,nan,nan,nan,nan,nan,nan,nan,nan,nan,nan,nan,1.538461538461533039e-03,nan,nan,nan,nan,nan,nan,nan,-5.384615384615387863e-03,nan,-3.846153846153832490e-03,nan,5.384615384615365312e-03,nan,nan,-1.538461538461533039e-03,nan,-1.076923076923077573e-02,nan,nan,nan,nan,nan,4.615384615384599334e-03,nan,-9.230769230769219486e-03,nan,7.692307692307665196e-04,nan,nan,nan,nan,nan,nan,nan,nan,nan,nan,-2.220446049250313204e-17,nan,nan,nan,nan,nan,nan,nan,nan,nan
nan,nan,nan,nan,nan,nan,nan,nan,nan,nan,nan,nan,nan,nan,nan,nan,nan,1.774193548387095060e-02,nan,nan,nan,nan,nan,nan,nan,2.258064516129030391e-02,nan,1.451612903225805128e-02,nan,nan,nan,nan,2.419354838709675357e-03,nan,1.209677419354837635e-02,nan,nan,nan,nan,-1.612903225806450094e-03,3.225806451612900187e-03,nan,1.370967741935482688e-02,nan,nan,nan,nan,nan,nan,nan,nan,nan,nan,nan,nan,-4.435483870967749098e-02,-4.032258064516136553e-02,nan,nan,nan,nan,nan,nan,nan,nan
nan,nan,nan,nan,nan,nan,nan,nan,nan,nan,nan,nan,nan,nan,nan,nan,nan,3.265306122448951957e-03,nan,nan,nan,nan,nan,nan,nan,2.448979591836697271e-03,nan,-1.795918367346942615e-02,nan,nan,nan,nan,-8.163265306122546860e-04,nan,-4.897959183673483881e-03,nan,nan,nan,nan,nan,-4.897959183673505565e-03,nan,-1.306122448979589803e-02,nan,-1.714285714285717147e-02,nan,nan,nan,nan,nan,nan,nan,nan,nan,nan,-8.163265306122480941e-03,-4.816326530612247137e-02,nan,nan,nan,nan,nan,nan,nan,nan
nan,nan,nan,nan,nan,nan,nan,nan,nan,nan,-2.934362934362937450e-02,nan,nan,nan,nan,nan,nan,4.092664092664093090e-02,nan,nan,nan,nan,nan,nan,nan,2.934362934362935021e-02,nan,2.239382239382239209e-02,nan,nan,nan,nan,3.088803088803082717e-03,nan,2.162162162162157772e-02,nan,nan,nan,nan,nan,-7.722007722007706793e-04,nan,2.007722007722003571e-02,nan,nan,nan,nan,nan,nan,nan,nan,nan,nan,nan,nan,-4.942084942084943450e-02,-7.181467181467178496e-02,nan,nan,nan,nan,nan,nan,nan,nan
nan,nan,nan,nan,nan,nan,nan,nan,nan,nan,nan,nan,nan,nan,nan,nan,nan,4.615384615384599334e-03,nan,nan,nan,nan,nan,nan,nan,-2.307692307692299667e-03,nan,-2.307692307692310596e-02,nan,nan,nan,nan,2.307692307692299667e-03,nan,-2.076923076923078287e-02,nan,nan,nan,nan,nan,-2.307692307692299667e-03,nan,-1.923076923076925265e-02,nan,-1.769230769230771896e-02,nan,nan,nan,nan,nan,nan,nan,nan,nan,nan,-2.307692307692299667e-03,-5.769230769230770939e-02,nan,nan,nan,nan,nan,nan,nan,nan
nan,nan,nan,nan,nan,nan,nan,nan,nan,nan,nan,nan,nan,nan,nan,nan,nan,4.545454545454541764e-03,nan,nan,nan,nan,nan,nan,-4.772727272727277092e-02,-2.272727272727270882e-03,nan,-7.575757575757569029e-03,nan,nan,nan,nan,9.090909090909083529e-03,nan,-1.439393939393938081e-02,nan,nan,nan,nan,nan,-1.439393939393938081e-02,nan,-1.590909090909089357e-02,nan,nan,nan,nan,nan,nan,nan,nan,nan,nan,nan,nan,-2.803030303030300610e-02,-3.181818181818178715e-02,nan,nan,nan,nan,nan,nan,nan,nan
nan,nan,nan,nan,nan,nan,nan,nan,nan,nan,nan,nan,nan,nan,nan,nan,nan,1.476014760147625936e-03,nan,nan,nan,nan,nan,nan,-2.509225092250919747e-02,3.690036900369042614e-03,nan,-1.180811808118078544e-02,nan,nan,nan,nan,-2.952029520295162968e-03,nan,-9.594095940959390667e-03,nan,nan,nan,nan,nan,-2.214022140221372226e-03,nan,-1.918819188191882644e-02,nan,nan,nan,nan,nan,nan,nan,nan,nan,nan,nan,nan,-1.254612546125459874e-02,-1.845018450184501141e-02,nan,nan,nan,nan,nan,nan,nan,nan
nan,nan,nan,nan,nan,nan,nan,nan,nan,nan,nan,nan,nan,nan,nan,nan,nan,-7.874015748031527179e-03,nan,nan,nan,nan,nan,nan,-2.834645669291344788e-02,-1.023622047244097076e-02,nan,-1.259842519685045945e-02,nan,nan,nan,nan,-1.574803149606296372e-03,nan,-3.937007874015741038e-03,nan,nan,nan,nan,nan,-5.511811023622037627e-03,nan,-8.661417322834652488e-03,nan,nan,nan,nan,nan,nan,nan,nan,nan,nan,nan,nan,-1.338582677165360904e-02,-5.433070866141733596e-02,nan,nan,nan,nan,nan,nan,nan,nan
nan,nan,nan,nan,nan,nan,nan,nan,nan,nan,nan,nan,nan,nan,nan,nan,nan,-3.891050583657573725e-03,nan,nan,nan,nan,nan,nan,nan,-7.003891050583632705e-03,nan,-4.669260700389088470e-03,nan,3.112840466926058980e-03,nan,nan,7.003891050583632705e-03,nan,-7.782101167315147450e-03,nan,nan,nan,nan,nan,1.556420233463029490e-03,nan,-2.256809338521399352e-02,nan,nan,nan,nan,nan,nan,nan,nan,nan,nan,nan,nan,-2.334630350194544235e-03,-2.334630350194553255e-02,nan,nan,nan,nan,nan,nan,nan,nan
nan,nan,nan,nan,nan,nan,nan,nan,nan,nan,-3.070539419087139205e-02,nan,nan,nan,nan,nan,nan,-5.809128630705396104e-03,nan,nan,nan,nan,nan,nan,-3.568464730290454856e-02,-6.639004149377614010e-03,nan,-4.149377593360981109e-03,nan,nan,nan,nan,5.809128630705373553e-03,nan,-3.319502074688807005e-03,nan,nan,nan,nan,nan,1.161825726141076966e-02,nan,-1.659751037344392444e-03,nan,nan,nan,nan,nan,nan,nan,nan,nan,nan,nan,nan,-2.323651452282160523e-02,nan,nan,nan,nan,nan,nan,nan,nan,nan
nan,nan,nan,nan,nan,nan,nan,nan,nan,nan,nan,nan,nan,nan,nan,nan,nan,2.071713147410363456e-02,nan,nan,nan,nan,nan,nan,nan,1.593625498007971222e-02,nan,-6.374501992031866675e-03,nan,1.035856573705178432e-02,nan,nan,1.195219123505975034e-02,nan,-1.035856573705178432e-02,nan,nan,nan,nan,nan,1.035856573705178432e-02,nan,6.374501992031866675e-03,nan,nan,nan,nan,nan,nan,nan,nan,nan,nan,nan,nan,-1.195219123505975034e-02,-3.585657370517925102e-02,nan,nan,nan,nan,nan,nan,nan,nan
nan,nan,nan,nan,nan,nan,nan,nan,nan,nan,nan,nan,nan,nan,nan,nan,nan,3.112840466926036862e-03,nan,nan,nan,nan,nan,nan,-3.735408560311290899e-02,6.225680933852117960e-03,nan,-6.225680933852206431e-03,nan,nan,nan,nan,8.560311284046662195e-03,nan,-2.023346303501949439e-02,nan,nan,nan,nan,nan,-2.101167315175100914e-02,nan,-1.712062256809343541e-02,nan,nan,nan,nan,nan,nan,nan,nan,nan,nan,nan,nan,-1.867704280155646490e-02,-3.190661478599225720e-02,nan,nan,nan,nan,nan,nan,nan,nan
nan,nan,nan,nan,nan,nan,nan,nan,nan,nan,nan,nan,nan,nan,nan,nan,nan,1.180811808118087392e-02,nan,nan,nan,nan,nan,nan,-4.575645756457560193e-02,1.107011070110706062e-02,nan,-1.033210332103318141e-02,nan,nan,nan,nan,5.166051660516646216e-03,nan,-8.856088560885577374e-03,nan,nan,nan,nan,nan,2.952029520295229754e-03,nan,-2.066420664206636282e-02,nan,nan,nan,nan,nan,nan,nan,nan,nan,nan,nan,nan,-9.594095940959368116e-03,-2.878228782287821710e-02,nan,nan,nan,nan,nan,nan,nan,nan
nan,nan,nan,nan,nan,nan,nan,nan,nan,nan,nan,nan,nan,nan,nan,nan,nan,1.960784313725487740e-02,nan,nan,nan,nan,nan,nan,-6.352941176470590368e-02,7.843137254901932920e-03,nan,3.921568627450966460e-03,nan,nan,nan,nan,1.960784313725487740e-02,nan,6.274509803921546683e-03,nan,nan,nan,nan,nan,7.058823529411739801e-03,nan,2.352941176470579789e-03,nan,nan,nan,nan,nan,nan,nan,nan,nan,nan,nan,nan,-2.509803921568629775e-02,-2.509803921568629775e-02,nan,nan,nan,nan,nan,nan,nan,nan
