nan,nan,nan,nan,0.000000000000000000e+00,nan,nan,nan,nan,nan,nan,0.000000000000000000e+00,nan,nan,3.656307129798807903e-04,-1.023765996343692884e-02,nan,nan,nan,nan,nan,-2.413162705667277683e-02,-5.521023765996348892e-02,nan,nan,nan,nan,nan,nan,nan,-1.316270566727608705e-02,2.522851919561241996e-02,nan,-9.945155393053022042e-02,nan,nan,nan,nan,nan,nan,nan,nan,nan,nan,nan,nan,nan,2.047531992687383687e-02,nan,nan,nan,nan,nan,nan,nan,nan,nan,nan,nan,nan,nan,nan,nan,nan,nan
nan,nan,nan,nan,-2.914389799635741605e-03,nan,nan,nan,nan,nan,nan,1.092896174863344826e-03,nan,nan,1.821493624772263422e-03,-1.056466302367944400e-02,nan,nan,nan,nan,nan,-4.881602914389802234e-02,-6.156648451730421800e-02,nan,nan,nan,nan,nan,nan,nan,-6.265938069216761552e-02,6.921675774134787573e-02,nan,nan,nan,nan,nan,nan,nan,nan,nan,nan,-1.493624772313297856e-02,nan,nan,nan,nan,6.703096539162109457e-02,nan,nan,nan,nan,nan,nan,nan,nan,nan,nan,nan,nan,nan,nan,nan,nan,nan
nan,nan,nan,nan,-3.795066413662118165e-04,nan,nan,nan,nan,-3.719165085388993763e-02,nan,7.590132827324458592e-04,nan,nan,2.220446049250313204e-17,nan,nan,nan,nan,nan,nan,nan,-2.049335863377608341e-02,nan,nan,nan,nan,nan,nan,nan,nan,3.643263757115751400e-02,nan,-3.377609108159389251e-02,nan,nan,1.138519924098702020e-03,nan,nan,nan,nan,nan,1.518026565464936171e-03,nan,nan,nan,nan,2.998102466793171189e-02,nan,nan,nan,nan,nan,nan,nan,nan,nan,nan,nan,nan,nan,nan,nan,nan,nan
nan,nan,nan,nan,-1.462522851919523161e-03,-3.656307129798363922e-04,nan,nan,nan,nan,nan,nan,nan,nan,-7.312614259597838067e-04,-1.206581352833633290e-02,nan,nan,nan,nan,nan,-3.254113345521018885e-02,nan,nan,nan,nan,-3.656307129798899019e-02,nan,nan,nan,-3.875685557586831809e-02,-9.140767824497219793e-03,nan,nan,nan,nan,nan,nan,nan,nan,nan,nan,0.000000000000000000e+00,nan,nan,nan,nan,2.266910420475325497e-02,nan,nan,nan,nan,nan,nan,nan,nan,nan,nan,nan,nan,nan,nan,nan,nan,nan
nan,nan,nan,nan,nan,nan,nan,nan,nan,nan,nan,nan,nan,nan,nan,1.761467889908259130e-02,nan,nan,nan,nan,nan,2.568807339449574560e-03,-6.972477064220172945e-03,nan,nan,nan,-2.091743119266051970e-02,nan,nan,-4.770642201834829517e-03,-7.339449541284182466e-04,5.137614678899084936e-02,nan,-1.541284403669722705e-02,nan,nan,nan,nan,nan,nan,nan,nan,nan,nan,nan,nan,nan,3.743119266055048439e-02,nan,nan,nan,nan,nan,nan,nan,-7.669724770642198652e-02,nan,nan,nan,nan,nan,nan,nan,nan,nan
nan,nan,nan,nan,-4.044117647058809162e-03,-3.566176470588233727e-02,nan,nan,nan,nan,nan,-3.676470588235281056e-03,nan,nan,-5.514705882352921584e-03,nan,nan,nan,nan,nan,-3.639705882352939348e-02,nan,-5.330882352941179736e-02,nan,nan,nan,nan,nan,nan,nan,nan,5.514705882352944136e-03,nan,nan,nan,nan,-3.051470588235294379e-02,nan,nan,nan,nan,nan,-1.323529411764703435e-02,nan,nan,nan,nan,5.477941176470590978e-02,nan,nan,nan,nan,nan,nan,nan,nan,nan,nan,nan,nan,nan,nan,nan,nan,nan
nan,nan,nan,nan,-4.371584699453578797e-03,nan,nan,nan,nan,nan,nan,-2.914389799635763723e-03,nan,nan,-1.092896174863455848e-03,-1.493624772313302193e-02,nan,nan,nan,nan,nan,-2.550091074681244338e-02,nan,nan,nan,nan,-5.428051001821498911e-02,nan,nan,nan,-1.821493624772316938e-02,-1.566484517304196286e-02,nan,nan,nan,nan,nan,nan,nan,nan,nan,nan,-1.821493624772352327e-03,nan,nan,nan,nan,-2.404371584699460662e-02,nan,nan,nan,nan,nan,nan,nan,nan,nan,nan,nan,nan,nan,nan,nan,nan,nan
nan,nan,nan,nan,nan,nan,nan,nan,nan,nan,nan,nan,nan,nan,nan,-1.247771836007127710e-02,nan,nan,nan,nan,nan,-9.982174688057000173e-03,3.921568627450989011e-03,nan,nan,nan,-7.130124777183599431e-03,nan,nan,nan,-1.319073083778963228e-02,2.602495543672014161e-02,nan,-1.532976827094472208e-02,nan,nan,nan,nan,nan,nan,nan,nan,nan,9.625668449197877230e-03,nan,1.461675579322638772e-02,nan,8.912655971479522057e-03,nan,nan,nan,nan,nan,nan,nan,nan,nan,nan,nan,nan,nan,nan,nan,nan,nan
nan,nan,nan,nan,nan,nan,nan,nan,nan,nan,nan,3.590664272890453537e-04,nan,nan,0.000000000000000000e+00,nan,nan,nan,nan,nan,nan,-3.590664272890231818e-04,-1.723518850987426632e-02,nan,nan,nan,-1.328545780969476661e-02,nan,nan,nan,1.795332136445293393e-03,2.369838420107723762e-02,nan,-7.396768402154393907e-02,nan,nan,nan,nan,nan,nan,nan,nan,7.181328545780907074e-04,nan,nan,nan,nan,2.405745062836628367e-02,nan,nan,nan,nan,nan,nan,nan,nan,nan,nan,nan,nan,nan,nan,nan,nan,nan
nan,nan,nan,nan,nan,nan,nan,nan,nan,nan,nan,nan,nan,nan,nan,-1.901279707495431154e-02,nan,nan,nan,nan,nan,-1.279707495429618404e-02,-2.595978062157222599e-02,nan,nan,nan,-2.851919561243148118e-02,nan,nan,nan,-5.850091407678270454e-03,9.506398537477122809e-03,nan,-5.191956124314445198e-02,nan,nan,nan,nan,nan,nan,nan,nan,nan,nan,-1.572212065813529541e-02,nan,nan,2.595978062157220517e-02,nan,nan,nan,nan,nan,nan,nan,-7.568555758683732926e-02,nan,nan,nan,nan,nan,nan,nan,nan,nan
nan,nan,nan,nan,7.352941176470562112e-04,2.205882352941168634e-03,nan,nan,nan,nan,nan,3.676470588235281056e-04,nan,nan,7.352941176470562112e-04,nan,nan,nan,nan,nan,nan,nan,nan,nan,nan,nan,-1.102941176470584317e-02,nan,nan,nan,nan,2.867647058823530326e-02,nan,nan,nan,nan,3.676470588235281056e-04,nan,nan,nan,nan,nan,0.000000000000000000e+00,nan,nan,nan,nan,2.573529411764707842e-02,nan,nan,nan,nan,nan,nan,nan,-6.838235294117644969e-02,nan,nan,nan,nan,nan,nan,nan,nan,nan
nan,nan,nan,nan,0.000000000000000000e+00,nan,nan,nan,nan,nan,nan,nan,nan,nan,3.521126760563486721e-04,-4.929577464788681591e-03,nan,nan,nan,nan,-8.098591549295730899e-03,nan,-3.697183098591545758e-02,nan,nan,nan,nan,nan,nan,nan,-1.056338028169010422e-02,2.605633802816904529e-02,nan,-5.281690140845067549e-02,nan,nan,nan,nan,nan,nan,nan,nan,1.056338028169023736e-03,nan,nan,nan,nan,2.253521126760569399e-02,nan,nan,nan,nan,nan,nan,nan,nan,nan,nan,nan,nan,nan,nan,nan,nan,nan
nan,nan,nan,nan,-5.565529622980254498e-02,nan,nan,nan,nan,nan,nan,5.745062836624769895e-03,nan,nan,-1.472172351885099248e-02,2.154398563734272014e-03,1.974865350089765118e-02,nan,nan,nan,nan,nan,-1.867145421903053729e-02,nan,nan,nan,-1.903052064631958334e-02,nan,nan,nan,nan,2.010771992818669723e-02,nan,-2.944344703770196414e-02,nan,nan,nan,nan,nan,nan,nan,nan,nan,nan,nan,nan,nan,2.118491921005387704e-02,nan,nan,nan,nan,nan,nan,nan,nan,nan,nan,nan,nan,nan,nan,nan,nan,nan
nan,nan,nan,4.270462633451987955e-03,nan,nan,nan,nan,nan,nan,nan,nan,nan,nan,nan,nan,9.608540925266906979e-03,nan,nan,nan,nan,nan,6.405693950177959381e-03,nan,nan,nan,5.338078291814940708e-03,nan,-9.750889679715302183e-02,nan,nan,nan,nan,3.202846975088990966e-03,nan,nan,nan,nan,nan,nan,nan,nan,nan,1.921708185053381396e-02,nan,1.316725978647685993e-02,nan,nan,nan,nan,nan,5.338078291814940708e-03,nan,nan,nan,-8.540925266903930807e-03,nan,nan,nan,nan,nan,nan,nan,nan,nan
nan,nan,nan,nan,-7.188081936685286610e-02,nan,nan,nan,nan,nan,nan,nan,nan,nan,1.452513966480446436e-02,-3.575418994413408214e-02,nan,nan,nan,nan,nan,-1.415270018621972437e-02,-3.389199255121037868e-02,nan,nan,nan,nan,nan,nan,nan,-1.005586592178766593e-02,-3.351955307262555021e-03,nan,-8.268156424581005193e-02,nan,nan,-4.469273743016759226e-02,nan,nan,nan,nan,nan,nan,nan,nan,nan,nan,5.661080074487898767e-02,nan,nan,nan,nan,nan,nan,nan,nan,nan,nan,nan,nan,nan,nan,nan,nan,nan
nan,nan,nan,nan,-2.242990654205634371e-03,nan,nan,nan,nan,nan,nan,-2.616822429906573433e-03,nan,nan,-2.242990654205634371e-03,nan,nan,nan,nan,nan,-7.476635514018737001e-03,nan,-3.887850467289723916e-02,nan,nan,nan,-1.607476635514024782e-02,nan,nan,nan,nan,3.214953271028031523e-02,nan,-4.485981308411217394e-02,nan,nan,nan,nan,nan,nan,nan,nan,-2.242990654205656489e-03,nan,nan,nan,nan,3.588785046728966421e-02,nan,nan,nan,nan,nan,nan,nan,nan,nan,nan,nan,nan,nan,nan,nan,nan,nan
nan,nan,6.871609403254996980e-03,nan,nan,nan,nan,nan,2.893309222423168150e-03,nan,nan,nan,nan,nan,nan,-1.229656419529836543e-02,1.518987341772148891e-02,nan,nan,nan,nan,6.871609403254996980e-03,nan,nan,nan,nan,nan,nan,nan,-2.169981916817365162e-03,5.786618444846269513e-03,nan,nan,nan,nan,nan,-1.229656419529836543e-02,nan,nan,nan,nan,nan,nan,nan,nan,nan,nan,nan,-3.435804701627487301e-02,nan,nan,nan,nan,nan,nan,nan,nan,-2.495479204339963106e-02,nan,nan,nan,nan,nan,nan,nan
nan,nan,nan,nan,nan,nan,nan,nan,nan,nan,nan,nan,nan,nan,nan,nan,nan,nan,nan,nan,nan,nan,-3.636363636363548757e-03,nan,nan,nan,-1.090909090909053438e-03,nan,-4.472727272727268499e-02,nan,nan,-1.490909090909087187e-02,nan,-3.636363636362993754e-04,nan,nan,nan,nan,nan,nan,nan,nan,nan,4.363636363636391562e-03,nan,nan,nan,-3.636363636362993754e-04,nan,nan,-7.999999999999941186e-03,nan,nan,-2.909090909090839092e-03,nan,-5.454545454545378647e-03,nan,nan,nan,nan,nan,nan,nan,nan,nan
nan,nan,nan,nan,3.752345215759955613e-04,nan,nan,nan,nan,nan,nan,0.000000000000000000e+00,nan,nan,0.000000000000000000e+00,-6.378986866791724886e-03,nan,nan,nan,nan,nan,-4.878048780487764975e-03,-7.504690431519467787e-04,nan,nan,nan,nan,nan,nan,nan,2.626641651031902305e-03,2.739212007504694332e-02,nan,-2.889305816135077226e-02,nan,nan,nan,nan,nan,nan,nan,nan,nan,nan,nan,nan,nan,2.439024390243906687e-02,nan,nan,nan,nan,nan,nan,nan,nan,nan,nan,nan,nan,nan,nan,nan,nan,nan
nan,nan,-4.440892098500626408e-17,nan,nan,nan,nan,nan,3.636363636363570875e-03,nan,nan,nan,nan,nan,nan,-4.363636363636391562e-03,nan,nan,nan,nan,nan,-8.000000000000052208e-03,nan,nan,nan,nan,nan,nan,nan,-3.636363636363681897e-03,-1.818181818181874342e-03,nan,nan,nan,nan,nan,nan,nan,nan,nan,-1.454545454545457320e-02,nan,nan,7.636363636363574861e-03,nan,nan,nan,nan,-9.454545454545515773e-03,nan,nan,nan,nan,nan,nan,nan,nan,-1.381818181818188565e-02,nan,nan,nan,nan,nan,nan,nan
nan,nan,nan,nan,-3.636363636363659996e-04,-2.327272727272726785e-02,nan,nan,nan,-4.181818181818177521e-02,nan,0.000000000000000000e+00,nan,nan,7.272727272727319992e-04,nan,nan,nan,nan,nan,-1.272727272727272076e-02,nan,nan,nan,nan,nan,nan,nan,nan,nan,nan,2.181818181818182684e-02,nan,nan,nan,nan,3.636363636363659996e-04,nan,nan,nan,nan,nan,-9.090909090909083529e-03,nan,nan,nan,nan,2.690909090909090334e-02,nan,nan,nan,nan,nan,nan,nan,nan,nan,nan,nan,nan,nan,nan,nan,nan,nan
nan,nan,nan,nan,nan,nan,nan,nan,nan,nan,nan,nan,nan,nan,nan,4.887218045112784633e-03,nan,nan,nan,nan,nan,-3.383458646616510548e-03,-3.007518796992458832e-03,nan,nan,nan,-3.007518796992480949e-03,nan,-4.060150375939850648e-02,nan,-2.631578947368407115e-03,nan,nan,-1.127819548872177700e-03,nan,nan,nan,nan,nan,nan,nan,nan,nan,nan,nan,nan,nan,nan,nan,nan,-1.879699248120259014e-03,nan,nan,-3.383458646616510548e-03,nan,6.766917293233087882e-03,nan,nan,nan,nan,nan,nan,nan,nan,nan
nan,nan,1.848428835489879154e-03,nan,nan,nan,nan,nan,2.587800369685822229e-03,nan,nan,nan,nan,nan,nan,nan,1.626617375231056289e-02,nan,nan,nan,nan,nan,nan,nan,nan,nan,nan,nan,nan,nan,nan,9.981515711645138483e-03,nan,nan,nan,nan,nan,nan,nan,nan,1.848428835489879154e-03,nan,nan,7.393715341959383909e-03,nan,1.109057301293905375e-02,nan,1.367837338262485256e-02,-5.175600739371488332e-03,nan,nan,nan,nan,nan,nan,nan,nan,-6.284658040665381043e-03,nan,nan,nan,nan,nan,nan,nan
nan,nan,nan,nan,-3.565062388591888620e-04,-9.625668449197899781e-03,nan,nan,nan,-1.711229946524066639e-02,nan,-2.220446049250313204e-17,nan,nan,-3.565062388591888620e-04,nan,nan,nan,nan,nan,nan,nan,-2.459893048128343127e-02,nan,nan,nan,nan,nan,nan,nan,nan,2.067736185383241970e-02,nan,-9.019607843137253389e-02,nan,nan,nan,nan,nan,nan,nan,nan,-3.565062388591888620e-04,nan,nan,nan,nan,2.816399286987523315e-02,nan,nan,nan,nan,nan,nan,nan,nan,nan,nan,nan,nan,nan,nan,nan,nan,nan
nan,nan,nan,nan,nan,nan,nan,nan,nan,nan,nan,nan,nan,nan,nan,2.185792349726844910e-03,nan,nan,nan,nan,nan,-6.921675774134739348e-03,-5.063752276867024282e-02,nan,nan,nan,-6.921675774134739348e-03,nan,nan,1.202185792349730331e-02,4.440892098500626408e-17,4.480874316939893742e-02,nan,-6.484517304189429954e-02,nan,nan,nan,nan,nan,nan,nan,nan,nan,nan,nan,nan,nan,2.805100182149364990e-02,nan,nan,nan,nan,nan,nan,nan,-4.845173041894353105e-02,nan,nan,nan,nan,nan,nan,nan,nan,nan
nan,nan,nan,nan,-3.629764065335771899e-04,nan,nan,nan,nan,nan,nan,nan,nan,nan,7.259528130671543799e-04,nan,nan,nan,nan,nan,nan,nan,-8.348457350272276561e-03,nan,nan,nan,-1.088929219600729380e-02,nan,nan,nan,nan,2.250453720508165459e-02,nan,-1.524500907441015372e-02,nan,nan,nan,nan,nan,nan,nan,nan,0.000000000000000000e+00,nan,nan,nan,nan,4.355716878402882478e-03,nan,nan,nan,nan,nan,-7.912885662431942690e-02,nan,-9.800362976406584020e-03,nan,nan,nan,nan,nan,nan,nan,nan,nan
nan,nan,nan,nan,0.000000000000000000e+00,nan,nan,nan,nan,nan,nan,0.000000000000000000e+00,nan,nan,0.000000000000000000e+00,-3.441682600382400641e-03,nan,nan,nan,nan,nan,1.070745697896751183e-02,-7.571701720841297889e-02,nan,nan,nan,nan,nan,nan,nan,8.795411089866145282e-03,5.391969407265777281e-02,nan,-5.850860420650094706e-02,nan,nan,nan,nan,nan,nan,nan,nan,nan,nan,nan,nan,nan,3.097514340344169684e-02,nan,nan,nan,nan,nan,nan,nan,nan,nan,nan,nan,nan,nan,nan,nan,nan,nan
nan,nan,nan,nan,nan,nan,nan,-2.348877374784108518e-02,nan,-1.208981001727111801e-02,nan,nan,nan,nan,nan,nan,6.908462867012410413e-04,nan,nan,nan,nan,nan,nan,nan,nan,nan,nan,nan,nan,nan,nan,nan,4.440892098500626408e-17,nan,nan,nan,-7.599309153713274152e-03,nan,nan,nan,nan,nan,-2.417962003454228112e-02,6.908462867012410413e-04,nan,-5.526770293609639499e-03,nan,nan,-2.625215889464591751e-02,nan,nan,nan,nan,nan,nan,nan,nan,-2.521588946459407676e-02,nan,nan,nan,nan,nan,nan,nan
nan,nan,nan,nan,nan,nan,nan,-4.899451553930531805e-02,-4.387568555758680940e-03,nan,nan,nan,nan,nan,nan,nan,-6.581352833638032251e-03,nan,nan,nan,nan,nan,nan,nan,nan,nan,nan,nan,nan,nan,nan,1.974405850091407594e-02,nan,nan,nan,nan,nan,nan,nan,nan,nan,nan,nan,7.312614259597615806e-04,nan,-9.140767824497264896e-03,-3.912248628884826968e-02,1.828153564899426178e-03,-6.215722120658129235e-03,nan,nan,nan,nan,nan,nan,nan,nan,-1.096892138939673488e-02,nan,nan,nan,nan,nan,nan,nan
nan,nan,nan,nan,nan,nan,1.138519924098664246e-02,nan,nan,-1.024667931688809722e-02,-1.328273244781788022e-02,nan,nan,nan,nan,nan,nan,nan,nan,-1.745730550284634378e-02,-1.138519924098679902e-03,nan,nan,nan,nan,nan,nan,nan,nan,nan,nan,nan,-6.831119544592057294e-03,nan,nan,nan,nan,nan,nan,nan,nan,nan,nan,1.897533206831059083e-03,-1.518026565464936171e-03,nan,nan,nan,nan,-8.728652751423204847e-03,nan,nan,nan,nan,nan,nan,nan,nan,nan,1.518026565464869384e-03,nan,nan,nan,nan,nan
nan,nan,2.925045703839113109e-03,nan,nan,nan,nan,nan,6.215722120658129235e-03,nan,nan,nan,nan,nan,nan,-3.765996343692869924e-02,1.718464351005482074e-02,nan,nan,nan,3.656307129798807903e-04,4.021937842778777923e-03,nan,nan,nan,nan,nan,nan,nan,-2.559414990859210093e-03,1.206581352833637800e-02,nan,nan,nan,nan,nan,nan,nan,nan,nan,nan,nan,nan,1.462522851919563147e-02,nan,2.742230347349179295e-02,nan,nan,nan,nan,nan,nan,nan,nan,nan,nan,nan,nan,nan,nan,nan,nan,nan,nan,nan
nan,nan,nan,nan,3.571428571428536623e-03,nan,nan,nan,nan,-2.714285714285720116e-02,nan,1.785714285714234918e-03,nan,nan,-3.571428571428558957e-04,nan,nan,nan,nan,nan,nan,nan,-4.750000000000005607e-02,nan,nan,nan,-8.571428571428629101e-03,nan,nan,nan,nan,2.749999999999994810e-02,nan,-4.392857142857149733e-02,nan,nan,-2.071428571428575102e-02,nan,nan,nan,nan,nan,nan,nan,nan,nan,nan,2.928571428571424828e-02,nan,nan,nan,nan,nan,nan,nan,nan,nan,nan,nan,nan,nan,nan,nan,nan,nan
nan,nan,nan,nan,1.788706739526411404e-01,nan,nan,nan,nan,nan,nan,1.559198542805099730e-01,nan,nan,2.655737704918032516e-01,1.071038251366120131e-01,1.111111111111110911e-01,nan,nan,nan,nan,6.229508196721309649e-02,1.591985428051001517e-01,nan,nan,nan,nan,nan,nan,nan,4.663023679417122036e-02,1.460837887067394925e-01,nan,nan,nan,nan,nan,nan,nan,nan,nan,nan,nan,2.021857923497267229e-01,nan,nan,nan,nan,nan,nan,nan,nan,nan,nan,nan,nan,nan,nan,nan,nan,nan,nan,nan,nan,nan
nan,nan,nan,nan,-2.220446049250313204e-17,nan,nan,nan,nan,nan,nan,nan,nan,nan,-3.490401396160747291e-04,-1.361256544502622602e-02,nan,nan,nan,nan,nan,-1.989528795811523754e-02,-4.432809773123913555e-02,nan,nan,nan,-5.584642233856929386e-03,nan,nan,nan,-1.745200698080284774e-02,3.839441535776577479e-03,nan,-8.481675392670162683e-02,nan,nan,nan,nan,nan,nan,nan,nan,nan,nan,nan,nan,nan,3.560209424083764229e-02,nan,nan,nan,nan,nan,nan,nan,nan,nan,nan,nan,nan,nan,nan,nan,nan,nan
nan,nan,nan,nan,nan,nan,nan,nan,nan,nan,nan,nan,nan,nan,nan,-1.362007168458780927e-02,nan,nan,nan,nan,nan,-6.451612903225800374e-03,-5.017921146953385932e-03,nan,nan,nan,-1.146953405017918717e-02,nan,nan,nan,1.792114695340552098e-03,2.652329749103945339e-02,nan,-4.659498207885292946e-03,nan,nan,nan,nan,nan,nan,nan,nan,nan,nan,nan,nan,nan,5.734767025089659506e-03,nan,nan,-9.247311827956987418e-02,nan,nan,nan,nan,-3.010752688172042488e-02,nan,nan,nan,nan,nan,nan,nan,nan,nan
nan,nan,nan,nan,-3.710575139146543491e-03,-9.721706864564005901e-02,nan,nan,nan,-4.823747680890555500e-03,nan,3.710575139146632612e-04,nan,nan,-1.484230055658630710e-03,-5.936920222634501157e-03,nan,nan,nan,nan,nan,-2.597402597402598268e-02,nan,nan,nan,nan,nan,nan,nan,nan,-3.710575139146565608e-03,nan,nan,nan,nan,nan,2.968460111317261420e-03,nan,nan,nan,nan,nan,-7.421150278292820701e-04,nan,nan,nan,nan,nan,nan,nan,nan,nan,nan,nan,nan,nan,nan,nan,nan,nan,nan,nan,nan,nan,nan
nan,nan,nan,nan,nan,nan,nan,nan,nan,nan,nan,nan,nan,nan,nan,nan,nan,nan,nan,nan,-6.115107913669137578e-03,nan,nan,nan,nan,nan,-2.877697841726667340e-03,nan,-4.676258992805759629e-02,nan,nan,-6.474820143884940475e-03,-5.395683453237464997e-03,nan,nan,nan,nan,nan,nan,nan,nan,nan,nan,nan,nan,nan,nan,-3.597122302158472953e-04,nan,nan,-2.446043165467630745e-02,nan,nan,-1.582733812949643770e-02,nan,3.237410071942426002e-03,-6.834532374100743372e-03,nan,nan,nan,nan,nan,nan,nan,nan
nan,nan,nan,nan,-1.848428835489857036e-03,nan,nan,nan,nan,nan,nan,-1.109057301293936513e-03,nan,nan,3.696857670979492028e-04,2.218114602587739452e-03,nan,nan,nan,nan,-2.957486136783748880e-03,nan,-1.072088724584105944e-02,nan,nan,nan,-2.070240295748615456e-02,nan,nan,nan,nan,4.805914972273517445e-03,nan,nan,nan,nan,nan,nan,nan,nan,nan,nan,nan,2.218114602587762003e-03,nan,nan,nan,3.475046210720882101e-02,nan,nan,nan,nan,nan,nan,nan,nan,nan,nan,nan,nan,nan,nan,nan,nan,nan
nan,nan,nan,nan,nan,nan,nan,nan,nan,nan,nan,nan,nan,nan,nan,nan,nan,nan,nan,nan,nan,nan,1.484230055658653045e-03,nan,nan,nan,6.679035250463827462e-03,nan,-3.153988868274577861e-02,nan,nan,-7.792207792207794803e-03,nan,-4.452690166975870230e-03,nan,nan,1.113172541743989675e-03,nan,nan,nan,nan,nan,nan,nan,nan,nan,nan,-7.421150278293265224e-04,nan,nan,-1.410018552875695955e-02,nan,nan,-7.050092764378468498e-03,nan,4.823747680890555500e-03,nan,nan,nan,nan,nan,nan,nan,nan,nan
nan,nan,-1.003717472118961264e-02,nan,nan,nan,nan,nan,-4.832713754646866464e-03,nan,nan,nan,nan,nan,nan,-1.449814126394053347e-02,nan,nan,nan,nan,nan,-5.947955390334614019e-03,nan,nan,-4.684014869888479538e-02,nan,nan,nan,nan,-2.973977695167317851e-03,-5.576208178438690939e-03,nan,nan,nan,nan,nan,nan,nan,nan,nan,-3.717472118959110755e-02,nan,nan,nan,nan,nan,nan,nan,-2.416356877323424385e-02,nan,nan,nan,nan,nan,nan,nan,nan,-2.193308550185877476e-02,nan,nan,nan,nan,nan,nan,nan
nan,nan,nan,nan,0.000000000000000000e+00,nan,nan,nan,nan,nan,nan,3.610108303249148776e-04,nan,nan,0.000000000000000000e+00,nan,1.480144404332135386e-02,nan,nan,nan,nan,nan,-5.559566787003607236e-02,nan,nan,nan,nan,nan,nan,nan,nan,3.574007220216608716e-02,nan,-5.523465703971115748e-02,nan,nan,nan,nan,nan,nan,nan,nan,-3.610108303249148776e-04,2.238267148014443444e-02,nan,nan,nan,1.949458483754516053e-02,nan,nan,nan,nan,nan,nan,nan,nan,nan,nan,nan,nan,nan,nan,nan,nan,nan
nan,nan,nan,nan,nan,nan,nan,nan,nan,nan,nan,nan,nan,nan,nan,3.724394785847407016e-04,nan,nan,nan,nan,nan,-1.266294227188082856e-02,3.724394785847184755e-04,nan,nan,nan,-1.117318435754222159e-03,nan,-5.251396648044692750e-02,nan,-9.310986964618272674e-03,nan,nan,-7.448789571694591771e-04,nan,nan,nan,nan,nan,nan,nan,nan,nan,nan,nan,nan,nan,nan,nan,nan,-6.703910614525155146e-03,nan,nan,-8.193668528864073500e-03,nan,8.938547486033532677e-03,nan,nan,nan,nan,nan,nan,nan,nan,nan
nan,nan,nan,nan,nan,nan,nan,nan,nan,nan,nan,nan,nan,nan,nan,-9.929078014184456596e-03,nan,nan,nan,nan,nan,-2.836879432624117570e-02,-2.234042553191490851e-02,nan,nan,nan,-3.297872340425535981e-02,nan,nan,-7.092198581560316475e-03,-2.730496453900714895e-02,2.411347517730490914e-02,nan,-4.148936170212769170e-02,nan,nan,nan,nan,nan,nan,nan,nan,nan,nan,nan,nan,nan,2.517730496453896016e-02,nan,nan,nan,nan,nan,nan,nan,-4.326241134751775824e-02,nan,nan,nan,nan,nan,nan,nan,nan,nan
nan,nan,nan,nan,nan,nan,nan,nan,nan,nan,nan,nan,nan,nan,nan,nan,nan,nan,nan,nan,nan,nan,-2.578268876611411378e-03,nan,nan,nan,1.473296500920895282e-03,nan,-5.635359116022096299e-02,nan,nan,-1.178637200736645275e-02,nan,1.473296500920851047e-03,nan,nan,nan,nan,nan,nan,nan,nan,nan,nan,nan,1.473296500920873164e-03,nan,7.366482504604476410e-04,nan,nan,-1.362799263351746094e-02,nan,nan,-2.578268876611411378e-03,nan,7.366482504604698672e-04,nan,nan,nan,nan,nan,nan,nan,nan,nan
nan,nan,nan,nan,2.898550724637671654e-03,9.057971014492682826e-03,nan,nan,nan,nan,nan,2.173913043478270437e-03,nan,nan,1.449275362318824768e-03,nan,nan,nan,nan,nan,nan,nan,nan,nan,nan,nan,-4.347826086956523006e-02,nan,nan,nan,nan,1.992753623188401463e-02,nan,nan,nan,nan,9.782608695652107028e-03,nan,nan,nan,nan,nan,7.246376811594168292e-03,nan,nan,nan,nan,3.876811594202893285e-02,nan,nan,nan,-3.260869565217405872e-03,nan,nan,nan,nan,nan,nan,nan,nan,nan,nan,nan,nan,nan
-7.664233576642298477e-03,nan,nan,nan,nan,nan,nan,nan,nan,-7.664233576642321029e-03,nan,nan,nan,nan,nan,nan,nan,-5.474452554744479831e-03,nan,nan,nan,nan,nan,nan,-1.715328467153278552e-02,-4.014598540145941294e-03,nan,-1.240875912408754243e-02,nan,nan,nan,nan,-4.014598540145941294e-03,nan,-5.109489051094850617e-03,nan,nan,nan,nan,nan,nan,nan,-7.299270072992625029e-03,nan,-4.379562043795570507e-03,nan,nan,nan,nan,nan,nan,nan,nan,nan,nan,nan,nan,nan,nan,nan,nan,nan,nan,nan,nan
-1.742286751361159583e-02,nan,nan,-4.355716878402904162e-03,nan,nan,nan,nan,nan,nan,nan,nan,nan,nan,nan,nan,1.669691470054446292e-02,nan,nan,nan,nan,nan,-1.742286751361159583e-02,nan,nan,nan,-1.524500907441013117e-02,nan,nan,nan,nan,nan,-1.016333938294009497e-02,-5.952813067150632825e-02,nan,nan,nan,nan,nan,nan,nan,nan,nan,8.711433756805808323e-03,nan,5.807622504537213355e-03,nan,nan,nan,nan,nan,-1.451905626134308760e-03,nan,nan,nan,nan,nan,nan,nan,nan,nan,nan,nan,nan,nan
nan,nan,nan,nan,-3.284671532846750088e-03,-1.131386861313868897e-01,nan,nan,nan,nan,nan,7.299270072993024449e-04,nan,nan,3.284671532846727970e-03,nan,nan,nan,nan,nan,-5.328467153284670299e-02,nan,nan,nan,nan,nan,nan,nan,nan,nan,nan,5.729927007299269459e-02,nan,nan,nan,nan,-6.277372262773721345e-02,nan,nan,nan,nan,nan,-3.430656934306568207e-02,nan,nan,nan,nan,6.094890510948902662e-02,nan,nan,nan,nan,nan,nan,nan,nan,-1.149635036496350071e-01,nan,nan,nan,nan,nan,nan,nan,nan
nan,nan,nan,nan,1.102941176470584317e-03,nan,nan,nan,nan,nan,nan,2.205882352941168634e-03,nan,nan,nan,2.352941176470584386e-02,nan,nan,nan,nan,nan,4.779411764705878557e-02,-5.514705882352965820e-03,nan,nan,nan,-3.676470588235281056e-04,nan,nan,nan,1.139705882352937127e-02,2.426470588235292089e-02,nan,-2.757352941176471894e-02,nan,nan,nan,nan,nan,nan,nan,nan,nan,nan,nan,nan,nan,2.499999999999995628e-02,nan,nan,nan,nan,nan,nan,nan,nan,nan,nan,nan,nan,nan,nan,nan,nan,nan
nan,nan,nan,nan,3.745318352059934458e-04,1.123595505617980229e-03,nan,nan,nan,nan,nan,1.123595505617980229e-03,nan,nan,7.490636704119868917e-04,nan,nan,nan,nan,nan,nan,-1.123595505618002564e-03,nan,nan,nan,nan,nan,nan,nan,nan,1.011235955056175549e-02,3.295880149812731308e-02,nan,nan,nan,nan,nan,nan,nan,nan,nan,nan,0.000000000000000000e+00,nan,nan,5.692883895131082422e-02,nan,2.247191011235951524e-02,nan,nan,nan,nan,nan,nan,nan,nan,nan,nan,nan,nan,nan,nan,nan,nan,nan
nan,nan,4.980842911877436489e-03,nan,nan,-2.758620689655168906e-02,nan,nan,4.980842911877436489e-03,-1.570881226053633117e-02,nan,nan,nan,nan,nan,nan,2.220446049250313204e-17,nan,nan,-3.448275862068961306e-02,nan,nan,nan,nan,nan,nan,nan,nan,nan,nan,nan,nan,nan,nan,nan,nan,nan,nan,nan,nan,nan,nan,nan,7.279693486590100085e-03,nan,6.513409961685878886e-03,nan,nan,8.045977011494277048e-03,nan,nan,nan,nan,nan,nan,nan,nan,1.264367816091960250e-02,nan,nan,nan,nan,nan,nan,nan
nan,nan,nan,nan,nan,nan,nan,nan,nan,nan,nan,-1.092896174863344826e-03,nan,nan,-1.457194899817815291e-03,-5.464480874316945958e-03,nan,nan,nan,nan,nan,-2.586520947176684793e-02,1.056466302367944400e-02,nan,nan,nan,-2.586520947176684793e-02,nan,nan,nan,-2.367941712204004595e-02,2.732240437158470897e-02,nan,-3.897996357012747243e-02,nan,nan,nan,nan,nan,nan,nan,nan,nan,nan,nan,nan,nan,2.513661202185795210e-02,nan,nan,nan,nan,nan,nan,nan,nan,nan,nan,nan,nan,nan,nan,nan,nan,nan
nan,nan,6.193078324225842653e-03,nan,nan,nan,nan,nan,-1.457194899817859744e-03,nan,nan,nan,nan,nan,nan,-8.378870673952643761e-03,nan,nan,nan,nan,nan,-3.278688524590189952e-03,nan,nan,nan,nan,3.278688524590189952e-03,nan,nan,nan,-4.007285974499086648e-03,-6.921675774134783583e-03,nan,nan,nan,nan,nan,nan,nan,nan,-1.602914389799638822e-02,nan,nan,nan,nan,nan,nan,nan,-2.295081967213115012e-02,nan,nan,nan,nan,nan,nan,nan,nan,-1.712204007285979962e-02,nan,nan,nan,nan,nan,nan,nan
nan,nan,nan,nan,nan,nan,nan,nan,nan,nan,nan,1.828153564899381942e-03,nan,nan,nan,-1.572212065813531970e-02,6.215722120658106684e-03,nan,nan,nan,nan,-3.436928702010970393e-02,-6.544789762340039174e-02,nan,nan,nan,nan,nan,nan,nan,-3.034734917733093035e-02,3.729433272394879623e-02,nan,-1.067641681901280171e-01,nan,nan,nan,nan,nan,nan,nan,nan,nan,2.266910420475316476e-02,nan,nan,nan,4.533820840950637809e-02,nan,nan,nan,nan,nan,nan,nan,nan,nan,nan,nan,nan,nan,nan,nan,nan,nan
nan,nan,nan,nan,nan,-6.273062730627265542e-03,nan,nan,nan,-1.623616236162355245e-02,nan,nan,nan,nan,nan,-2.952029520295162968e-03,nan,nan,nan,nan,-2.214022140221350108e-03,-1.365313653136528485e-02,nan,nan,nan,nan,nan,nan,nan,nan,-1.845018450184496978e-02,4.354243542435429909e-02,nan,nan,nan,nan,8.487084870848749657e-03,nan,nan,nan,nan,nan,2.952029520295251872e-03,nan,nan,nan,nan,9.594095940959456587e-03,nan,nan,nan,nan,nan,nan,nan,nan,nan,nan,nan,nan,nan,nan,nan,nan,nan
nan,nan,-1.782531194295877740e-03,nan,nan,nan,nan,-2.281639928698751124e-02,-1.782531194295855406e-03,nan,nan,nan,nan,nan,nan,-2.495543672014233130e-03,nan,nan,nan,nan,nan,2.139037433155111054e-03,nan,nan,nan,nan,nan,nan,nan,4.634581105169366735e-03,3.921568627451010695e-03,nan,nan,nan,nan,nan,nan,nan,nan,nan,nan,nan,nan,nan,nan,nan,-3.565062388591799802e-02,nan,5.347593582887721908e-03,nan,nan,nan,nan,nan,nan,nan,nan,6.417112299465265943e-03,nan,nan,nan,nan,nan,nan,nan
nan,nan,-1.470588235294116933e-02,nan,nan,nan,nan,nan,-2.022058823529411173e-02,nan,nan,nan,nan,nan,nan,-1.507352941176469743e-02,nan,nan,nan,nan,nan,-7.352941176470562112e-04,-3.933823529411761832e-02,nan,nan,nan,nan,nan,nan,-9.558823529411730746e-03,3.676470588235281056e-04,-8.455882352941146429e-03,nan,-4.595588235294112422e-02,nan,nan,nan,nan,nan,nan,nan,nan,nan,nan,nan,nan,nan,1.286764705882354962e-02,nan,nan,nan,nan,nan,nan,nan,nan,nan,nan,nan,nan,nan,nan,nan,nan,nan
nan,nan,nan,nan,nan,-7.130124777183332718e-04,nan,nan,nan,nan,nan,3.565062388591888620e-04,nan,nan,-7.130124777183332718e-04,1.532976827094476545e-02,nan,nan,nan,nan,nan,9.625668449197877230e-03,-2.103386809269158775e-02,nan,nan,nan,nan,nan,nan,nan,nan,-2.067736185383239889e-02,nan,nan,nan,nan,nan,nan,nan,nan,nan,nan,-7.130124777183332718e-04,nan,nan,3.172905525846707320e-02,nan,nan,nan,nan,nan,-6.773618538324388885e-03,nan,nan,nan,nan,nan,nan,nan,nan,nan,nan,nan,nan,nan
nan,nan,nan,nan,5.063291139240466525e-03,nan,nan,nan,nan,nan,nan,nan,nan,nan,7.594936708860733181e-03,5.063291139240466525e-03,-2.893309222423168150e-03,nan,nan,nan,nan,-1.229656419529838798e-02,-4.448462929475589800e-02,nan,nan,nan,nan,nan,nan,nan,-1.663652802893311744e-02,5.714285714285712026e-02,nan,nan,nan,nan,nan,nan,nan,nan,nan,nan,nan,nan,nan,-1.229656419529838798e-02,nan,6.726943942133814525e-02,nan,nan,nan,nan,nan,nan,nan,nan,nan,nan,nan,nan,nan,nan,nan,nan,nan
nan,nan,nan,nan,3.597122302158251234e-04,nan,nan,nan,nan,nan,nan,6.474820143884896240e-03,nan,nan,3.597122302158251234e-04,1.104316546762589696e-01,nan,nan,nan,nan,nan,7.553956834532371718e-03,nan,nan,nan,nan,nan,nan,nan,nan,7.913669064748196300e-03,1.183453237410071884e-01,nan,nan,nan,nan,0.000000000000000000e+00,nan,nan,nan,nan,nan,0.000000000000000000e+00,nan,nan,nan,nan,1.359712230215827378e-01,nan,nan,nan,nan,nan,nan,nan,nan,nan,nan,nan,nan,nan,nan,nan,nan,nan
nan,nan,5.947955390334591468e-03,nan,nan,nan,nan,nan,9.665427509293732927e-03,nan,nan,nan,nan,nan,nan,nan,2.973977695167295734e-03,nan,nan,nan,nan,nan,nan,nan,nan,nan,nan,nan,nan,nan,nan,nan,nan,nan,nan,nan,nan,nan,nan,nan,-4.089219330854976069e-03,nan,-3.457249070631964599e-02,7.063197026022360707e-03,-3.828996282527876577e-02,1.003717472118963519e-02,nan,nan,-1.858736059479526494e-03,nan,nan,nan,nan,nan,nan,nan,nan,5.576208178438690939e-03,nan,nan,nan,nan,nan,nan,nan
nan,nan,nan,nan,3.656307129798586184e-04,nan,nan,nan,nan,nan,nan,nan,nan,nan,1.462522851919545496e-03,-1.133455210237661534e-02,nan,nan,nan,nan,nan,-3.473491773308963471e-02,-4.058500914076781235e-02,nan,nan,nan,-5.484460694698367438e-03,nan,nan,nan,-2.449725776965263474e-02,3.985374771480802714e-02,nan,-7.312614259597809141e-02,nan,nan,nan,nan,nan,nan,nan,nan,nan,nan,nan,nan,nan,3.510054844606944752e-02,nan,nan,nan,nan,nan,nan,nan,nan,nan,nan,nan,nan,nan,nan,nan,nan,nan
nan,nan,nan,nan,0.000000000000000000e+00,nan,nan,nan,nan,nan,nan,3.558718861209842150e-04,nan,nan,0.000000000000000000e+00,nan,nan,-5.693950177935969484e-03,nan,nan,-6.405693950177959381e-03,nan,nan,nan,-1.387900355871887238e-02,nan,nan,-1.494661921708184682e-02,nan,nan,nan,nan,nan,nan,-5.693950177935969484e-03,nan,nan,nan,nan,nan,nan,nan,-2.099644128113882166e-02,nan,nan,nan,nan,nan,nan,nan,nan,nan,nan,nan,nan,nan,-3.985765124555162853e-02,nan,nan,nan,nan,nan,nan,nan,nan
nan,nan,nan,nan,nan,nan,nan,nan,nan,nan,nan,1.081081081081070039e-03,nan,nan,3.603603603603566796e-04,5.405405405405438665e-03,nan,nan,nan,nan,nan,-1.009009009009007550e-02,7.963963963963963111e-02,nan,nan,nan,-9.369369369369339590e-03,nan,nan,nan,-1.189189189189185890e-02,1.981981981981983942e-02,nan,2.846846846846848994e-02,nan,nan,nan,nan,nan,nan,nan,nan,nan,nan,nan,nan,nan,1.837837837837839189e-02,nan,nan,nan,nan,nan,nan,nan,nan,nan,nan,nan,nan,nan,nan,nan,nan,nan
nan,nan,nan,nan,nan,nan,nan,nan,nan,nan,nan,nan,nan,nan,nan,-1.391941391941395843e-02,nan,nan,nan,nan,nan,-1.684981684981690098e-02,-1.098901098901094997e-03,nan,nan,nan,-1.318681318681325099e-02,nan,-1.087912087912088210e-01,nan,-2.124542124542128096e-02,1.245421245421240997e-02,nan,-1.904761904761909097e-02,nan,nan,nan,nan,nan,nan,nan,nan,nan,nan,nan,nan,nan,4.761904761904744987e-03,nan,nan,nan,nan,nan,nan,nan,-1.098901098901103844e-02,nan,nan,nan,nan,nan,nan,nan,nan,nan
-3.636363636363659779e-03,nan,-1.054545454545461301e-02,nan,nan,nan,nan,-8.727272727272760572e-03,nan,nan,nan,nan,nan,nan,nan,nan,nan,nan,7.272727272727319992e-04,-1.672727272727274686e-02,nan,nan,nan,nan,nan,3.272727272727271770e-03,nan,nan,nan,nan,nan,nan,4.727272727272691100e-03,nan,nan,nan,nan,nan,nan,nan,nan,nan,nan,nan,-1.163636363636366688e-02,nan,nan,nan,-5.090909090909123344e-03,nan,nan,nan,nan,nan,nan,nan,nan,-9.818181818181882098e-03,nan,nan,nan,nan,nan,nan,nan
nan,nan,7.246376811593790990e-04,nan,nan,nan,nan,nan,5.434782608695587838e-03,nan,nan,nan,nan,nan,nan,-9.782608695652218050e-03,1.449275362318780316e-03,nan,nan,nan,nan,-2.536231884058004656e-03,nan,nan,nan,nan,nan,nan,nan,-3.623188405797117539e-03,-3.623188405797117539e-03,nan,nan,nan,nan,nan,nan,nan,nan,nan,nan,nan,nan,-3.623188405797117539e-03,nan,-1.014492753623192842e-02,nan,nan,nan,nan,nan,nan,nan,nan,nan,nan,nan,-2.536231884057982104e-03,nan,nan,nan,nan,nan,nan,nan
nan,nan,nan,nan,7.285974499089409306e-04,-4.735883424408027578e-03,nan,nan,nan,nan,nan,-3.642987249544704653e-04,nan,nan,3.642987249544704653e-04,nan,nan,nan,nan,nan,nan,nan,-5.974499089253189343e-02,nan,nan,nan,-3.679417122040073984e-02,nan,nan,nan,nan,-1.785063752276867463e-02,nan,-6.666666666666667962e-02,nan,nan,nan,nan,nan,nan,nan,nan,-1.092896174863411396e-03,nan,nan,nan,nan,2.950819672131146237e-02,nan,nan,nan,nan,nan,nan,nan,nan,nan,nan,nan,nan,nan,nan,nan,nan,nan
nan,nan,nan,nan,3.597122302158251234e-04,nan,nan,nan,nan,nan,nan,3.597122302158251234e-04,nan,nan,3.597122302158251234e-04,nan,nan,nan,nan,nan,nan,1.906474820143881990e-02,-7.697841726618706581e-02,nan,nan,nan,-4.136690647482019895e-02,nan,nan,nan,1.798561151079134529e-02,1.726618705035971521e-02,nan,-8.812949640287773279e-02,nan,nan,nan,nan,nan,nan,nan,nan,nan,nan,nan,nan,nan,2.589928057553951904e-02,nan,nan,nan,nan,nan,nan,nan,nan,nan,nan,nan,nan,nan,nan,nan,nan,nan
nan,nan,nan,nan,nan,nan,nan,nan,nan,nan,nan,0.000000000000000000e+00,nan,nan,nan,nan,nan,nan,nan,nan,nan,nan,-4.634581105169277397e-03,nan,nan,nan,-1.069518716577500016e-03,nan,-4.598930481283414196e-02,nan,nan,-1.033868092691618903e-02,nan,-4.278074866310111087e-03,nan,nan,nan,nan,nan,nan,nan,nan,nan,nan,nan,nan,nan,1.069518716577588704e-03,nan,nan,-1.105169340463454421e-02,nan,nan,-7.130124777183532644e-03,nan,-4.634581105169299949e-03,nan,nan,nan,nan,nan,nan,nan,nan,nan
nan,nan,nan,nan,-3.663003663003649990e-03,-1.648351648351642496e-02,nan,nan,nan,-4.029304029304014989e-03,nan,-3.663003663003649990e-04,nan,nan,0.000000000000000000e+00,nan,nan,nan,nan,nan,nan,nan,nan,nan,nan,nan,nan,nan,nan,nan,nan,2.087912087912091597e-02,nan,nan,nan,nan,2.220446049250313204e-17,nan,nan,nan,nan,nan,-2.454212454212447575e-02,nan,-2.673992673992671085e-02,nan,nan,7.692307692307709215e-03,nan,nan,nan,nan,nan,nan,nan,nan,nan,nan,nan,nan,nan,nan,nan,nan,nan
nan,nan,nan,nan,-9.168141592920357741e-02,nan,nan,nan,nan,nan,nan,-1.769911504424826008e-03,nan,nan,-1.415929203539878544e-03,nan,nan,nan,nan,nan,nan,nan,-3.185840707964604501e-02,nan,nan,nan,-2.973451327433633898e-02,nan,nan,nan,nan,1.769911504424777002e-02,nan,-5.557522123893809951e-02,nan,nan,nan,nan,nan,nan,nan,nan,-4.955752212389441871e-03,nan,nan,nan,nan,1.486725663716810183e-02,nan,nan,nan,nan,nan,nan,nan,-4.707964601769916435e-02,nan,nan,nan,nan,nan,nan,nan,nan,nan
-6.569343065693433389e-03,nan,nan,nan,nan,1.094890510948909323e-03,nan,nan,nan,nan,nan,nan,nan,nan,nan,nan,nan,-1.021897810218974634e-02,-3.649635036496334632e-03,nan,nan,nan,nan,nan,-1.715328467153280981e-02,-9.854014598540138808e-03,nan,nan,nan,nan,nan,nan,4.744525547445266507e-03,nan,-7.299270072992669264e-03,nan,nan,nan,nan,nan,nan,nan,-3.649635036496068244e-04,nan,-1.459854014598536108e-02,nan,nan,nan,nan,nan,nan,nan,nan,nan,nan,nan,nan,nan,nan,nan,nan,nan,nan,nan,nan
nan,nan,nan,nan,1.481481481481461459e-03,nan,nan,nan,nan,5.185185185185204118e-03,nan,7.407407407407529554e-04,nan,nan,-3.703703703703764777e-04,nan,8.888888888888880208e-03,nan,nan,nan,nan,nan,nan,nan,nan,nan,nan,nan,nan,nan,nan,nan,nan,nan,nan,nan,9.999999999999986330e-03,nan,nan,nan,nan,nan,-2.925925925925927304e-02,8.518518518518546773e-03,-4.259259259259258468e-02,1.296296296296297647e-02,nan,nan,nan,nan,nan,nan,nan,nan,nan,nan,nan,nan,nan,nan,nan,nan,nan,nan,nan
nan,nan,nan,nan,nan,nan,nan,nan,nan,nan,nan,nan,nan,nan,nan,-7.220216606498142294e-03,-2.166064981949422479e-03,nan,nan,nan,nan,-5.054151624548697264e-03,-2.924187725631766099e-02,nan,nan,nan,-9.025270758122715814e-03,nan,nan,nan,-4.693140794223782386e-03,2.707581227436823765e-02,nan,-7.797833935018047558e-02,nan,nan,nan,nan,nan,nan,nan,nan,nan,1.877256317689533077e-02,nan,nan,nan,1.949458483754513624e-02,nan,nan,nan,nan,nan,nan,nan,nan,nan,nan,nan,nan,nan,nan,nan,nan,nan
nan,nan,nan,nan,nan,nan,nan,nan,nan,nan,nan,nan,nan,nan,nan,-5.893186003683270613e-03,2.578268876611411378e-03,nan,nan,nan,nan,-7.366482504604099542e-03,-5.156537753222889542e-03,nan,nan,nan,-3.683241252302038495e-03,nan,nan,nan,-3.683241252302238205e-04,3.535911602209940163e-02,nan,-3.425414364640888554e-02,nan,nan,nan,nan,nan,nan,nan,nan,nan,1.583793738489867181e-02,nan,nan,nan,2.357274401473292633e-02,nan,nan,nan,nan,nan,nan,nan,nan,nan,nan,nan,nan,nan,nan,nan,nan,nan
nan,nan,nan,nan,nan,nan,nan,nan,-5.231910946196660639e-02,nan,nan,nan,nan,nan,nan,-8.534322820037121976e-03,nan,nan,nan,nan,nan,-2.263450834879408152e-02,-1.042671614100185440e-01,nan,nan,nan,nan,nan,nan,-1.261595547309832775e-02,-2.745825602968459192e-02,1.781076066790354684e-02,nan,-1.317254174397031741e-01,nan,nan,nan,nan,nan,nan,-2.003710575139145897e-02,nan,nan,nan,nan,nan,nan,2.708719851576995089e-02,nan,nan,nan,nan,nan,nan,nan,nan,nan,nan,nan,nan,nan,nan,nan,nan,nan
nan,nan,nan,nan,0.000000000000000000e+00,nan,nan,nan,nan,nan,nan,0.000000000000000000e+00,nan,nan,7.017543859649145056e-04,-1.754385964912264038e-03,nan,nan,nan,nan,nan,1.192982456140354551e-02,2.526315789473685541e-02,nan,nan,nan,-1.052631578947365101e-02,nan,nan,nan,3.508771929824572311e-03,nan,nan,-7.438596491228066654e-02,nan,nan,nan,nan,nan,nan,nan,nan,nan,nan,nan,nan,nan,8.070175438596515621e-03,nan,nan,nan,nan,nan,nan,nan,nan,nan,nan,nan,nan,nan,nan,nan,nan,nan
nan,nan,nan,nan,nan,nan,nan,nan,nan,nan,nan,nan,nan,nan,nan,1.438848920863300494e-03,nan,nan,nan,nan,nan,-1.798561151079125509e-03,1.079136690647475262e-03,nan,nan,nan,-1.438848920863300494e-03,nan,-8.345323741007193430e-02,nan,3.597122302158251234e-04,1.438848920863300494e-03,nan,1.079136690647475262e-03,nan,nan,nan,nan,nan,nan,nan,nan,nan,nan,nan,nan,nan,4.316546762589901047e-03,nan,nan,nan,nan,nan,nan,nan,4.316546762589923598e-03,nan,nan,nan,nan,nan,nan,nan,nan,nan
nan,nan,nan,nan,3.571428571428558957e-04,nan,nan,nan,nan,nan,nan,0.000000000000000000e+00,nan,nan,0.000000000000000000e+00,-6.071428571428549685e-03,nan,nan,nan,nan,-7.857142857142850739e-03,-1.857142857142857206e-02,nan,nan,nan,nan,nan,nan,nan,nan,-3.785714285714288085e-02,1.964285714285711817e-02,nan,nan,nan,nan,nan,nan,nan,nan,nan,nan,-3.928571428571436645e-03,nan,nan,nan,nan,4.214285714285710693e-02,nan,nan,nan,nan,nan,nan,nan,nan,nan,nan,nan,nan,nan,nan,nan,nan,nan
nan,nan,nan,nan,nan,nan,nan,nan,nan,nan,nan,nan,nan,nan,3.683241252302016486e-04,nan,nan,nan,nan,nan,nan,nan,-1.841620626151097093e-03,nan,nan,nan,3.683241252301572505e-04,nan,-4.530386740331497630e-02,nan,nan,-4.788213627992731966e-03,nan,-3.683241252302105282e-03,nan,nan,nan,nan,nan,nan,nan,nan,nan,nan,nan,nan,nan,4.051565377532195637e-03,nan,nan,-9.944751381215555588e-03,nan,nan,-9.208103130755151966e-03,nan,-7.366482504604920933e-04,nan,nan,nan,nan,nan,nan,nan,nan,nan
nan,nan,nan,nan,-5.471014492753620978e-02,nan,nan,nan,nan,nan,nan,1.449275362318847103e-03,nan,nan,0.000000000000000000e+00,nan,1.811594202898552178e-02,nan,nan,nan,nan,nan,-1.123188405797097625e-02,nan,nan,nan,nan,nan,nan,nan,nan,3.333333333333336757e-02,nan,-7.971014492753621117e-02,nan,nan,-2.898550724637694205e-03,nan,nan,nan,nan,nan,-7.246376811594235513e-04,nan,nan,nan,nan,3.079710144927538806e-02,nan,nan,nan,nan,nan,nan,nan,nan,nan,nan,nan,nan,nan,nan,nan,nan,nan
nan,nan,-2.070175438596495374e-02,nan,nan,nan,nan,nan,-1.052631578947371693e-02,nan,nan,-3.157894736842115167e-03,nan,nan,2.105263157894743300e-03,nan,-3.508771929824794247e-04,nan,nan,nan,-1.157894736842108793e-02,nan,nan,nan,nan,nan,nan,nan,nan,nan,nan,nan,nan,nan,nan,nan,-3.508771929824572311e-03,nan,nan,nan,nan,nan,nan,1.087719298245610686e-02,nan,-1.403508771929829011e-03,nan,nan,-1.719298245614040571e-02,nan,nan,nan,nan,nan,nan,nan,nan,nan,nan,nan,nan,nan,nan,nan,nan
-2.348623853211005003e-02,nan,6.238532110091754915e-03,nan,nan,nan,nan,nan,7.339449541284625905e-04,-1.467889908256878560e-02,nan,nan,nan,nan,nan,nan,-6.972477064220150393e-03,nan,nan,nan,nan,nan,nan,nan,nan,nan,nan,nan,nan,7.339449541284625905e-04,nan,nan,nan,nan,nan,nan,-1.027522935779812130e-02,nan,nan,nan,nan,nan,nan,nan,nan,-9.908256880733934402e-03,nan,nan,-9.908256880733911851e-03,nan,nan,nan,nan,nan,nan,nan,nan,-4.770642201834829517e-03,nan,nan,nan,nan,nan,nan,nan
nan,nan,nan,nan,nan,nan,nan,nan,nan,nan,nan,nan,nan,nan,nan,nan,3.533834586466162719e-02,nan,nan,nan,nan,-7.518796992481257668e-04,-4.473684210526320676e-02,nan,nan,nan,nan,nan,nan,-2.631578947368473469e-03,3.759398496240562264e-03,3.308270676691724838e-02,nan,-2.706766917293239663e-02,nan,nan,nan,nan,nan,nan,nan,nan,nan,2.293233082706762696e-02,nan,7.593984962406011285e-02,nan,3.458646616541349861e-02,nan,nan,nan,nan,nan,nan,nan,nan,nan,nan,nan,nan,nan,nan,nan,nan,nan
nan,nan,nan,nan,-1.451905626134308760e-03,nan,nan,nan,nan,nan,nan,0.000000000000000000e+00,nan,nan,0.000000000000000000e+00,-9.074410163339430291e-03,nan,nan,nan,nan,nan,-1.633393829401090860e-02,nan,nan,nan,nan,nan,nan,nan,nan,-5.045372050816696735e-02,4.863883847549910211e-02,nan,nan,nan,nan,-3.629764065335771899e-04,nan,nan,nan,nan,nan,-7.259528130671543799e-04,nan,nan,nan,nan,3.811252268602542681e-02,nan,nan,nan,nan,nan,nan,nan,nan,nan,nan,nan,nan,nan,nan,nan,nan,nan
nan,nan,nan,nan,-7.486631016042810845e-03,nan,nan,nan,nan,nan,nan,-7.130124777183554979e-04,nan,nan,1.426024955436710996e-03,-2.210338680926915433e-02,nan,nan,nan,nan,nan,-1.960784313725492251e-02,-5.133689839572193325e-02,nan,nan,nan,nan,nan,nan,nan,-1.711229946524068721e-02,2.780748663101602000e-02,nan,-4.527629233511589607e-02,nan,nan,nan,nan,nan,nan,nan,nan,nan,nan,nan,nan,nan,3.636363636363633411e-02,nan,nan,nan,nan,nan,nan,nan,nan,nan,nan,nan,nan,nan,nan,nan,nan,nan
nan,nan,nan,nan,-2.166064981949489265e-03,-1.083032490974744633e-03,nan,nan,nan,nan,nan,1.444043321299637393e-03,nan,nan,3.610108303249148776e-04,nan,nan,nan,nan,nan,nan,nan,nan,nan,nan,nan,nan,nan,nan,nan,nan,4.187725631768950130e-02,nan,nan,nan,nan,-1.444043321299659510e-03,nan,nan,nan,nan,nan,0.000000000000000000e+00,nan,nan,7.833935018050537658e-02,nan,3.393501805054146420e-02,nan,nan,nan,-1.444043321299681628e-03,nan,nan,nan,nan,nan,nan,nan,nan,nan,nan,nan,nan,nan
nan,nan,nan,nan,-1.814882032667908176e-03,-5.226860254083489504e-02,nan,nan,nan,nan,nan,1.088929219600665108e-03,nan,nan,1.451905626134242190e-03,-5.335753176043563084e-02,nan,nan,nan,nan,-5.553539019963708856e-02,2.323049001814874240e-02,nan,nan,nan,nan,nan,nan,nan,nan,2.141560798548090144e-02,nan,nan,nan,nan,nan,-5.444646098003635970e-02,nan,nan,nan,nan,nan,-4.428312159709626300e-02,nan,nan,nan,nan,nan,nan,nan,nan,nan,nan,nan,nan,nan,nan,nan,nan,nan,nan,nan,nan,nan,nan
nan,nan,nan,nan,1.079136690647475262e-03,nan,nan,nan,nan,nan,nan,-2.220446049250313204e-17,nan,nan,0.000000000000000000e+00,nan,nan,nan,nan,nan,-1.798561151079141121e-02,nan,-5.755395683453246036e-02,nan,nan,nan,-2.985611510791370479e-02,nan,nan,nan,nan,2.374100719424459063e-02,nan,-5.971223021582740959e-02,nan,nan,nan,nan,nan,nan,nan,nan,-5.035971223021662099e-03,nan,nan,nan,nan,5.755395683453234934e-02,nan,nan,nan,nan,nan,nan,nan,nan,nan,nan,nan,nan,nan,nan,nan,nan,nan
nan,nan,-7.526881720430078464e-03,nan,nan,nan,nan,nan,-8.602150537634379104e-03,nan,nan,nan,nan,nan,nan,-4.659498207885292946e-03,7.885304659498238236e-03,nan,nan,nan,-1.039426523297490822e-02,1.792114695340529763e-03,nan,nan,nan,nan,nan,nan,nan,-2.150537634408622532e-03,-1.792114695340507645e-03,nan,nan,nan,nan,nan,nan,nan,nan,nan,nan,nan,nan,-3.942652329749085291e-03,nan,nan,nan,nan,-2.043010752688170090e-02,nan,nan,nan,nan,nan,nan,nan,nan,nan,nan,nan,nan,nan,nan,nan,nan
nan,nan,nan,nan,-3.759398496240518245e-04,nan,nan,nan,nan,nan,nan,3.759398496240518245e-04,nan,nan,7.518796992481036490e-04,-4.135338345864681200e-03,nan,nan,nan,nan,-3.383458646616532665e-03,4.887218045112806317e-03,nan,nan,nan,nan,nan,nan,nan,nan,6.390977443609035732e-03,3.609022556390976966e-02,nan,nan,nan,nan,nan,nan,nan,nan,nan,nan,7.518796992481036490e-04,nan,nan,nan,nan,2.969924812030073566e-02,nan,nan,nan,nan,nan,nan,nan,nan,nan,nan,nan,nan,nan,nan,nan,nan,nan
nan,nan,-1.421143847486998693e-02,nan,nan,-3.812824956672411676e-03,nan,nan,nan,-7.972270363951428074e-03,nan,nan,nan,nan,nan,nan,nan,-1.039861351819726344e-03,nan,-1.178509532062388399e-02,nan,nan,nan,nan,-1.733102253032892202e-03,nan,nan,nan,nan,nan,nan,nan,nan,nan,1.039861351819792914e-03,nan,-3.119584055459245601e-03,nan,nan,nan,nan,nan,nan,nan,nan,nan,nan,nan,-1.871750433275558637e-02,nan,nan,nan,nan,nan,nan,nan,nan,-1.941074523396875071e-02,nan,nan,nan,nan,nan,nan,nan
nan,nan,-9.403254972875241952e-03,nan,nan,nan,nan,nan,-1.193490054249548606e-02,-1.591320072332731358e-02,nan,nan,nan,nan,nan,nan,nan,nan,nan,nan,4.701627486437609700e-03,nan,-5.786618444846314616e-03,nan,nan,nan,nan,nan,nan,nan,nan,nan,nan,-7.594936708860777416e-03,nan,nan,nan,nan,nan,nan,-5.424954792043412688e-03,nan,nan,nan,-2.169981916817360565e-02,nan,nan,nan,nan,-1.446654611211561957e-03,nan,nan,nan,nan,nan,nan,nan,nan,nan,3.978300180831784161e-03,nan,nan,nan,nan,nan
nan,nan,nan,nan,0.000000000000000000e+00,nan,-2.361359570661893809e-02,nan,nan,nan,nan,1.788908765652963417e-03,nan,nan,-1.788908765652963417e-03,nan,7.871198568872994974e-03,nan,nan,nan,-7.513416815742380087e-03,nan,nan,nan,nan,nan,nan,nan,nan,nan,nan,nan,-2.218246869409658956e-02,nan,nan,nan,nan,nan,nan,nan,nan,nan,-4.150268336314846124e-02,1.538461538461539588e-02,nan,2.003577817531308064e-02,nan,nan,nan,nan,nan,nan,nan,nan,nan,nan,nan,nan,nan,nan,nan,nan,nan,nan,nan
nan,nan,nan,nan,nan,nan,nan,nan,nan,nan,nan,nan,nan,nan,nan,-1.113172541743967557e-03,nan,nan,nan,nan,nan,-1.558441558441558961e-02,-2.968460111317261420e-03,nan,nan,nan,-2.226345083487935115e-03,nan,-8.979591836734693300e-02,nan,-1.447124304267162140e-02,-9.276437847866424863e-03,nan,-9.647495361781045081e-03,nan,nan,nan,nan,nan,nan,nan,nan,nan,nan,nan,nan,nan,-1.484230055658586258e-03,nan,nan,nan,nan,nan,nan,nan,1.484230055658630710e-03,nan,nan,nan,nan,nan,nan,nan,nan,nan
nan,nan,nan,nan,3.026819923371648624e-02,nan,nan,nan,nan,nan,nan,0.000000000000000000e+00,nan,nan,0.000000000000000000e+00,2.490421455938698209e-02,nan,nan,nan,nan,-1.532567049808426438e-02,5.363984674329502420e-03,-1.340996168582375692e-02,nan,nan,nan,nan,nan,nan,nan,1.034482758620689467e-02,7.662835249042146413e-02,nan,nan,nan,nan,nan,nan,nan,nan,nan,nan,nan,nan,nan,nan,nan,5.862068965517244074e-02,nan,nan,nan,nan,nan,nan,nan,nan,nan,nan,nan,nan,nan,nan,nan,nan,nan
nan,nan,nan,nan,nan,nan,nan,-1.038961038961041562e-02,nan,9.276437847866381495e-03,nan,nan,nan,nan,nan,nan,1.484230055658608593e-03,nan,5.565862708719815019e-03,3.710575139146410351e-04,nan,nan,nan,nan,nan,nan,nan,nan,nan,nan,nan,nan,3.710575139146543491e-03,nan,nan,nan,4.081632653061206643e-03,nan,nan,-1.187384044526902313e-02,nan,nan,nan,nan,nan,-1.076066790352505666e-02,-1.410018552875700291e-02,nan,nan,nan,nan,nan,nan,nan,nan,nan,nan,nan,nan,nan,nan,nan,nan,nan,nan
nan,nan,nan,nan,nan,nan,nan,nan,nan,nan,nan,2.220446049250313204e-17,nan,nan,nan,2.455516014234879890e-02,nan,nan,nan,nan,nan,8.896797153024960450e-03,3.202846975089013084e-03,nan,nan,nan,-7.117437722419861675e-03,nan,nan,nan,1.138790035587193897e-02,5.195729537366553658e-02,nan,-1.281138790035580774e-02,nan,nan,nan,nan,nan,nan,nan,nan,nan,nan,nan,nan,nan,3.914590747330966292e-02,nan,nan,nan,nan,nan,nan,nan,-4.590747330960844724e-02,nan,nan,nan,nan,nan,nan,nan,nan,nan
nan,nan,-6.909090909090908998e-03,nan,nan,nan,nan,nan,nan,nan,nan,nan,nan,nan,-5.018181818181817466e-02,-5.818181818181855994e-03,2.654545454545453875e-02,nan,nan,nan,nan,-3.272727272727271770e-03,-4.218181818181818837e-02,nan,nan,nan,nan,nan,nan,nan,4.363636363636347326e-03,nan,nan,-4.800000000000000100e-02,nan,nan,nan,nan,nan,nan,nan,nan,nan,7.999999999999984554e-03,nan,1.781818181818182328e-02,nan,nan,nan,nan,nan,nan,nan,nan,nan,nan,nan,nan,nan,nan,nan,nan,nan,nan,nan
