nan,nan,nan,-1.477104874446077964e-03,nan,nan,nan,nan,-1.477104874446077964e-03,nan,0.000000000000000000e+00,nan,-1.772525849335293557e-03,nan,nan,nan,nan,nan,nan,nan,nan,nan,nan,-1.477104874446077964e-03,nan,nan,-2.954209748892155929e-04,nan,nan,nan,nan,-1.477104874446077964e-03,nan,nan,nan,nan,nan,nan,nan,-5.908419497784311858e-03,nan,0.000000000000000000e+00,nan,nan,nan,nan,-2.658788774002940336e-03,nan,nan,nan,nan,nan,nan,nan,nan,nan,nan,nan,nan,nan,nan
nan,nan,nan,nan,nan,nan,nan,nan,2.932551319648091237e-03,nan,2.932551319648091237e-03,nan,nan,nan,5.865102639296182257e-04,nan,nan,nan,nan,0.000000000000000000e+00,1.173020527859236451e-03,nan,nan,nan,nan,nan,nan,nan,5.865102639296182257e-04,nan,nan,nan,nan,nan,nan,nan,nan,nan,nan,nan,nan,nan,nan,2.932551319648091129e-04,2.052785923753663953e-03,nan,nan,nan,nan,nan,nan,1.759530791788854786e-03,nan,nan,nan,0.000000000000000000e+00,nan,nan,nan,nan,nan
nan,nan,nan,nan,nan,nan,nan,nan,-3.025718608169469803e-04,nan,-3.146747352496213207e-02,nan,nan,nan,nan,2.723146747352522823e-03,nan,nan,nan,nan,nan,nan,nan,nan,-2.602118003025719745e-02,nan,nan,-3.630862329803319528e-03,nan,8.774583963691373958e-03,nan,nan,nan,nan,nan,nan,nan,nan,nan,nan,nan,-7.261724659606616505e-03,nan,-1.059001512859303329e-02,nan,nan,nan,nan,nan,nan,-9.077155824508298387e-03,nan,nan,nan,nan,nan,-1.149773071104387423e-02,nan,nan,nan,nan
-1.474926253687391942e-03,nan,nan,nan,nan,nan,nan,nan,-7.964601769911561560e-03,nan,nan,nan,nan,nan,nan,-8.849557522124351216e-04,nan,nan,nan,nan,nan,nan,nan,nan,nan,nan,-8.849557522124351216e-04,nan,nan,4.719764011799387413e-03,nan,nan,nan,nan,nan,nan,nan,nan,nan,nan,1.002949852507370974e-02,nan,nan,-3.244837758112106927e-03,-5.899705014749345722e-03,-3.244837758112151162e-03,nan,nan,nan,nan,nan,-6.784660766961691722e-03,nan,nan,nan,nan,nan,nan,nan,nan,nan
-1.637426900584799602e-02,nan,nan,nan,nan,nan,nan,nan,5.847953216374213170e-03,nan,nan,nan,nan,nan,nan,nan,-9.064327485380153232e-03,nan,nan,nan,-1.140350877192986001e-02,-8.187134502924030971e-03,nan,nan,nan,nan,nan,nan,nan,1.257309941520465789e-02,nan,nan,nan,nan,nan,nan,nan,nan,-2.017543859649124569e-02,nan,nan,nan,nan,nan,nan,nan,nan,nan,-1.959064327485384588e-02,nan,8.771929824561208516e-04,nan,nan,nan,nan,nan,-1.461988304093575497e-02,nan,nan,nan,nan
-8.759124087591496416e-04,nan,nan,nan,nan,nan,nan,nan,-4.671532846715354022e-03,nan,-2.598540145985406280e-02,nan,nan,nan,nan,nan,nan,nan,nan,nan,nan,nan,nan,1.751824817518188261e-03,-7.007299270072997639e-03,nan,nan,nan,nan,-4.087591240875943117e-03,nan,nan,nan,nan,nan,nan,nan,nan,nan,nan,-6.131386861313892558e-03,-4.379562043795659845e-03,nan,nan,nan,nan,2.919708029197054522e-03,nan,nan,nan,nan,-1.109489051094896331e-02,nan,nan,nan,nan,nan,nan,nan,nan,nan
-5.680119581464948206e-03,nan,nan,nan,nan,nan,nan,nan,nan,nan,nan,nan,nan,nan,0.000000000000000000e+00,nan,nan,nan,nan,nan,nan,nan,nan,nan,4.185351270553061206e-03,4.783258594917794149e-03,0.000000000000000000e+00,0.000000000000000000e+00,nan,nan,nan,nan,nan,nan,4.484304932735438953e-03,nan,nan,nan,nan,-2.989536621823662976e-03,-1.195814648729509686e-03,nan,nan,0.000000000000000000e+00,nan,nan,nan,nan,nan,nan,nan,nan,nan,nan,nan,nan,nan,nan,nan,nan,nan
2.898550724637627418e-03,nan,nan,nan,nan,nan,nan,nan,1.420289855072458599e-02,nan,5.797101449275321623e-03,nan,nan,nan,nan,nan,nan,nan,nan,9.275362318840518761e-03,nan,nan,nan,nan,nan,nan,5.797101449275477098e-04,nan,5.797101449275254836e-04,nan,nan,nan,nan,2.318840579710101935e-03,nan,nan,nan,nan,3.188405797101401436e-03,nan,nan,nan,nan,nan,4.347826086956496638e-03,nan,7.246376811594146608e-03,nan,nan,nan,nan,nan,nan,nan,nan,nan,nan,nan,nan,nan,nan
5.797101449275032575e-04,nan,nan,1.391304347826083365e-02,nan,nan,nan,nan,-1.159420289855095420e-03,nan,5.797101449275032575e-04,nan,nan,nan,nan,nan,nan,nan,nan,nan,nan,nan,nan,1.159420289855006515e-03,1.449275362318758198e-03,nan,nan,nan,nan,nan,nan,nan,nan,nan,nan,nan,nan,nan,nan,nan,nan,nan,nan,1.159420289855066580e-02,nan,3.217391304347823333e-02,nan,nan,nan,nan,5.797101449275032575e-04,nan,nan,nan,nan,nan,-4.440892098500626408e-17,nan,nan,nan,nan
nan,nan,nan,nan,nan,nan,nan,nan,-4.657933042212514252e-03,nan,nan,nan,nan,nan,0.000000000000000000e+00,nan,nan,nan,nan,1.455604075691452337e-03,nan,nan,nan,nan,5.822416302765809782e-04,nan,nan,nan,8.733624454148713589e-04,nan,nan,nan,nan,nan,nan,nan,nan,nan,-4.949053857350805066e-03,nan,nan,-1.746724890829631695e-03,nan,nan,nan,nan,nan,nan,nan,nan,nan,-7.569141193595285352e-03,nan,nan,nan,nan,0.000000000000000000e+00,nan,-2.911208151382771534e-03,nan,nan
nan,nan,nan,nan,nan,nan,nan,nan,-2.650957290132538446e-03,nan,nan,nan,2.945508100147264940e-04,nan,nan,nan,nan,nan,nan,nan,nan,nan,nan,nan,-5.596465390279803387e-03,nan,-1.767304860088358964e-03,-7.952871870397615339e-03,nan,nan,nan,nan,nan,nan,-4.418262150220897411e-03,nan,nan,nan,nan,nan,nan,-3.240058910161991435e-03,nan,nan,-2.650957290132538446e-03,nan,nan,nan,nan,nan,-2.650957290132538446e-03,-3.240058910161991435e-03,nan,nan,nan,nan,nan,nan,nan,nan,nan
1.225071225071230376e-02,nan,nan,nan,nan,nan,nan,nan,nan,nan,-3.390313390313386133e-02,nan,nan,nan,1.139601139601142997e-03,nan,nan,nan,nan,nan,nan,nan,nan,7.692307692307753450e-03,nan,nan,nan,nan,nan,2.279202279202308112e-03,nan,nan,nan,nan,nan,nan,nan,nan,-8.547008547008294382e-04,nan,nan,nan,nan,5.982905982906028437e-03,1.139601139601145209e-02,nan,nan,nan,nan,nan,-1.111111111111107164e-02,nan,nan,nan,nan,nan,4.558404558404571989e-03,nan,nan,nan,nan
nan,nan,nan,nan,nan,nan,nan,nan,nan,nan,-2.877697841726645223e-03,nan,nan,nan,-2.877697841726623105e-03,nan,nan,nan,nan,nan,1.438848920863322611e-03,nan,nan,nan,nan,nan,-2.589928057553936465e-03,1.870503597122306211e-02,nan,nan,nan,nan,nan,nan,nan,nan,nan,nan,nan,nan,2.474820143884894769e-02,nan,nan,nan,nan,nan,nan,nan,nan,nan,nan,0.000000000000000000e+00,nan,nan,nan,-2.877697841726600987e-03,1.438848920863309254e-02,nan,3.741007194244638789e-03,nan,nan
nan,nan,nan,nan,nan,nan,nan,nan,-1.709401709401747781e-03,nan,nan,nan,nan,nan,nan,nan,nan,nan,nan,nan,nan,nan,nan,3.988603988603967206e-03,nan,nan,2.564102564102532875e-03,nan,nan,nan,nan,nan,nan,0.000000000000000000e+00,nan,nan,nan,nan,nan,2.849002849002912788e-04,nan,nan,nan,2.849002849002801874e-03,nan,nan,-4.558404558404549438e-03,nan,nan,nan,-2.849002849002912896e-03,2.564102564102532875e-03,nan,nan,nan,nan,nan,nan,5.413105413105423654e-03,nan,nan
nan,nan,nan,nan,nan,nan,nan,nan,1.993957703927489236e-02,nan,nan,nan,nan,nan,nan,nan,nan,nan,nan,-1.812688821752339585e-03,1.510574018126886698e-03,nan,nan,nan,nan,nan,nan,1.208459214501502767e-02,9.063444108761142815e-04,nan,nan,2.719033232628364962e-03,nan,nan,nan,nan,nan,nan,nan,-3.021148036254306607e-04,nan,nan,nan,5.135951661631344041e-03,nan,nan,nan,nan,9.969788519637434038e-03,nan,1.812688821752250681e-03,nan,nan,nan,nan,nan,nan,nan,nan,nan,nan
nan,nan,nan,nan,nan,3.869047619047605302e-03,nan,nan,nan,nan,nan,nan,1.488095238095232808e-02,nan,nan,nan,nan,nan,nan,4.464285714285698425e-03,2.976190476190465617e-03,nan,nan,nan,nan,nan,5.952380952380708972e-04,nan,nan,nan,nan,nan,nan,nan,nan,nan,nan,nan,-1.785714285714390392e-03,nan,nan,nan,nan,nan,nan,nan,nan,nan,nan,nan,5.357142857142838110e-03,nan,nan,nan,nan,-4.440892098500626408e-17,2.976190476190243355e-04,nan,1.785714285714257252e-03,nan,nan
4.698972099853149231e-03,nan,nan,nan,nan,nan,nan,nan,nan,nan,nan,nan,nan,nan,nan,nan,7.048458149779679612e-03,-1.468428781204123013e-03,nan,nan,nan,nan,nan,1.118942731277532826e-01,1.468428781204123013e-03,nan,-2.936857562408245917e-04,nan,2.936857562408245917e-04,nan,nan,nan,nan,nan,nan,nan,nan,nan,nan,nan,nan,nan,nan,nan,nan,nan,nan,nan,nan,nan,-1.468428781204123013e-03,nan,nan,nan,nan,0.000000000000000000e+00,nan,nan,7.342143906020504041e-03,nan,nan
nan,nan,nan,nan,nan,nan,nan,nan,nan,nan,-7.374631268436515619e-03,nan,2.005899705014753051e-02,8.849557522123907560e-03,nan,nan,nan,nan,nan,nan,nan,nan,nan,1.474926253687391942e-03,nan,nan,nan,nan,nan,nan,nan,nan,nan,nan,nan,nan,nan,nan,-1.209439528023599150e-02,nan,nan,nan,nan,-6.489675516224124516e-03,nan,nan,4.424778761061953780e-03,nan,nan,nan,nan,-7.964601769911473089e-03,nan,nan,nan,nan,-1.474926253687280919e-03,nan,-8.849557522123907777e-04,nan,nan
2.932551319648091237e-03,nan,nan,nan,nan,nan,nan,nan,nan,nan,nan,nan,nan,nan,nan,nan,nan,nan,nan,nan,-3.519061583577820593e-03,nan,nan,nan,nan,nan,1.173020527859236451e-03,nan,nan,nan,nan,nan,nan,nan,nan,nan,nan,nan,-4.398826979472247878e-03,nan,nan,-7.331378299120339115e-03,nan,-5.865102639296404519e-04,nan,nan,nan,nan,nan,nan,-1.202346041055728579e-02,-1.173020527859258786e-03,nan,nan,nan,5.865102639296182257e-04,-5.865102639296182257e-04,nan,nan,nan,nan
-8.695652173913215105e-04,nan,nan,5.797101449274810313e-04,nan,nan,nan,nan,nan,nan,0.000000000000000000e+00,nan,nan,nan,nan,nan,nan,nan,nan,-1.159420289855139872e-03,nan,nan,nan,-2.898550724637738549e-04,3.188405797101401436e-03,nan,nan,nan,nan,nan,nan,nan,nan,nan,2.898550724637627418e-03,nan,nan,nan,nan,2.898550724637516287e-04,nan,nan,nan,nan,nan,-2.898550724637960268e-04,nan,nan,nan,nan,-1.449275362318869220e-03,nan,nan,nan,nan,nan,nan,nan,nan,nan,nan
nan,nan,nan,2.153392330383479061e-02,nan,nan,nan,nan,nan,nan,nan,nan,nan,nan,5.899705014749345939e-04,nan,nan,nan,nan,nan,-4.424778761061931229e-03,nan,nan,nan,1.563421828908551081e-02,nan,-9.764011799410032832e-02,8.849557522123930112e-03,-1.029498525073746229e-01,nan,nan,nan,nan,nan,nan,nan,nan,nan,nan,nan,nan,nan,nan,nan,nan,nan,nan,nan,nan,nan,-1.064896755162241943e-01,1.386430678466079626e-02,nan,nan,nan,-9.734513274336284439e-02,nan,nan,nan,nan,nan
3.874813710879298958e-03,nan,nan,-1.490312965722773164e-03,-1.192250372578240779e-03,nan,nan,nan,-1.490312965722773164e-03,nan,nan,nan,nan,nan,nan,nan,nan,nan,nan,nan,nan,nan,nan,nan,nan,nan,-5.961251862891092223e-04,2.086438152011882603e-03,-2.980625931445546111e-04,nan,nan,nan,nan,nan,nan,nan,nan,nan,nan,nan,nan,nan,nan,-1.192250372578218445e-03,nan,nan,nan,nan,nan,nan,nan,nan,nan,nan,nan,nan,-2.384500745156525794e-03,nan,0.000000000000000000e+00,nan,nan
nan,nan,nan,-2.911208151382904891e-04,nan,nan,nan,nan,nan,nan,nan,nan,nan,nan,nan,nan,nan,nan,nan,nan,0.000000000000000000e+00,nan,nan,2.911208151382793652e-03,0.000000000000000000e+00,nan,nan,nan,0.000000000000000000e+00,nan,nan,nan,nan,nan,nan,nan,nan,nan,nan,nan,nan,nan,nan,0.000000000000000000e+00,nan,nan,-1.455604075691452337e-03,nan,1.455604075691341315e-03,nan,nan,nan,nan,nan,nan,nan,0.000000000000000000e+00,nan,1.455604075691341315e-03,nan,nan
nan,nan,nan,nan,nan,nan,nan,nan,nan,nan,nan,nan,nan,nan,nan,nan,8.357348703170031090e-02,nan,nan,nan,nan,nan,nan,nan,2.305475504322807012e-03,nan,0.000000000000000000e+00,8.962536023054756829e-02,2.305475504322762777e-03,nan,nan,nan,nan,nan,nan,nan,nan,nan,nan,nan,nan,9.567723342939482567e-02,nan,nan,nan,nan,nan,nan,nan,nan,2.881844380403464530e-03,nan,nan,nan,nan,1.729106628242083141e-03,2.046109510086455835e-02,nan,8.962536023054756829e-02,nan,nan
nan,nan,nan,nan,nan,nan,nan,nan,nan,nan,-2.049780380673515891e-03,nan,nan,nan,nan,nan,nan,nan,nan,nan,nan,nan,nan,nan,1.464128843338130537e-03,-8.784773060029448920e-04,nan,-1.434846266471452234e-02,nan,nan,nan,nan,nan,nan,2.342606149341075646e-03,nan,nan,nan,nan,nan,nan,nan,-2.342606149341164117e-03,8.784773060029005482e-04,-1.083455344070280955e-02,nan,nan,nan,6.149341142020481321e-03,nan,nan,nan,nan,nan,nan,nan,1.698389458272326832e-02,nan,nan,nan,nan
-3.193033381712617746e-03,nan,nan,nan,nan,nan,nan,nan,nan,nan,nan,nan,nan,nan,nan,nan,nan,5.805515239477810003e-04,nan,nan,5.515239477503675394e-03,nan,nan,nan,6.676342525399170391e-03,nan,nan,0.000000000000000000e+00,nan,1.451378809869452446e-03,nan,nan,nan,nan,nan,nan,nan,nan,nan,nan,nan,nan,nan,nan,2.612481857764925759e-03,nan,1.451378809869407994e-03,nan,nan,nan,2.902757619738905001e-04,nan,nan,nan,nan,nan,nan,nan,2.322206095791079332e-03,nan,nan
4.518072289156682686e-03,nan,nan,nan,-3.012048192771122007e-04,nan,nan,nan,nan,nan,-9.036144578313254350e-03,nan,nan,nan,nan,nan,nan,nan,nan,1.506024096385547538e-02,-3.313253012048167530e-03,nan,nan,1.957831325301206959e-02,nan,nan,nan,nan,nan,nan,nan,nan,nan,nan,nan,nan,nan,nan,-8.132530120481918506e-03,2.198795180722896633e-02,nan,nan,nan,nan,nan,nan,nan,nan,nan,nan,nan,-7.530120481927693454e-03,nan,nan,nan,nan,-9.036144578313254350e-03,nan,nan,nan,nan
nan,nan,nan,nan,nan,8.169014084507032064e-03,nan,nan,4.507042253521120929e-03,nan,-2.901408450704221625e-02,nan,nan,nan,1.690140845070420240e-03,nan,nan,nan,nan,nan,nan,nan,nan,nan,-2.535211267605630425e-02,nan,2.253521126760560465e-03,nan,5.352112676056330724e-03,nan,nan,nan,nan,nan,nan,nan,nan,nan,-3.183098591549291673e-02,nan,nan,nan,nan,-4.507042253521120929e-03,nan,nan,4.225352112676050709e-03,nan,nan,nan,nan,nan,nan,nan,nan,nan,nan,nan,nan,nan,nan
nan,nan,nan,nan,nan,nan,nan,nan,-2.017291066282411900e-03,nan,nan,nan,nan,nan,1.152737752161403506e-03,nan,nan,nan,nan,nan,nan,nan,nan,nan,nan,nan,-5.763688760807017530e-04,nan,-2.881844380403508765e-04,nan,nan,nan,nan,nan,nan,nan,nan,nan,-3.746397694524472490e-03,nan,nan,1.786743515850144209e-02,-2.881844380403508765e-04,nan,-3.170028818443748619e-03,nan,nan,nan,nan,nan,nan,nan,nan,nan,nan,nan,-7.492795389048989216e-03,nan,2.564841498559080474e-02,nan,nan
nan,nan,nan,3.966966966966966601e-01,nan,nan,nan,nan,nan,nan,-5.585585585585586127e-02,nan,nan,nan,nan,-6.606606606606613141e-03,nan,nan,nan,nan,-3.483483483483484910e-02,-1.531531531531531501e-02,nan,nan,nan,nan,nan,nan,nan,1.801801801801801092e-02,nan,nan,nan,nan,nan,nan,nan,nan,nan,nan,nan,nan,nan,3.963963963963963999e-01,8.708708708708722684e-03,nan,nan,nan,nan,nan,-4.294294294294294378e-02,nan,nan,nan,nan,-3.003003003003002110e-03,nan,nan,nan,nan,nan
nan,nan,nan,nan,nan,nan,nan,nan,nan,nan,-4.985337243401754756e-03,nan,nan,nan,nan,nan,1.114369501466274705e-02,nan,nan,nan,1.173020527859236451e-03,nan,nan,1.348973607038122038e-02,nan,nan,5.865102639296182257e-04,nan,-2.932551319648091129e-04,nan,nan,nan,nan,nan,nan,nan,nan,nan,nan,nan,nan,nan,nan,-2.639296187683282287e-03,nan,nan,nan,nan,nan,nan,-2.932551319648091129e-04,6.158357771260991424e-03,nan,nan,nan,nan,nan,nan,1.554252199413488390e-02,nan,nan
nan,nan,nan,nan,nan,nan,nan,nan,5.079365079365076585e-02,nan,nan,nan,nan,nan,nan,nan,nan,nan,nan,nan,1.414141414141414400e-02,nan,nan,nan,5.050505050505047638e-02,nan,-5.194805194805173984e-03,6.839826839826837479e-02,-6.060606060606055397e-03,nan,nan,nan,nan,nan,nan,nan,nan,nan,nan,nan,nan,nan,nan,nan,3.347763347763343944e-02,nan,nan,nan,4.473304473304473561e-02,nan,-6.349206349206370885e-03,nan,nan,nan,nan,-8.658008658008365267e-04,nan,nan,nan,nan,nan
-5.247813411078694132e-03,nan,nan,nan,nan,nan,nan,nan,nan,nan,nan,nan,nan,nan,nan,nan,nan,nan,nan,nan,-1.603498542274053168e-02,nan,nan,nan,-9.912536443148689189e-03,nan,-2.915451895043608133e-04,nan,nan,nan,nan,nan,nan,nan,nan,nan,nan,nan,nan,nan,nan,nan,nan,2.915451895043830394e-04,-7.580174927113714212e-03,nan,nan,nan,2.915451895043719155e-03,nan,nan,6.997084548104970034e-03,nan,nan,nan,nan,8.746355685131490098e-04,nan,-1.107871720116613244e-02,nan,nan
nan,nan,nan,1.564722617354197265e-02,nan,nan,nan,nan,-1.137980085348555504e-03,nan,5.689900426742334084e-04,nan,7.112375533428183343e-03,nan,nan,nan,nan,nan,nan,2.247510668563299646e-02,nan,nan,nan,nan,nan,nan,2.844950213371167042e-04,nan,0.000000000000000000e+00,nan,nan,nan,nan,nan,nan,nan,nan,nan,6.827880512091022078e-03,nan,nan,nan,nan,nan,nan,9.957325746799416955e-03,nan,nan,nan,nan,nan,nan,nan,nan,nan,nan,nan,nan,2.275960170696955751e-03,nan,nan
nan,nan,nan,1.453488372093025838e-02,nan,nan,nan,nan,nan,nan,nan,nan,nan,nan,nan,nan,nan,nan,nan,nan,4.360465116279077513e-03,nan,nan,nan,4.360465116279077513e-03,nan,nan,nan,nan,nan,nan,nan,nan,nan,nan,nan,nan,nan,3.779069767441867352e-03,nan,nan,4.360465116279077513e-03,nan,1.424418604651165286e-02,1.133720930232560119e-02,1.453488372093025838e-02,nan,nan,nan,nan,nan,5.523255813953497836e-03,nan,nan,nan,nan,9.011627906976760541e-03,nan,nan,nan,nan
nan,nan,nan,nan,nan,nan,nan,nan,nan,nan,-5.588235294117627379e-03,nan,nan,nan,nan,nan,nan,1.470588235294112422e-03,nan,nan,-8.823529411764674752e-04,nan,nan,nan,nan,nan,nan,nan,nan,nan,nan,nan,nan,nan,7.058823529411739801e-03,nan,nan,nan,-4.705882352941159578e-03,7.941176470588206734e-03,6.176470588235272001e-03,-4.411764705882337267e-03,4.411764705882337267e-03,nan,nan,nan,nan,nan,nan,nan,nan,nan,nan,nan,nan,-1.176470588235289895e-03,nan,nan,nan,nan,nan
nan,nan,nan,nan,nan,nan,nan,nan,-7.132667617688936978e-03,nan,nan,nan,nan,nan,nan,nan,nan,nan,nan,0.000000000000000000e+00,nan,0.000000000000000000e+00,nan,nan,nan,nan,0.000000000000000000e+00,-4.279600570613384392e-03,0.000000000000000000e+00,nan,nan,nan,nan,nan,nan,nan,nan,nan,nan,nan,nan,nan,nan,nan,nan,nan,nan,nan,-4.564907275320950926e-03,nan,0.000000000000000000e+00,2.282453637660530974e-03,nan,nan,nan,nan,nan,nan,4.279600570613384392e-03,nan,nan
-4.566210045662111479e-03,nan,nan,nan,nan,-9.132420091324755735e-04,nan,nan,3.044140030441288896e-04,nan,nan,nan,nan,nan,nan,nan,nan,nan,nan,nan,nan,nan,nan,nan,nan,nan,nan,-6.697108066971102502e-03,nan,nan,nan,nan,nan,nan,nan,nan,nan,nan,nan,-4.566210045662155714e-03,3.044140030441355900e-03,nan,-3.044140030441733419e-04,nan,nan,nan,-5.175038051750435394e-03,nan,1.217656012176537893e-03,nan,-3.957382039573853483e-03,nan,nan,nan,nan,nan,nan,nan,nan,nan,nan
nan,nan,nan,nan,nan,nan,nan,nan,nan,nan,nan,nan,nan,nan,nan,nan,-1.470588235294112422e-03,nan,nan,nan,-1.558823529411759203e-02,nan,nan,nan,-1.470588235294119014e-02,nan,0.000000000000000000e+00,1.176470588235289895e-03,nan,nan,nan,nan,nan,nan,nan,nan,nan,nan,-1.323529411764701180e-02,nan,nan,7.647058823529384423e-03,nan,nan,nan,nan,nan,nan,-1.911764705882355170e-02,nan,nan,-7.058823529411739801e-03,nan,nan,nan,0.000000000000000000e+00,nan,nan,nan,nan,nan
nan,nan,nan,nan,nan,nan,nan,nan,nan,nan,-1.477104874446077964e-03,nan,nan,nan,4.726735598227516273e-03,nan,nan,-6.203840472673527451e-03,nan,nan,nan,nan,nan,nan,-1.772525849335271440e-03,nan,nan,nan,nan,5.908419497784756381e-04,nan,nan,nan,nan,nan,nan,nan,nan,nan,1.033973412112265677e-02,nan,nan,-2.363367799113724743e-03,2.954209748892599910e-04,nan,nan,nan,nan,nan,nan,2.363367799113768979e-03,nan,nan,nan,nan,nan,nan,nan,8.862629246676912310e-04,nan,nan
nan,nan,nan,nan,nan,nan,nan,nan,nan,nan,3.165467625899287627e-03,nan,nan,nan,nan,nan,nan,1.870503597122299272e-02,nan,nan,0.000000000000000000e+00,nan,nan,2.043165467625895904e-02,nan,nan,0.000000000000000000e+00,nan,2.877697841726645223e-04,nan,nan,nan,nan,0.000000000000000000e+00,nan,nan,nan,nan,nan,nan,nan,1.582733812949637178e-02,nan,nan,nan,nan,nan,nan,nan,nan,nan,nan,nan,nan,nan,1.438848920863300494e-03,nan,nan,2.129496402877695260e-02,nan,nan
nan,nan,nan,nan,nan,nan,nan,nan,0.000000000000000000e+00,nan,nan,nan,nan,nan,nan,nan,nan,nan,nan,nan,-2.133333333333336038e-02,nan,nan,nan,nan,nan,4.148148148148100497e-03,nan,nan,nan,nan,nan,nan,nan,nan,nan,nan,nan,nan,0.000000000000000000e+00,nan,-1.481481481481481365e-02,nan,-2.637037037037039816e-02,nan,nan,nan,nan,-6.814814814814806540e-03,nan,-1.125925925925925705e-02,-2.518518518518517851e-02,nan,nan,nan,nan,-2.666666666666683925e-03,nan,nan,nan,nan
nan,nan,nan,-3.102961918194635342e-03,nan,nan,nan,nan,nan,nan,nan,nan,nan,nan,nan,nan,nan,nan,nan,nan,nan,0.000000000000000000e+00,nan,2.820874471086032287e-03,nan,nan,nan,-1.410437235543016143e-03,nan,-5.641748942172064357e-04,nan,nan,nan,nan,nan,nan,nan,nan,nan,-1.128349788434412871e-03,nan,-5.641748942172064357e-04,nan,5.641748942172064357e-04,nan,2.820874471086032287e-03,nan,nan,nan,nan,1.410437235543016143e-03,nan,nan,nan,nan,nan,nan,nan,nan,nan,nan
1.547445255474451040e-02,nan,nan,nan,nan,nan,nan,nan,-4.087591240875943117e-03,nan,-5.547445255474503338e-03,nan,nan,1.343065693430656182e-02,nan,nan,nan,nan,nan,nan,2.220446049250313204e-17,nan,nan,nan,1.313868613138682341e-02,nan,8.759124087591496416e-04,nan,nan,nan,nan,nan,nan,nan,nan,nan,nan,nan,-3.503649635036487544e-03,nan,nan,nan,nan,nan,nan,nan,nan,nan,2.043795620437926890e-03,nan,nan,nan,nan,nan,nan,nan,-3.211678832116771250e-03,nan,nan,nan,nan
0.000000000000000000e+00,nan,nan,nan,nan,nan,nan,nan,nan,nan,nan,nan,nan,8.797653958944273928e-04,nan,nan,nan,nan,nan,nan,nan,nan,nan,nan,nan,nan,nan,nan,nan,nan,nan,nan,nan,nan,nan,nan,nan,nan,nan,-1.466275659824045619e-03,nan,nan,nan,2.639296187683282287e-03,-8.797653958944273928e-04,2.052785923753663953e-03,nan,nan,0.000000000000000000e+00,nan,0.000000000000000000e+00,-2.932551319648091129e-04,nan,nan,nan,nan,-5.865102639296182257e-04,nan,nan,nan,nan
nan,nan,nan,3.426883308714923082e-02,nan,nan,nan,nan,nan,nan,nan,nan,nan,4.579025110782872915e-02,nan,nan,nan,nan,nan,nan,nan,nan,nan,nan,nan,nan,-5.908419497784311858e-04,2.422451994091581046e-02,0.000000000000000000e+00,nan,nan,nan,nan,nan,nan,nan,nan,nan,nan,nan,nan,nan,nan,nan,nan,nan,nan,nan,1.181683899556884489e-03,nan,2.954209748892155929e-04,nan,nan,nan,nan,0.000000000000000000e+00,-5.908419497784311858e-04,nan,1.113737075332349447e-01,nan,nan
2.058823529411757478e-03,nan,nan,nan,nan,2.558823529411766856e-02,nan,nan,nan,nan,-7.352941176470562112e-03,nan,nan,nan,0.000000000000000000e+00,nan,nan,nan,nan,nan,5.882352941176449473e-04,nan,nan,nan,nan,nan,nan,nan,nan,nan,nan,nan,nan,nan,nan,nan,nan,nan,nan,nan,nan,nan,0.000000000000000000e+00,1.617647058823530257e-02,nan,nan,nan,nan,6.470588235294094312e-03,nan,nan,8.823529411764697086e-03,nan,nan,nan,nan,-1.764705882352934950e-03,nan,nan,nan,nan
nan,nan,nan,1.270310192023638152e-02,0.000000000000000000e+00,nan,nan,nan,nan,nan,-1.240768094534705490e-02,nan,nan,nan,0.000000000000000000e+00,nan,nan,nan,nan,nan,0.000000000000000000e+00,nan,nan,nan,5.612998522895207287e-03,nan,nan,nan,nan,-8.862629246676467787e-04,nan,nan,nan,nan,nan,nan,nan,nan,nan,nan,nan,nan,nan,-4.431314623338233893e-03,nan,nan,nan,nan,1.506646971935012881e-02,nan,nan,nan,nan,nan,nan,nan,-1.181683899556862372e-03,nan,nan,nan,nan
-3.503649635036576448e-03,nan,nan,nan,nan,nan,nan,nan,nan,nan,-2.861313868613144656e-02,nan,nan,nan,nan,nan,nan,nan,nan,nan,-1.080291970802924571e-02,nan,nan,nan,8.759124087590608454e-04,nan,nan,nan,nan,nan,nan,nan,nan,nan,nan,nan,nan,nan,nan,nan,nan,1.167883211678777356e-03,nan,-1.489051094890518970e-02,-1.255474452554750098e-02,nan,nan,nan,nan,nan,nan,-2.220446049250313204e-17,nan,nan,nan,nan,5.839416058394109044e-03,nan,-2.335766423357732522e-03,nan,nan
9.281437125748536604e-03,nan,nan,nan,nan,nan,nan,nan,-8.982035928143682763e-03,nan,nan,nan,nan,nan,nan,nan,nan,nan,nan,nan,nan,nan,nan,nan,nan,nan,3.892215568862322783e-03,-5.988023952095744562e-03,nan,nan,nan,nan,nan,5.688622754491068530e-03,nan,nan,nan,nan,nan,nan,nan,-3.892215568862233879e-03,nan,nan,nan,nan,nan,nan,-5.389221556886192137e-03,nan,nan,nan,nan,nan,nan,2.994011976047961186e-03,-5.988023952095767113e-03,nan,-2.395209580838297738e-03,nan,nan
nan,nan,nan,nan,nan,-2.748091603053470691e-03,nan,nan,-3.664122137404635104e-03,nan,-1.221374045801531041e-02,nan,-1.526717557251977553e-03,nan,nan,nan,nan,nan,nan,1.526717557251866531e-03,nan,nan,nan,nan,nan,nan,-3.664122137404612987e-03,nan,-3.664122137404657222e-03,nan,nan,nan,nan,0.000000000000000000e+00,nan,nan,nan,nan,nan,-5.190839694656545870e-03,nan,nan,nan,nan,nan,-4.440892098500626408e-17,nan,nan,nan,nan,nan,nan,nan,nan,nan,nan,nan,nan,nan,nan,nan
2.906976744186051892e-04,nan,nan,nan,nan,nan,nan,nan,nan,nan,nan,nan,nan,nan,nan,nan,nan,nan,nan,nan,0.000000000000000000e+00,nan,nan,nan,5.813953488372103785e-04,nan,-9.011627906976803909e-03,nan,-3.866279069767449006e-02,nan,nan,nan,nan,2.558139534883716731e-02,nan,nan,nan,nan,nan,nan,nan,nan,nan,nan,nan,nan,nan,nan,-5.813953488372103785e-04,nan,-2.034883720930235999e-03,nan,nan,nan,nan,-2.354651162790701718e-02,-4.069767441860471999e-03,nan,nan,nan,nan
1.015965166908565712e-02,nan,nan,nan,nan,nan,nan,nan,nan,nan,2.902757619738461021e-04,nan,nan,nan,nan,nan,nan,2.438316400580549034e-02,nan,nan,-6.095791001451344830e-03,nan,nan,nan,-6.095791001451344830e-03,nan,nan,4.354136429608135295e-03,nan,nan,nan,nan,nan,nan,nan,nan,nan,nan,nan,nan,nan,3.483309143686485858e-03,nan,nan,-1.451378809869341424e-03,nan,nan,nan,nan,nan,nan,nan,nan,nan,nan,nan,6.095791001451367382e-03,nan,1.451378809869363542e-03,nan,nan
nan,nan,nan,nan,nan,nan,nan,nan,nan,nan,-1.443001443001445949e-02,nan,nan,nan,nan,nan,0.000000000000000000e+00,nan,nan,nan,-7.215007215007273982e-03,nan,nan,6.378066378066375719e-02,nan,nan,1.731601731601673053e-03,nan,nan,nan,nan,nan,nan,nan,nan,nan,nan,nan,nan,3.347763347763346026e-02,nan,nan,nan,nan,nan,4.329004329004293439e-03,nan,nan,nan,nan,-4.329004329004360226e-03,-1.414141414141416656e-02,nan,nan,nan,1.731601731601695171e-03,nan,nan,nan,nan,nan
nan,nan,nan,2.034883720930236173e-02,nan,7.848837209302340218e-03,nan,nan,1.889534883720933589e-02,nan,nan,nan,nan,nan,nan,nan,nan,nan,nan,nan,nan,nan,nan,nan,nan,nan,-8.720930232558155026e-03,nan,-4.069767441860471999e-03,nan,nan,nan,nan,-5.813953488372103351e-03,nan,nan,nan,nan,-2.325581395348841514e-03,nan,nan,nan,nan,nan,nan,nan,3.662790697674413870e-02,nan,1.627906976744188799e-02,nan,-5.232558139534893189e-03,nan,nan,nan,nan,nan,nan,nan,nan,nan,nan
nan,nan,nan,nan,nan,4.440892098500626408e-17,nan,nan,nan,nan,3.982930298719833569e-03,nan,nan,-5.689900426742444672e-03,nan,nan,nan,nan,nan,-4.267425320056861260e-03,2.844950213371277847e-03,nan,nan,0.000000000000000000e+00,nan,nan,nan,-2.844950213371166825e-03,nan,nan,nan,nan,nan,nan,nan,nan,nan,nan,-3.129445234708328090e-03,nan,nan,nan,nan,nan,nan,nan,nan,nan,nan,nan,-7.396870554765256137e-03,nan,nan,nan,nan,nan,nan,nan,-2.275960170696933633e-03,nan,nan
nan,nan,nan,nan,nan,nan,nan,nan,nan,nan,2.954209748892155929e-03,nan,nan,4.431314623338233893e-03,nan,5.908419497784311858e-04,nan,nan,nan,nan,1.181683899556862372e-03,nan,nan,nan,nan,nan,5.908419497784311858e-04,nan,5.908419497784311858e-04,-7.976366322008932030e-03,nan,nan,nan,nan,nan,nan,nan,nan,nan,5.908419497784311858e-04,nan,nan,nan,8.862629246676467787e-04,-5.022156573116709315e-03,nan,nan,nan,nan,nan,nan,nan,nan,nan,nan,nan,nan,nan,nan,nan,nan
2.604920405209809435e-03,nan,nan,1.736613603473213807e-03,nan,nan,nan,nan,nan,nan,-1.678726483357453197e-02,nan,nan,nan,nan,nan,nan,4.052098408104165550e-03,nan,nan,-5.788712011577823880e-04,nan,nan,nan,nan,nan,nan,nan,nan,nan,nan,nan,nan,nan,nan,nan,nan,nan,nan,nan,nan,nan,nan,-3.762662807525352093e-03,4.920405209840805413e-03,nan,nan,nan,nan,nan,nan,-8.683068017366401886e-04,nan,nan,nan,nan,-4.341534008683090029e-03,nan,-3.473227206946471850e-03,nan,nan
-1.556195965417861427e-02,nan,nan,nan,nan,nan,nan,nan,nan,nan,-1.066282420749278294e-02,nan,nan,nan,nan,nan,nan,-1.440922190201643360e-03,nan,nan,nan,nan,nan,nan,-1.181556195965418644e-02,nan,nan,-9.221902017291006004e-03,nan,nan,nan,nan,nan,nan,nan,nan,nan,nan,nan,1.729106628242105259e-03,nan,-1.296829971181556740e-02,nan,-1.152737752161381302e-02,-5.763688760806906508e-03,nan,nan,nan,nan,nan,nan,nan,nan,nan,nan,nan,-6.340057636887608261e-03,nan,nan,nan,nan
nan,nan,nan,nan,nan,nan,nan,nan,2.898550724637716323e-03,nan,-1.246376811594196443e-02,nan,nan,nan,nan,nan,nan,nan,nan,nan,-2.608695652173875952e-03,nan,nan,4.173913043478261198e-02,nan,nan,8.695652173913215105e-04,nan,1.159420289855095420e-03,nan,nan,nan,nan,nan,nan,nan,nan,nan,9.855072463768155266e-03,nan,nan,nan,nan,nan,nan,nan,nan,nan,nan,nan,4.057971014492745172e-03,1.130434782608697938e-02,nan,nan,nan,nan,1.043478260869568075e-02,nan,nan,nan,nan
nan,nan,nan,nan,8.915304606240681551e-03,3.803863298662701897e-02,nan,nan,2.199108469539368116e-02,nan,-1.396731054977717879e-02,nan,nan,nan,1.485884101040113592e-03,nan,nan,nan,nan,nan,-3.863298662704362126e-03,nan,nan,2.555720653788995378e-02,3.506686478454677097e-02,nan,nan,nan,nan,nan,nan,nan,nan,nan,nan,nan,nan,nan,3.298662704309063276e-02,nan,nan,nan,nan,3.595839524517085994e-02,nan,nan,nan,nan,nan,nan,nan,nan,nan,nan,nan,nan,nan,nan,nan,nan,nan
2.366863905325455961e-03,nan,nan,nan,nan,nan,nan,nan,2.958579881656708821e-04,nan,-8.579881656804722728e-03,nan,nan,nan,nan,nan,nan,nan,nan,nan,-6.804733727810652333e-03,nan,nan,nan,nan,nan,nan,-1.745562130177513716e-02,-5.917159763313417642e-04,nan,nan,-8.579881656804722728e-03,nan,nan,nan,nan,nan,nan,nan,nan,nan,nan,nan,nan,nan,nan,nan,nan,nan,nan,-1.124260355029582659e-02,nan,nan,nan,nan,nan,-2.041420118343200210e-02,nan,7.692307692307709215e-03,nan,nan
nan,nan,nan,5.763688760806906508e-03,nan,1.152737752161379046e-02,nan,nan,nan,nan,2.881844380403508765e-04,nan,1.729106628242071952e-02,nan,nan,nan,nan,nan,nan,1.930835734870315484e-02,0.000000000000000000e+00,nan,nan,nan,nan,nan,nan,4.034582132564801249e-03,nan,nan,nan,nan,nan,nan,nan,nan,nan,nan,-2.881844380403731027e-04,nan,nan,nan,nan,nan,nan,nan,nan,nan,nan,nan,nan,4.610951008645503002e-03,nan,nan,nan,nan,4.610951008645503002e-03,nan,nan,nan,nan
1.290322580645160075e-02,nan,nan,nan,nan,nan,nan,nan,nan,nan,8.797653958944273928e-04,nan,nan,nan,nan,nan,nan,nan,nan,nan,nan,nan,nan,nan,nan,nan,1.319648093841641057e-02,nan,6.158357771260991424e-03,nan,nan,nan,nan,nan,nan,nan,nan,nan,nan,1.847507331378297341e-02,nan,nan,nan,-1.173020527859236451e-03,nan,2.521994134897358533e-02,nan,nan,nan,nan,2.052785923753663953e-03,3.519061583577709571e-03,nan,nan,nan,nan,nan,nan,-5.278592375366564574e-03,nan,nan
nan,nan,nan,nan,nan,nan,nan,nan,nan,nan,nan,nan,nan,3.386861313868614470e-02,1.167883211678821809e-03,nan,nan,nan,nan,nan,3.503649635036465426e-03,nan,nan,nan,1.664233576642333221e-02,nan,2.919708029197054522e-03,2.919708029197076640e-03,nan,nan,nan,nan,nan,nan,nan,nan,nan,nan,nan,nan,nan,nan,7.883211678832102720e-03,4.963503649635025647e-03,nan,nan,nan,nan,0.000000000000000000e+00,nan,nan,nan,nan,nan,nan,nan,2.043795620437926890e-03,nan,nan,nan,nan
nan,nan,nan,nan,nan,nan,nan,nan,2.002902757619744525e-02,nan,nan,nan,nan,nan,nan,nan,nan,nan,nan,nan,-8.708272859216048762e-04,nan,nan,nan,6.386066763425279728e-03,nan,-5.805515239477365480e-04,8.417997097242401611e-03,nan,nan,nan,nan,nan,nan,nan,nan,nan,nan,2.902757619738771753e-03,nan,0.000000000000000000e+00,nan,nan,nan,nan,nan,nan,nan,nan,nan,1.161103047895562001e-03,-2.612481857764814737e-03,nan,nan,nan,-2.902757619738682740e-04,nan,nan,nan,nan,nan
-1.461988304093608804e-03,nan,nan,1.169590643274820430e-03,nan,nan,nan,nan,nan,nan,nan,nan,2.046783625730941390e-03,nan,0.000000000000000000e+00,nan,nan,nan,nan,nan,nan,nan,nan,nan,nan,nan,nan,5.847953216373769298e-04,nan,nan,nan,nan,nan,nan,nan,nan,nan,nan,nan,1.754385964912219585e-03,nan,nan,1.461988304093497781e-03,2.923976608186773518e-04,-1.461988304093608804e-03,nan,nan,nan,nan,nan,nan,nan,nan,nan,nan,nan,4.093567251461993801e-03,nan,nan,nan,nan
-7.429420505200678981e-03,nan,nan,nan,nan,1.040118870728079514e-02,nan,nan,2.971768202080227184e-04,nan,nan,nan,nan,nan,nan,nan,nan,nan,nan,nan,nan,nan,nan,8.320950965824636114e-03,nan,nan,0.000000000000000000e+00,-7.429420505200678981e-03,1.485884101040113592e-03,nan,nan,nan,nan,nan,nan,nan,nan,nan,nan,nan,nan,nan,nan,nan,nan,nan,nan,nan,nan,nan,0.000000000000000000e+00,nan,nan,nan,nan,nan,-7.429420505200678981e-03,nan,8.915304606240681551e-03,nan,nan
nan,nan,nan,nan,nan,nan,nan,nan,nan,nan,-1.470588235294112422e-03,nan,nan,nan,0.000000000000000000e+00,nan,nan,-3.529411764705869901e-03,nan,2.352941176470579789e-03,0.000000000000000000e+00,nan,nan,nan,5.882352941176449690e-03,nan,nan,2.117647058823528619e-02,nan,nan,nan,nan,nan,nan,nan,nan,nan,nan,nan,nan,nan,nan,-5.882352941176449473e-04,nan,nan,nan,nan,nan,nan,nan,nan,0.000000000000000000e+00,nan,nan,nan,nan,-6.176470588235272001e-03,nan,nan,nan,nan
nan,nan,nan,2.975679542203151298e-02,nan,nan,nan,nan,nan,nan,-5.779685264663803057e-02,nan,nan,nan,nan,nan,nan,nan,nan,nan,-5.865522174535042765e-02,nan,nan,nan,nan,nan,nan,6.008583690987179433e-03,5.722460658083239554e-04,nan,nan,-1.058655221745343801e-02,nan,nan,nan,nan,nan,nan,-5.293276108726752138e-02,nan,nan,nan,3.433476394849810376e-03,6.008583690987156882e-03,nan,nan,nan,nan,nan,nan,nan,1.573676680972822123e-02,nan,nan,nan,nan,nan,nan,nan,nan,nan
nan,nan,nan,nan,nan,1.466275659824045619e-03,nan,nan,nan,nan,nan,nan,nan,-8.797653958944273928e-04,nan,nan,nan,nan,nan,nan,0.000000000000000000e+00,nan,nan,nan,nan,nan,0.000000000000000000e+00,nan,0.000000000000000000e+00,nan,nan,nan,nan,nan,nan,nan,nan,nan,nan,1.466275659824045619e-03,nan,-2.932551319648091237e-03,nan,nan,nan,-1.466275659824045619e-03,nan,nan,nan,nan,0.000000000000000000e+00,nan,nan,nan,nan,nan,nan,nan,0.000000000000000000e+00,nan,nan
2.849002849002912788e-04,nan,nan,0.000000000000000000e+00,nan,nan,nan,nan,1.424501424501456448e-03,nan,nan,nan,1.424501424501456448e-03,nan,nan,0.000000000000000000e+00,nan,nan,nan,1.424501424501456448e-03,nan,nan,nan,nan,nan,nan,nan,nan,nan,nan,nan,nan,nan,nan,nan,nan,nan,nan,nan,0.000000000000000000e+00,nan,nan,nan,nan,nan,nan,nan,nan,nan,nan,2.849002849002912788e-04,0.000000000000000000e+00,nan,nan,nan,nan,1.424501424501456448e-03,nan,nan,nan,nan
nan,nan,nan,nan,nan,nan,nan,nan,nan,nan,nan,nan,nan,nan,nan,nan,-5.780346820809278627e-03,-1.705202312138729553e-02,nan,nan,-2.601156069364174428e-03,nan,nan,nan,nan,nan,-6.242774566473989484e-02,-2.745664739884390304e-02,-7.456647398843929686e-02,nan,nan,nan,nan,nan,-9.826589595375722838e-03,nan,nan,nan,nan,nan,nan,nan,nan,nan,nan,nan,nan,nan,-1.127167630057803772e-02,nan,-4.624277456647396534e-03,nan,nan,nan,nan,-8.554913294797687751e-02,nan,nan,nan,nan,nan
2.061855670103085458e-03,nan,nan,nan,nan,1.089837997054492538e-02,nan,nan,nan,nan,-2.120765832106037349e-02,nan,nan,nan,-2.061855670103085458e-03,nan,nan,nan,nan,nan,-8.247422680412341833e-03,nan,nan,nan,5.007363770250350399e-03,nan,1.767304860088358964e-03,nan,nan,nan,nan,nan,nan,nan,nan,nan,nan,nan,-1.178203240058905976e-02,nan,nan,nan,nan,nan,1.472754050073632470e-03,nan,nan,nan,nan,nan,nan,nan,nan,nan,nan,nan,nan,nan,-2.945508100147264940e-04,nan,nan
6.280752532561509338e-02,nan,nan,nan,nan,nan,nan,nan,nan,nan,nan,nan,nan,nan,nan,nan,6.628075253256152100e-02,nan,nan,nan,-5.788712011576934834e-04,nan,nan,nan,6.251808972503618278e-02,nan,-3.473227206946471850e-03,nan,-1.157742402315475871e-03,nan,nan,nan,nan,nan,nan,nan,nan,nan,nan,nan,nan,6.685962373371927281e-02,nan,nan,nan,nan,nan,nan,nan,nan,-2.026049204052071499e-03,nan,nan,nan,nan,-4.052098408104209785e-03,nan,nan,6.164978292329956894e-02,nan,nan
nan,nan,nan,1.188405797101448405e-02,4.637681159420270656e-03,6.956521739130416826e-03,nan,nan,-4.347826086956540874e-03,nan,nan,nan,nan,nan,4.347826086956496638e-03,nan,nan,nan,nan,nan,3.478260869565197137e-03,nan,nan,nan,2.898550724637649536e-03,nan,4.637681159420248105e-03,nan,nan,nan,nan,nan,nan,nan,nan,nan,nan,nan,nan,1.246376811594196443e-02,nan,nan,nan,nan,nan,nan,nan,nan,nan,nan,5.797101449275477098e-04,nan,nan,nan,nan,nan,nan,nan,nan,nan,nan
1.775147928994136315e-03,nan,nan,nan,nan,nan,nan,nan,nan,nan,nan,nan,nan,2.071005917159807197e-03,nan,nan,nan,-2.958579881656819843e-03,nan,nan,nan,nan,nan,nan,6.213017751479333120e-03,nan,nan,4.440892098500626408e-17,nan,-2.958579881656819843e-03,nan,nan,nan,nan,1.183431952662772433e-03,nan,nan,nan,nan,1.331360946745563378e-02,-2.958579881656819843e-03,nan,nan,nan,nan,nan,5.029585798816604489e-03,nan,nan,nan,nan,nan,nan,nan,nan,nan,nan,nan,nan,nan,nan
nan,nan,nan,nan,nan,-7.052186177715080717e-03,nan,nan,nan,nan,nan,nan,nan,nan,nan,nan,nan,nan,nan,-7.052186177715080717e-03,nan,nan,nan,-6.770098730606477662e-03,nan,nan,-2.820874471086032178e-04,nan,nan,nan,nan,nan,nan,nan,nan,nan,nan,nan,nan,-2.820874471086032178e-04,nan,-1.410437235543016143e-03,nan,0.000000000000000000e+00,nan,nan,nan,nan,-2.820874471086032287e-03,nan,nan,0.000000000000000000e+00,nan,nan,nan,nan,nan,nan,-1.410437235543016143e-03,nan,nan
nan,nan,nan,-4.920405209840850516e-03,0.000000000000000000e+00,nan,nan,nan,nan,nan,nan,nan,nan,nan,0.000000000000000000e+00,nan,nan,nan,nan,nan,-4.440892098500626408e-17,nan,nan,nan,nan,nan,-8.683068017366401886e-04,7.235890014471757156e-03,nan,nan,nan,nan,nan,nan,nan,nan,nan,nan,nan,nan,nan,nan,nan,-3.183791606367614158e-03,-1.041968162083937131e-02,nan,nan,nan,nan,nan,nan,nan,nan,nan,nan,8.683068017365736186e-04,-2.604920405209854104e-03,nan,nan,nan,nan
2.894356005788689679e-03,nan,nan,nan,nan,nan,nan,nan,-1.447178002894400350e-03,nan,nan,nan,nan,1.736613603473258259e-03,nan,nan,nan,nan,nan,1.447178002894400350e-03,nan,nan,nan,nan,2.894356005788689679e-03,nan,nan,nan,nan,nan,nan,nan,nan,nan,nan,nan,nan,nan,nan,0.000000000000000000e+00,nan,nan,nan,nan,-1.157742402315520324e-03,nan,nan,nan,nan,nan,-1.447178002894400350e-03,5.788712011577379357e-03,nan,nan,nan,nan,-2.894356005788689679e-03,nan,nan,nan,nan
0.000000000000000000e+00,nan,nan,nan,nan,nan,nan,nan,nan,nan,0.000000000000000000e+00,nan,nan,nan,nan,nan,nan,nan,nan,2.928257686676372096e-03,nan,nan,nan,nan,0.000000000000000000e+00,nan,nan,2.928257686676483335e-04,nan,nan,nan,nan,nan,nan,nan,nan,nan,nan,nan,-1.171303074670593334e-03,nan,0.000000000000000000e+00,nan,nan,nan,nan,nan,nan,0.000000000000000000e+00,nan,nan,1.464128843338241559e-03,nan,nan,nan,nan,0.000000000000000000e+00,nan,nan,nan,nan
nan,nan,nan,6.986899563318727142e-03,nan,nan,nan,nan,nan,nan,-4.337700145560408060e-02,nan,nan,nan,0.000000000000000000e+00,nan,nan,nan,nan,nan,-8.151382823871955452e-03,nan,nan,nan,-8.733624454148713589e-04,nan,nan,-6.404657933042257403e-03,nan,nan,nan,nan,nan,nan,nan,nan,nan,nan,nan,nan,nan,nan,1.455604075691341315e-03,7.569141193595285352e-03,-1.106259097525474910e-02,nan,nan,nan,nan,nan,nan,3.202328966521084033e-03,nan,nan,nan,nan,nan,nan,nan,nan,nan
nan,nan,nan,9.269662921348342799e-03,nan,nan,nan,nan,nan,nan,nan,nan,nan,nan,nan,1.123595505618002564e-03,nan,nan,nan,nan,0.000000000000000000e+00,nan,nan,nan,1.264044943820230582e-02,nan,nan,-8.988764044943798465e-03,nan,nan,nan,nan,nan,nan,nan,nan,nan,nan,nan,nan,nan,nan,1.404494382022503096e-03,nan,8.426966292135018143e-04,nan,nan,nan,nan,nan,9.269662921348342799e-03,4.494382022471899232e-03,nan,nan,nan,2.528089887640460991e-03,nan,nan,nan,nan,nan
nan,nan,nan,0.000000000000000000e+00,nan,nan,nan,nan,-4.444444444444362041e-03,nan,0.000000000000000000e+00,nan,-2.962962962962833904e-04,1.481481481481528029e-03,nan,nan,nan,nan,nan,nan,nan,nan,nan,2.962962962962989270e-03,3.259259259259339285e-03,nan,nan,nan,nan,nan,nan,nan,nan,nan,3.851851851851906174e-03,nan,nan,nan,6.518518518518567548e-03,1.481481481481528029e-03,nan,nan,nan,nan,nan,nan,nan,nan,nan,nan,nan,nan,nan,nan,nan,nan,nan,nan,nan,nan,nan
2.998500749625154782e-03,nan,nan,nan,nan,nan,nan,nan,4.497751124437732173e-03,nan,nan,nan,nan,nan,nan,nan,nan,nan,nan,nan,2.398800599700123739e-03,nan,nan,nan,nan,nan,1.199400299850061869e-03,nan,2.398800599700123739e-03,6.896551724137856346e-03,nan,nan,nan,nan,nan,nan,nan,nan,nan,nan,1.919040479760110093e-02,nan,nan,nan,3.898050974512701130e-03,nan,nan,nan,nan,nan,nan,nan,nan,nan,nan,nan,1.499250374812577391e-03,nan,1.499250374812577391e-03,nan,nan
nan,nan,nan,4.392386530014613655e-03,nan,nan,nan,nan,-1.464128843338241559e-03,nan,nan,nan,nan,nan,nan,nan,nan,nan,nan,nan,nan,nan,nan,nan,nan,nan,nan,nan,nan,nan,nan,nan,nan,nan,nan,nan,nan,nan,2.635431918008834893e-03,2.284040995607616864e-02,nan,-2.928257686676372096e-03,nan,4.685212298682262314e-03,nan,nan,nan,nan,-2.928257686676372096e-03,nan,2.928257686676483118e-03,nan,nan,nan,nan,nan,2.635431918008790224e-03,nan,-2.928257686676372096e-03,nan,nan
6.340057636887608261e-03,nan,nan,nan,nan,nan,nan,nan,nan,nan,-2.881844380403508765e-04,nan,nan,nan,-1.152737752161381388e-03,nan,nan,nan,nan,nan,2.220446049250313204e-17,nan,nan,nan,nan,nan,-1.440922190201709930e-03,-5.187319884726204755e-03,nan,nan,nan,nan,nan,nan,8.645533141210415273e-03,nan,nan,nan,nan,nan,nan,nan,4.610951008645503002e-03,nan,-4.034582132564823800e-03,nan,nan,nan,nan,nan,nan,nan,nan,nan,nan,nan,-1.152737752161381302e-02,nan,nan,nan,nan
nan,nan,nan,4.258992805755401623e-02,-5.755395683453068184e-04,nan,nan,nan,nan,nan,-2.589928057553869678e-03,nan,nan,nan,-8.633093525179269968e-04,nan,nan,nan,nan,nan,5.755395683453734968e-04,nan,nan,nan,nan,nan,-1.151079136690569184e-03,-8.633093525179047706e-04,nan,nan,nan,nan,nan,nan,nan,nan,nan,nan,nan,nan,nan,nan,nan,1.496402877697846669e-02,nan,nan,nan,nan,2.791366906474823661e-02,nan,nan,nan,nan,nan,nan,nan,-1.151079136690646987e-02,nan,nan,nan,nan
nan,nan,nan,4.651162790697683028e-03,nan,nan,nan,nan,nan,nan,0.000000000000000000e+00,nan,nan,nan,1.453488372093025838e-03,2.906976744186051892e-04,nan,4.360465116279077513e-03,nan,nan,nan,nan,nan,nan,nan,nan,nan,-2.906976744185940653e-03,nan,1.744186046511630919e-03,nan,nan,nan,nan,nan,nan,nan,nan,nan,nan,nan,nan,2.616279069767446595e-03,nan,-3.779069767441756329e-03,nan,nan,nan,nan,nan,nan,nan,nan,nan,nan,nan,-7.267441860465018166e-03,nan,nan,nan,nan
2.040816326530614597e-03,nan,nan,nan,2.915451895043608133e-04,nan,nan,nan,nan,nan,-5.830903790087438310e-03,nan,nan,nan,8.746355685130824398e-04,nan,nan,nan,nan,nan,nan,nan,nan,nan,0.000000000000000000e+00,nan,0.000000000000000000e+00,nan,-2.915451895044052113e-04,nan,nan,nan,nan,nan,nan,nan,nan,nan,-4.373177842565634243e-03,nan,nan,nan,nan,nan,nan,nan,nan,nan,6.122448979591843359e-03,nan,nan,nan,nan,nan,nan,nan,nan,nan,1.049562682215741082e-02,nan,nan
nan,nan,nan,-1.436781609195447815e-03,nan,nan,nan,nan,nan,nan,nan,nan,nan,nan,0.000000000000000000e+00,0.000000000000000000e+00,nan,nan,nan,nan,-1.436781609195469933e-03,nan,nan,1.724137931034475145e-03,0.000000000000000000e+00,nan,nan,nan,nan,nan,nan,nan,nan,nan,nan,nan,nan,nan,nan,nan,nan,nan,1.149425287356265011e-03,nan,4.310344827586187755e-03,nan,6.896551724137922265e-03,nan,nan,nan,nan,-1.149425287356331581e-03,nan,nan,nan,nan,nan,nan,nan,nan,nan
nan,nan,nan,nan,nan,nan,nan,nan,1.033434650455933301e-02,nan,nan,nan,nan,nan,-1.519756838905705898e-03,nan,nan,nan,nan,nan,nan,nan,nan,-1.519756838905705898e-03,nan,nan,nan,-3.039513677811411579e-04,nan,9.422492401215842861e-03,nan,nan,nan,nan,nan,nan,nan,nan,nan,nan,1.215805471124620230e-02,nan,-3.039513677811411579e-04,9.118541033435123783e-04,-6.079027355622823158e-04,nan,nan,nan,nan,nan,-3.039513677811411579e-04,nan,nan,nan,nan,nan,nan,nan,nan,nan,nan
6.694560669456062207e-03,nan,nan,nan,nan,4.463040446304034244e-03,nan,nan,nan,nan,nan,nan,nan,-9.762900976290067590e-03,nan,nan,nan,nan,nan,6.694560669456039656e-03,nan,nan,nan,nan,nan,nan,0.000000000000000000e+00,nan,-5.578800557880292171e-04,nan,nan,nan,nan,nan,nan,nan,nan,nan,nan,nan,nan,nan,nan,nan,6.694560669456039656e-03,nan,nan,nan,-3.905160390516004918e-03,nan,-2.789400278940035172e-03,4.741980474198026138e-03,nan,nan,nan,nan,nan,nan,nan,nan,nan
nan,nan,nan,nan,nan,nan,nan,nan,5.436337625178766682e-03,nan,-1.087267525035771031e-02,nan,1.630901287553645357e-02,nan,nan,nan,nan,nan,nan,2.231759656652359050e-02,nan,nan,nan,nan,nan,nan,-3.719599427753949965e-03,nan,-8.583690987124636528e-04,nan,nan,nan,nan,nan,nan,nan,nan,nan,-8.583690987124503388e-03,nan,nan,1.316165951359080620e-02,nan,nan,nan,6.008583690987090095e-03,nan,nan,nan,nan,nan,0.000000000000000000e+00,nan,nan,nan,nan,nan,nan,nan,nan,nan
nan,nan,nan,nan,nan,nan,nan,nan,nan,nan,-8.746355685131712359e-04,nan,nan,nan,nan,-1.166180758017487705e-03,nan,nan,nan,nan,-2.915451895043830394e-04,nan,nan,nan,nan,nan,nan,3.790087463556850167e-02,nan,nan,nan,nan,nan,nan,nan,nan,nan,nan,nan,6.997084548104956503e-02,nan,nan,nan,6.122448979591821674e-03,-2.040816326530636715e-03,nan,nan,nan,8.746355685130824398e-04,nan,-2.332361516034975411e-03,nan,nan,nan,nan,nan,-9.037900874635563381e-03,nan,nan,nan,nan
nan,nan,nan,nan,nan,nan,nan,nan,nan,nan,nan,nan,nan,nan,nan,-2.976190476190021636e-04,nan,nan,nan,nan,nan,nan,nan,nan,7.232142857142864756e-02,nan,3.273809523809601083e-03,nan,3.273809523809601083e-03,nan,nan,nan,nan,nan,nan,nan,nan,nan,nan,5.982142857142858094e-02,nan,nan,-8.928571428571396851e-04,nan,6.726190476190485601e-02,nan,nan,nan,nan,nan,-1.190476190476119677e-03,nan,nan,nan,nan,2.976190476190687878e-04,6.130952380952381375e-02,nan,nan,nan,nan
nan,nan,nan,-3.939393939393931801e-03,nan,nan,nan,nan,-6.060606060606099632e-03,nan,nan,nan,nan,nan,-1.818181818181829890e-03,nan,nan,nan,nan,nan,nan,nan,nan,nan,nan,nan,-2.393939393939397212e-02,nan,-1.909090909090911323e-02,nan,nan,nan,nan,-2.424242424242428751e-02,nan,nan,nan,nan,nan,-4.242424242424269742e-03,nan,nan,0.000000000000000000e+00,nan,-1.393939393939396323e-02,nan,nan,nan,nan,nan,-2.151515151515153226e-02,nan,nan,nan,nan,nan,nan,nan,nan,nan,nan
-4.999999999999981889e-03,nan,nan,nan,nan,7.352941176470562112e-03,nan,nan,nan,nan,nan,nan,7.352941176470562112e-03,nan,nan,nan,nan,nan,nan,8.529411764705851356e-03,nan,-1.323529411764712282e-02,nan,nan,nan,nan,-2.941176470588224737e-04,nan,nan,nan,nan,-1.176470588235301040e-02,nan,-1.176470588235289895e-03,nan,nan,nan,nan,nan,2.352941176470579789e-03,nan,nan,nan,nan,nan,-5.882352941176472241e-03,nan,nan,nan,nan,nan,nan,nan,nan,nan,nan,nan,nan,nan,nan,nan
nan,nan,nan,6.060606060606122183e-03,nan,nan,nan,nan,nan,nan,-4.906204906204814260e-03,nan,nan,nan,1.443001443001468154e-03,nan,2.481962481962489767e-02,nan,nan,nan,nan,nan,nan,nan,-3.751803751803684146e-03,nan,nan,nan,nan,nan,nan,nan,nan,nan,nan,nan,nan,nan,nan,nan,nan,-4.329004329004293439e-03,6.060606060606099632e-03,nan,nan,2.308802308802315739e-02,nan,nan,nan,nan,nan,7.215007215007229746e-03,nan,nan,nan,nan,nan,nan,-1.443001443001379249e-03,nan,nan
nan,nan,nan,4.671532846715331470e-03,-2.919708029197165653e-04,-1.459854014598560654e-03,nan,nan,nan,nan,nan,nan,nan,nan,5.839416058393886782e-04,nan,nan,nan,nan,nan,1.459854014598471750e-03,nan,nan,nan,nan,nan,0.000000000000000000e+00,-2.220446049250313204e-17,nan,nan,nan,nan,nan,nan,nan,nan,nan,nan,2.919708029196499410e-04,2.248175182481748635e-02,nan,nan,nan,nan,nan,nan,nan,nan,nan,nan,-2.220446049250313204e-17,nan,nan,nan,nan,nan,nan,nan,nan,nan,nan
