nan,nan,nan,-9.453471196454964892e-03,nan,nan,nan,nan,-2.392909896602657405e-02,nan,-5.288035450516985481e-02,nan,4.431314623338233893e-03,nan,nan,nan,nan,nan,nan,nan,nan,nan,nan,2.363367799113724743e-03,nan,nan,-9.158050221565705931e-03,nan,nan,nan,nan,-1.358936484490398319e-02,nan,nan,nan,nan,nan,nan,nan,-8.862629246676467787e-04,nan,-7.680945347119605415e-03,nan,nan,nan,nan,-6.794682422451958637e-03,nan,nan,nan,nan,nan,nan,nan,nan,nan,nan,nan,nan,nan,nan,nan,nan,nan,nan
nan,nan,nan,nan,nan,nan,nan,nan,1.759530791788854742e-02,nan,2.756598240469205693e-02,nan,nan,nan,-1.583577712609969199e-02,nan,nan,nan,nan,2.258064516129030391e-02,-2.038123167155425630e-01,nan,nan,nan,nan,nan,nan,nan,6.451612903225800374e-03,nan,nan,nan,nan,nan,nan,nan,nan,nan,nan,nan,nan,nan,nan,4.310850439882698421e-02,1.173020527859236495e-02,nan,nan,nan,nan,nan,nan,3.929618768328445311e-02,nan,nan,nan,1.173020527859236451e-03,nan,nan,nan,nan,nan,nan,nan,nan,nan
nan,nan,nan,nan,nan,nan,nan,nan,-1.028744326777610886e-02,nan,-6.021180030257187316e-02,nan,nan,nan,nan,-7.564296520423630273e-03,nan,nan,nan,nan,nan,nan,nan,nan,2.723146747352500705e-03,nan,nan,-1.664145234493192779e-02,nan,-4.841149773071151685e-03,nan,nan,nan,nan,nan,nan,nan,nan,nan,nan,nan,6.354009077155819800e-03,nan,-3.419062027231471734e-02,nan,nan,nan,nan,nan,nan,-3.721633888048414551e-02,nan,nan,nan,nan,nan,-2.057488653555221772e-02,nan,nan,nan,nan,nan,nan,nan,nan
-8.259587020648929273e-03,nan,nan,nan,nan,nan,nan,nan,-1.091445427728610085e-02,nan,nan,nan,nan,nan,nan,-4.719764011799343177e-03,nan,nan,nan,nan,nan,nan,nan,nan,nan,nan,-2.359882005899627353e-03,nan,nan,-2.949852507374339577e-04,nan,nan,nan,nan,nan,nan,nan,nan,nan,nan,7.079646017699170457e-03,nan,nan,-3.775811209439523808e-02,-8.554572271386362906e-03,-2.625368731563415547e-02,nan,nan,nan,nan,nan,-2.300884955752207153e-02,nan,nan,nan,nan,nan,nan,nan,nan,nan,nan,nan,nan,nan
2.046783625730963507e-03,nan,nan,nan,nan,nan,nan,nan,3.567251461988300842e-02,nan,nan,nan,nan,nan,nan,nan,-5.847953216374279957e-03,nan,nan,nan,-1.304093567251462249e-01,-1.929824561403510261e-02,nan,nan,nan,nan,nan,nan,nan,4.970760233918092644e-03,nan,nan,nan,nan,nan,nan,nan,nan,3.625730994152045333e-02,nan,nan,nan,nan,nan,nan,nan,nan,nan,7.251461988304092054e-02,nan,-1.058479532163743020e-01,nan,nan,nan,nan,nan,2.923976608187134341e-02,nan,nan,nan,nan,nan,nan,nan,nan
-1.109489051094894076e-02,nan,nan,nan,nan,nan,nan,nan,-1.547445255474455550e-02,nan,-2.510948905109491175e-02,nan,nan,nan,nan,nan,nan,nan,nan,nan,nan,nan,nan,-1.751824817518254831e-03,-1.430656934306573369e-02,nan,nan,nan,nan,-5.547445255474459103e-03,nan,nan,nan,nan,nan,nan,nan,nan,nan,nan,-9.635036496350423904e-03,-1.751824817518277165e-03,nan,nan,nan,nan,-1.021897810218981226e-02,nan,nan,nan,nan,-1.197080291970806752e-02,nan,nan,nan,nan,nan,nan,nan,nan,nan,nan,nan,nan,nan
-4.484304932735461505e-03,nan,nan,nan,nan,nan,nan,nan,nan,nan,nan,nan,nan,nan,-1.793721973094220077e-03,nan,nan,nan,nan,nan,nan,nan,nan,nan,-4.872944693572502789e-02,-1.494768310911842547e-03,-5.082212257100153507e-02,-2.720478325859496810e-02,nan,nan,nan,nan,nan,nan,-5.680119581464948206e-03,nan,nan,nan,nan,5.082212257100082557e-03,-2.182361733931243927e-02,nan,nan,-2.630792227204787823e-02,nan,nan,nan,nan,nan,nan,nan,nan,nan,nan,nan,nan,nan,nan,nan,nan,nan,nan,nan,nan,nan
-1.159420289855117537e-03,nan,nan,nan,nan,nan,nan,nan,3.768115942028949037e-03,nan,-1.188405797101454997e-02,nan,nan,nan,nan,nan,nan,nan,nan,2.608695652173898070e-03,nan,nan,nan,nan,nan,nan,-1.478260869565224331e-02,nan,-1.304347826086960094e-02,nan,nan,nan,nan,-2.695652173913050051e-02,nan,nan,nan,nan,-1.246376811594205290e-02,nan,nan,nan,nan,nan,-1.159420289855095420e-03,nan,-2.028985507246416822e-03,nan,nan,nan,nan,nan,nan,nan,nan,nan,nan,nan,nan,nan,nan,nan,nan,nan,nan
-5.797101449275032575e-04,nan,nan,7.826086956521783114e-03,nan,nan,nan,nan,-2.318840579710124052e-03,nan,-2.869565217391301104e-02,nan,nan,nan,nan,nan,nan,nan,nan,nan,nan,nan,nan,2.405797101449278635e-02,1.449275362318847016e-02,nan,nan,nan,nan,nan,nan,nan,nan,nan,nan,nan,nan,nan,nan,nan,nan,nan,nan,8.695652173913437366e-04,nan,-8.695652173912993277e-03,nan,nan,nan,nan,-1.884057971014487659e-02,nan,nan,nan,nan,nan,-2.318840579710139752e-02,nan,nan,nan,nan,nan,nan,nan,nan
nan,nan,nan,nan,nan,nan,nan,nan,-1.746724890829742718e-03,nan,nan,nan,nan,nan,1.455604075691363433e-03,nan,nan,nan,nan,-3.493449781659441200e-03,nan,nan,nan,nan,-1.601164483260557672e-02,nan,nan,nan,3.493449781659374413e-03,nan,nan,nan,nan,nan,nan,nan,nan,nan,-1.542940320232904020e-02,nan,nan,4.657933042212491700e-03,nan,nan,nan,nan,nan,nan,nan,nan,nan,-9.315866084425051055e-03,nan,nan,nan,nan,-1.280931586608444715e-02,nan,1.455604075691385767e-03,nan,nan,nan,nan,nan,nan
nan,nan,nan,nan,nan,nan,nan,nan,7.658321060382888845e-03,nan,nan,nan,1.531664212076577769e-02,nan,nan,nan,nan,nan,nan,nan,nan,nan,nan,nan,-1.060382916053021971e-02,nan,-1.354933726067752975e-02,7.363770250368162351e-03,nan,nan,nan,nan,nan,nan,9.131075110456521315e-03,nan,nan,nan,nan,nan,nan,2.356406480117811952e-03,nan,nan,-8.836524300441794821e-04,nan,nan,nan,nan,nan,-2.444771723122241003e-02,1.001472754050070080e-02,nan,nan,nan,nan,nan,nan,nan,nan,nan,nan,nan,nan,nan
7.122507122507126982e-03,nan,nan,nan,nan,nan,nan,nan,nan,nan,-4.131054131054132800e-02,nan,nan,nan,-1.709401709401725446e-03,nan,nan,nan,nan,nan,nan,nan,nan,1.025641025641024252e-02,nan,nan,nan,nan,nan,1.994301994301994445e-03,nan,nan,nan,nan,nan,nan,nan,nan,1.310541310541308777e-02,nan,nan,nan,nan,-2.564102564102577111e-03,9.401709401709368308e-03,nan,nan,nan,nan,nan,-3.874643874643875219e-02,nan,nan,nan,nan,nan,-1.396011396011396198e-02,nan,nan,nan,nan,nan,nan,nan,nan
nan,nan,nan,nan,nan,nan,nan,nan,nan,nan,-5.208633093525183444e-02,nan,nan,nan,-1.956834532374107649e-02,nan,nan,nan,nan,nan,-1.496402877697842193e-01,nan,nan,nan,nan,nan,1.438848920863244982e-03,3.712230215827332092e-02,nan,nan,nan,nan,nan,nan,nan,nan,nan,nan,nan,nan,4.230215827338124068e-02,nan,nan,nan,nan,nan,nan,nan,nan,nan,nan,5.208633093525175811e-02,nan,nan,nan,-6.906474820143948534e-03,3.021582733812944177e-02,nan,6.215827338129490537e-02,nan,nan,nan,nan,nan,nan
nan,nan,nan,nan,nan,nan,nan,nan,-1.994301994301996700e-02,nan,nan,nan,nan,nan,nan,nan,nan,nan,nan,nan,nan,nan,nan,5.413105413105401102e-03,nan,nan,-1.481481481481481365e-02,nan,nan,nan,nan,nan,nan,-9.116809116809143979e-03,nan,nan,nan,nan,nan,-2.849002849002912788e-04,nan,nan,nan,-2.279202279202281398e-02,nan,nan,-6.837606837606835866e-03,nan,nan,nan,-2.193732193732194150e-02,-1.737891737891737037e-02,nan,nan,nan,nan,nan,nan,-1.452991452991454421e-02,nan,nan,nan,nan,nan,nan
nan,nan,nan,nan,nan,nan,nan,nan,4.138972809667677832e-02,nan,nan,nan,nan,nan,nan,nan,nan,nan,nan,2.447129909365561989e-02,-1.362537764350452707e-01,nan,nan,nan,nan,nan,nan,2.960725075528707409e-02,1.993957703927495828e-02,nan,nan,-2.719033232628364962e-03,nan,nan,nan,nan,nan,nan,nan,4.924471299093662047e-02,nan,nan,nan,-8.459214501510525439e-03,nan,nan,nan,nan,7.401812688821755859e-02,nan,-8.398791540785492671e-02,nan,nan,nan,nan,nan,nan,nan,nan,nan,nan,nan,nan,nan,nan
nan,nan,nan,nan,nan,5.178571428571423357e-02,nan,nan,nan,nan,nan,nan,7.351190476190469503e-02,nan,nan,nan,nan,nan,nan,5.476190476190472001e-02,-1.377976190476191132e-01,nan,nan,nan,nan,nan,-5.059523809523835784e-03,nan,nan,nan,nan,nan,nan,nan,nan,nan,nan,nan,4.404761904761900215e-02,nan,nan,nan,nan,nan,nan,nan,nan,nan,nan,nan,-9.047619047619048782e-02,nan,nan,nan,nan,-6.845238095238159390e-03,1.190476190476186247e-02,nan,8.065476190476186802e-02,nan,nan,nan,nan,nan,nan
4.405286343612280567e-03,nan,nan,nan,nan,nan,nan,nan,nan,nan,nan,nan,nan,nan,nan,nan,-2.114537444933926175e-02,1.262848751835532468e-02,nan,nan,nan,nan,nan,4.992657856093906873e-03,1.967694566813504853e-02,nan,-1.674008810572693434e-02,nan,-6.637298091042589943e-02,nan,nan,nan,nan,nan,nan,nan,nan,nan,nan,nan,nan,nan,nan,nan,nan,nan,nan,nan,nan,nan,-4.581497797356830215e-02,nan,nan,nan,nan,-5.315712187958885476e-02,nan,nan,8.810572687224627053e-03,nan,nan,nan,nan,nan,nan
nan,nan,nan,nan,nan,nan,nan,nan,nan,nan,-3.362831858407076130e-02,nan,8.849557522124130039e-04,-7.079646017699103670e-03,nan,nan,nan,nan,nan,nan,nan,nan,nan,0.000000000000000000e+00,nan,nan,nan,nan,nan,nan,nan,nan,nan,nan,nan,nan,nan,nan,-4.129793510324430809e-03,nan,nan,nan,nan,-1.474926253687314226e-02,nan,nan,-1.002949852507370974e-02,nan,nan,nan,nan,-5.899705014749234699e-03,nan,nan,nan,nan,-1.504424778761059844e-02,nan,-6.489675516224169619e-03,nan,nan,nan,nan,nan,nan
5.571847507331395208e-03,nan,nan,nan,nan,nan,nan,nan,nan,nan,nan,nan,nan,nan,nan,nan,nan,nan,nan,nan,-8.563049853372425857e-02,nan,nan,nan,nan,nan,-2.932551319648091129e-04,nan,nan,nan,nan,nan,nan,nan,nan,nan,nan,nan,9.354838709677422426e-02,nan,nan,7.565982404692087049e-02,nan,4.516129032258071885e-02,nan,nan,nan,nan,nan,nan,-7.976539589442807610e-02,6.304985337243407262e-02,nan,nan,nan,-8.797653958944273711e-03,1.114369501466281297e-02,nan,nan,nan,nan,nan,nan,nan,nan
-1.246376811594207545e-02,nan,nan,-1.217391304347832312e-02,nan,nan,nan,nan,nan,nan,-6.289855072463775010e-02,nan,nan,nan,nan,nan,nan,nan,nan,-8.115942028985556264e-03,nan,nan,nan,-1.739130434782643021e-03,-1.536231884057976879e-02,nan,nan,nan,nan,nan,nan,nan,nan,nan,-1.449275362318844761e-02,nan,nan,nan,nan,-8.405797101449331149e-03,nan,nan,nan,nan,nan,-1.246376811594207545e-02,nan,nan,nan,nan,-3.217391304347829578e-02,nan,nan,nan,nan,nan,nan,nan,nan,nan,nan,nan,nan,nan,nan
nan,nan,nan,-1.976401179941000841e-02,nan,nan,nan,nan,nan,nan,nan,nan,nan,nan,-1.828908554572270667e-02,nan,nan,nan,nan,nan,-5.339233038348079052e-02,nan,nan,nan,1.356932153392329497e-02,nan,3.067846607669617517e-02,5.899705014749257251e-03,3.510324483775813242e-02,nan,nan,nan,nan,nan,nan,nan,nan,nan,nan,nan,nan,nan,nan,nan,nan,nan,nan,nan,nan,nan,-3.244837758112084809e-03,-3.156342182890854720e-02,nan,nan,nan,3.451327433628322006e-02,nan,nan,nan,nan,nan,nan,nan,nan,nan
4.172876304023809442e-03,nan,nan,3.874813710879232605e-03,5.961251862891159443e-03,nan,nan,nan,7.451564828613954292e-03,nan,nan,nan,nan,nan,nan,nan,nan,nan,nan,nan,nan,nan,nan,nan,nan,nan,-2.891207153502241972e-02,-1.251862891207156103e-02,-1.877794336810734155e-02,nan,nan,nan,nan,nan,nan,nan,nan,nan,nan,nan,nan,nan,nan,1.281669150521604940e-02,nan,nan,nan,nan,nan,nan,nan,nan,nan,nan,nan,nan,2.384500745156459441e-03,nan,2.384500745156476961e-02,nan,nan,nan,nan,nan,nan
nan,nan,nan,6.986899563318838165e-03,nan,nan,nan,nan,nan,nan,nan,nan,nan,nan,nan,nan,nan,nan,nan,nan,-9.606986899563251664e-03,nan,nan,1.717612809315871569e-02,7.569141193595396375e-03,nan,nan,nan,1.455604075691452337e-03,nan,nan,nan,nan,nan,nan,nan,nan,nan,nan,nan,nan,nan,nan,6.113537117903989140e-03,nan,nan,5.240174672489139249e-03,nan,6.695778748180547350e-03,nan,nan,nan,nan,nan,nan,nan,-6.404657933042168065e-03,nan,9.024745269286805344e-03,nan,nan,nan,nan,nan,nan
nan,nan,nan,nan,nan,nan,nan,nan,nan,nan,nan,nan,nan,nan,nan,nan,-3.746397694524450372e-03,nan,nan,nan,nan,nan,nan,nan,-4.322766570605152125e-03,nan,2.017291066282478253e-03,4.322766570605218912e-03,-2.161383285302587165e-02,nan,nan,nan,nan,nan,nan,nan,nan,nan,nan,nan,nan,-3.746397694524450372e-03,nan,nan,nan,nan,nan,nan,nan,nan,-2.593659942363108969e-02,nan,nan,nan,nan,-2.276657060518727516e-02,5.763688760807462053e-04,nan,3.170028818443859642e-03,nan,nan,nan,nan,nan,nan
nan,nan,nan,nan,nan,nan,nan,nan,nan,nan,-4.245973645680824887e-02,nan,nan,nan,nan,nan,nan,nan,nan,nan,nan,nan,nan,nan,-7.027818448023470665e-03,2.928257686676261073e-04,nan,-3.221083455344087108e-03,nan,nan,nan,nan,nan,nan,1.171303074670504429e-03,nan,nan,nan,nan,nan,nan,nan,-3.806734992679405676e-03,-2.986822840409961849e-02,-1.376281112737922675e-02,nan,nan,nan,-2.898975109809664996e-02,nan,nan,nan,nan,nan,nan,nan,-9.956076134699887864e-03,nan,nan,nan,nan,nan,nan,nan,nan
4.905660377358487395e-02,nan,nan,nan,nan,nan,nan,nan,nan,nan,nan,nan,nan,nan,nan,nan,nan,3.976777939042088622e-02,nan,nan,-6.531204644412194615e-02,nan,nan,nan,9.521044992743102342e-02,nan,nan,6.182873730043540739e-02,nan,1.741654571843254205e-03,nan,nan,nan,nan,nan,nan,nan,nan,nan,nan,nan,nan,nan,nan,3.018867924528303298e-02,nan,2.060957910014513811e-02,nan,nan,nan,-5.399129172714080965e-02,nan,nan,nan,nan,nan,nan,nan,-3.773584905660376521e-03,nan,nan,nan,nan,nan,nan
3.012048192771343727e-04,nan,nan,nan,8.433734939759074400e-03,nan,nan,nan,nan,nan,-6.897590361445782303e-02,nan,nan,nan,nan,nan,nan,nan,nan,3.192771084337351489e-02,-7.951807228915661052e-02,nan,nan,5.120481927710844594e-02,nan,nan,nan,nan,nan,nan,nan,nan,nan,nan,nan,nan,nan,nan,5.632530120481928776e-02,3.674698795180723898e-02,nan,nan,nan,nan,nan,nan,nan,nan,nan,nan,nan,3.915662650602409756e-02,nan,nan,nan,nan,-9.337349397590344324e-03,nan,nan,nan,nan,nan,nan,nan,nan
nan,nan,nan,nan,nan,1.014084507042252101e-02,nan,nan,-8.732394366197281793e-03,nan,-2.535211267605641527e-02,nan,nan,nan,-5.070422535211349842e-03,nan,nan,nan,nan,nan,nan,nan,nan,nan,-1.126760563380302350e-03,nan,-6.760563380281791983e-03,nan,-1.042253521126770312e-02,nan,nan,nan,nan,nan,nan,nan,nan,nan,-4.440892098500626408e-17,nan,nan,nan,nan,4.788732394366191150e-03,nan,nan,-2.816901408450922300e-04,nan,nan,nan,nan,nan,nan,nan,nan,nan,nan,nan,nan,nan,nan,nan,nan,nan,nan
nan,nan,nan,nan,nan,nan,nan,nan,2.593659942363113653e-03,nan,nan,nan,nan,nan,-2.881844380403286504e-04,nan,nan,nan,nan,nan,nan,nan,nan,nan,nan,nan,-9.510086455331401983e-03,nan,-1.066282420749280549e-02,nan,nan,nan,nan,nan,nan,nan,nan,nan,1.383285302593662003e-02,nan,nan,2.276657060518732026e-02,6.051873198847279936e-03,nan,-2.276657060518729597e-02,nan,nan,nan,nan,nan,nan,nan,nan,nan,nan,nan,-2.219020172910663932e-02,nan,2.074927953890490923e-02,nan,nan,nan,nan,nan,nan
nan,nan,nan,2.282282282282280944e-02,nan,nan,nan,nan,nan,nan,3.903903903903903350e-02,nan,nan,nan,nan,-3.003003003003035069e-03,nan,nan,nan,nan,-2.051051051051051011e-01,-3.903903903903926768e-03,nan,nan,nan,nan,nan,nan,nan,8.108108108108091211e-03,nan,nan,nan,nan,nan,nan,nan,nan,nan,nan,nan,nan,nan,2.222222222222219878e-02,1.501501501501467661e-03,nan,nan,nan,nan,nan,-1.411411411411412839e-02,nan,nan,nan,nan,3.903903903903893809e-03,nan,nan,nan,nan,nan,nan,nan,nan,nan
nan,nan,nan,nan,nan,nan,nan,nan,nan,nan,-3.401759530791785557e-02,nan,nan,nan,nan,nan,3.812316715542518521e-03,nan,nan,nan,-5.689149560117308380e-02,nan,nan,3.196480938416419726e-02,nan,nan,-4.985337243401754756e-03,nan,-3.812316715542518521e-03,nan,nan,nan,nan,nan,nan,nan,nan,nan,nan,nan,nan,nan,nan,1.700879765395892779e-02,nan,nan,nan,nan,nan,nan,-3.167155425219938397e-02,3.167155425219938397e-02,nan,nan,nan,nan,nan,nan,4.340175953079174892e-02,nan,nan,nan,nan,nan,nan
nan,nan,nan,nan,nan,nan,nan,nan,1.010101010101012095e-02,nan,nan,nan,nan,nan,nan,nan,nan,nan,nan,nan,-1.731601731601728478e-02,nan,nan,nan,5.108225108225108307e-02,nan,-9.523809523809535077e-03,3.953823953823958071e-02,-6.060606060606011161e-03,nan,nan,nan,nan,nan,nan,nan,nan,nan,nan,nan,nan,nan,nan,nan,2.626262626262627561e-02,nan,nan,nan,2.279942279942281935e-02,nan,-6.493506493506491506e-02,nan,nan,nan,nan,-1.673881673881669890e-02,nan,nan,nan,nan,nan,nan,nan,nan,nan
1.020408163265311766e-02,nan,nan,nan,nan,nan,nan,nan,nan,nan,nan,nan,nan,nan,nan,nan,nan,nan,nan,nan,-3.177842565597664010e-02,nan,nan,nan,2.711370262390673178e-02,nan,4.440892098500626408e-17,nan,nan,nan,nan,nan,nan,nan,nan,nan,nan,nan,nan,nan,nan,nan,nan,-1.020408163265302745e-02,-5.830903790087438310e-03,nan,nan,nan,-2.623906705539314106e-03,nan,nan,-2.332361516034953293e-03,nan,nan,nan,nan,-1.195335276967925998e-02,nan,7.871720116618120128e-03,nan,nan,nan,nan,nan,nan
nan,nan,nan,2.275960170697066774e-03,nan,nan,nan,nan,-1.251778093883351185e-02,nan,-4.011379800853480393e-02,nan,1.706970128022811031e-03,nan,nan,nan,nan,nan,nan,4.551920341394066760e-03,nan,nan,nan,nan,nan,nan,-2.560455192034072347e-03,nan,-7.112375533428116556e-03,nan,nan,nan,nan,nan,nan,nan,nan,nan,-5.689900426742467224e-03,nan,nan,nan,nan,nan,nan,-2.560455192034072347e-03,nan,nan,nan,nan,nan,nan,nan,nan,nan,nan,nan,nan,2.560455192034183369e-03,nan,nan,nan,nan,nan,nan
nan,nan,nan,4.360465116279077513e-03,nan,nan,nan,nan,nan,nan,nan,nan,nan,nan,nan,nan,nan,nan,nan,nan,-3.313953488372087947e-02,nan,nan,nan,2.906976744186051892e-04,nan,nan,nan,nan,nan,nan,nan,nan,nan,nan,nan,nan,nan,7.558139534883734703e-03,nan,nan,1.715116279069770627e-02,nan,-7.558139534883734703e-03,-1.918604651162782865e-02,-3.488372093023261837e-03,nan,nan,nan,nan,nan,6.104651162790708865e-03,nan,nan,nan,nan,-1.744186046511624413e-02,nan,nan,nan,nan,nan,nan,nan,nan
nan,nan,nan,nan,nan,nan,nan,nan,nan,nan,-4.235294117647055157e-02,nan,nan,nan,nan,nan,nan,5.882352941176449690e-03,nan,nan,-3.764705882352938765e-02,nan,nan,nan,nan,nan,nan,nan,nan,nan,nan,nan,nan,nan,2.323529411764708660e-02,nan,nan,nan,2.911764705882353629e-02,1.352941176470585580e-02,1.382352941176470153e-02,2.500000000000000139e-02,4.117647058823514956e-03,nan,nan,nan,nan,nan,nan,nan,nan,nan,nan,nan,nan,8.823529411764674752e-04,nan,nan,nan,nan,nan,nan,nan,nan,nan
nan,nan,nan,nan,nan,nan,nan,nan,7.988587731811680817e-03,nan,nan,nan,nan,nan,nan,nan,nan,nan,nan,8.844507845934357002e-03,nan,-1.455064194008561830e-02,nan,nan,nan,nan,-6.590584878744654151e-02,-3.737517831669046053e-02,-6.390870185449362695e-02,nan,nan,nan,nan,nan,nan,nan,nan,nan,nan,nan,nan,nan,nan,nan,nan,nan,nan,nan,1.141226818830240984e-02,nan,-8.273894436519260709e-02,5.135520684736083127e-03,nan,nan,nan,nan,nan,nan,9.415121255349467519e-03,nan,nan,nan,nan,nan,nan
-1.035007610350078232e-02,nan,nan,nan,nan,-1.522070015220733461e-03,nan,nan,-6.392694063926973938e-03,nan,nan,nan,nan,nan,nan,nan,nan,nan,nan,nan,nan,nan,nan,nan,nan,nan,nan,-1.187214611872147198e-02,nan,nan,nan,nan,nan,nan,nan,nan,nan,nan,nan,8.219178082191747059e-03,-6.697108066971102502e-03,nan,9.132420091323867773e-04,nan,nan,nan,3.348554033485529133e-03,nan,-1.643835616438358432e-02,nan,-1.248097412480979676e-02,nan,nan,nan,nan,nan,nan,nan,nan,nan,nan,nan,nan,nan,nan
nan,nan,nan,nan,nan,nan,nan,nan,nan,nan,nan,nan,nan,nan,nan,nan,-2.558823529411759917e-02,nan,nan,nan,-3.294117647058823067e-02,nan,nan,nan,4.117647058823559192e-03,nan,-2.352941176470579789e-03,-1.029411764705878696e-02,nan,nan,nan,nan,nan,nan,nan,nan,nan,nan,1.029411764705889798e-02,nan,nan,9.705882352941253358e-03,nan,nan,nan,nan,nan,nan,3.235294117647113943e-03,nan,nan,2.647058823529424652e-03,nan,nan,nan,-1.176470588235289895e-03,nan,nan,nan,nan,nan,nan,nan,nan,nan
nan,nan,nan,nan,nan,nan,nan,nan,nan,nan,-4.815361890694243308e-02,nan,nan,nan,-1.181683899556906824e-03,nan,nan,-1.299852289512559711e-02,nan,nan,nan,nan,nan,nan,6.499261447562743044e-03,nan,nan,nan,nan,-1.477104874446122417e-03,nan,nan,nan,nan,nan,nan,nan,nan,nan,5.908419497784311858e-03,nan,nan,3.249630723781371522e-03,-7.090103397341285252e-03,nan,nan,nan,nan,nan,nan,-3.663220088626297638e-02,nan,nan,nan,nan,nan,nan,nan,1.240768094534705490e-02,nan,nan,nan,nan,nan,nan
nan,nan,nan,nan,nan,nan,nan,nan,nan,nan,-6.014388489208635086e-02,nan,nan,nan,nan,nan,nan,3.683453237410072578e-02,nan,nan,-5.841726618705038454e-02,nan,nan,1.151079136690647403e-01,nan,nan,-6.043165467625910732e-03,nan,8.920863309352511719e-03,nan,nan,nan,nan,-1.726618705035965016e-03,nan,nan,nan,nan,nan,nan,nan,1.499280575539568283e-01,nan,nan,nan,nan,nan,nan,nan,nan,nan,nan,nan,nan,nan,1.611510791366903630e-02,nan,nan,1.355395683453237132e-01,nan,nan,nan,nan,nan,nan
nan,nan,nan,nan,nan,nan,nan,nan,8.296296296296246098e-03,nan,nan,nan,nan,nan,nan,nan,nan,nan,nan,nan,-9.659259259259263264e-02,nan,nan,nan,nan,nan,7.703703703703657091e-03,nan,nan,nan,nan,nan,nan,nan,nan,nan,nan,nan,nan,1.125925925925921368e-02,nan,5.007407407407402783e-02,nan,-9.481481481481535134e-03,nan,nan,nan,nan,5.037037037037030845e-02,nan,-5.718518518518520694e-02,1.925925925925921905e-02,nan,nan,nan,nan,-7.407407407407440650e-03,nan,nan,nan,nan,nan,nan,nan,nan
nan,nan,nan,-4.231311706629048430e-03,nan,nan,nan,nan,nan,nan,nan,nan,nan,nan,nan,nan,nan,nan,nan,nan,nan,-8.744710860366700783e-03,nan,1.184767277856133526e-02,nan,nan,nan,-1.720733427362479764e-02,nan,-5.641748942172064574e-03,nan,nan,nan,nan,nan,nan,nan,nan,nan,1.043723554301831911e-02,nan,6.205923836389270684e-03,nan,-2.031029619181943385e-02,nan,-1.551480959097317758e-02,nan,nan,nan,nan,-3.413258110014107810e-02,nan,nan,nan,nan,nan,nan,nan,nan,nan,nan,nan,nan,nan,nan
6.715328467153236676e-03,nan,nan,nan,nan,nan,nan,nan,2.335766423357665735e-03,nan,-2.686131386861316875e-02,nan,nan,2.102189781021896950e-02,nan,nan,nan,nan,nan,nan,-3.445255474452557642e-02,nan,nan,nan,2.598540145985399688e-02,nan,-8.759124087591496416e-04,nan,nan,nan,nan,nan,nan,nan,nan,nan,nan,nan,4.437956204379560343e-02,nan,nan,nan,nan,nan,nan,nan,nan,nan,6.773722627737224777e-02,nan,nan,nan,nan,nan,nan,nan,-7.299270072992714367e-03,nan,nan,nan,nan,nan,nan,nan,nan
-8.797653958944273711e-03,nan,nan,nan,nan,nan,nan,nan,nan,nan,nan,nan,nan,-4.692082111436945806e-03,nan,nan,nan,nan,nan,nan,nan,nan,nan,nan,nan,nan,nan,nan,nan,nan,nan,nan,nan,nan,nan,nan,nan,nan,nan,1.759530791788854786e-03,nan,nan,nan,-2.785923753665693267e-02,-5.571847507331373524e-03,-1.583577712609969199e-02,nan,nan,-1.524926686217007409e-02,nan,-3.988269794721414907e-02,-1.554252199413488390e-02,nan,nan,nan,nan,-2.785923753665693267e-02,nan,nan,nan,nan,nan,nan,nan,nan
nan,nan,nan,7.680945347119605415e-03,nan,nan,nan,nan,nan,nan,nan,nan,nan,2.097488921713439730e-02,nan,nan,nan,nan,nan,nan,nan,nan,nan,nan,nan,nan,-5.022156573116731866e-03,8.862629246676245525e-04,-4.283604135893648301e-02,nan,nan,nan,nan,nan,nan,nan,nan,nan,nan,nan,nan,nan,nan,nan,nan,nan,nan,nan,2.658788774002940336e-03,nan,-3.870014771048746471e-02,nan,nan,nan,nan,-4.165435745937962064e-02,-5.908419497784378645e-03,nan,1.033973412112256830e-02,nan,nan,nan,nan,nan,nan
-8.823529411764674535e-03,nan,nan,nan,nan,3.205882352941180624e-02,nan,nan,nan,nan,-3.088235294117642679e-02,nan,nan,nan,-1.764705882352934950e-03,nan,nan,nan,nan,nan,-9.147058823529405358e-02,nan,nan,nan,nan,nan,nan,nan,nan,nan,nan,nan,nan,nan,nan,nan,nan,nan,nan,nan,nan,nan,6.764705882353005961e-03,3.735294117647060957e-02,nan,nan,nan,nan,5.205882352941182400e-02,nan,nan,6.000000000000005329e-02,nan,nan,nan,nan,4.705882352941248917e-03,nan,nan,nan,nan,nan,nan,nan,nan
nan,nan,nan,6.351550960118164391e-02,-3.545051698670653902e-03,nan,nan,nan,nan,nan,-1.742983751846385182e-02,nan,nan,nan,1.181683899556862372e-03,nan,nan,nan,nan,nan,-9.335302806499268247e-02,nan,nan,nan,6.676514032496301543e-02,nan,nan,nan,nan,5.908419497784311858e-03,nan,nan,nan,nan,nan,nan,nan,nan,nan,nan,nan,nan,nan,4.726735598227471691e-02,nan,nan,nan,nan,6.617429837518459812e-02,nan,nan,nan,nan,nan,nan,nan,1.299852289512550864e-02,nan,nan,nan,nan,nan,nan,nan,nan
7.591240875912364308e-03,nan,nan,nan,nan,nan,nan,nan,nan,nan,-5.138686131386867306e-02,nan,nan,nan,nan,nan,nan,nan,nan,nan,-4.671532846715333726e-02,nan,nan,nan,3.270072992700725351e-02,nan,nan,nan,nan,nan,nan,nan,nan,nan,nan,nan,nan,nan,nan,nan,nan,3.445255474452550704e-02,nan,-5.839416058394175831e-03,-4.963503649635070750e-03,nan,nan,nan,nan,nan,nan,2.394160583941600320e-02,nan,nan,nan,nan,1.167883211678777356e-03,nan,2.978102189781017817e-02,nan,nan,nan,nan,nan,nan
-1.377245508982032421e-02,nan,nan,nan,nan,nan,nan,nan,-2.095808383233488566e-03,nan,nan,nan,nan,nan,nan,nan,nan,nan,nan,nan,nan,nan,nan,nan,nan,nan,-1.197604790419157759e-02,-1.976047904191611387e-02,nan,nan,nan,nan,nan,-1.766467065868260189e-02,nan,nan,nan,nan,nan,nan,nan,1.526946107784439219e-02,nan,nan,nan,nan,nan,nan,4.790419161676684814e-03,nan,nan,nan,nan,nan,nan,-1.526946107784426035e-02,-2.485029940119753977e-02,nan,5.688622754491090214e-03,nan,nan,nan,nan,nan,nan
nan,nan,nan,nan,nan,-5.190839694656479084e-03,nan,nan,-2.137404580152673164e-02,nan,-2.229007633587787307e-02,nan,7.022900763358786227e-03,nan,nan,nan,nan,nan,nan,-5.496183206106852910e-03,nan,nan,nan,nan,nan,nan,-1.221374045801526531e-02,nan,-1.343511450381680225e-02,nan,nan,nan,nan,-2.137404580152673164e-02,nan,nan,nan,nan,nan,1.526717557251910983e-03,nan,nan,nan,nan,nan,-1.068702290076337623e-02,nan,nan,nan,nan,nan,nan,nan,nan,nan,nan,nan,nan,nan,nan,nan,nan,nan,nan,nan
1.162790697674420757e-03,nan,nan,nan,nan,nan,nan,nan,nan,nan,nan,nan,nan,nan,nan,nan,nan,nan,nan,nan,-7.063953488372094747e-02,nan,nan,nan,-2.819767441860467766e-02,nan,1.017441860465118086e-02,nan,3.110465116279070852e-02,nan,nan,nan,nan,1.308139534883723254e-02,nan,nan,nan,nan,nan,nan,nan,nan,nan,nan,nan,nan,nan,nan,-6.976744186046512919e-02,nan,-6.133720930232557794e-02,nan,nan,nan,nan,5.232558139534893189e-03,-2.005813953488371285e-02,nan,nan,nan,nan,nan,nan,nan,nan
8.708272859216492200e-04,nan,nan,nan,nan,nan,nan,nan,nan,nan,-3.599419448476048888e-02,nan,nan,nan,nan,nan,nan,5.805515239478253441e-04,nan,nan,-4.121915820029022764e-02,nan,nan,nan,1.509433962264155119e-02,nan,nan,-4.644412191581981722e-03,nan,nan,nan,nan,nan,nan,nan,nan,nan,nan,nan,nan,nan,9.579100145137919159e-03,nan,nan,-4.934687953555827282e-03,nan,nan,nan,nan,nan,nan,nan,nan,nan,nan,nan,-1.044992743105945844e-02,nan,9.288824383164029364e-03,nan,nan,nan,nan,nan,nan
nan,nan,nan,nan,nan,nan,nan,nan,nan,nan,-5.685425685425691406e-02,nan,nan,nan,nan,nan,2.828282828282822209e-02,nan,nan,nan,-1.194805194805195203e-01,nan,nan,3.953823953823949744e-02,nan,nan,-6.349206349206370885e-03,nan,nan,nan,nan,nan,nan,nan,nan,nan,nan,nan,nan,1.818181818181816706e-02,nan,nan,nan,nan,nan,3.405483405483400450e-02,nan,nan,nan,nan,-5.656565656565661765e-02,4.242424242424240599e-02,nan,nan,nan,-7.792207792207839039e-03,nan,nan,nan,nan,nan,nan,nan,nan,nan
nan,nan,nan,1.017441860465118086e-02,nan,1.017441860465118086e-02,nan,nan,2.220446049250313204e-17,nan,nan,nan,nan,nan,nan,nan,nan,nan,nan,nan,nan,nan,nan,nan,nan,nan,-2.703488372093016887e-02,nan,-2.558139534883714303e-02,nan,nan,nan,nan,-1.308139534883714407e-02,nan,nan,nan,nan,-7.848837209302229195e-03,nan,nan,nan,nan,nan,nan,nan,1.250000000000002151e-02,nan,-1.017441860465106984e-02,nan,-4.738372093023253406e-02,nan,nan,nan,nan,nan,nan,nan,nan,nan,nan,nan,nan,nan,nan
nan,nan,nan,nan,nan,3.271692745376952871e-02,nan,nan,nan,nan,-4.324324324324328728e-02,nan,nan,3.271692745376952871e-02,nan,nan,nan,nan,nan,2.816500711237550705e-02,-4.352773826458040951e-02,nan,nan,4.039829302987192616e-02,nan,nan,nan,-1.706970128022811031e-03,nan,nan,nan,nan,nan,nan,nan,nan,nan,nan,2.247510668563297218e-02,nan,nan,nan,nan,nan,nan,nan,nan,nan,nan,nan,-2.446657183499294577e-02,nan,nan,nan,nan,nan,nan,nan,2.588904694167846327e-02,nan,nan,nan,nan,nan,nan
nan,nan,nan,nan,nan,nan,nan,nan,nan,nan,1.477104874446084556e-02,nan,nan,1.979320531757754534e-02,nan,-3.545051698670598390e-03,nan,nan,nan,nan,-2.555391432791728201e-01,nan,nan,nan,nan,nan,-1.181683899556867923e-02,nan,-1.240768094534712082e-02,5.317577548005903224e-03,nan,nan,nan,nan,nan,nan,nan,nan,nan,2.186115214180206490e-02,nan,nan,nan,2.865583456425405823e-02,-7.680945347119649651e-03,nan,nan,nan,nan,nan,nan,nan,nan,nan,nan,nan,nan,nan,nan,nan,nan,nan,nan,nan,nan
7.814761215629562746e-03,nan,nan,3.704775687409556095e-02,nan,nan,nan,nan,nan,nan,-4.341534008683063661e-02,nan,nan,nan,nan,nan,nan,1.910274963820555311e-02,nan,nan,-6.657018813314033445e-02,nan,nan,nan,nan,nan,nan,nan,nan,nan,nan,nan,nan,nan,nan,nan,nan,nan,nan,nan,nan,nan,nan,8.683068017366180058e-03,3.473227206946494401e-03,nan,nan,nan,nan,nan,nan,3.415340086830685046e-02,nan,nan,nan,nan,1.128798842257603373e-02,nan,5.065123010130249959e-02,nan,nan,nan,nan,nan,nan
-5.475504322766555632e-03,nan,nan,nan,nan,nan,nan,nan,nan,nan,-3.659942363112389518e-02,nan,nan,nan,nan,nan,nan,2.881844380403731027e-04,nan,nan,nan,nan,nan,nan,-5.187319884726204755e-03,nan,nan,-8.069164265129690969e-03,nan,nan,nan,nan,nan,nan,nan,nan,nan,nan,nan,4.899135446685898114e-03,nan,-1.152737752161381388e-03,nan,-1.815561959654177215e-02,-6.916426512968287463e-03,nan,nan,nan,nan,nan,nan,nan,nan,nan,nan,nan,-1.383285302593657493e-02,nan,nan,nan,nan,nan,nan,nan,nan
nan,nan,nan,nan,nan,nan,nan,nan,-9.275362318840541312e-03,nan,-1.623188405797098069e-02,nan,nan,nan,nan,nan,nan,nan,nan,nan,-1.150724637681158902e-01,nan,nan,2.927536231884060244e-02,nan,nan,-1.159420289855066580e-02,nan,-6.666666666666621124e-03,nan,nan,nan,nan,nan,nan,nan,nan,nan,5.101449275362324176e-02,nan,nan,nan,nan,nan,nan,nan,nan,nan,nan,nan,-6.869565217391300493e-02,3.217391304347829578e-02,nan,nan,nan,nan,-1.536231884057970287e-02,nan,nan,nan,nan,nan,nan,nan,nan
nan,nan,nan,nan,-8.915304606240681551e-04,2.407132243684997203e-02,nan,nan,-8.618127786032636281e-03,nan,-3.922734026745910985e-02,nan,nan,nan,-5.052005943536386212e-03,nan,nan,nan,nan,nan,-7.518573551262996979e-02,nan,nan,8.231797919762262605e-02,4.754829123328385698e-02,nan,nan,nan,nan,nan,nan,nan,nan,nan,nan,nan,nan,nan,8.647845468053497187e-02,nan,nan,nan,nan,3.774145616641908646e-02,nan,nan,nan,nan,nan,nan,nan,nan,nan,nan,nan,nan,nan,nan,nan,nan,nan,nan,nan,nan,nan
1.479289940828387804e-03,nan,nan,nan,nan,nan,nan,nan,1.923076923076921796e-02,nan,-9.526627218934916042e-02,nan,nan,nan,nan,nan,nan,nan,nan,nan,-1.603550295857988084e-01,nan,nan,nan,nan,nan,nan,5.414201183431950615e-02,1.775147928994091863e-03,nan,nan,-5.325443786982253687e-03,nan,nan,nan,nan,nan,nan,nan,nan,nan,nan,nan,nan,nan,nan,nan,nan,nan,nan,-4.911242603550299013e-02,nan,nan,nan,nan,nan,3.491124260355027431e-02,nan,4.881656804733726374e-02,nan,nan,nan,nan,nan,nan
nan,nan,nan,1.469740634005758419e-02,nan,2.680115273775212151e-02,nan,nan,nan,nan,-2.824207492795394181e-02,nan,1.930835734870310974e-02,nan,nan,nan,nan,nan,nan,2.593659942363106888e-02,-3.371757925072049744e-02,nan,nan,nan,nan,nan,nan,-6.340057636887652497e-03,nan,nan,nan,nan,nan,nan,nan,nan,nan,nan,1.815561959654172705e-02,nan,nan,nan,nan,nan,nan,nan,nan,nan,nan,nan,nan,1.239193083573482054e-02,nan,nan,nan,nan,-5.475504322766599867e-03,nan,nan,nan,nan,nan,nan,nan,nan
-3.812316715542518521e-03,nan,nan,nan,nan,nan,nan,nan,nan,nan,-2.111436950146625829e-02,nan,nan,nan,nan,nan,nan,nan,nan,nan,nan,nan,nan,nan,nan,nan,-5.278592375366564574e-03,nan,-1.173020527859236495e-02,nan,nan,nan,nan,nan,nan,nan,nan,nan,nan,8.211143695014655811e-03,nan,nan,nan,3.812316715542518521e-03,nan,-3.519061583577709571e-03,nan,nan,nan,nan,-2.199413489736068428e-02,5.865102639296182474e-03,nan,nan,nan,nan,nan,nan,1.554252199413488390e-02,nan,nan,nan,nan,nan,nan
nan,nan,nan,nan,nan,nan,nan,nan,nan,nan,nan,nan,nan,5.197080291970803539e-02,-1.751824817518232713e-03,nan,nan,nan,nan,nan,-3.854014598540145276e-02,nan,nan,nan,7.007299270072994690e-02,nan,-2.919708029196943391e-04,4.992700729927011111e-02,nan,nan,nan,nan,nan,nan,nan,nan,nan,nan,nan,nan,nan,nan,1.751824817518252836e-02,-2.715328467153283951e-02,nan,nan,nan,nan,8.613138686131389943e-02,nan,nan,nan,nan,nan,nan,nan,3.094890510948909018e-02,nan,nan,nan,nan,nan,nan,nan,nan
nan,nan,nan,nan,nan,nan,nan,nan,2.902757619738461021e-04,nan,nan,nan,nan,nan,nan,nan,nan,nan,nan,nan,-1.001451378809869314e-01,nan,nan,nan,4.499274310595062498e-02,nan,-2.902757619738749635e-03,1.219158200290275731e-02,nan,nan,nan,nan,nan,nan,nan,nan,nan,nan,5.573294629898402353e-02,nan,4.528301886792449743e-02,nan,nan,nan,nan,nan,nan,nan,nan,nan,-9.666182873730044811e-02,4.528301886792451825e-02,nan,nan,nan,-1.103047895500726058e-02,nan,nan,nan,nan,nan,nan,nan,nan,nan
2.046783625731007743e-03,nan,nan,-1.461988304093564395e-02,nan,nan,nan,nan,nan,nan,nan,nan,5.847953216374301641e-03,nan,8.771929824561653039e-04,nan,nan,nan,nan,nan,nan,nan,nan,nan,nan,nan,nan,-1.257309941520465789e-02,nan,nan,nan,nan,nan,nan,nan,nan,nan,nan,nan,3.801169590643316450e-03,nan,nan,8.771929824561653039e-04,-2.953216374269003117e-02,-1.374269005847952342e-02,nan,nan,nan,nan,nan,nan,nan,nan,nan,nan,nan,-2.105263157894734366e-02,nan,nan,nan,nan,nan,nan,nan,nan
1.248142644873695417e-02,nan,nan,nan,nan,-8.915304606240681551e-04,nan,nan,1.545319465081724727e-02,nan,nan,nan,nan,nan,nan,nan,nan,nan,nan,nan,nan,nan,nan,3.536404160475481451e-02,nan,nan,-4.546805349182767714e-02,7.132243684992545241e-03,-5.141158989598815232e-02,nan,nan,nan,nan,nan,nan,nan,nan,nan,nan,nan,nan,nan,nan,nan,nan,nan,nan,nan,nan,nan,-6.508172362555719737e-02,nan,nan,nan,nan,nan,-5.943536404160676629e-04,nan,2.347696879643388496e-02,nan,nan,nan,nan,nan,nan
nan,nan,nan,nan,nan,nan,nan,nan,nan,nan,-8.764705882352934185e-02,nan,nan,nan,-1.294117647058818862e-02,nan,nan,5.117647058823533712e-02,nan,1.411764705882359063e-02,-1.026470588235293829e-01,nan,nan,nan,4.823529411764711228e-02,nan,nan,4.117647058823534906e-02,nan,nan,nan,nan,nan,nan,nan,nan,nan,nan,nan,nan,nan,nan,1.000000000000005398e-02,nan,nan,nan,nan,nan,nan,nan,nan,1.941176470588239569e-02,nan,nan,nan,nan,2.441176470588240013e-02,nan,nan,nan,nan,nan,nan,nan,nan
nan,nan,nan,2.517882689556514425e-02,nan,nan,nan,nan,nan,nan,-3.090128755364805052e-02,nan,nan,nan,nan,nan,nan,nan,nan,nan,-6.323319027181684149e-02,nan,nan,nan,nan,nan,nan,-6.008583690987090095e-03,1.430615164520787717e-03,nan,nan,-8.297567954220253644e-03,nan,nan,nan,nan,nan,nan,4.177396280400576256e-02,nan,nan,nan,1.716738197424949640e-03,1.974248927038630905e-02,nan,nan,nan,nan,nan,nan,nan,2.317596566523605350e-02,nan,nan,nan,nan,nan,nan,nan,nan,nan,nan,nan,nan,nan
nan,nan,nan,nan,nan,6.363636363636368531e-02,nan,nan,nan,nan,nan,nan,nan,1.029325513196481107e-01,nan,nan,nan,nan,nan,nan,-6.950146627565975677e-02,nan,nan,nan,nan,nan,2.346041055718472903e-03,nan,9.384164222873891611e-03,nan,nan,nan,nan,nan,nan,nan,nan,nan,nan,8.093841642228742639e-02,nan,1.178885630498533732e-01,nan,nan,nan,-1.173020527859236451e-03,nan,nan,nan,nan,-4.340175953079174892e-02,nan,nan,nan,nan,nan,nan,nan,6.832844574780064240e-02,nan,nan,nan,nan,nan,nan
1.139601139601120663e-03,nan,nan,-3.703703703703720325e-03,nan,nan,nan,nan,3.703703703703697774e-03,nan,nan,nan,2.079772079772079785e-02,nan,nan,-2.279202279202241326e-03,nan,nan,nan,1.623931623931622673e-02,nan,nan,nan,nan,nan,nan,nan,nan,nan,nan,nan,nan,nan,nan,nan,nan,nan,nan,nan,1.680911680911680722e-02,nan,nan,nan,nan,nan,nan,nan,nan,nan,nan,-2.250712250712250118e-02,-1.310541310541311032e-02,nan,nan,nan,nan,-2.621082621082619982e-02,nan,nan,nan,nan,nan,nan,nan,nan
nan,nan,nan,nan,nan,nan,nan,nan,nan,nan,nan,nan,nan,nan,nan,nan,-5.202312138728348856e-03,1.156069364161849133e-02,nan,nan,-5.404624277456648862e-02,nan,nan,nan,nan,nan,5.491329479768780782e-03,1.184971098265892239e-02,1.676300578034681937e-02,nan,nan,nan,nan,nan,1.011560693641617645e-02,nan,nan,nan,nan,nan,nan,nan,nan,nan,nan,nan,nan,nan,-3.150289017341041664e-02,nan,-1.878612716763006230e-02,nan,nan,nan,nan,1.936416184971096952e-02,nan,nan,nan,nan,nan,nan,nan,nan,nan
2.444771723122234411e-02,nan,nan,nan,nan,2.238586156111923436e-02,nan,nan,nan,nan,-5.891016200294552085e-02,nan,nan,nan,-2.061855670103174363e-03,nan,nan,nan,nan,nan,-7.275405007363777710e-02,nan,nan,nan,6.745213549337256143e-02,nan,-8.247422680412452856e-03,nan,nan,nan,nan,nan,nan,nan,nan,nan,nan,nan,1.075110456553755311e-01,nan,nan,nan,nan,nan,4.418262150220874859e-03,nan,nan,nan,nan,nan,nan,nan,nan,nan,nan,nan,nan,nan,7.628865979381441176e-02,nan,nan,nan,nan,nan,nan
2.981186685962376043e-02,nan,nan,nan,nan,nan,nan,nan,nan,nan,nan,nan,nan,nan,nan,nan,-7.525325615050615716e-03,nan,nan,nan,-3.791606367583207071e-02,nan,nan,nan,9.667149059334301242e-02,nan,1.215629522431265278e-02,nan,4.717800289435603034e-02,nan,nan,nan,nan,nan,nan,nan,nan,nan,nan,nan,nan,3.646888567293782302e-02,nan,nan,nan,nan,nan,nan,nan,nan,-4.544138929088272633e-02,nan,nan,nan,nan,-3.473227206946405497e-03,nan,nan,4.109985528219972650e-02,nan,nan,nan,nan,nan,nan
nan,nan,nan,-3.188405797101467789e-03,-7.536231884057986545e-03,-8.695652173913059196e-03,nan,nan,-7.246376811594212528e-03,nan,nan,nan,nan,nan,-2.318840579710168721e-03,nan,nan,nan,nan,nan,-9.101449275362320790e-02,nan,nan,nan,-6.956521739130449786e-03,nan,-1.014492753623189546e-02,nan,nan,nan,nan,nan,nan,nan,nan,nan,nan,nan,nan,-4.927536231884066358e-03,nan,nan,nan,nan,nan,nan,nan,nan,nan,nan,-2.753623188405798089e-02,nan,nan,nan,nan,nan,nan,nan,nan,nan,nan,nan,nan,nan,nan
-8.284023668639095214e-03,nan,nan,nan,nan,nan,nan,nan,nan,nan,nan,nan,nan,-1.213017751479295026e-02,nan,nan,nan,-2.958579881657152802e-04,nan,nan,nan,nan,nan,nan,-1.686390532544384049e-02,nan,nan,-1.065088757396452993e-02,nan,3.846153846153788254e-03,nan,nan,nan,nan,-8.875739644971014424e-04,nan,nan,nan,nan,5.917159763313195380e-04,3.550295857988117372e-03,nan,nan,nan,nan,nan,-2.692307692307695927e-02,nan,nan,nan,nan,nan,nan,nan,nan,nan,nan,nan,nan,nan,nan,nan,nan,nan,nan
nan,nan,nan,nan,nan,3.667136812411864004e-03,nan,nan,nan,nan,nan,nan,nan,nan,nan,nan,nan,nan,nan,1.410437235543016143e-03,nan,nan,nan,5.641748942172064357e-04,nan,nan,3.102961918194635342e-03,nan,nan,nan,nan,nan,nan,nan,nan,nan,nan,nan,nan,1.692524682651619415e-03,nan,1.410437235543016143e-03,nan,-5.641748942172064574e-03,nan,nan,nan,nan,-7.898448519040890750e-03,nan,nan,-1.015514809590971693e-02,nan,nan,nan,nan,nan,nan,-3.102961918194635342e-03,nan,nan,nan,nan,nan,nan
nan,nan,nan,8.335745296671490112e-02,-2.315484804630969437e-02,nan,nan,nan,nan,nan,nan,nan,nan,nan,-5.094066570188134774e-02,nan,nan,nan,nan,nan,-1.643994211287988505e-01,nan,nan,nan,nan,nan,-2.865412445730826027e-02,5.643994211287987894e-02,nan,nan,nan,nan,nan,nan,nan,nan,nan,nan,nan,nan,nan,nan,nan,-5.412445730824894108e-02,5.730824891461648585e-02,nan,nan,nan,nan,nan,nan,nan,nan,nan,nan,-2.894356005788800809e-04,5.701881331403761688e-02,nan,nan,nan,nan,nan,nan,nan,nan
3.473227206946449732e-03,nan,nan,nan,nan,nan,nan,nan,-5.499276410998565900e-03,nan,nan,nan,nan,4.052098408104165550e-03,nan,nan,nan,nan,nan,3.762662807525285306e-03,nan,nan,nan,nan,-3.183791606367614158e-03,nan,nan,nan,nan,nan,nan,nan,nan,nan,nan,nan,nan,nan,nan,5.209840810419663973e-03,nan,nan,nan,nan,-3.762662807525352093e-03,nan,nan,nan,nan,nan,-6.657018813314086007e-03,6.657018813314019220e-03,nan,nan,nan,nan,-1.447178002894360452e-02,nan,nan,nan,nan,nan,nan,nan,nan
-3.513909224011691097e-03,nan,nan,nan,nan,nan,nan,nan,nan,nan,-2.371888726207904696e-02,nan,nan,nan,nan,nan,nan,nan,nan,7.906295754026371539e-03,nan,nan,nan,nan,-1.171303074670570999e-03,nan,nan,-1.405563689604685286e-02,nan,nan,nan,nan,nan,nan,nan,nan,nan,nan,nan,6.734992679355777771e-03,nan,-4.392386530014613655e-03,nan,nan,nan,nan,nan,nan,0.000000000000000000e+00,nan,nan,-2.928257686676261073e-04,nan,nan,nan,nan,-1.405563689604683031e-02,nan,nan,nan,nan,nan,nan,nan,nan
nan,nan,nan,3.085880640465794508e-02,nan,nan,nan,nan,nan,nan,-4.163027656477440164e-02,nan,nan,nan,-2.620087336244525389e-03,nan,nan,nan,nan,nan,-8.937409024745268660e-02,nan,nan,nan,2.620087336244538573e-02,nan,nan,-5.240174672489095013e-03,nan,nan,nan,nan,nan,nan,nan,nan,nan,nan,nan,nan,nan,nan,-5.822416302765809782e-04,1.513828238719066091e-02,-2.911208151382682630e-04,nan,nan,nan,nan,nan,nan,2.707423580786025991e-02,nan,nan,nan,nan,nan,nan,nan,nan,nan,nan,nan,nan,nan
nan,nan,nan,2.949438202247189889e-02,nan,nan,nan,nan,nan,nan,nan,nan,nan,nan,nan,-2.219101123595506111e-02,nan,nan,nan,nan,-7.865168539325846642e-02,nan,nan,nan,8.651685393258426449e-02,nan,nan,8.370786516853931380e-02,nan,nan,nan,nan,nan,nan,nan,nan,nan,nan,nan,nan,nan,nan,3.370786516853929715e-02,nan,6.348314606741570221e-02,nan,nan,nan,nan,nan,-7.471910112359550493e-02,-2.359550561797751911e-02,nan,nan,nan,-1.966292134831462007e-02,nan,nan,nan,nan,nan,nan,nan,nan,nan
nan,nan,nan,-1.066666666666666805e-02,nan,nan,nan,nan,-1.659259259259260322e-02,nan,-3.496296296296295264e-02,nan,-2.370370370370378146e-03,-2.074074074074072800e-03,nan,nan,nan,nan,nan,nan,nan,nan,nan,4.740740740740734607e-03,-9.481481481481490031e-03,nan,nan,nan,nan,nan,nan,nan,nan,nan,-5.629629629629628526e-03,nan,nan,nan,-2.044444444444446646e-02,-5.925925925926112331e-04,nan,nan,nan,nan,nan,nan,nan,nan,nan,nan,nan,nan,nan,nan,nan,nan,nan,nan,nan,nan,nan,nan,nan,nan,nan
3.838080959520238228e-02,nan,nan,nan,nan,nan,nan,nan,-8.995502248875552817e-03,nan,nan,nan,nan,nan,nan,nan,nan,nan,nan,nan,-3.838080959520240310e-02,nan,nan,nan,nan,nan,-2.698650674662639477e-03,nan,6.296851574212891656e-03,3.058470764617691323e-02,nan,nan,nan,nan,nan,nan,nan,nan,nan,nan,9.115442278860570735e-02,nan,nan,nan,4.407796101949026241e-02,nan,nan,nan,nan,nan,nan,nan,nan,nan,nan,nan,3.388305847076462929e-02,nan,-1.859070464767615879e-02,nan,nan,nan,nan,nan,nan
nan,nan,nan,-6.442166910688151664e-03,nan,nan,nan,nan,-2.049780380673515891e-03,nan,nan,nan,nan,nan,nan,nan,nan,nan,nan,nan,nan,nan,nan,nan,nan,nan,nan,nan,nan,nan,nan,nan,nan,nan,nan,nan,nan,nan,-2.108345534407030097e-02,5.856515373352744408e-04,nan,2.635431918008768106e-03,nan,-1.610541727672039000e-02,nan,nan,nan,nan,-1.815519765739386296e-02,nan,-2.166910688140557401e-02,nan,nan,nan,nan,nan,-1.200585651537335909e-02,nan,7.613469985358700329e-03,nan,nan,nan,nan,nan,nan
5.619596541786745642e-02,nan,nan,nan,nan,nan,nan,nan,nan,nan,-2.579250720461094271e-01,nan,nan,nan,-4.899135446685865154e-03,nan,nan,nan,nan,nan,-2.406340057636887353e-01,nan,nan,nan,nan,nan,8.645533141210636884e-04,8.155619596541788252e-02,nan,nan,nan,nan,nan,nan,8.184438040345823340e-02,nan,nan,nan,nan,nan,nan,nan,3.198847262247840606e-02,nan,8.069164265129682989e-02,nan,nan,nan,nan,nan,nan,nan,nan,nan,nan,nan,8.270893371757927215e-02,nan,nan,nan,nan,nan,nan,nan,nan
nan,nan,nan,4.690647482014389386e-02,3.165467625899309745e-03,nan,nan,nan,nan,nan,1.237410071942450854e-02,nan,nan,nan,-6.330935251798531019e-03,nan,nan,nan,nan,nan,-1.375539568345323649e-01,nan,nan,nan,nan,nan,2.187050359712232675e-02,3.568345323741010239e-02,nan,nan,nan,nan,nan,nan,nan,nan,nan,nan,nan,nan,nan,nan,nan,5.553956834532375320e-02,nan,nan,nan,nan,6.733812949640291534e-02,nan,nan,nan,nan,nan,nan,nan,3.021582733812949728e-02,nan,nan,nan,nan,nan,nan,nan,nan
nan,nan,nan,-3.866279069767437904e-02,nan,nan,nan,nan,nan,nan,-7.354651162790697139e-02,nan,nan,nan,-1.453488372093025838e-03,-1.162790697674418415e-02,nan,5.813953488372103351e-03,nan,nan,nan,nan,nan,nan,nan,nan,nan,4.941860465116287675e-03,nan,1.162790697674420757e-03,nan,nan,nan,nan,nan,nan,nan,nan,nan,nan,nan,nan,1.395348837209304735e-02,nan,1.162790697674420670e-02,nan,nan,nan,nan,nan,nan,nan,nan,nan,nan,nan,-4.941860465116287675e-03,nan,nan,nan,nan,nan,nan,nan,nan
-5.830903790087394074e-03,nan,nan,nan,3.206997084548146755e-03,nan,nan,nan,nan,nan,-3.206997084548057850e-03,nan,nan,nan,-1.457725947521826184e-03,nan,nan,nan,nan,nan,nan,nan,nan,nan,-5.830903790087438527e-04,nan,-9.912536443148645821e-03,nan,-6.997084548104948350e-03,nan,nan,nan,nan,nan,nan,nan,nan,nan,2.769679300291551932e-02,nan,nan,nan,nan,nan,nan,nan,nan,nan,1.195335276967934846e-02,nan,nan,nan,nan,nan,nan,nan,nan,nan,9.037900874635629300e-03,nan,nan,nan,nan,nan,nan
nan,nan,nan,1.123563218390804253e-01,nan,nan,nan,nan,nan,nan,nan,nan,nan,nan,-8.620689655172463980e-03,-3.735632183908066308e-03,nan,nan,nan,nan,-4.339080459770119219e-02,nan,nan,1.704022988505747016e-01,9.568965517241376229e-02,nan,nan,nan,nan,nan,nan,nan,nan,nan,nan,nan,nan,nan,nan,nan,nan,nan,1.465517241379305988e-02,nan,-1.436781609195447815e-03,nan,9.597701149425286182e-02,nan,nan,nan,nan,6.896551724137925388e-02,nan,nan,nan,nan,nan,nan,nan,nan,nan,nan,nan,nan,nan
nan,nan,nan,nan,nan,nan,nan,nan,8.510638297872307606e-03,nan,nan,nan,nan,nan,-1.215805471124675654e-03,nan,nan,nan,nan,nan,nan,nan,nan,-3.039513677811611723e-03,nan,nan,nan,-2.097264437689973920e-02,nan,1.306990881458964734e-02,nan,nan,nan,nan,nan,nan,nan,nan,nan,nan,1.519756838905770256e-02,nan,3.039513677811189860e-04,-3.677811550151979109e-02,-1.884498480243166491e-02,nan,nan,nan,nan,nan,-2.796352583586632010e-02,nan,nan,nan,nan,nan,nan,nan,nan,nan,nan,nan,nan,nan,nan
1.394700139469984192e-03,nan,nan,nan,nan,2.594142259414220636e-02,nan,nan,nan,nan,nan,nan,nan,3.040446304044623974e-02,nan,nan,nan,nan,nan,1.896792189679217394e-02,nan,nan,nan,nan,nan,nan,-1.059972105997215516e-02,nan,-6.415620641562091997e-03,nan,nan,nan,nan,nan,nan,nan,nan,nan,nan,nan,nan,nan,nan,nan,-6.415620641562114548e-03,nan,nan,nan,-3.068340306834049618e-03,nan,-1.283124128312418399e-02,1.394700139470008739e-02,nan,nan,nan,nan,nan,nan,nan,nan,nan,nan,nan,nan,nan
nan,nan,nan,nan,nan,nan,nan,nan,-1.058655221745354903e-02,nan,-3.175965665236055863e-02,nan,6.294706723891252236e-03,nan,nan,nan,nan,nan,nan,-2.861230329041841497e-04,nan,nan,nan,nan,nan,nan,-1.001430615164526985e-02,nan,5.722460658083017293e-04,nan,nan,nan,nan,nan,nan,nan,nan,nan,4.005722460658045318e-03,nan,nan,9.728183118741040927e-03,nan,nan,nan,-3.433476394849810376e-03,nan,nan,nan,nan,nan,6.294706723891252236e-03,nan,nan,nan,nan,nan,nan,nan,nan,nan,nan,nan,nan,nan
nan,nan,nan,nan,nan,nan,nan,nan,nan,nan,-1.661807580174925331e-02,nan,nan,nan,nan,-2.040816326530636715e-03,nan,nan,nan,nan,-1.122448979591836593e-01,nan,nan,nan,nan,nan,nan,1.370262390670553589e-02,nan,nan,nan,nan,nan,nan,nan,nan,nan,nan,nan,1.049562682215743337e-02,nan,nan,nan,1.953352769679299675e-02,8.454810495626819203e-03,nan,nan,nan,3.877551020408161880e-02,nan,-4.285714285714288529e-02,nan,nan,nan,nan,nan,6.122448979591821674e-03,nan,nan,nan,nan,nan,nan,nan,nan
nan,nan,nan,nan,nan,nan,nan,nan,nan,nan,nan,nan,nan,nan,nan,-3.571428571428558740e-03,nan,nan,nan,nan,nan,nan,nan,nan,-7.738095238095210604e-03,nan,7.440476190476230829e-03,nan,-4.970238095238092846e-02,nan,nan,nan,nan,nan,nan,nan,nan,nan,nan,-1.160714285714281591e-02,nan,nan,-3.273809523809512179e-03,nan,-2.678571428571428076e-02,nan,nan,nan,nan,nan,-1.845238095238093193e-02,nan,nan,nan,nan,-3.363095238095237249e-02,-3.154761904761904656e-02,nan,nan,nan,nan,nan,nan,nan,nan
nan,nan,nan,-1.333333333333330817e-02,nan,nan,nan,nan,-1.878787878787877702e-02,nan,nan,nan,nan,nan,-2.424242424242395617e-03,nan,nan,nan,nan,nan,nan,nan,nan,nan,nan,nan,1.545454545454547600e-02,nan,-5.333333333333330206e-02,nan,nan,nan,nan,1.515151515151516061e-02,nan,nan,nan,nan,nan,-1.484848484848482267e-02,nan,nan,5.151515151515173412e-03,nan,-3.939393939393909250e-03,nan,nan,nan,nan,nan,-1.696969696969692284e-02,nan,nan,nan,nan,nan,nan,nan,nan,nan,nan,nan,nan,nan,nan
-5.588235294117604827e-03,nan,nan,nan,nan,-7.058823529411739801e-03,nan,nan,nan,nan,nan,nan,2.205882352941179736e-02,nan,nan,nan,nan,nan,nan,2.941176470588668717e-04,nan,-6.176470588235250317e-03,nan,nan,nan,nan,-1.852941176470581514e-02,nan,nan,nan,nan,8.823529411764763006e-03,nan,1.441176470588241207e-02,nan,nan,nan,nan,nan,2.529411764705886620e-02,nan,nan,nan,nan,nan,-1.352941176470583498e-02,nan,nan,nan,nan,nan,nan,nan,nan,nan,nan,nan,nan,nan,nan,nan,nan,nan,nan,nan
nan,nan,nan,-5.772005772005650570e-04,nan,nan,nan,nan,nan,nan,-2.193362193362191626e-02,nan,nan,nan,2.886002886002936416e-04,nan,-9.523809523809489974e-03,nan,nan,nan,nan,nan,nan,nan,-1.096681096681093558e-02,nan,nan,nan,nan,nan,nan,nan,nan,nan,nan,nan,nan,nan,nan,nan,nan,-5.772005772005428309e-04,2.020202020202011093e-03,nan,nan,-8.658008658008586444e-04,nan,nan,nan,nan,nan,-4.617604617604587243e-03,nan,nan,nan,nan,nan,nan,4.617604617604608927e-03,nan,nan,nan,nan,nan,nan
nan,nan,nan,7.532846715328465892e-02,-2.335766423357665735e-03,5.021897810218978186e-02,nan,nan,nan,nan,nan,nan,nan,nan,-2.160583941605841510e-02,nan,nan,nan,nan,nan,-2.128467153284671343e-01,nan,nan,nan,nan,nan,-7.591240875912408544e-03,2.218978102189780172e-02,nan,nan,nan,nan,nan,nan,nan,nan,nan,nan,5.810218978102190540e-02,4.875912408759123379e-02,nan,nan,nan,nan,nan,nan,nan,nan,nan,nan,-6.072992700729925447e-02,nan,nan,nan,nan,nan,nan,nan,nan,nan,nan,nan,nan,nan,nan
