nan,nan,nan,nan,nan,nan,nan,nan,nan,nan,nan,nan,nan,nan,5.084745762711851032e-03,nan,0.000000000000000000e+00,nan,nan,nan,nan,nan,nan,nan,nan,9.322033898305104316e-03,0.000000000000000000e+00,nan,8.474576271186417663e-04,nan,nan,nan,7.627118644067798665e-03,nan,nan,nan,nan,nan,nan,nan,nan,nan,nan,0.000000000000000000e+00,nan,0.000000000000000000e+00,nan,8.474576271186417663e-04,nan,nan,nan,nan,nan,nan,nan,7.627118644067776114e-03,nan,nan,nan,nan,nan,nan,nan,nan,nan
nan,nan,nan,nan,nan,nan,nan,nan,nan,nan,nan,nan,nan,nan,1.138211382113813938e-02,nan,0.000000000000000000e+00,nan,nan,nan,nan,nan,nan,nan,nan,-1.056910569105697952e-02,6.504065040650352722e-03,nan,8.943089430894257327e-03,nan,nan,nan,6.504065040650331038e-03,nan,nan,nan,nan,nan,nan,nan,nan,nan,nan,0.000000000000000000e+00,nan,0.000000000000000000e+00,nan,-4.065040650406537455e-03,nan,nan,nan,nan,nan,nan,nan,4.878048780487764975e-03,nan,nan,nan,nan,nan,nan,nan,nan,nan
nan,nan,nan,nan,nan,nan,nan,nan,nan,nan,nan,nan,nan,nan,-8.163265306122102338e-04,nan,0.000000000000000000e+00,1.632653061224531490e-03,nan,nan,nan,nan,nan,nan,nan,-2.448979591836719823e-03,9.795918367346945210e-03,nan,-1.632653061224442802e-03,nan,nan,nan,0.000000000000000000e+00,nan,nan,nan,nan,nan,nan,nan,nan,nan,nan,0.000000000000000000e+00,nan,0.000000000000000000e+00,nan,nan,nan,nan,nan,nan,nan,nan,nan,-5.714285714285671780e-03,nan,nan,nan,nan,nan,nan,nan,nan,nan
nan,nan,nan,nan,nan,nan,nan,nan,nan,nan,nan,nan,nan,nan,3.149606299212592744e-03,nan,0.000000000000000000e+00,7.874015748031481859e-04,nan,nan,nan,nan,nan,nan,nan,3.937007874015741038e-03,1.338582677165351884e-02,nan,7.874015748031481859e-04,nan,nan,nan,1.496062992125981629e-02,nan,nan,nan,nan,nan,nan,nan,nan,nan,nan,0.000000000000000000e+00,nan,0.000000000000000000e+00,nan,nan,nan,nan,nan,nan,nan,nan,nan,-4.724409448818888899e-03,nan,nan,nan,nan,nan,nan,nan,nan,nan
nan,nan,nan,nan,nan,nan,nan,nan,nan,nan,nan,nan,nan,nan,1.387755102040813017e-02,nan,0.000000000000000000e+00,nan,nan,nan,nan,nan,nan,nan,nan,1.142857142857138866e-02,5.714285714285671780e-03,nan,nan,nan,nan,0.000000000000000000e+00,8.163265306122324599e-04,nan,nan,nan,nan,nan,nan,nan,nan,nan,nan,0.000000000000000000e+00,nan,0.000000000000000000e+00,nan,0.000000000000000000e+00,nan,nan,nan,nan,nan,nan,nan,1.061224489795911143e-02,nan,nan,nan,nan,nan,nan,nan,nan,nan
nan,nan,nan,nan,nan,nan,nan,nan,nan,nan,nan,nan,nan,nan,8.196721311475396385e-03,nan,0.000000000000000000e+00,nan,nan,nan,nan,nan,nan,nan,nan,4.918032786885228984e-03,5.737704918032782327e-03,nan,nan,nan,nan,0.000000000000000000e+00,4.098360655737676508e-03,nan,nan,nan,nan,nan,nan,nan,nan,nan,nan,0.000000000000000000e+00,nan,0.000000000000000000e+00,nan,8.196721311475307914e-04,nan,nan,nan,nan,nan,nan,nan,7.377049180327843909e-03,nan,nan,nan,nan,nan,nan,nan,nan,nan
nan,nan,nan,nan,nan,nan,nan,nan,nan,nan,nan,nan,nan,nan,7.751937984496138018e-04,9.302325581395366055e-03,0.000000000000000000e+00,nan,nan,nan,nan,nan,nan,nan,nan,6.201550387596910414e-03,6.976744186046523674e-03,nan,nan,nan,nan,nan,7.751937984496138018e-04,nan,7.751937984496138018e-04,nan,nan,nan,nan,nan,nan,nan,nan,0.000000000000000000e+00,nan,0.000000000000000000e+00,nan,nan,nan,nan,nan,nan,nan,nan,nan,7.751937984496138018e-04,nan,nan,nan,nan,nan,nan,nan,nan,nan
nan,nan,nan,nan,nan,nan,nan,nan,nan,nan,nan,nan,nan,nan,2.400000000000001958e-03,nan,0.000000000000000000e+00,nan,nan,nan,nan,nan,nan,nan,nan,-2.400000000000001958e-03,-1.600000000000001378e-03,nan,nan,nan,nan,0.000000000000000000e+00,2.400000000000001958e-03,nan,nan,nan,nan,nan,nan,nan,nan,nan,nan,0.000000000000000000e+00,nan,0.000000000000000000e+00,nan,0.000000000000000000e+00,nan,nan,nan,nan,nan,nan,nan,-1.040000000000000993e-02,nan,nan,nan,nan,nan,nan,nan,nan,nan
nan,nan,nan,nan,nan,nan,nan,nan,nan,nan,nan,nan,nan,nan,1.526717557251888648e-03,nan,0.000000000000000000e+00,nan,nan,nan,nan,nan,nan,nan,nan,9.923664122137387453e-03,-3.053435114503866201e-03,nan,1.526717557251888648e-03,nan,nan,nan,6.106870229007599696e-03,nan,nan,nan,nan,nan,nan,nan,nan,nan,nan,0.000000000000000000e+00,nan,0.000000000000000000e+00,nan,nan,nan,nan,nan,nan,nan,-3.053435114503844083e-03,nan,-3.816793893129810742e-03,nan,nan,nan,nan,nan,nan,nan,nan,nan
nan,nan,nan,nan,nan,nan,nan,nan,nan,nan,nan,nan,nan,nan,-2.298850574712618493e-03,4.440892098500626408e-17,0.000000000000000000e+00,-5.363984674329458184e-03,nan,nan,nan,nan,nan,nan,nan,2.220446049250313204e-17,nan,nan,nan,-5.363984674329436500e-03,nan,nan,-6.896551724137900581e-03,nan,nan,nan,nan,nan,nan,nan,nan,nan,nan,0.000000000000000000e+00,nan,0.000000000000000000e+00,nan,nan,nan,nan,nan,nan,nan,nan,nan,1.532567049808441963e-03,nan,nan,nan,nan,nan,nan,nan,nan,nan
nan,nan,nan,nan,nan,nan,nan,nan,nan,nan,nan,nan,nan,nan,1.322957198443583914e-02,nan,0.000000000000000000e+00,nan,nan,nan,nan,nan,nan,nan,nan,1.089494163424129490e-02,nan,nan,-7.782101167315147450e-03,nan,nan,0.000000000000000000e+00,-1.089494163424120643e-02,nan,nan,nan,nan,nan,nan,nan,nan,nan,nan,0.000000000000000000e+00,nan,0.000000000000000000e+00,nan,-2.334630350194544235e-03,nan,nan,nan,nan,nan,nan,nan,-7.003891050583632705e-03,nan,nan,nan,nan,nan,nan,nan,nan,nan
nan,nan,nan,nan,nan,nan,nan,nan,nan,nan,nan,nan,nan,nan,0.000000000000000000e+00,nan,0.000000000000000000e+00,nan,nan,nan,nan,nan,nan,nan,nan,3.162055335968361192e-03,-2.371541501976293011e-03,nan,-6.324110671936766619e-03,nan,nan,nan,9.486166007905106126e-03,nan,nan,nan,nan,nan,nan,nan,nan,nan,nan,0.000000000000000000e+00,nan,0.000000000000000000e+00,nan,nan,nan,nan,nan,nan,nan,1.581027667984158478e-03,nan,-5.533596837944698872e-03,nan,nan,nan,nan,nan,nan,nan,nan,nan
nan,nan,nan,nan,nan,nan,nan,nan,nan,nan,nan,nan,nan,nan,1.619433198380582127e-03,8.906882591093113338e-03,0.000000000000000000e+00,nan,nan,nan,nan,nan,nan,nan,nan,-4.048582995951432659e-03,1.619433198380559793e-03,nan,-1.619433198380582127e-03,nan,nan,nan,-2.220446049250313204e-17,nan,nan,nan,nan,nan,nan,nan,nan,nan,nan,0.000000000000000000e+00,nan,0.000000000000000000e+00,nan,nan,nan,nan,nan,nan,nan,nan,nan,-1.619433198380582127e-03,nan,nan,nan,nan,nan,nan,nan,nan,nan
nan,nan,nan,nan,nan,nan,nan,nan,nan,nan,nan,nan,nan,nan,3.816793893129743955e-03,nan,0.000000000000000000e+00,3.816793893129766073e-03,nan,nan,nan,nan,nan,nan,nan,2.290076335877855307e-03,-4.440892098500626408e-17,nan,3.053435114503799848e-03,nan,nan,nan,8.396946564885477554e-03,nan,nan,nan,nan,nan,nan,nan,nan,nan,nan,0.000000000000000000e+00,nan,0.000000000000000000e+00,nan,nan,nan,nan,nan,nan,nan,nan,nan,-7.633587786259665503e-04,nan,nan,nan,nan,nan,nan,nan,nan,nan
nan,nan,nan,nan,nan,nan,nan,nan,nan,nan,nan,nan,nan,nan,1.056910569105693441e-02,nan,0.000000000000000000e+00,nan,nan,nan,nan,nan,nan,nan,nan,3.252032520325221030e-03,8.130081300812940902e-04,nan,-3.252032520325198912e-03,nan,nan,-3.252032520325176361e-03,-2.439024390243882488e-03,nan,nan,nan,nan,nan,nan,nan,nan,nan,nan,0.000000000000000000e+00,nan,0.000000000000000000e+00,nan,nan,nan,nan,nan,nan,nan,nan,nan,6.504065040650419509e-03,nan,nan,nan,nan,nan,nan,nan,nan,nan
nan,nan,nan,nan,nan,nan,nan,nan,nan,nan,nan,nan,nan,nan,2.531645569620222420e-03,nan,0.000000000000000000e+00,nan,nan,nan,nan,nan,nan,nan,nan,5.063291139240489076e-03,0.000000000000000000e+00,nan,0.000000000000000000e+00,nan,nan,nan,5.907172995780562638e-03,nan,nan,nan,nan,nan,nan,nan,nan,nan,nan,0.000000000000000000e+00,nan,0.000000000000000000e+00,nan,0.000000000000000000e+00,nan,nan,nan,nan,nan,nan,nan,0.000000000000000000e+00,nan,nan,nan,nan,nan,nan,nan,nan,nan
nan,nan,nan,nan,nan,nan,nan,nan,nan,nan,nan,nan,nan,nan,-7.905138339920902979e-04,nan,0.000000000000000000e+00,nan,nan,nan,nan,nan,nan,nan,nan,1.343873517786564609e-02,-7.905138339920902979e-04,nan,nan,nan,nan,0.000000000000000000e+00,-3.952569169960451489e-03,nan,nan,nan,nan,nan,nan,nan,nan,nan,nan,0.000000000000000000e+00,nan,0.000000000000000000e+00,nan,0.000000000000000000e+00,nan,nan,nan,nan,nan,nan,nan,1.581027667984202714e-03,nan,nan,nan,nan,nan,nan,nan,nan,nan
nan,nan,nan,nan,nan,nan,nan,nan,nan,nan,nan,nan,nan,nan,9.677419354838701429e-03,nan,0.000000000000000000e+00,nan,nan,nan,nan,nan,nan,nan,nan,1.854838709677417846e-02,6.451612903225800374e-03,nan,nan,nan,nan,8.064516129032250468e-04,2.096774193548385165e-02,nan,nan,nan,nan,nan,nan,nan,nan,nan,nan,0.000000000000000000e+00,nan,0.000000000000000000e+00,nan,8.064516129032250468e-04,nan,nan,nan,nan,nan,nan,nan,9.677419354838701429e-03,nan,nan,nan,nan,nan,nan,nan,nan,nan
nan,nan,nan,nan,nan,nan,nan,nan,nan,nan,nan,nan,nan,nan,-2.325581395348796845e-03,nan,0.000000000000000000e+00,-5.426356589147185265e-03,nan,nan,nan,nan,nan,nan,nan,-6.976744186046435203e-03,2.325581395348841514e-03,nan,nan,nan,nan,nan,-4.651162790697572005e-03,nan,-4.651162790697593689e-03,nan,nan,nan,nan,nan,nan,nan,nan,0.000000000000000000e+00,nan,0.000000000000000000e+00,nan,nan,nan,nan,nan,nan,nan,nan,nan,-3.875968992248002114e-03,nan,nan,nan,nan,nan,nan,nan,nan,nan
nan,nan,nan,nan,nan,nan,nan,nan,nan,nan,nan,nan,nan,nan,0.000000000000000000e+00,nan,0.000000000000000000e+00,nan,nan,nan,nan,nan,nan,nan,nan,8.368200836819994276e-04,-8.368200836819994276e-04,nan,1.673640167364021190e-03,nan,nan,nan,8.368200836820082963e-03,nan,nan,nan,nan,nan,nan,nan,nan,nan,nan,0.000000000000000000e+00,nan,0.000000000000000000e+00,nan,nan,nan,nan,nan,nan,nan,-5.020920502092018900e-03,nan,8.368200836819994276e-04,nan,nan,nan,nan,nan,nan,nan,nan,nan
nan,nan,nan,nan,nan,nan,nan,nan,nan,nan,nan,nan,nan,nan,-2.343749999999999913e-03,nan,0.000000000000000000e+00,nan,nan,nan,nan,nan,nan,nan,nan,-2.343749999999999913e-03,-9.374999999999999653e-03,nan,-6.250000000000000347e-03,nan,nan,nan,1.328124999999999965e-02,nan,nan,nan,nan,nan,nan,nan,nan,nan,nan,0.000000000000000000e+00,nan,0.000000000000000000e+00,nan,0.000000000000000000e+00,nan,nan,nan,nan,nan,nan,nan,-1.015625000000000035e-02,nan,nan,nan,nan,nan,nan,nan,nan,nan
nan,nan,nan,nan,nan,nan,nan,nan,nan,nan,nan,nan,nan,nan,6.299212598425185487e-03,nan,0.000000000000000000e+00,3.149606299212592744e-03,nan,nan,nan,nan,nan,nan,nan,7.874015748031481859e-04,-7.874015748031481859e-04,nan,-1.574803149606296372e-03,nan,nan,nan,-7.874015748031481859e-04,nan,nan,nan,nan,nan,nan,nan,nan,nan,nan,0.000000000000000000e+00,nan,0.000000000000000000e+00,nan,nan,nan,nan,nan,nan,nan,nan,nan,4.724409448818888899e-03,nan,nan,nan,nan,nan,nan,nan,nan,nan
nan,nan,nan,nan,nan,nan,nan,nan,nan,nan,nan,nan,nan,nan,5.468749999999999653e-03,0.000000000000000000e+00,0.000000000000000000e+00,nan,nan,nan,nan,nan,nan,nan,nan,7.812500000000000000e-03,1.562500000000000087e-03,nan,7.812500000000000434e-04,nan,nan,nan,-5.468749999999999653e-03,nan,nan,nan,nan,nan,nan,nan,nan,nan,nan,0.000000000000000000e+00,nan,0.000000000000000000e+00,nan,nan,nan,nan,nan,nan,nan,nan,nan,1.406250000000000035e-02,nan,nan,nan,nan,nan,nan,nan,nan,nan
nan,nan,nan,nan,nan,nan,nan,nan,nan,nan,nan,nan,nan,nan,4.615384615384599334e-03,nan,0.000000000000000000e+00,nan,nan,nan,nan,nan,nan,nan,nan,-2.307692307692321785e-03,0.000000000000000000e+00,nan,3.846153846153832490e-03,nan,nan,nan,9.230769230769198669e-03,nan,-7.692307692307753450e-03,nan,nan,nan,nan,nan,nan,nan,nan,0.000000000000000000e+00,nan,0.000000000000000000e+00,nan,nan,nan,nan,nan,nan,nan,nan,nan,4.615384615384599334e-03,nan,nan,nan,nan,nan,nan,nan,nan,nan
nan,nan,nan,nan,nan,nan,nan,nan,nan,nan,nan,nan,nan,nan,4.580152671755710614e-03,nan,0.000000000000000000e+00,nan,nan,nan,nan,nan,nan,nan,nan,4.580152671755688062e-03,3.053435114503799848e-03,nan,-6.106870229007621380e-03,nan,nan,nan,7.633587786259532146e-03,nan,nan,nan,nan,nan,nan,nan,nan,nan,nan,0.000000000000000000e+00,nan,0.000000000000000000e+00,nan,0.000000000000000000e+00,nan,nan,nan,nan,nan,nan,nan,3.816793893129766073e-03,nan,nan,nan,nan,nan,nan,nan,nan,nan
nan,nan,nan,nan,nan,nan,nan,nan,nan,nan,nan,nan,nan,nan,1.520912547528552360e-03,nan,0.000000000000000000e+00,nan,nan,nan,nan,nan,nan,nan,nan,6.083650190114120102e-03,9.885931558935356911e-03,nan,0.000000000000000000e+00,nan,nan,nan,7.604562737642872388e-04,nan,nan,nan,nan,nan,nan,nan,nan,nan,nan,0.000000000000000000e+00,nan,0.000000000000000000e+00,nan,nan,nan,nan,nan,nan,nan,2.220446049250313204e-17,nan,7.604562737642650127e-04,nan,nan,nan,nan,nan,nan,nan,nan,nan
nan,nan,nan,nan,nan,nan,nan,nan,nan,nan,nan,nan,nan,nan,nan,4.440892098500626408e-17,0.000000000000000000e+00,-3.162055335968361192e-03,nan,nan,nan,nan,nan,nan,nan,-1.264822134387344477e-02,-6.324110671936722383e-03,nan,-3.952569169960428938e-03,nan,nan,nan,-1.818181818181814277e-02,nan,nan,nan,nan,nan,nan,nan,nan,nan,nan,0.000000000000000000e+00,nan,0.000000000000000000e+00,nan,nan,nan,nan,nan,nan,nan,nan,nan,-5.533596837944609534e-03,nan,nan,nan,nan,nan,nan,nan,nan,nan
nan,nan,nan,nan,nan,nan,nan,nan,nan,nan,nan,nan,nan,nan,-9.677419354838701429e-03,nan,0.000000000000000000e+00,nan,nan,nan,nan,nan,nan,nan,nan,-5.645161290322575978e-03,-4.032258064516125451e-03,nan,8.064516129032250468e-04,nan,nan,nan,-8.870967741935475298e-03,nan,nan,nan,nan,nan,nan,nan,nan,nan,nan,0.000000000000000000e+00,nan,0.000000000000000000e+00,nan,-8.064516129032250468e-04,nan,nan,nan,nan,nan,nan,nan,-6.451612903225800374e-03,nan,nan,nan,nan,nan,nan,nan,nan,nan
nan,nan,nan,nan,nan,nan,nan,nan,nan,nan,nan,nan,nan,nan,2.877697841726623105e-03,7.194244604316568821e-03,0.000000000000000000e+00,nan,nan,nan,nan,nan,nan,nan,nan,-4.316546762589901047e-03,-4.316546762589901047e-03,nan,-5.755395683453201974e-03,nan,nan,nan,0.000000000000000000e+00,nan,nan,nan,nan,nan,nan,nan,nan,nan,nan,0.000000000000000000e+00,nan,0.000000000000000000e+00,nan,nan,nan,nan,nan,nan,nan,nan,nan,-4.316546762589901047e-03,nan,nan,nan,nan,nan,nan,nan,nan,nan
nan,nan,nan,nan,nan,nan,nan,nan,nan,nan,nan,nan,nan,nan,8.064516129032250468e-04,6.451612903225800374e-03,0.000000000000000000e+00,nan,nan,nan,nan,nan,nan,nan,nan,7.258064516129025638e-03,3.225806451612900187e-03,nan,nan,nan,nan,nan,8.064516129032250468e-04,nan,-8.064516129032250468e-04,nan,nan,nan,nan,nan,nan,nan,nan,0.000000000000000000e+00,nan,0.000000000000000000e+00,nan,nan,nan,nan,nan,nan,nan,nan,nan,1.370967741935482688e-02,nan,nan,nan,nan,nan,nan,nan,nan,nan
nan,nan,nan,nan,nan,nan,nan,nan,nan,nan,nan,nan,nan,nan,nan,nan,0.000000000000000000e+00,nan,nan,nan,nan,nan,nan,nan,nan,-1.626016260162566063e-03,2.439024390243948841e-03,nan,-4.878048780487764975e-03,nan,nan,-3.252032520325176361e-03,0.000000000000000000e+00,nan,nan,nan,nan,nan,nan,nan,nan,nan,nan,0.000000000000000000e+00,nan,0.000000000000000000e+00,nan,nan,nan,nan,nan,nan,nan,-1.544715447154465515e-02,nan,-1.300813008130075055e-02,nan,nan,nan,nan,nan,nan,nan,nan,nan
nan,nan,nan,nan,nan,nan,nan,nan,nan,nan,nan,nan,nan,nan,1.124497991967867740e-02,1.044176706827306712e-02,0.000000000000000000e+00,nan,nan,nan,nan,nan,nan,nan,nan,1.847389558232925832e-02,8.032128514056191201e-03,nan,2.409638554216852937e-03,nan,nan,nan,4.819277108433705874e-03,nan,nan,nan,nan,nan,nan,nan,nan,nan,nan,0.000000000000000000e+00,nan,0.000000000000000000e+00,nan,nan,nan,nan,nan,nan,nan,nan,nan,4.016064257028095601e-03,nan,nan,nan,nan,nan,nan,nan,nan,nan
nan,nan,nan,nan,nan,nan,nan,nan,nan,nan,nan,nan,nan,nan,5.577689243027883666e-03,nan,0.000000000000000000e+00,nan,nan,nan,nan,nan,nan,nan,nan,6.374501992031866675e-03,-1.513944223107568411e-02,nan,-7.968127490039833343e-04,nan,nan,4.780876494023899789e-03,1.593625498007966669e-03,nan,nan,nan,nan,nan,nan,nan,nan,nan,nan,0.000000000000000000e+00,nan,0.000000000000000000e+00,nan,1.434262948207170110e-02,nan,nan,nan,nan,nan,nan,nan,nan,nan,nan,nan,nan,nan,nan,nan,nan,nan
nan,nan,nan,nan,nan,nan,nan,nan,nan,nan,nan,nan,nan,nan,-2.362204724409444449e-03,nan,0.000000000000000000e+00,-3.937007874015741038e-03,nan,nan,nan,nan,nan,nan,nan,-3.937007874015741038e-03,-6.299212598425185487e-03,nan,nan,nan,nan,nan,-2.362204724409444449e-03,nan,-2.362204724409444449e-03,nan,nan,nan,nan,nan,nan,nan,nan,0.000000000000000000e+00,nan,0.000000000000000000e+00,nan,nan,nan,nan,nan,nan,nan,nan,nan,-7.086614173228334215e-03,nan,nan,nan,nan,nan,nan,nan,nan,nan
nan,nan,nan,nan,nan,nan,nan,nan,nan,nan,nan,nan,nan,nan,4.032258064516125451e-03,nan,0.000000000000000000e+00,-2.419354838709675357e-03,nan,nan,nan,nan,nan,nan,nan,-4.838709677419350715e-03,-4.838709677419350715e-03,nan,-8.064516129032250902e-03,nan,nan,nan,-1.612903225806450094e-03,nan,nan,nan,nan,nan,nan,nan,nan,nan,nan,0.000000000000000000e+00,nan,0.000000000000000000e+00,nan,nan,nan,nan,nan,nan,nan,nan,nan,0.000000000000000000e+00,nan,nan,nan,nan,nan,nan,nan,nan,nan
nan,nan,nan,nan,nan,nan,nan,nan,nan,nan,nan,nan,nan,nan,0.000000000000000000e+00,nan,0.000000000000000000e+00,0.000000000000000000e+00,nan,nan,nan,nan,nan,nan,nan,2.325581395348841514e-03,2.325581395348841514e-03,nan,nan,nan,nan,nan,3.875968992248068901e-03,nan,3.100775193798455207e-03,nan,nan,nan,nan,nan,nan,nan,nan,0.000000000000000000e+00,nan,0.000000000000000000e+00,nan,nan,nan,nan,nan,nan,nan,nan,nan,3.875968992248068901e-03,nan,nan,nan,nan,nan,nan,nan,nan,nan
nan,nan,nan,nan,nan,nan,nan,nan,nan,nan,nan,nan,nan,nan,-7.722007722007706576e-03,nan,0.000000000000000000e+00,-1.776061776061779035e-02,nan,nan,nan,nan,nan,nan,nan,-6.949806949806935572e-03,nan,nan,nan,nan,nan,nan,-1.544401544401543570e-02,nan,-1.776061776061779035e-02,nan,nan,nan,nan,nan,nan,nan,nan,0.000000000000000000e+00,nan,0.000000000000000000e+00,nan,-3.088803088803082717e-03,nan,nan,nan,nan,nan,nan,nan,-8.494208494208477581e-03,nan,nan,nan,nan,nan,nan,nan,nan,nan
nan,nan,nan,nan,nan,nan,nan,nan,nan,nan,nan,nan,nan,nan,-1.606425702811264998e-03,-4.016064257028139836e-03,0.000000000000000000e+00,-4.440892098500626408e-17,nan,nan,nan,nan,nan,nan,nan,1.606425702811198428e-03,nan,nan,nan,nan,nan,nan,-2.220446049250313204e-17,nan,2.409638554216830819e-03,nan,nan,nan,nan,nan,nan,nan,nan,0.000000000000000000e+00,nan,0.000000000000000000e+00,nan,nan,nan,nan,nan,nan,nan,nan,nan,3.212851405622463210e-03,nan,nan,nan,nan,nan,nan,nan,nan,nan
nan,nan,nan,nan,nan,nan,nan,nan,nan,nan,nan,nan,nan,nan,1.556420233463029490e-03,nan,0.000000000000000000e+00,nan,nan,nan,nan,nan,nan,nan,nan,2.412451361867704730e-02,1.011673151750969168e-02,nan,nan,nan,nan,2.334630350194544235e-03,5.836575875486378628e-02,nan,nan,nan,nan,nan,nan,nan,nan,nan,nan,0.000000000000000000e+00,nan,0.000000000000000000e+00,nan,7.782101167315147450e-04,nan,nan,nan,nan,nan,nan,nan,-1.556420233463029490e-03,nan,nan,nan,nan,nan,nan,nan,nan,nan
nan,nan,nan,nan,nan,nan,nan,nan,nan,nan,nan,nan,nan,nan,-4.000000000000003553e-03,0.000000000000000000e+00,0.000000000000000000e+00,nan,nan,nan,nan,nan,nan,nan,nan,-4.000000000000003553e-03,-2.400000000000001958e-03,nan,nan,nan,nan,nan,-3.200000000000002755e-03,nan,nan,nan,nan,nan,nan,nan,nan,nan,nan,0.000000000000000000e+00,nan,0.000000000000000000e+00,nan,-8.000000000000006889e-04,nan,nan,nan,nan,nan,nan,nan,-6.400000000000005511e-03,nan,nan,nan,nan,nan,nan,nan,nan,nan
nan,nan,nan,nan,nan,nan,nan,nan,nan,nan,nan,nan,nan,nan,0.000000000000000000e+00,nan,0.000000000000000000e+00,nan,nan,nan,nan,nan,nan,nan,nan,3.200000000000002755e-03,8.800000000000007469e-03,nan,nan,nan,nan,0.000000000000000000e+00,1.600000000000001378e-03,nan,nan,nan,nan,nan,nan,nan,nan,nan,nan,0.000000000000000000e+00,nan,0.000000000000000000e+00,nan,-8.000000000000006889e-04,nan,nan,nan,nan,nan,nan,nan,0.000000000000000000e+00,nan,nan,nan,nan,nan,nan,nan,nan,nan
nan,nan,nan,nan,nan,nan,nan,nan,nan,nan,nan,nan,nan,nan,1.619433198380626580e-03,-5.668016194331970334e-03,0.000000000000000000e+00,nan,nan,nan,nan,nan,nan,nan,nan,2.024291497975711993e-02,4.048582995951455210e-03,nan,-8.097165991902466114e-04,nan,nan,nan,-2.429149797570806513e-03,nan,nan,nan,nan,nan,nan,nan,nan,nan,nan,0.000000000000000000e+00,nan,0.000000000000000000e+00,nan,nan,nan,nan,nan,nan,nan,nan,nan,-8.097165991902688376e-04,nan,nan,nan,nan,nan,nan,nan,nan,nan
nan,nan,nan,nan,nan,nan,nan,nan,nan,nan,nan,nan,nan,nan,-7.490636704119868917e-04,nan,0.000000000000000000e+00,nan,nan,nan,nan,nan,nan,nan,nan,2.247191011235960458e-03,-2.247191011235960458e-03,nan,-5.243445692883885907e-03,nan,nan,nan,7.490636704119868483e-03,nan,nan,nan,nan,nan,nan,nan,nan,nan,nan,0.000000000000000000e+00,nan,0.000000000000000000e+00,nan,2.247191011235960458e-03,nan,nan,nan,nan,nan,nan,nan,-7.490636704119868917e-04,nan,nan,nan,nan,nan,nan,nan,nan,nan
nan,nan,nan,nan,nan,nan,nan,nan,nan,nan,nan,nan,nan,nan,3.984063745019916780e-03,nan,0.000000000000000000e+00,nan,nan,nan,nan,nan,nan,nan,nan,4.780876494023899789e-03,3.984063745019916780e-03,nan,nan,nan,nan,-1.593625498007966669e-03,-7.968127490039833343e-04,nan,nan,nan,nan,nan,nan,nan,nan,nan,nan,0.000000000000000000e+00,nan,0.000000000000000000e+00,nan,0.000000000000000000e+00,nan,nan,nan,nan,nan,nan,nan,2.390438247011949895e-03,nan,nan,nan,nan,nan,nan,nan,nan,nan
nan,nan,nan,nan,nan,nan,nan,nan,nan,nan,nan,nan,nan,nan,0.000000000000000000e+00,nan,0.000000000000000000e+00,2.469135802469124476e-03,nan,nan,nan,nan,nan,nan,nan,8.230452674897082311e-04,2.469135802469124476e-03,nan,nan,nan,nan,nan,1.069958847736625016e-02,nan,5.761316872427956967e-03,nan,nan,nan,nan,nan,nan,nan,nan,0.000000000000000000e+00,nan,0.000000000000000000e+00,nan,nan,nan,nan,nan,nan,nan,nan,nan,1.646090534979416462e-03,nan,nan,nan,nan,nan,nan,nan,nan,nan
nan,nan,nan,nan,nan,nan,nan,nan,nan,nan,nan,nan,nan,nan,nan,nan,0.000000000000000000e+00,-1.111111111111107164e-02,nan,nan,nan,nan,nan,nan,nan,-1.031746031746028081e-02,2.220446049250313204e-17,nan,-1.587301587301581662e-03,nan,nan,nan,3.968253968253976707e-03,nan,-1.587301587301559545e-03,nan,nan,nan,nan,nan,nan,nan,nan,0.000000000000000000e+00,nan,0.000000000000000000e+00,nan,nan,nan,nan,nan,nan,nan,nan,nan,0.000000000000000000e+00,nan,nan,nan,nan,nan,nan,nan,nan,nan
nan,nan,nan,nan,nan,nan,nan,nan,nan,nan,nan,nan,nan,nan,5.405405405405394430e-03,-2.316602316602312146e-03,0.000000000000000000e+00,nan,nan,nan,nan,nan,nan,nan,nan,3.088803088803082717e-03,-3.861003861003853288e-03,nan,-2.316602316602312146e-03,nan,nan,nan,7.722007722007706793e-04,nan,nan,nan,nan,nan,nan,nan,nan,nan,nan,0.000000000000000000e+00,nan,0.000000000000000000e+00,nan,nan,nan,nan,nan,nan,nan,nan,nan,1.544401544401541359e-03,nan,nan,nan,nan,nan,nan,nan,nan,nan
nan,nan,nan,nan,nan,nan,nan,nan,nan,nan,nan,nan,nan,nan,-3.238866396761164255e-03,nan,0.000000000000000000e+00,-2.105263157894743387e-02,nan,nan,nan,nan,nan,nan,nan,-2.510121457489884397e-02,-8.097165991903132898e-04,nan,nan,nan,nan,nan,2.105263157894734366e-02,nan,-1.781376518218626831e-02,nan,nan,nan,nan,nan,nan,nan,nan,0.000000000000000000e+00,nan,0.000000000000000000e+00,nan,nan,nan,nan,nan,nan,nan,nan,nan,1.619433198380515557e-03,nan,nan,nan,nan,nan,nan,nan,nan,nan
nan,nan,nan,nan,nan,nan,nan,nan,nan,nan,nan,nan,nan,nan,1.587301587301581662e-03,3.968253968253954156e-03,0.000000000000000000e+00,nan,nan,nan,nan,nan,nan,nan,nan,0.000000000000000000e+00,-1.587301587301581662e-03,nan,-7.142857142857117481e-03,nan,nan,nan,-3.174603174603163325e-03,nan,nan,nan,nan,nan,nan,nan,nan,nan,nan,0.000000000000000000e+00,nan,0.000000000000000000e+00,nan,nan,nan,nan,nan,nan,nan,nan,nan,-3.968253968253954156e-03,nan,nan,nan,nan,nan,nan,nan,nan,nan
nan,nan,nan,nan,nan,nan,nan,nan,nan,nan,nan,nan,nan,nan,-8.333333333333303511e-04,nan,0.000000000000000000e+00,nan,nan,nan,nan,nan,nan,nan,nan,2.499999999999990945e-03,0.000000000000000000e+00,nan,-8.333333333333303511e-04,nan,nan,nan,-6.666666666666642808e-03,nan,nan,nan,nan,nan,nan,nan,nan,nan,nan,0.000000000000000000e+00,nan,0.000000000000000000e+00,nan,-8.333333333333303511e-04,nan,nan,nan,nan,nan,nan,nan,0.000000000000000000e+00,nan,nan,nan,nan,nan,nan,nan,nan,nan
nan,nan,nan,nan,nan,nan,nan,nan,nan,nan,nan,nan,nan,nan,-3.305785123966931225e-03,1.652892561983476671e-02,0.000000000000000000e+00,-1.074380165289252551e-02,nan,nan,nan,nan,nan,nan,nan,-1.239669421487599177e-02,-1.074380165289252551e-02,nan,nan,nan,nan,nan,-8.264462809917327846e-03,nan,nan,nan,nan,nan,nan,nan,nan,nan,nan,0.000000000000000000e+00,nan,0.000000000000000000e+00,nan,nan,nan,nan,nan,nan,nan,nan,nan,-6.611570247933862450e-03,nan,nan,nan,nan,nan,nan,nan,nan,nan
nan,nan,nan,nan,nan,nan,nan,nan,nan,nan,nan,nan,nan,nan,-2.429149797570828630e-03,3.238866396761164255e-03,0.000000000000000000e+00,nan,nan,nan,nan,nan,nan,nan,nan,6.477732793522305958e-03,8.906882591093156706e-03,nan,-8.097165991902243853e-04,nan,nan,nan,6.477732793522305958e-03,nan,nan,nan,nan,nan,nan,nan,nan,nan,nan,0.000000000000000000e+00,nan,0.000000000000000000e+00,nan,nan,nan,nan,nan,nan,nan,nan,nan,-4.048582995951410975e-03,nan,nan,nan,nan,nan,nan,nan,nan,nan
nan,nan,nan,nan,nan,nan,nan,nan,nan,nan,nan,nan,nan,nan,2.962962962962922917e-03,nan,0.000000000000000000e+00,nan,nan,nan,nan,nan,nan,nan,nan,-7.407407407407529554e-04,7.407407407407307293e-04,nan,-2.962962962963011822e-03,nan,nan,nan,-7.407407407407972993e-04,nan,nan,nan,nan,nan,nan,nan,nan,nan,nan,0.000000000000000000e+00,nan,0.000000000000000000e+00,nan,-2.962962962963011822e-03,nan,nan,nan,nan,nan,nan,nan,-1.481481481481505911e-03,nan,nan,nan,nan,nan,nan,nan,nan,nan
nan,nan,nan,nan,nan,nan,nan,nan,nan,nan,nan,nan,nan,nan,8.130081300812963888e-03,nan,0.000000000000000000e+00,-4.878048780487831762e-03,nan,nan,nan,nan,nan,nan,nan,-1.138211382113822959e-02,nan,nan,nan,nan,nan,3.252032520325176361e-03,4.308943089430890272e-02,nan,nan,nan,nan,nan,nan,nan,nan,nan,nan,0.000000000000000000e+00,nan,0.000000000000000000e+00,nan,-3.252032520325176361e-03,nan,nan,nan,nan,nan,nan,nan,2.439024390243904605e-03,nan,nan,nan,nan,nan,nan,nan,nan,nan
nan,nan,nan,nan,nan,nan,nan,nan,nan,nan,nan,nan,nan,nan,8.130081300812940902e-04,nan,0.000000000000000000e+00,-1.626016260162605961e-02,nan,nan,nan,nan,nan,nan,nan,-1.463414634146347273e-02,2.439024390243882488e-03,nan,nan,nan,nan,nan,-1.300813008130086157e-02,nan,-2.032520325203255457e-02,nan,nan,nan,nan,nan,nan,nan,nan,0.000000000000000000e+00,nan,0.000000000000000000e+00,nan,nan,nan,nan,nan,nan,nan,nan,nan,-2.220446049250313204e-17,nan,nan,nan,nan,nan,nan,nan,nan,nan
nan,nan,nan,nan,nan,nan,nan,nan,nan,nan,nan,nan,nan,nan,-3.065134099616883927e-03,nan,0.000000000000000000e+00,-2.298850574712663162e-03,nan,nan,nan,nan,nan,nan,nan,5.363984674329480735e-03,-1.149425287356322690e-02,nan,-3.065134099616906478e-03,nan,nan,nan,2.298850574712642952e-02,nan,nan,nan,nan,nan,nan,nan,nan,nan,nan,0.000000000000000000e+00,nan,0.000000000000000000e+00,nan,nan,nan,nan,nan,nan,nan,nan,nan,-1.072796934865902739e-02,nan,nan,nan,nan,nan,nan,nan,nan,nan
nan,nan,nan,nan,nan,nan,nan,nan,nan,nan,nan,nan,nan,nan,-7.058823529411717250e-03,nan,0.000000000000000000e+00,nan,nan,nan,nan,nan,nan,nan,nan,-8.627450980392126906e-03,0.000000000000000000e+00,nan,-3.137254901960773341e-03,nan,nan,nan,-3.921568627450966460e-03,nan,nan,nan,nan,nan,nan,nan,nan,nan,nan,0.000000000000000000e+00,nan,0.000000000000000000e+00,nan,0.000000000000000000e+00,nan,nan,nan,nan,nan,nan,nan,-4.705882352941159578e-03,nan,nan,nan,nan,nan,nan,nan,nan,nan
nan,nan,nan,nan,nan,nan,nan,nan,nan,nan,nan,nan,nan,nan,1.568627450980386671e-03,-4.705882352941159578e-03,0.000000000000000000e+00,nan,nan,nan,nan,nan,nan,nan,nan,-5.490196078431352697e-03,7.843137254901933354e-04,nan,nan,nan,nan,nan,-1.568627450980386671e-03,nan,nan,nan,nan,nan,nan,nan,nan,nan,nan,0.000000000000000000e+00,nan,0.000000000000000000e+00,nan,-1.568627450980386671e-03,nan,nan,nan,nan,nan,nan,nan,-2.352941176470579789e-03,nan,nan,nan,nan,nan,nan,nan,nan,nan
nan,nan,nan,nan,nan,nan,nan,nan,nan,nan,nan,nan,nan,nan,7.782101167315147450e-04,nan,0.000000000000000000e+00,1.789883268482485995e-02,nan,nan,nan,nan,nan,nan,nan,9.338521400778176940e-03,0.000000000000000000e+00,nan,-2.334630350194544235e-03,nan,nan,nan,3.891050583657573725e-03,nan,nan,nan,nan,nan,nan,nan,nan,nan,nan,0.000000000000000000e+00,nan,0.000000000000000000e+00,nan,nan,nan,nan,nan,nan,nan,nan,nan,-5.447470817120603215e-03,nan,nan,nan,nan,nan,nan,nan,nan,nan
nan,nan,nan,nan,nan,nan,nan,nan,nan,nan,nan,nan,nan,nan,-8.000000000000006889e-04,nan,0.000000000000000000e+00,nan,nan,nan,nan,nan,nan,nan,nan,-1.200000000000001066e-02,-2.400000000000001958e-03,nan,-6.400000000000005511e-03,nan,nan,nan,-3.200000000000002755e-03,nan,-1.120000000000001029e-02,nan,nan,nan,nan,nan,nan,nan,nan,0.000000000000000000e+00,nan,0.000000000000000000e+00,nan,nan,nan,nan,nan,nan,nan,nan,nan,-4.800000000000003916e-03,nan,nan,nan,nan,nan,nan,nan,nan,nan
nan,nan,nan,nan,nan,nan,nan,nan,nan,nan,nan,nan,nan,nan,2.479338842975198527e-03,nan,0.000000000000000000e+00,nan,nan,nan,nan,nan,nan,nan,nan,-2.220446049250313204e-17,0.000000000000000000e+00,nan,-8.264462809917416317e-03,nan,nan,nan,8.264462809917105801e-04,nan,nan,nan,nan,nan,nan,nan,nan,nan,nan,0.000000000000000000e+00,nan,0.000000000000000000e+00,nan,8.264462809917328063e-04,nan,nan,nan,nan,nan,nan,nan,-4.958677685950441290e-03,nan,nan,nan,nan,nan,nan,nan,nan,nan
nan,nan,nan,nan,nan,nan,nan,nan,nan,nan,nan,nan,nan,nan,-8.196721311475752437e-04,nan,0.000000000000000000e+00,3.278688524590123166e-03,nan,nan,nan,nan,nan,nan,nan,3.278688524590145283e-03,-8.196721311475530175e-04,nan,nan,nan,nan,nan,-4.918032786885273219e-03,nan,-8.196721311475752437e-04,nan,nan,nan,nan,nan,nan,nan,nan,0.000000000000000000e+00,nan,0.000000000000000000e+00,nan,nan,nan,nan,nan,nan,nan,nan,nan,-4.440892098500626408e-17,nan,nan,nan,nan,nan,nan,nan,nan,nan
nan,nan,nan,nan,nan,nan,nan,nan,nan,nan,nan,nan,nan,nan,1.544401544401541359e-03,nan,0.000000000000000000e+00,-3.861003861003875406e-03,nan,nan,nan,nan,nan,nan,nan,-1.544401544401550162e-02,-3.861003861003853288e-03,nan,-3.861003861003853288e-03,nan,nan,nan,-6.177606177606187118e-03,nan,nan,nan,nan,nan,nan,nan,nan,nan,nan,0.000000000000000000e+00,nan,0.000000000000000000e+00,nan,nan,nan,nan,nan,nan,nan,nan,nan,-1.544401544401541359e-03,nan,nan,nan,nan,nan,nan,nan,nan,nan
nan,nan,nan,nan,nan,nan,nan,nan,nan,nan,nan,nan,nan,nan,-5.384615384615365312e-03,nan,0.000000000000000000e+00,-1.230769230769230768e-02,nan,nan,nan,nan,nan,nan,nan,-1.461538461538458566e-02,-2.307692307692299667e-03,nan,-2.307692307692299667e-03,nan,nan,nan,7.692307692307665196e-04,nan,nan,nan,nan,nan,nan,nan,nan,nan,nan,0.000000000000000000e+00,nan,0.000000000000000000e+00,nan,nan,nan,nan,nan,nan,nan,nan,nan,8.461538461538431824e-03,nan,nan,nan,nan,nan,nan,nan,nan,nan
nan,nan,nan,nan,nan,nan,nan,nan,nan,nan,nan,nan,nan,nan,4.838709677419350715e-03,3.225806451612900187e-03,0.000000000000000000e+00,0.000000000000000000e+00,nan,nan,nan,nan,nan,nan,nan,-1.612903225806450094e-03,7.258064516129025638e-03,nan,nan,nan,nan,nan,5.645161290322575978e-03,nan,nan,nan,nan,nan,nan,nan,nan,nan,nan,0.000000000000000000e+00,nan,0.000000000000000000e+00,nan,nan,nan,nan,nan,nan,nan,nan,nan,-1.048387096774192583e-02,nan,nan,nan,nan,nan,nan,nan,nan,nan
nan,nan,nan,nan,nan,nan,nan,nan,nan,nan,nan,nan,nan,nan,7.462686567164311452e-04,2.985074626865702463e-03,0.000000000000000000e+00,nan,nan,nan,nan,nan,nan,nan,nan,-3.731343283582066930e-03,-4.477611940298498183e-03,nan,-6.716417910447747275e-03,nan,nan,nan,7.462686567164533713e-04,nan,nan,nan,nan,nan,nan,nan,nan,nan,nan,0.000000000000000000e+00,nan,0.000000000000000000e+00,nan,nan,nan,nan,nan,nan,nan,nan,nan,-1.417910447761192537e-02,nan,nan,nan,nan,nan,nan,nan,nan,nan
nan,nan,nan,nan,nan,nan,nan,nan,nan,nan,nan,nan,nan,nan,-2.220446049250313204e-17,nan,0.000000000000000000e+00,nan,nan,nan,nan,nan,nan,nan,nan,1.097046413502107340e-02,-2.220446049250313204e-17,nan,-2.531645569620260064e-02,nan,nan,nan,5.063291139240489076e-03,nan,nan,nan,nan,nan,nan,nan,nan,nan,nan,0.000000000000000000e+00,nan,0.000000000000000000e+00,nan,-3.375527426160385321e-03,nan,nan,nan,nan,nan,nan,nan,-1.940928270042199116e-02,nan,nan,nan,nan,nan,nan,nan,nan,nan
nan,nan,nan,nan,nan,nan,nan,nan,nan,nan,nan,nan,nan,nan,-6.060606060606055397e-03,nan,0.000000000000000000e+00,-6.060606060606055397e-03,nan,nan,nan,nan,nan,nan,nan,5.303030303030298147e-03,2.272727272727270882e-03,nan,nan,nan,nan,0.000000000000000000e+00,-1.212121212121211079e-02,nan,nan,nan,nan,nan,nan,nan,nan,nan,nan,0.000000000000000000e+00,nan,0.000000000000000000e+00,nan,nan,nan,nan,nan,nan,nan,nan,nan,-6.060606060606055397e-03,nan,nan,nan,nan,nan,nan,nan,nan,nan
nan,nan,nan,nan,nan,nan,nan,nan,nan,nan,nan,nan,nan,nan,-7.782101167315147450e-03,3.112840466926081098e-03,0.000000000000000000e+00,nan,nan,nan,nan,nan,nan,nan,nan,-1.245136186770423592e-02,6.225680933852184747e-03,nan,-6.225680933852117960e-03,nan,nan,nan,-1.011673151750969168e-02,nan,nan,nan,nan,nan,nan,nan,nan,nan,nan,0.000000000000000000e+00,nan,0.000000000000000000e+00,nan,nan,nan,nan,nan,nan,nan,nan,nan,-9.338521400778176940e-03,nan,nan,nan,nan,nan,nan,nan,nan,nan
nan,nan,nan,nan,nan,nan,nan,nan,nan,nan,nan,nan,nan,nan,7.171314741035850551e-03,nan,0.000000000000000000e+00,nan,nan,nan,nan,nan,nan,nan,nan,3.984063745019916780e-03,3.984063745019916780e-03,nan,-4.780876494023899789e-03,nan,nan,nan,-7.968127490039833343e-04,1.593625498007966669e-03,nan,nan,nan,nan,nan,nan,nan,nan,nan,0.000000000000000000e+00,nan,0.000000000000000000e+00,nan,nan,nan,nan,nan,nan,nan,nan,nan,2.390438247011949895e-03,nan,nan,nan,nan,nan,nan,nan,nan,nan
nan,nan,nan,nan,nan,nan,nan,nan,nan,nan,nan,nan,nan,nan,-2.400000000000001958e-03,-4.000000000000003553e-03,0.000000000000000000e+00,-1.360000000000001139e-02,nan,nan,nan,nan,nan,nan,nan,-6.400000000000005511e-03,0.000000000000000000e+00,nan,nan,nan,nan,nan,-1.680000000000001631e-02,nan,nan,nan,nan,nan,nan,nan,nan,nan,nan,0.000000000000000000e+00,nan,0.000000000000000000e+00,nan,nan,nan,nan,nan,nan,nan,nan,nan,-5.600000000000005147e-03,nan,nan,nan,nan,nan,nan,nan,nan,nan
nan,nan,nan,nan,nan,nan,nan,nan,nan,nan,nan,nan,nan,nan,8.064516129032250468e-04,nan,0.000000000000000000e+00,-2.419354838709675357e-03,nan,nan,nan,nan,nan,nan,nan,3.225806451612900187e-03,1.612903225806450094e-03,nan,-2.419354838709675357e-03,nan,nan,nan,4.838709677419350715e-03,nan,nan,nan,nan,nan,nan,nan,nan,nan,nan,0.000000000000000000e+00,nan,0.000000000000000000e+00,nan,nan,nan,nan,nan,nan,nan,nan,nan,1.290322580645160075e-02,nan,nan,nan,nan,nan,nan,nan,nan,nan
nan,nan,nan,nan,nan,nan,nan,nan,nan,nan,nan,nan,nan,nan,2.400000000000001958e-03,nan,0.000000000000000000e+00,nan,nan,nan,nan,nan,nan,nan,nan,-1.120000000000001029e-02,1.600000000000001378e-03,nan,-3.200000000000002755e-03,nan,nan,8.000000000000006889e-04,-1.280000000000001102e-02,nan,nan,nan,nan,nan,nan,nan,nan,nan,nan,0.000000000000000000e+00,nan,0.000000000000000000e+00,nan,nan,nan,nan,nan,nan,nan,nan,nan,1.120000000000001029e-02,nan,nan,nan,nan,nan,nan,nan,nan,nan
nan,nan,nan,nan,nan,nan,nan,nan,nan,nan,nan,nan,nan,nan,-1.322957198443575066e-02,nan,0.000000000000000000e+00,-1.167315175097272117e-02,nan,nan,nan,nan,nan,nan,nan,-1.167315175097272117e-02,-2.334630350194544235e-03,nan,-3.112840466926058980e-03,nan,nan,nan,-1.245136186770423592e-02,nan,nan,nan,nan,nan,nan,nan,nan,nan,nan,0.000000000000000000e+00,nan,0.000000000000000000e+00,nan,nan,nan,nan,nan,nan,nan,nan,nan,-8.560311284046662195e-03,nan,nan,nan,nan,nan,nan,nan,nan,nan
nan,nan,nan,nan,nan,nan,nan,nan,nan,nan,nan,nan,nan,nan,-2.409638554216897606e-03,7.228915662650603480e-03,0.000000000000000000e+00,nan,nan,nan,nan,nan,nan,nan,nan,4.819277108433705874e-03,-4.819277108433772661e-03,nan,0.000000000000000000e+00,nan,nan,nan,-8.032128514056547253e-04,nan,nan,nan,nan,nan,nan,nan,nan,nan,nan,0.000000000000000000e+00,nan,0.000000000000000000e+00,nan,nan,nan,nan,nan,nan,nan,nan,nan,-2.409638554216875055e-03,nan,nan,nan,nan,nan,nan,nan,nan,nan
nan,nan,nan,nan,nan,nan,nan,nan,nan,nan,nan,nan,nan,nan,1.568627450980386671e-03,nan,0.000000000000000000e+00,6.274509803921546683e-03,nan,nan,nan,nan,nan,nan,nan,6.274509803921546683e-03,8.627450980392126906e-03,nan,nan,nan,nan,nan,-7.058823529411739801e-03,nan,6.274509803921546683e-03,nan,nan,nan,nan,nan,nan,nan,nan,0.000000000000000000e+00,nan,0.000000000000000000e+00,nan,nan,nan,nan,nan,nan,nan,nan,nan,2.352941176470579789e-03,nan,nan,nan,nan,nan,nan,nan,nan,nan
nan,nan,nan,nan,nan,nan,nan,nan,nan,nan,nan,nan,nan,nan,-4.897959183673439645e-03,nan,0.000000000000000000e+00,nan,nan,nan,nan,nan,nan,nan,nan,-1.142857142857145458e-02,-4.897959183673417094e-03,nan,-9.795918367346945210e-03,nan,nan,nan,-1.224489795918364335e-02,nan,-1.959183673469386960e-02,nan,nan,nan,nan,nan,nan,nan,nan,0.000000000000000000e+00,nan,0.000000000000000000e+00,nan,nan,nan,nan,nan,nan,nan,nan,nan,-1.224489795918368672e-02,nan,nan,nan,nan,nan,nan,nan,nan,nan
nan,nan,nan,nan,nan,nan,nan,nan,nan,nan,nan,nan,nan,nan,8.527131782945751928e-03,nan,0.000000000000000000e+00,nan,nan,nan,nan,nan,nan,nan,nan,-3.875968992248068901e-03,-6.201550387596910414e-03,nan,-9.302325581395366055e-03,nan,nan,nan,-7.751937984496137801e-03,nan,nan,nan,nan,nan,nan,nan,nan,nan,nan,0.000000000000000000e+00,nan,0.000000000000000000e+00,nan,-1.550387596899227604e-03,nan,nan,nan,nan,nan,nan,nan,1.550387596899227604e-03,nan,nan,nan,nan,nan,nan,nan,nan,nan
nan,nan,nan,nan,nan,nan,nan,nan,nan,nan,nan,nan,nan,nan,0.000000000000000000e+00,nan,0.000000000000000000e+00,-1.283018867924528086e-02,nan,nan,nan,nan,nan,nan,nan,-3.773584905660376521e-03,-4.528301886792452172e-03,nan,-1.509433962264150652e-03,nan,nan,nan,-9.056603773584904343e-03,nan,nan,nan,nan,nan,nan,nan,nan,nan,nan,0.000000000000000000e+00,nan,0.000000000000000000e+00,nan,nan,nan,nan,nan,nan,nan,nan,nan,-5.283018867924526955e-03,nan,nan,nan,nan,nan,nan,nan,nan,nan
nan,nan,nan,nan,nan,nan,nan,nan,nan,nan,nan,nan,nan,nan,-8.064516129032250468e-04,nan,0.000000000000000000e+00,0.000000000000000000e+00,nan,nan,nan,nan,nan,nan,nan,8.064516129032250468e-04,0.000000000000000000e+00,nan,-1.612903225806450094e-03,nan,nan,nan,2.419354838709675357e-03,nan,nan,nan,nan,nan,nan,nan,nan,nan,nan,0.000000000000000000e+00,nan,0.000000000000000000e+00,nan,nan,nan,nan,nan,nan,nan,nan,nan,-8.064516129032250468e-04,nan,nan,nan,nan,nan,nan,nan,nan,nan
nan,nan,nan,nan,nan,nan,nan,nan,nan,nan,nan,nan,nan,nan,-7.633587786259222064e-04,nan,0.000000000000000000e+00,-6.106870229007554593e-03,nan,nan,nan,nan,nan,nan,nan,-8.396946564885432451e-03,-1.526717557251888648e-03,nan,-5.343511450381610919e-03,nan,nan,nan,-9.923664122137344085e-03,nan,nan,nan,nan,nan,nan,nan,nan,nan,nan,0.000000000000000000e+00,nan,0.000000000000000000e+00,nan,nan,nan,nan,nan,nan,nan,nan,nan,-6.870229007633543369e-03,nan,nan,nan,nan,nan,nan,nan,nan,nan
nan,nan,nan,nan,nan,nan,nan,nan,nan,nan,nan,nan,nan,nan,4.633204633204624293e-03,nan,0.000000000000000000e+00,nan,nan,nan,nan,nan,nan,nan,nan,-3.861003861003853288e-03,-6.949806949806935572e-03,nan,-2.316602316602312146e-03,nan,nan,nan,-6.949806949806935572e-03,nan,nan,nan,nan,nan,nan,nan,nan,nan,nan,0.000000000000000000e+00,nan,0.000000000000000000e+00,nan,-3.088803088803082717e-03,nan,nan,nan,nan,nan,nan,nan,-2.316602316602312146e-03,nan,nan,nan,nan,nan,nan,nan,nan,nan
nan,nan,nan,nan,nan,nan,nan,nan,nan,nan,nan,nan,nan,nan,-7.936507936508352835e-04,nan,0.000000000000000000e+00,-1.587301587301626115e-03,nan,nan,nan,nan,nan,nan,nan,-3.174603174603252229e-03,9.523809523809489974e-03,nan,-4.761904761904833458e-03,nan,nan,nan,7.936507936507908312e-03,nan,nan,nan,nan,nan,nan,nan,nan,nan,nan,0.000000000000000000e+00,nan,0.000000000000000000e+00,nan,nan,nan,nan,nan,nan,nan,nan,nan,-6.349206349206437672e-03,nan,nan,nan,nan,nan,nan,nan,nan,nan
nan,nan,nan,nan,nan,nan,nan,nan,nan,nan,nan,nan,nan,nan,2.439024390243882488e-03,nan,0.000000000000000000e+00,1.626016260162588180e-03,nan,nan,nan,nan,nan,nan,nan,-1.626016260162610515e-03,0.000000000000000000e+00,nan,nan,nan,nan,nan,-7.317073170731713816e-03,nan,8.130081300812940902e-04,nan,nan,nan,nan,nan,nan,nan,nan,0.000000000000000000e+00,nan,0.000000000000000000e+00,nan,nan,nan,nan,nan,nan,nan,nan,nan,8.130081300813163164e-04,nan,nan,nan,nan,nan,nan,nan,nan,nan
nan,nan,nan,nan,nan,nan,nan,nan,nan,nan,nan,nan,nan,nan,6.694560669456062207e-03,nan,0.000000000000000000e+00,nan,nan,nan,nan,nan,nan,nan,nan,4.184100418410019798e-03,7.531380753138083861e-03,nan,nan,nan,nan,0.000000000000000000e+00,7.531380753138061310e-03,nan,nan,nan,nan,nan,nan,nan,nan,nan,nan,0.000000000000000000e+00,nan,0.000000000000000000e+00,nan,-8.368200836820216537e-04,nan,nan,nan,nan,nan,nan,nan,-3.347280334728064497e-03,nan,nan,nan,nan,nan,nan,nan,nan,nan
nan,nan,nan,nan,nan,nan,nan,nan,nan,nan,nan,nan,nan,nan,8.298755186722184480e-04,nan,0.000000000000000000e+00,nan,nan,nan,nan,nan,nan,nan,nan,5.809128630705417788e-03,-3.319502074688784887e-03,nan,0.000000000000000000e+00,nan,nan,nan,1.244813278008303180e-02,nan,nan,nan,nan,nan,nan,nan,nan,nan,nan,0.000000000000000000e+00,nan,0.000000000000000000e+00,nan,0.000000000000000000e+00,nan,nan,nan,nan,nan,nan,nan,-8.298755186721962218e-04,nan,nan,nan,nan,nan,nan,nan,nan,nan
nan,nan,nan,nan,nan,nan,nan,nan,nan,nan,nan,nan,nan,nan,6.153846153846220628e-03,nan,0.000000000000000000e+00,nan,nan,nan,nan,nan,nan,nan,nan,2.076923076923080716e-02,1.461538461538467414e-02,nan,nan,nan,nan,-7.692307692307442935e-04,1.307692307692314218e-02,nan,nan,nan,nan,nan,nan,nan,nan,nan,nan,0.000000000000000000e+00,nan,0.000000000000000000e+00,nan,-7.692307692307665196e-04,nan,nan,nan,nan,nan,nan,nan,8.461538461538542846e-03,nan,nan,nan,nan,nan,nan,nan,nan,nan
nan,nan,nan,nan,nan,nan,nan,nan,nan,nan,nan,nan,nan,nan,-6.451612903225800374e-03,1.612903225806450094e-03,0.000000000000000000e+00,nan,nan,nan,nan,nan,nan,nan,nan,-1.370967741935482688e-02,-1.774193548387095060e-02,nan,-1.370967741935482688e-02,nan,nan,nan,-8.870967741935475298e-03,nan,nan,nan,nan,nan,nan,nan,nan,nan,nan,0.000000000000000000e+00,nan,0.000000000000000000e+00,nan,nan,nan,nan,nan,nan,nan,nan,nan,-1.209677419354837635e-02,nan,nan,nan,nan,nan,nan,nan,nan,nan
nan,nan,nan,nan,nan,nan,nan,nan,nan,nan,nan,nan,nan,nan,-4.897959183673439645e-03,nan,0.000000000000000000e+00,nan,nan,nan,nan,nan,nan,nan,nan,-9.795918367346922659e-03,-8.163265306122324599e-04,nan,-6.530612244897926466e-03,nan,nan,nan,1.632653061224509372e-03,nan,-8.979591836734690524e-03,nan,nan,nan,nan,nan,nan,nan,nan,0.000000000000000000e+00,nan,0.000000000000000000e+00,nan,nan,nan,nan,nan,nan,nan,nan,nan,-9.795918367346945210e-03,nan,nan,nan,nan,nan,nan,nan,nan,nan
nan,nan,nan,nan,nan,nan,nan,nan,nan,nan,nan,nan,nan,nan,4.633204633204645977e-03,3.861003861003897523e-03,0.000000000000000000e+00,nan,nan,nan,nan,nan,nan,nan,nan,1.158301158301164833e-02,7.722007722007706793e-04,nan,3.088803088803082717e-03,nan,nan,nan,8.494208494208588603e-03,nan,nan,nan,nan,nan,nan,nan,nan,nan,nan,0.000000000000000000e+00,nan,0.000000000000000000e+00,nan,nan,nan,nan,nan,nan,nan,nan,nan,7.722007722007795047e-03,nan,nan,nan,nan,nan,nan,nan,nan,nan
nan,nan,nan,nan,nan,nan,nan,nan,nan,nan,nan,nan,nan,nan,7.692307692307665196e-04,nan,0.000000000000000000e+00,-6.923076923076920686e-03,nan,nan,nan,nan,nan,nan,nan,-3.076923076923066078e-03,1.538461538461533039e-03,nan,5.384615384615365312e-03,nan,nan,nan,-3.846153846153854607e-03,nan,nan,nan,nan,nan,nan,nan,nan,nan,nan,0.000000000000000000e+00,nan,0.000000000000000000e+00,nan,nan,nan,nan,nan,nan,nan,nan,nan,-1.538461538461555157e-03,nan,nan,nan,nan,nan,nan,nan,nan,nan
nan,nan,nan,nan,nan,nan,nan,nan,nan,nan,nan,nan,nan,nan,-3.787878787878784514e-03,nan,0.000000000000000000e+00,nan,nan,nan,nan,nan,nan,nan,nan,-3.030303030303027698e-03,3.030303030303027698e-03,nan,-2.272727272727270882e-03,nan,nan,nan,-1.515151515151513849e-03,nan,nan,nan,nan,nan,nan,nan,nan,nan,nan,0.000000000000000000e+00,nan,0.000000000000000000e+00,nan,3.787878787878784514e-03,nan,nan,nan,nan,nan,nan,nan,-2.272727272727270882e-03,nan,nan,nan,nan,nan,nan,nan,nan,nan
nan,nan,nan,nan,nan,nan,nan,nan,nan,nan,nan,nan,nan,nan,-8.856088560885665845e-03,nan,0.000000000000000000e+00,-1.254612546125466466e-02,nan,nan,nan,nan,nan,nan,nan,-2.583025830258307495e-02,-2.214022140221439013e-03,nan,nan,nan,nan,nan,-1.476014760147605943e-02,nan,-2.878228782287826221e-02,nan,nan,nan,nan,nan,nan,nan,nan,0.000000000000000000e+00,nan,0.000000000000000000e+00,nan,nan,nan,nan,nan,nan,nan,nan,nan,-1.402214022140226869e-02,nan,nan,nan,nan,nan,nan,nan,nan,nan
nan,nan,nan,nan,nan,nan,nan,nan,nan,nan,nan,nan,nan,nan,7.874015748031481859e-04,7.874015748031482076e-03,0.000000000000000000e+00,nan,nan,nan,nan,nan,nan,nan,nan,-1.574803149606296372e-03,3.937007874015741038e-03,nan,nan,nan,nan,nan,7.086614173228334215e-03,nan,nan,nan,nan,nan,nan,nan,nan,nan,nan,0.000000000000000000e+00,nan,0.000000000000000000e+00,nan,0.000000000000000000e+00,nan,nan,nan,nan,nan,nan,nan,6.299212598425185487e-03,nan,nan,nan,nan,nan,nan,nan,nan,nan
nan,nan,nan,nan,nan,nan,nan,nan,nan,nan,nan,nan,nan,nan,3.112840466926058980e-03,nan,0.000000000000000000e+00,nan,nan,nan,nan,nan,nan,nan,nan,1.011673151750969168e-02,nan,nan,-2.220446049250313204e-17,nan,nan,1.556420233463029490e-03,9.338521400778176940e-03,nan,nan,nan,nan,nan,nan,nan,nan,nan,nan,0.000000000000000000e+00,nan,0.000000000000000000e+00,nan,1.556420233463029490e-03,nan,nan,nan,nan,nan,nan,nan,1.556420233463029490e-03,nan,nan,nan,nan,nan,nan,nan,nan,nan
nan,nan,nan,nan,nan,nan,nan,nan,nan,nan,nan,nan,nan,nan,-8.298755186721962218e-03,-6.639004149377569775e-03,0.000000000000000000e+00,-1.244813278008294333e-02,nan,nan,nan,nan,nan,nan,nan,-7.468879668049765996e-03,2.489626556016655452e-03,nan,nan,nan,nan,nan,-1.659751037344392444e-02,nan,nan,nan,nan,nan,nan,nan,nan,nan,nan,0.000000000000000000e+00,nan,0.000000000000000000e+00,nan,nan,nan,nan,nan,nan,nan,nan,nan,4.979253112033265802e-03,nan,nan,nan,nan,nan,nan,nan,nan,nan
nan,nan,nan,nan,nan,nan,nan,nan,nan,nan,nan,nan,nan,nan,-4.780876494023899789e-03,nan,0.000000000000000000e+00,nan,nan,nan,nan,nan,nan,nan,nan,-1.035856573705178432e-02,-4.780876494023899789e-03,nan,nan,nan,nan,-3.187250996015933337e-03,-1.354581673306771636e-02,nan,nan,nan,nan,nan,nan,nan,nan,nan,nan,0.000000000000000000e+00,nan,0.000000000000000000e+00,nan,-3.984063745019916780e-03,nan,nan,nan,nan,nan,nan,nan,-6.374501992031866675e-03,nan,nan,nan,nan,nan,nan,nan,nan,nan
nan,nan,nan,nan,nan,nan,nan,nan,nan,nan,nan,nan,nan,nan,5.447470817120580663e-03,nan,0.000000000000000000e+00,-4.440892098500626408e-17,nan,nan,nan,nan,nan,nan,nan,3.112840466926058980e-03,1.400778210116726541e-02,nan,nan,nan,nan,nan,1.478599221789878015e-02,nan,-7.782101167315813150e-04,nan,nan,nan,nan,nan,nan,nan,nan,0.000000000000000000e+00,nan,0.000000000000000000e+00,nan,nan,nan,nan,nan,nan,nan,nan,nan,0.000000000000000000e+00,nan,nan,nan,nan,nan,nan,nan,nan,nan
nan,nan,nan,nan,nan,nan,nan,nan,nan,nan,nan,nan,nan,nan,3.690036900368975827e-03,8.118081180811786632e-03,0.000000000000000000e+00,5.904059040590392722e-03,nan,nan,nan,nan,nan,nan,nan,-2.952029520295229754e-03,nan,nan,nan,nan,nan,nan,-3.690036900369042614e-03,nan,-7.380073800738040993e-03,nan,nan,nan,nan,nan,nan,nan,nan,0.000000000000000000e+00,nan,0.000000000000000000e+00,nan,nan,nan,nan,nan,nan,nan,nan,nan,-3.690036900369042614e-03,nan,nan,nan,nan,nan,nan,nan,nan,nan
nan,nan,nan,nan,nan,nan,nan,nan,nan,nan,nan,nan,nan,nan,-3.921568627450966460e-03,nan,0.000000000000000000e+00,3.921568627450966460e-03,nan,nan,nan,nan,nan,nan,nan,-1.333333333333335327e-02,-7.843137254901933354e-04,nan,-3.921568627450966460e-03,nan,nan,nan,3.137254901960773341e-03,nan,nan,nan,nan,nan,nan,nan,nan,nan,nan,0.000000000000000000e+00,nan,0.000000000000000000e+00,nan,nan,nan,nan,nan,nan,nan,nan,nan,-3.921568627450966460e-03,nan,nan,nan,nan,nan,nan,nan,nan,nan
