nan,1.318051575931229388e-02,nan,nan,nan,nan,nan,1.031518624641831680e-02,nan,2.865329512893977082e-03,nan,2.865329512893977082e-03,nan,nan,nan,nan,nan,nan,-2.220446049250313204e-17,nan,nan,nan,nan,nan,nan,nan,nan,nan,nan,nan,0.000000000000000000e+00,nan,nan,nan,nan,nan,9.169054441260727009e-03,nan,nan,nan,nan,nan,nan,nan,nan,nan,nan,2.865329512893977082e-03,nan,nan,nan,nan,2.922636103151856485e-02,nan,nan,nan,nan,nan,nan,nan,4.641833810888247591e-02
nan,8.913649025069570603e-03,nan,nan,nan,nan,nan,1.671309192200531911e-03,nan,-1.114206128133732321e-03,nan,0.000000000000000000e+00,nan,nan,nan,nan,nan,nan,1.114206128133687869e-03,nan,nan,nan,nan,nan,nan,nan,nan,nan,nan,nan,0.000000000000000000e+00,nan,nan,nan,nan,nan,1.114206128133696759e-02,nan,nan,nan,nan,nan,nan,nan,nan,nan,nan,4.456824512534774026e-03,nan,nan,nan,nan,3.676880222841220902e-02,nan,nan,nan,nan,nan,nan,nan,5.459610027855150982e-02
nan,-2.220446049250313204e-17,nan,nan,nan,nan,nan,9.497206703910609712e-03,nan,1.117318435754188766e-02,nan,0.000000000000000000e+00,nan,nan,nan,nan,nan,nan,3.910614525139632924e-03,nan,nan,nan,nan,nan,nan,nan,nan,nan,nan,nan,-2.220446049250313204e-17,nan,nan,nan,nan,nan,1.620111731843569894e-02,nan,nan,nan,nan,nan,nan,nan,nan,nan,nan,8.379888268156387987e-03,nan,nan,nan,nan,2.960893854748598494e-02,nan,nan,nan,nan,nan,nan,nan,4.357541899441339656e-02
nan,-6.469002695417747431e-03,nan,nan,nan,nan,nan,-4.312668463611802130e-03,nan,1.617250673854475672e-03,nan,-5.929919137466255034e-03,nan,nan,nan,nan,nan,nan,0.000000000000000000e+00,nan,nan,nan,nan,nan,nan,nan,nan,nan,nan,nan,2.220446049250313204e-17,nan,nan,nan,nan,nan,2.102425876010784872e-02,nan,nan,nan,nan,nan,nan,nan,nan,nan,nan,5.390835579514918546e-04,nan,nan,nan,nan,2.048517520215637974e-02,nan,nan,nan,nan,nan,nan,nan,2.479784366576820442e-02
nan,-3.846153846153832490e-03,-2.747252747252737493e-03,nan,nan,nan,nan,-2.747252747252737493e-03,nan,4.395604395604379988e-03,nan,3.846153846153832490e-03,nan,nan,nan,nan,nan,nan,1.208791208791206752e-02,nan,nan,nan,nan,nan,nan,nan,nan,nan,nan,nan,-5.494505494505474985e-04,nan,nan,nan,nan,nan,nan,nan,nan,nan,nan,nan,nan,nan,nan,nan,nan,3.846153846153832490e-03,nan,nan,nan,nan,1.868131868131868087e-02,nan,nan,nan,nan,nan,nan,nan,3.791208791208788842e-02
nan,9.014084507042352881e-03,nan,nan,nan,nan,nan,-3.943661971830980488e-03,nan,5.633802816901844601e-04,nan,-8.450704225352101417e-03,nan,nan,nan,nan,nan,nan,7.323943661971932424e-03,nan,nan,nan,nan,nan,nan,nan,nan,nan,nan,nan,0.000000000000000000e+00,nan,nan,nan,nan,nan,1.295774647887333250e-02,nan,nan,nan,nan,nan,nan,nan,nan,nan,nan,0.000000000000000000e+00,nan,nan,nan,nan,nan,-7.323943661971821402e-03,nan,nan,nan,nan,nan,nan,5.915492957746482094e-02
nan,-5.804749340369408546e-03,nan,nan,nan,nan,nan,1.319261213720317530e-02,nan,-1.583113456464402225e-03,nan,0.000000000000000000e+00,nan,nan,nan,nan,nan,nan,0.000000000000000000e+00,nan,nan,nan,nan,nan,nan,nan,nan,nan,nan,nan,-2.638522427440670448e-03,nan,nan,nan,nan,nan,2.163588390501318751e-02,nan,nan,nan,nan,nan,nan,nan,nan,nan,nan,2.110817941952514327e-03,nan,nan,nan,nan,3.430079155672823010e-02,nan,nan,nan,nan,nan,nan,nan,2.849604221635883977e-02
nan,-1.666666666666662827e-02,nan,nan,nan,nan,nan,-7.777777777777749799e-03,nan,-3.888888888888874899e-03,nan,-5.555555555555536035e-04,nan,nan,nan,nan,nan,nan,-2.222222222222214414e-03,nan,nan,nan,nan,nan,nan,nan,nan,nan,nan,nan,0.000000000000000000e+00,nan,nan,nan,nan,nan,1.277777777777777679e-02,nan,nan,nan,nan,nan,nan,nan,nan,nan,nan,2.777777777777767909e-03,nan,nan,nan,nan,1.944444444444448639e-02,nan,nan,nan,nan,nan,nan,nan,8.444444444444447473e-02
nan,2.994652406417113236e-02,nan,nan,nan,nan,nan,-6.417112299465265943e-03,nan,1.016042780748658246e-02,nan,-6.417112299465265943e-03,nan,nan,nan,nan,nan,nan,0.000000000000000000e+00,nan,nan,nan,nan,nan,nan,nan,nan,nan,nan,nan,0.000000000000000000e+00,nan,nan,nan,nan,nan,3.315508021390371762e-02,nan,nan,nan,nan,nan,nan,nan,nan,nan,nan,6.951871657754038827e-03,nan,nan,nan,nan,1.925133689839568854e-02,nan,nan,nan,nan,nan,nan,nan,1.711229946524060047e-02
nan,8.333333333333303727e-03,0.000000000000000000e+00,nan,nan,nan,nan,6.666666666666642808e-03,nan,8.333333333333303727e-03,nan,-3.333333333333343522e-03,nan,nan,nan,nan,nan,nan,9.999999999999963779e-03,nan,nan,nan,nan,nan,nan,nan,nan,nan,nan,nan,0.000000000000000000e+00,nan,nan,nan,nan,nan,4.166666666666662966e-02,nan,nan,nan,nan,nan,nan,nan,nan,nan,nan,7.777777777777749799e-03,nan,nan,nan,nan,1.222222222222217949e-02,nan,nan,nan,nan,nan,nan,nan,nan
nan,-6.010928961748640380e-03,nan,nan,nan,nan,nan,3.825136612021862257e-03,nan,-2.732240437158472979e-03,nan,-2.732240437158472979e-03,nan,nan,nan,nan,nan,nan,7.103825136612030092e-03,nan,nan,nan,nan,nan,nan,nan,nan,nan,nan,nan,-1.092896174863389278e-03,nan,nan,nan,nan,nan,2.131147540983608854e-02,nan,nan,nan,nan,nan,nan,nan,nan,nan,nan,7.103825136612030092e-03,nan,nan,nan,nan,3.224043715846998392e-02,nan,nan,nan,nan,nan,nan,nan,5.519125683060115140e-02
nan,7.650273224043724514e-03,nan,nan,nan,nan,nan,4.371584699453557113e-03,nan,3.278688524590167401e-03,nan,5.464480874316946391e-04,nan,nan,nan,nan,nan,nan,-3.278688524590167401e-03,nan,nan,nan,nan,nan,nan,nan,nan,nan,nan,nan,0.000000000000000000e+00,nan,nan,nan,nan,nan,3.387978142076506632e-02,nan,nan,nan,nan,nan,nan,nan,nan,nan,nan,1.092896174863389278e-03,nan,nan,nan,nan,4.153005464480878650e-02,nan,nan,nan,nan,nan,nan,nan,2.021857923497270143e-02
nan,6.629834254143651684e-03,-4.419889502762397449e-03,nan,nan,nan,nan,0.000000000000000000e+00,nan,-1.104972375690582665e-03,nan,-5.524861878452913327e-04,nan,nan,nan,nan,nan,nan,-5.524861878452913327e-04,nan,nan,nan,nan,nan,nan,nan,nan,nan,nan,nan,0.000000000000000000e+00,nan,nan,nan,nan,nan,9.392265193370196927e-03,nan,nan,nan,nan,nan,nan,nan,nan,nan,nan,0.000000000000000000e+00,nan,nan,nan,nan,1.657458563535911880e-02,nan,nan,nan,nan,nan,nan,nan,nan
nan,1.513513513513515749e-02,3.783783783783856158e-03,nan,nan,nan,nan,-1.621621621621582941e-03,nan,2.162162162162206865e-03,nan,6.486486486486553807e-03,nan,nan,nan,nan,nan,nan,2.378378378378380800e-02,nan,nan,nan,nan,nan,nan,nan,nan,nan,nan,nan,-5.405405405405350194e-04,nan,nan,nan,nan,nan,7.567567567567601294e-03,nan,nan,nan,nan,nan,nan,nan,nan,nan,nan,0.000000000000000000e+00,nan,nan,nan,nan,nan,nan,nan,nan,nan,nan,nan,nan,7.081081081081086470e-02
nan,9.470752089136457580e-03,0.000000000000000000e+00,nan,nan,nan,nan,4.456824512534795710e-03,nan,7.242339832869060592e-03,nan,2.785515320334219780e-03,nan,nan,nan,nan,nan,nan,8.913649025069613971e-03,nan,nan,nan,nan,nan,nan,nan,nan,nan,nan,nan,0.000000000000000000e+00,nan,nan,nan,nan,nan,2.674094707520890957e-02,nan,nan,nan,nan,nan,nan,nan,nan,nan,nan,1.002785515320332374e-02,nan,nan,nan,nan,3.119777158774372783e-02,nan,nan,nan,nan,nan,nan,nan,nan
nan,7.865168539325839703e-03,nan,nan,nan,nan,nan,7.303370786516838638e-03,nan,3.370786516853963022e-03,nan,2.220446049250313204e-17,nan,nan,nan,nan,nan,nan,1.685393258426965898e-02,nan,nan,nan,nan,nan,nan,nan,nan,nan,nan,nan,0.000000000000000000e+00,nan,nan,nan,nan,nan,2.191011235955058270e-02,nan,nan,nan,nan,nan,nan,nan,nan,nan,nan,1.685393258427003629e-03,nan,nan,nan,nan,nan,5.617977528090233996e-04,nan,nan,nan,nan,nan,nan,2.247191011235956035e-02
nan,-1.049723756906075813e-02,nan,nan,nan,nan,nan,1.657458563535874107e-03,nan,-4.972375690607755243e-03,nan,1.104972375690582665e-03,nan,nan,nan,nan,nan,nan,6.077348066298338125e-03,nan,nan,nan,nan,nan,nan,nan,nan,nan,nan,nan,0.000000000000000000e+00,nan,nan,nan,nan,nan,1.546961325966851250e-02,nan,nan,nan,nan,nan,nan,nan,nan,nan,nan,-5.524861878453357850e-04,nan,nan,nan,nan,4.033149171270718203e-02,nan,nan,nan,nan,nan,nan,nan,1.602209944751378096e-02
nan,-1.643835616438327207e-03,nan,nan,nan,nan,nan,0.000000000000000000e+00,nan,5.479452054794719650e-04,nan,0.000000000000000000e+00,nan,nan,nan,nan,nan,nan,3.287671232876809672e-03,nan,nan,nan,nan,nan,nan,nan,nan,nan,nan,nan,-5.479452054794498039e-03,nan,nan,nan,nan,nan,2.410958904109592599e-02,nan,nan,nan,nan,nan,nan,nan,nan,nan,nan,6.027397260274058692e-03,nan,nan,nan,nan,4.219178082191785834e-02,nan,nan,nan,nan,nan,nan,nan,5.643835616438361985e-02
nan,3.183023872678991673e-03,nan,nan,nan,nan,nan,7.427055702917795266e-03,nan,3.713527851458842122e-03,nan,-2.220446049250313204e-17,nan,nan,nan,nan,nan,nan,2.228116710875327477e-02,nan,nan,nan,nan,nan,nan,nan,nan,nan,nan,nan,-5.305039787798504491e-04,nan,nan,nan,nan,nan,3.342175066312995380e-02,nan,nan,nan,nan,nan,nan,nan,nan,nan,nan,1.167108753315648784e-02,nan,nan,nan,nan,3.023872679045094131e-02,nan,nan,nan,nan,nan,nan,nan,3.554376657824931396e-02
nan,-9.523809523809489974e-03,nan,nan,nan,nan,nan,-4.481792717086818811e-03,nan,5.602240896358523514e-03,nan,0.000000000000000000e+00,nan,nan,nan,nan,nan,nan,3.921568627450966460e-03,nan,nan,nan,nan,nan,nan,nan,nan,nan,nan,nan,-1.120448179271704703e-03,nan,nan,nan,nan,nan,2.521008403361346684e-02,nan,nan,nan,nan,nan,nan,nan,nan,nan,nan,-5.602240896358523514e-04,nan,nan,nan,nan,1.288515406162467000e-02,nan,nan,nan,nan,nan,nan,nan,1.120448179271706958e-02
nan,8.533333333333347620e-03,0.000000000000000000e+00,nan,nan,nan,nan,1.066666666666682330e-03,nan,0.000000000000000000e+00,nan,3.733333333333344137e-03,nan,nan,nan,nan,nan,nan,1.493333333333337655e-02,nan,nan,nan,nan,nan,nan,nan,nan,nan,nan,nan,0.000000000000000000e+00,nan,nan,nan,nan,nan,nan,nan,nan,nan,nan,nan,nan,nan,nan,nan,nan,1.493333333333333145e-02,nan,nan,nan,nan,4.426666666666667638e-02,nan,nan,nan,nan,nan,nan,nan,5.173333333333336725e-02
nan,5.449591280653897848e-03,nan,nan,nan,nan,nan,4.904632152588517258e-03,nan,5.449591280653897848e-03,nan,5.449591280653809161e-04,nan,nan,nan,nan,nan,nan,8.719346049046250782e-03,nan,nan,nan,nan,nan,nan,nan,nan,nan,nan,nan,0.000000000000000000e+00,nan,nan,nan,nan,nan,3.760217983651219231e-02,nan,nan,nan,nan,nan,nan,nan,nan,nan,nan,8.174386920980870191e-03,nan,nan,nan,nan,2.179836512261577181e-02,nan,nan,nan,nan,nan,nan,nan,3.923705722070840174e-02
nan,-1.066666666666682330e-03,nan,nan,nan,nan,nan,5.333333333332745951e-04,nan,9.599999999999987016e-03,nan,-2.666666666666706043e-03,nan,nan,nan,nan,nan,nan,1.066666666666638095e-03,nan,nan,nan,nan,nan,nan,nan,nan,nan,nan,nan,0.000000000000000000e+00,nan,nan,nan,nan,nan,-1.066666666666726783e-03,nan,nan,nan,nan,nan,nan,nan,nan,nan,nan,1.599999999999979260e-03,nan,nan,nan,nan,3.039999999999996178e-02,nan,nan,nan,nan,nan,nan,nan,9.066666666666644767e-03
nan,8.510638297872330157e-03,0.000000000000000000e+00,nan,nan,nan,nan,0.000000000000000000e+00,nan,-5.319148936170136959e-04,nan,3.723404255319140432e-03,nan,nan,nan,nan,nan,nan,-3.191489361702104510e-03,nan,nan,nan,nan,nan,nan,nan,nan,nan,nan,nan,1.063829787234027392e-03,nan,nan,nan,nan,nan,nan,nan,nan,nan,nan,nan,nan,nan,nan,nan,nan,2.659574468085112824e-03,nan,nan,nan,nan,5.053191489361705951e-02,nan,nan,nan,nan,nan,nan,nan,-1.542553191489362020e-02
nan,-5.449591280653920400e-03,nan,nan,nan,nan,nan,-8.174386920980936111e-03,nan,0.000000000000000000e+00,nan,-5.449591280654031422e-04,nan,nan,nan,nan,nan,nan,-1.089918256130806284e-03,nan,nan,nan,nan,nan,nan,nan,nan,nan,nan,nan,0.000000000000000000e+00,nan,nan,nan,nan,nan,9.809264305177079618e-03,nan,nan,nan,nan,nan,nan,nan,nan,nan,nan,2.220446049250313204e-17,nan,nan,nan,nan,2.288828337874659891e-02,nan,nan,nan,nan,nan,nan,nan,5.013623978201631193e-02
nan,-1.084010840108362485e-03,nan,nan,nan,nan,nan,5.420054200542034689e-04,nan,2.710027100271017453e-03,nan,-2.710027100270906431e-03,nan,nan,nan,nan,nan,nan,0.000000000000000000e+00,nan,nan,nan,nan,nan,nan,nan,nan,nan,nan,nan,-2.710027100270906431e-03,nan,nan,nan,nan,nan,3.577235772357727217e-02,nan,nan,nan,nan,nan,nan,nan,nan,nan,nan,2.710027100271017453e-03,nan,nan,nan,nan,2.655826558265588291e-02,nan,nan,nan,nan,nan,nan,nan,1.409214092140926786e-02
nan,3.305785123966953343e-03,-2.754820936639124172e-03,nan,nan,nan,nan,-2.754820936639146289e-03,nan,-2.754820936639146289e-03,nan,9.366391184572987055e-03,nan,nan,nan,nan,nan,nan,8.264462809917350397e-03,nan,nan,nan,nan,nan,nan,nan,nan,nan,nan,nan,-2.754820936639146289e-03,nan,nan,nan,nan,nan,nan,nan,nan,nan,nan,nan,nan,nan,nan,nan,nan,1.101928374655658559e-03,nan,nan,nan,nan,3.415977961432510590e-02,nan,nan,nan,nan,nan,nan,nan,4.903581267217631268e-02
nan,2.061281337047358303e-02,8.913649025069636522e-03,nan,nan,nan,nan,2.228412256267420406e-03,nan,2.220446049250313204e-17,nan,1.559888579387189687e-02,nan,nan,nan,nan,nan,nan,2.228412256267442524e-03,nan,nan,nan,nan,nan,nan,nan,nan,nan,nan,nan,0.000000000000000000e+00,nan,nan,nan,nan,nan,nan,nan,nan,nan,nan,nan,nan,nan,nan,nan,nan,2.785515320334308684e-03,nan,nan,nan,nan,2.841225626740948723e-02,nan,nan,nan,nan,nan,nan,nan,1.559888579387189687e-02
nan,1.250000000000006661e-02,nan,nan,nan,nan,nan,-2.604166666666629659e-03,nan,-3.645833333333281349e-03,nan,-9.374999999999977102e-03,nan,nan,nan,nan,nan,nan,3.125000000000022291e-03,nan,nan,nan,nan,nan,nan,nan,nan,nan,nan,nan,5.208333333333481797e-04,nan,nan,nan,nan,nan,2.708333333333339324e-02,nan,nan,nan,nan,nan,nan,nan,nan,nan,nan,2.604166666666718564e-03,nan,nan,nan,nan,1.718750000000004302e-02,nan,nan,nan,nan,nan,nan,nan,6.250000000000022031e-03
nan,1.542857142857145814e-02,2.857142857142869283e-03,nan,nan,nan,nan,-7.999999999999962003e-03,nan,-7.999999999999984554e-03,nan,2.857142857142891401e-03,nan,nan,nan,nan,nan,nan,-1.714285714285712680e-03,nan,nan,nan,nan,nan,nan,nan,nan,nan,nan,nan,2.285714285714291090e-03,nan,nan,nan,nan,nan,-6.285714285714272091e-03,nan,nan,nan,nan,nan,nan,nan,nan,nan,nan,5.142857142857138256e-03,nan,nan,nan,nan,2.114285714285712992e-02,nan,nan,nan,nan,nan,nan,nan,nan
nan,2.375690607734803894e-02,5.524861878452691066e-04,nan,nan,nan,nan,-5.524861878453024566e-03,nan,-9.392265193370196927e-03,nan,2.099447513812149196e-02,nan,nan,nan,nan,nan,nan,4.972375690607688456e-03,nan,nan,nan,nan,nan,nan,nan,nan,nan,nan,nan,0.000000000000000000e+00,nan,nan,nan,nan,nan,5.911602209944748221e-02,nan,nan,nan,nan,nan,nan,nan,nan,nan,nan,0.000000000000000000e+00,nan,nan,nan,nan,nan,nan,nan,nan,nan,nan,nan,nan,1.767955801104972163e-02
nan,1.639344262295083701e-03,nan,nan,nan,nan,nan,6.557377049180334802e-03,nan,3.825136612021862257e-03,nan,-4.371584699453557113e-03,nan,nan,nan,nan,nan,nan,3.825136612021862257e-03,nan,nan,nan,nan,nan,nan,nan,nan,nan,nan,nan,5.464480874316946391e-04,nan,nan,nan,nan,nan,1.967213114754100614e-02,nan,nan,nan,nan,nan,nan,nan,nan,nan,nan,2.185792349726778556e-03,nan,nan,nan,nan,2.076502732240439325e-02,nan,nan,nan,nan,nan,nan,nan,3.224043715846998392e-02
nan,-5.494505494505497536e-03,nan,nan,nan,nan,nan,2.747252747252737493e-03,nan,-9.340659340659395946e-03,nan,-3.296703296703284991e-03,nan,nan,nan,nan,nan,nan,2.747252747252737493e-03,nan,nan,nan,nan,nan,nan,nan,nan,nan,nan,nan,-5.494505494505474985e-04,nan,nan,nan,nan,nan,3.131868131868131844e-02,nan,nan,nan,nan,nan,nan,nan,nan,nan,nan,0.000000000000000000e+00,nan,nan,nan,nan,3.131868131868129762e-02,nan,nan,nan,nan,nan,nan,nan,2.802197802197798834e-02
nan,9.340659340659307475e-03,-3.846153846153832490e-03,nan,nan,nan,nan,0.000000000000000000e+00,nan,3.846153846153832490e-03,nan,8.241758241758235029e-03,nan,nan,nan,nan,nan,nan,3.296703296703307109e-03,nan,nan,nan,nan,nan,nan,nan,nan,nan,nan,nan,5.494505494505474985e-04,nan,nan,nan,nan,nan,nan,nan,nan,nan,nan,nan,nan,nan,nan,nan,nan,1.263736263736263757e-02,nan,nan,nan,nan,3.186813186813186594e-02,nan,nan,nan,nan,nan,nan,nan,-2.197802197802189994e-03
nan,3.801652892561981772e-02,2.754820936639124172e-03,nan,nan,nan,nan,3.305785123966953343e-03,nan,0.000000000000000000e+00,nan,2.203856749311272449e-03,nan,nan,nan,nan,nan,nan,9.917355371900814925e-03,nan,nan,nan,nan,nan,nan,nan,nan,nan,nan,nan,5.509641873278292796e-04,nan,nan,nan,nan,nan,3.195592286501376666e-02,nan,nan,nan,nan,nan,nan,nan,nan,nan,nan,7.713498622589498241e-03,nan,nan,nan,nan,3.471074380165286438e-02,nan,nan,nan,nan,nan,nan,nan,nan
nan,-1.617250673854409102e-03,nan,nan,nan,nan,nan,0.000000000000000000e+00,nan,3.234501347708906675e-03,nan,1.078167115902983709e-03,nan,nan,nan,nan,nan,nan,2.102425876010784872e-02,nan,nan,nan,nan,nan,nan,nan,nan,nan,nan,nan,2.156334231805967418e-03,nan,nan,nan,nan,nan,2.533692722371971850e-02,nan,nan,nan,nan,nan,nan,nan,nan,nan,nan,9.164420485175229364e-03,nan,nan,nan,nan,1.778975741239894465e-02,nan,nan,nan,nan,nan,nan,nan,3.611859838274937562e-02
nan,2.162162162162140078e-03,-4.864864864864926197e-03,nan,nan,nan,nan,-1.189189189189192655e-02,nan,-2.220446049250313204e-17,nan,1.621621621621605058e-03,nan,nan,nan,nan,nan,nan,4.324324324324280155e-03,nan,nan,nan,nan,nan,nan,nan,nan,nan,nan,nan,-2.702702702702786119e-03,nan,nan,nan,nan,nan,nan,nan,nan,nan,nan,nan,nan,nan,nan,nan,nan,-3.783783783783856158e-03,nan,nan,nan,nan,3.135135135135129480e-02,nan,nan,nan,nan,nan,nan,nan,2.054054054054048686e-02
nan,0.000000000000000000e+00,1.133144475920722094e-03,nan,nan,nan,nan,0.000000000000000000e+00,nan,-4.532577903682666332e-03,nan,4.532577903682777354e-03,nan,nan,nan,nan,nan,nan,9.065155807365488788e-03,nan,nan,nan,nan,nan,nan,nan,nan,nan,nan,nan,0.000000000000000000e+00,nan,nan,nan,nan,nan,nan,nan,nan,nan,nan,nan,nan,nan,nan,nan,nan,3.966005665722449267e-03,nan,nan,nan,nan,1.813031161473090819e-02,nan,nan,nan,nan,nan,nan,nan,6.798866855524154755e-03
nan,4.324324324324391178e-03,nan,nan,nan,nan,nan,2.162162162162228982e-03,nan,5.405405405405461217e-03,nan,1.621621621621671628e-03,nan,nan,nan,nan,nan,nan,0.000000000000000000e+00,nan,nan,nan,nan,nan,nan,nan,nan,nan,nan,nan,0.000000000000000000e+00,nan,nan,nan,nan,nan,2.918918918918920330e-02,nan,nan,nan,nan,nan,nan,nan,nan,nan,nan,2.162162162162206865e-03,nan,nan,nan,nan,2.108108108108113291e-02,nan,nan,nan,nan,nan,nan,nan,6.162162162162167917e-02
nan,1.657458563535909452e-02,-5.524861878453024566e-03,nan,nan,nan,nan,2.762430939226567794e-03,nan,0.000000000000000000e+00,nan,4.419889502762441684e-03,nan,nan,nan,nan,nan,nan,-1.104972375690627118e-03,nan,nan,nan,nan,nan,nan,nan,nan,nan,nan,nan,0.000000000000000000e+00,nan,nan,nan,nan,nan,nan,nan,nan,nan,nan,nan,nan,nan,nan,nan,nan,5.524861878453047118e-03,nan,nan,nan,nan,2.209944751381216418e-02,nan,nan,nan,nan,nan,nan,nan,7.403314917127072625e-02
nan,-5.633802816901400945e-03,-5.633802816901401162e-04,nan,nan,nan,nan,6.197183098591629857e-03,nan,4.507042253521209400e-03,nan,-3.380281690140840480e-03,nan,nan,nan,nan,nan,nan,9.014084507042307778e-03,nan,nan,nan,nan,nan,nan,nan,nan,nan,nan,nan,2.816901408450700472e-03,nan,nan,nan,nan,nan,6.760563380281747747e-03,nan,nan,nan,nan,nan,nan,nan,nan,nan,nan,5.633802816901401162e-04,nan,nan,nan,nan,nan,nan,nan,nan,nan,nan,nan,nan,0.000000000000000000e+00
nan,6.896551724137944817e-03,-1.149425287356331581e-03,nan,nan,nan,nan,-4.597701149425282088e-03,nan,0.000000000000000000e+00,nan,1.149425287356331581e-03,nan,nan,nan,nan,nan,nan,6.321839080459778701e-03,nan,nan,nan,nan,nan,nan,nan,nan,nan,nan,nan,1.149425287356353699e-03,nan,nan,nan,nan,nan,nan,nan,nan,nan,nan,nan,nan,nan,nan,nan,nan,5.172413793103469888e-03,nan,nan,nan,nan,1.896551724137933784e-02,nan,nan,nan,nan,nan,nan,nan,5.747126436781657905e-04
nan,1.562500000000022204e-03,nan,nan,nan,nan,nan,5.208333333333370341e-03,nan,2.083333333333392719e-03,nan,1.041666666666696359e-03,nan,nan,nan,nan,nan,nan,1.354166666666669662e-02,nan,nan,nan,nan,nan,nan,nan,nan,nan,nan,nan,0.000000000000000000e+00,nan,nan,nan,nan,nan,2.447916666666669766e-02,nan,nan,nan,nan,nan,nan,nan,nan,nan,nan,9.375000000000067307e-03,nan,nan,nan,nan,2.656250000000002359e-02,nan,nan,nan,nan,nan,nan,nan,2.968750000000004372e-02
nan,-1.311475409836066960e-02,nan,nan,nan,nan,nan,-1.092896174863389278e-03,nan,-7.650273224043724514e-03,nan,1.092896174863389278e-03,nan,nan,nan,nan,nan,nan,2.185792349726778556e-03,nan,nan,nan,nan,nan,nan,nan,nan,nan,nan,nan,-5.464480874316946391e-04,nan,nan,nan,nan,nan,3.497267759562845690e-02,nan,nan,nan,nan,nan,nan,nan,nan,nan,nan,1.639344262295083701e-03,nan,nan,nan,nan,4.153005464480878650e-02,nan,nan,nan,nan,nan,nan,nan,5.519125683060108895e-02
nan,1.647727272727275011e-02,-2.272727272727248331e-03,nan,nan,nan,nan,2.272727272727337235e-03,nan,2.840909090909171653e-03,nan,0.000000000000000000e+00,nan,nan,nan,nan,nan,nan,0.000000000000000000e+00,nan,nan,nan,nan,nan,nan,nan,nan,nan,nan,nan,5.681818181818232283e-03,nan,nan,nan,nan,nan,nan,nan,nan,nan,nan,nan,nan,nan,nan,nan,nan,1.022727272727277405e-02,nan,nan,nan,nan,3.750000000000004718e-02,nan,nan,nan,nan,nan,nan,nan,2.272727272727337235e-03
nan,2.079999999999995047e-02,2.666666666666617138e-03,nan,nan,nan,nan,-5.333333333333633913e-04,nan,-2.666666666666683925e-03,nan,0.000000000000000000e+00,nan,nan,nan,nan,nan,nan,6.933333333333302657e-03,nan,nan,nan,nan,nan,nan,nan,nan,nan,nan,nan,2.666666666666595020e-03,nan,nan,nan,nan,nan,9.599999999999964465e-03,nan,nan,nan,nan,nan,nan,nan,nan,nan,nan,1.066666666666660213e-03,nan,nan,nan,nan,2.133333333333329446e-02,nan,nan,nan,nan,nan,nan,nan,nan
nan,5.347593582887722342e-04,nan,nan,nan,nan,nan,1.069518716577544468e-03,nan,2.673796791443860954e-03,nan,-2.673796791443860954e-03,nan,nan,nan,nan,nan,nan,5.347593582887721908e-03,nan,nan,nan,nan,nan,nan,nan,nan,nan,nan,nan,0.000000000000000000e+00,nan,nan,nan,nan,nan,1.176470588235298785e-02,nan,nan,nan,nan,nan,nan,nan,nan,nan,nan,6.951871657754038827e-03,nan,nan,nan,nan,4.171122994652407684e-02,nan,nan,nan,nan,nan,nan,nan,3.796791443850271175e-02
nan,-1.046831955922868963e-02,nan,nan,nan,nan,nan,-1.046831955922866708e-02,nan,-3.305785123966975460e-03,nan,2.203856749311317118e-03,nan,nan,nan,nan,nan,nan,7.162534435261691187e-03,nan,nan,nan,nan,nan,nan,nan,nan,nan,nan,nan,-1.652892561983487730e-03,nan,nan,nan,nan,nan,1.707988980716252866e-02,nan,nan,nan,nan,nan,nan,nan,nan,nan,nan,-3.305785123966975460e-03,nan,nan,nan,nan,2.754820936639117493e-02,nan,nan,nan,nan,nan,nan,nan,4.517906336088153146e-02
nan,-6.575342465753397300e-03,-2.191780821917799389e-03,nan,nan,nan,nan,-5.479452054794276212e-04,nan,2.220446049250313204e-17,nan,1.315068493150690562e-02,nan,nan,nan,nan,nan,nan,-2.739726027397249020e-03,nan,nan,nan,nan,nan,nan,nan,nan,nan,nan,nan,0.000000000000000000e+00,nan,nan,nan,nan,nan,nan,nan,nan,nan,nan,nan,nan,nan,nan,nan,nan,5.479452054794941912e-04,nan,nan,nan,nan,2.739726027397266714e-02,nan,nan,nan,nan,nan,nan,nan,4.328767123287675933e-02
nan,1.416430594900850402e-02,0.000000000000000000e+00,nan,nan,nan,nan,0.000000000000000000e+00,nan,-2.266288951841333166e-03,nan,2.266288951841399953e-03,nan,nan,nan,nan,nan,nan,3.966005665722383347e-03,nan,nan,nan,nan,nan,nan,nan,nan,nan,nan,nan,0.000000000000000000e+00,nan,nan,nan,nan,nan,nan,nan,nan,nan,nan,nan,nan,nan,nan,nan,nan,-2.266288951841311048e-03,nan,nan,nan,nan,3.229461756373939313e-02,nan,nan,nan,nan,nan,nan,nan,7.195467422096320231e-02
nan,2.240896358543409406e-02,nan,nan,nan,nan,nan,1.400560224089630879e-02,nan,-1.120448179271771273e-03,nan,1.680672268907557054e-03,nan,nan,nan,nan,nan,nan,1.680672268907512602e-03,nan,nan,nan,nan,nan,nan,nan,nan,nan,nan,nan,5.602240896358523514e-04,nan,nan,nan,nan,nan,1.792717086834727525e-02,nan,nan,nan,nan,nan,nan,nan,nan,nan,nan,1.344537815126045643e-02,nan,nan,nan,nan,2.577030812324925327e-02,nan,nan,nan,nan,nan,nan,nan,1.904761904761900076e-02
nan,-2.849002849002868661e-03,nan,nan,nan,nan,nan,1.139601139601098545e-03,nan,1.709401709401658876e-03,nan,-4.558404558404593673e-03,nan,nan,nan,nan,nan,nan,2.279202279202241326e-03,nan,nan,nan,nan,nan,nan,nan,nan,nan,nan,nan,0.000000000000000000e+00,nan,nan,nan,nan,nan,5.698005698005647983e-03,nan,nan,nan,nan,nan,nan,nan,nan,nan,nan,2.849002849002801874e-03,nan,nan,nan,nan,2.849002849002844201e-02,nan,nan,nan,nan,nan,nan,nan,3.076923076923072584e-02
nan,1.462140992167098100e-02,0.000000000000000000e+00,nan,nan,nan,nan,0.000000000000000000e+00,nan,4.177545691905937449e-03,nan,6.788511749347181205e-03,nan,nan,nan,nan,nan,nan,2.088772845952946607e-03,nan,nan,nan,nan,nan,nan,nan,nan,nan,nan,nan,-2.088772845953012960e-03,nan,nan,nan,nan,nan,nan,nan,nan,nan,nan,nan,nan,nan,nan,nan,nan,5.744125326370674509e-03,nan,nan,nan,nan,2.819843342036547698e-02,nan,nan,nan,nan,nan,nan,nan,1.618798955613574148e-02
nan,1.671309192200554029e-03,2.785515320334219780e-03,nan,nan,nan,nan,-8.356545961002815465e-03,nan,-1.002785515320336884e-02,nan,-1.671309192200598481e-03,nan,nan,nan,nan,nan,nan,-5.571030640668883866e-04,nan,nan,nan,nan,nan,nan,nan,nan,nan,nan,nan,-5.571030640668661604e-04,nan,nan,nan,nan,nan,nan,nan,nan,nan,nan,nan,nan,nan,nan,nan,nan,4.456824512534795710e-03,nan,nan,nan,nan,3.064066852367686167e-02,nan,nan,nan,nan,nan,nan,nan,2.674094707520888875e-02
nan,3.409090909090895048e-03,-3.977272727272751149e-03,nan,nan,nan,nan,-4.545454545454563448e-03,nan,5.681818181818120827e-04,nan,7.954545454545458930e-03,nan,nan,nan,nan,nan,nan,-5.681818181818232283e-03,nan,nan,nan,nan,nan,nan,nan,nan,nan,nan,nan,0.000000000000000000e+00,nan,nan,nan,nan,nan,nan,nan,nan,nan,nan,nan,nan,nan,nan,nan,nan,-2.220446049250313204e-17,nan,nan,nan,nan,2.784090909090906202e-02,nan,nan,nan,nan,nan,nan,nan,2.045454545454545789e-02
nan,3.208556149732632971e-03,nan,nan,nan,nan,nan,4.278074866310177873e-03,nan,1.336898395721930477e-02,nan,-5.347593582887722342e-04,nan,nan,nan,nan,nan,nan,4.278074866310177873e-03,nan,nan,nan,nan,nan,nan,nan,nan,nan,nan,nan,-2.139037433155088937e-03,nan,nan,nan,nan,nan,2.727272727272729222e-02,nan,nan,nan,nan,nan,nan,nan,nan,nan,nan,1.283422459893053189e-02,nan,nan,nan,nan,2.513368983957222497e-02,nan,nan,nan,nan,nan,nan,nan,2.673796791443860954e-03
nan,0.000000000000000000e+00,nan,nan,nan,nan,nan,5.376344086021501035e-04,nan,4.838709677419350715e-03,nan,-5.376344086021501035e-04,nan,nan,nan,nan,nan,nan,0.000000000000000000e+00,nan,nan,nan,nan,nan,nan,nan,nan,nan,nan,nan,0.000000000000000000e+00,nan,nan,nan,nan,nan,2.311827956989245120e-02,nan,nan,nan,nan,nan,nan,nan,nan,nan,nan,-2.688172043010750301e-03,nan,nan,nan,nan,4.086021505376351282e-02,nan,nan,nan,nan,nan,nan,nan,4.838709677419350715e-03
nan,-8.042895442359254687e-03,nan,nan,nan,nan,nan,-3.753351206434318681e-03,nan,-1.608579088471850894e-03,nan,-9.651474530831104931e-03,nan,nan,nan,nan,nan,nan,0.000000000000000000e+00,nan,nan,nan,nan,nan,nan,nan,nan,nan,nan,nan,-1.072386058981234002e-03,nan,nan,nan,nan,nan,1.930294906166220986e-02,nan,nan,nan,nan,nan,nan,nan,nan,nan,nan,2.144772117962468003e-03,nan,nan,nan,nan,2.895442359249331826e-02,nan,nan,nan,nan,nan,nan,nan,3.967828418230563703e-02
nan,7.446808510638258313e-03,nan,nan,nan,nan,nan,7.978723404255294235e-03,nan,1.010638297872334945e-02,nan,4.787234042553123806e-03,nan,nan,nan,nan,nan,nan,-1.063829787234071844e-03,nan,nan,nan,nan,nan,nan,nan,nan,nan,nan,nan,4.255319148936109568e-03,nan,nan,nan,nan,nan,4.946808510638296685e-02,nan,nan,nan,nan,nan,nan,nan,nan,nan,nan,5.319148936170181412e-03,nan,nan,nan,nan,3.723404255319149453e-02,nan,nan,nan,nan,nan,nan,nan,9.999999999999997780e-02
nan,0.000000000000000000e+00,-2.732240437158472979e-03,nan,nan,nan,nan,0.000000000000000000e+00,nan,2.185792349726778556e-03,nan,-4.371584699453557113e-03,nan,nan,nan,nan,nan,nan,8.743169398907114226e-03,nan,nan,nan,nan,nan,nan,nan,nan,nan,nan,nan,-2.185792349726778556e-03,nan,nan,nan,nan,nan,nan,nan,nan,nan,nan,nan,nan,nan,nan,nan,nan,5.464480874316946391e-04,nan,nan,nan,nan,2.513661202185795210e-02,nan,nan,nan,nan,nan,nan,nan,3.333333333333336757e-02
nan,9.248554913294838170e-03,nan,nan,nan,nan,nan,2.890173410404672707e-03,nan,5.780346820809300961e-04,nan,3.468208092485580794e-03,nan,nan,nan,nan,nan,nan,0.000000000000000000e+00,nan,nan,nan,nan,nan,nan,nan,nan,nan,nan,nan,-2.890173410404539567e-03,nan,nan,nan,nan,nan,1.387283236994223470e-02,nan,nan,nan,nan,nan,nan,nan,nan,nan,nan,6.936416184971139036e-03,nan,nan,nan,nan,2.312138728323700348e-02,nan,nan,nan,nan,nan,nan,nan,5.895953757225440295e-02
nan,-4.469273743016688276e-03,nan,nan,nan,nan,nan,-2.234636871508310745e-03,nan,-7.262569832402187946e-03,nan,-3.910614525139610373e-03,nan,nan,nan,nan,nan,nan,-1.675977653631233275e-03,nan,nan,nan,nan,nan,nan,nan,nan,nan,nan,nan,-3.910614525139610373e-03,nan,nan,nan,nan,nan,1.620111731843583078e-02,nan,nan,nan,nan,nan,nan,nan,nan,nan,nan,5.027932960893899753e-03,nan,nan,nan,nan,1.173184357541905490e-02,nan,nan,nan,nan,nan,nan,nan,1.117318435754193276e-02
nan,7.957559681697623163e-03,nan,nan,nan,nan,nan,-5.835543766578199683e-03,nan,9.018567639257324062e-03,nan,2.652519893899252246e-03,nan,nan,nan,nan,nan,nan,0.000000000000000000e+00,nan,nan,nan,nan,nan,nan,nan,nan,nan,nan,nan,0.000000000000000000e+00,nan,nan,nan,nan,nan,7.427055702917772714e-03,nan,nan,nan,nan,nan,nan,nan,nan,nan,nan,-2.652519893899185459e-03,nan,nan,nan,nan,2.970822281167111514e-02,nan,nan,nan,nan,nan,nan,nan,2.228116710875336498e-02
nan,-4.800000000000049019e-03,-3.200000000000024873e-03,nan,nan,nan,nan,-1.600000000000023712e-03,nan,-2.133333333333364661e-03,nan,3.733333333333299468e-03,nan,nan,nan,nan,nan,nan,2.666666666666595020e-03,nan,nan,nan,nan,nan,nan,nan,nan,nan,nan,nan,0.000000000000000000e+00,nan,nan,nan,nan,nan,nan,nan,nan,nan,nan,nan,nan,nan,nan,nan,nan,1.066666666666615760e-03,nan,nan,nan,nan,2.933333333333327728e-02,nan,nan,nan,nan,nan,nan,nan,6.559999999999995002e-02
nan,6.232294617563760748e-03,nan,nan,nan,nan,nan,1.019830028328612068e-02,nan,-5.665722379603499882e-04,nan,-1.699716713881049748e-03,nan,nan,nan,nan,nan,nan,1.869688385269121372e-02,nan,nan,nan,nan,nan,nan,nan,nan,nan,nan,nan,0.000000000000000000e+00,nan,nan,nan,nan,nan,6.798866855524066284e-03,nan,nan,nan,nan,nan,nan,nan,nan,nan,nan,1.699716713880983178e-03,nan,nan,nan,nan,3.682719546742210109e-02,nan,nan,nan,nan,nan,nan,nan,5.665722379603277620e-04
nan,1.554404145077725773e-03,nan,nan,nan,nan,nan,2.072538860103634219e-03,nan,3.108808290155451546e-03,nan,3.108808290155451546e-03,nan,nan,nan,nan,nan,nan,7.772020725388628648e-03,nan,nan,nan,nan,nan,nan,nan,nan,nan,nan,nan,5.181347150259085549e-04,nan,nan,nan,nan,nan,1.295336787564771441e-02,nan,nan,nan,nan,nan,nan,nan,nan,nan,nan,7.253886010362720418e-03,nan,nan,nan,nan,2.538860103626949805e-02,nan,nan,nan,nan,nan,nan,nan,8.290155440414536878e-03
nan,-5.797101449275254836e-04,nan,nan,nan,nan,nan,-5.797101449275254836e-04,nan,8.115942028985533713e-03,nan,1.159420289855073085e-03,nan,nan,nan,nan,nan,nan,4.057971014492789408e-03,nan,nan,nan,nan,nan,nan,nan,nan,nan,nan,nan,1.739130434782643021e-03,nan,nan,nan,nan,nan,3.130434782608693123e-02,nan,nan,nan,nan,nan,nan,nan,nan,nan,nan,6.956521739130461061e-03,nan,nan,nan,nan,3.999999999999999389e-02,nan,nan,nan,nan,nan,nan,nan,3.362318840579710255e-02
nan,7.650273224043724514e-03,2.185792349726778556e-03,nan,nan,nan,nan,-1.092896174863389278e-03,nan,1.639344262295083701e-03,nan,1.147540983606558720e-02,nan,nan,nan,nan,nan,nan,1.639344262295083701e-03,nan,nan,nan,nan,nan,nan,nan,nan,nan,nan,nan,2.732240437158472979e-03,nan,nan,nan,nan,nan,nan,nan,nan,nan,nan,nan,nan,nan,nan,nan,nan,-5.464480874316946391e-04,nan,nan,nan,nan,2.841530054644812037e-02,nan,nan,nan,nan,nan,nan,nan,4.918032786885251535e-03
nan,4.432132963988877523e-03,-1.662049861495873415e-03,nan,nan,nan,nan,-5.540166204986207710e-03,nan,-7.756232686980646038e-03,nan,1.440443213296398531e-02,nan,nan,nan,nan,nan,nan,6.094182825484684152e-03,nan,nan,nan,nan,nan,nan,nan,nan,nan,nan,nan,5.540166204986096904e-04,nan,nan,nan,nan,nan,nan,nan,nan,nan,nan,nan,nan,nan,nan,nan,nan,0.000000000000000000e+00,nan,nan,nan,nan,2.105263157894734366e-02,nan,nan,nan,nan,nan,nan,nan,5.152354570637114606e-02
nan,-6.060606060606122183e-03,nan,nan,nan,nan,nan,0.000000000000000000e+00,nan,6.060606060606011161e-03,nan,0.000000000000000000e+00,nan,nan,nan,nan,nan,nan,-5.509641873278292796e-04,nan,nan,nan,nan,nan,nan,nan,nan,nan,nan,nan,0.000000000000000000e+00,nan,nan,nan,nan,nan,4.132231404958675025e-02,nan,nan,nan,nan,nan,nan,nan,nan,nan,nan,4.407713498622544898e-03,nan,nan,nan,nan,3.195592286501373891e-02,nan,nan,nan,nan,nan,nan,nan,1.157024793388423609e-02
nan,-5.494505494505474985e-03,nan,nan,nan,nan,nan,-2.747252747252737493e-03,nan,4.945054945054927487e-03,nan,2.197802197802189994e-03,nan,nan,nan,nan,nan,nan,3.846153846153832490e-03,nan,nan,nan,nan,nan,nan,nan,nan,nan,nan,nan,-3.296703296703284991e-03,nan,nan,nan,nan,nan,4.395604395604391090e-02,nan,nan,nan,nan,nan,nan,nan,nan,nan,nan,3.846153846153832490e-03,nan,nan,nan,nan,3.571428571428567761e-02,nan,nan,nan,nan,nan,nan,nan,3.571428571428569843e-02
nan,3.370786516853963022e-03,nan,nan,nan,nan,nan,5.617977528089901362e-03,nan,0.000000000000000000e+00,nan,0.000000000000000000e+00,nan,nan,nan,nan,nan,nan,5.617977528090012818e-04,nan,nan,nan,nan,nan,nan,nan,nan,nan,nan,nan,2.808988764045006192e-03,nan,nan,nan,nan,nan,1.460674157303369983e-02,nan,nan,nan,nan,nan,nan,nan,nan,nan,nan,2.247191011236005127e-03,nan,nan,nan,nan,3.146067415730337963e-02,nan,nan,nan,nan,nan,nan,nan,1.629213483146068134e-02
nan,3.954802259887047096e-03,-5.649717514123909091e-04,nan,nan,nan,nan,-2.259887005649696776e-03,nan,0.000000000000000000e+00,nan,1.299435028248592180e-02,nan,nan,nan,nan,nan,nan,6.779661016949200918e-03,nan,nan,nan,nan,nan,nan,nan,nan,nan,nan,nan,-2.824858757062065351e-03,nan,nan,nan,nan,nan,nan,nan,nan,nan,nan,nan,nan,nan,nan,nan,nan,1.694915254237350320e-03,nan,nan,nan,nan,2.824858757062149658e-02,nan,nan,nan,nan,nan,nan,nan,1.073446327683622546e-02
nan,3.200000000000024873e-03,nan,nan,nan,nan,nan,2.026666666666670016e-02,nan,6.399999999999983827e-03,nan,-1.119999999999996519e-02,nan,nan,nan,nan,nan,nan,4.266666666666663402e-03,nan,nan,nan,nan,nan,nan,nan,nan,nan,nan,nan,1.066666666666682330e-03,nan,nan,nan,nan,nan,2.880000000000002697e-02,nan,nan,nan,nan,nan,nan,nan,nan,nan,nan,1.013333333333332753e-02,nan,nan,nan,nan,2.773333333333334247e-02,nan,nan,nan,nan,nan,nan,nan,4.160000000000001197e-02
nan,-5.633802816901400945e-03,nan,nan,nan,nan,nan,-5.070422535211260504e-03,nan,-4.507042253521120929e-03,nan,-5.633802816901401162e-04,nan,nan,nan,nan,nan,nan,1.183098591549294233e-02,nan,nan,nan,nan,nan,nan,nan,nan,nan,nan,nan,2.816901408450700472e-03,nan,nan,nan,nan,nan,2.253521126760560378e-02,nan,nan,nan,nan,nan,nan,nan,nan,nan,nan,4.507042253521120929e-03,nan,nan,nan,nan,4.281690140845064579e-02,nan,nan,nan,nan,nan,nan,nan,2.309859154929574249e-02
nan,4.456521739130429871e-02,0.000000000000000000e+00,nan,nan,nan,nan,-1.086956521739157553e-03,nan,3.804347826086918079e-03,nan,2.717391304347782643e-03,nan,nan,nan,nan,nan,nan,2.717391304347782643e-03,nan,nan,nan,nan,nan,nan,nan,nan,nan,nan,nan,-2.173913043478292555e-03,nan,nan,nan,nan,nan,2.173913043478257340e-02,nan,nan,nan,nan,nan,nan,nan,nan,nan,nan,6.521739130434767509e-03,nan,nan,nan,nan,3.315217391304343952e-02,nan,nan,nan,nan,nan,nan,nan,nan
nan,9.039548022598898128e-03,nan,nan,nan,nan,nan,5.084745762711895267e-03,nan,7.344632768361591610e-03,nan,0.000000000000000000e+00,nan,nan,nan,nan,nan,nan,3.389830508474611735e-03,nan,nan,nan,nan,nan,nan,nan,nan,nan,nan,nan,-3.389830508474567065e-03,nan,nan,nan,nan,nan,1.412429378531077084e-02,nan,nan,nan,nan,nan,nan,nan,nan,nan,nan,1.129943502824870506e-03,nan,nan,nan,nan,1.977401129943505767e-02,nan,nan,nan,nan,nan,nan,nan,2.881355932203388814e-02
nan,-2.702702702702675097e-03,nan,nan,nan,nan,nan,0.000000000000000000e+00,nan,-4.864864864864859410e-03,nan,1.621621621621627176e-03,nan,nan,nan,nan,nan,nan,-8.648648648648648782e-03,nan,nan,nan,nan,nan,nan,nan,nan,nan,nan,nan,5.405405405405350194e-04,nan,nan,nan,nan,nan,3.459459459459459513e-02,nan,nan,nan,nan,nan,nan,nan,nan,nan,nan,-5.405405405405350194e-04,nan,nan,nan,nan,2.486486486486489886e-02,nan,nan,nan,nan,nan,nan,nan,3.999999999999999389e-02
nan,2.440318302387269739e-02,2.220446049250313204e-17,nan,nan,nan,nan,2.122015915119379679e-03,nan,-4.244031830238692571e-03,nan,3.713527851458886357e-03,nan,nan,nan,nan,nan,nan,1.061007957559700898e-03,nan,nan,nan,nan,nan,nan,nan,nan,nan,nan,nan,2.220446049250313204e-17,nan,nan,nan,nan,nan,1.644562334217507596e-02,nan,nan,nan,nan,nan,nan,nan,nan,nan,nan,3.183023872679058459e-03,nan,nan,nan,nan,3.713527851458890694e-02,nan,nan,nan,nan,nan,nan,nan,nan
nan,9.686609686609681108e-03,nan,nan,nan,nan,nan,-1.025641025641026507e-02,nan,1.709401709401747781e-03,nan,-3.988603988603988890e-03,nan,nan,nan,nan,nan,nan,-5.698005698005382137e-04,nan,nan,nan,nan,nan,nan,nan,nan,nan,nan,nan,-2.849002849002823991e-03,nan,nan,nan,nan,nan,1.481481481481481365e-02,nan,nan,nan,nan,nan,nan,nan,nan,nan,nan,2.220446049250313204e-17,nan,nan,nan,nan,1.937321937321938650e-02,nan,nan,nan,nan,nan,nan,nan,1.652421652421651871e-02
nan,-2.724795640326948924e-03,nan,nan,nan,nan,nan,-6.539509536784704133e-03,nan,1.634877384196209427e-03,nan,0.000000000000000000e+00,nan,nan,nan,nan,nan,nan,3.814713896457799878e-03,nan,nan,nan,nan,nan,nan,nan,nan,nan,nan,nan,-2.724795640326904689e-03,nan,nan,nan,nan,nan,2.179836512261581344e-02,nan,nan,nan,nan,nan,nan,nan,nan,nan,nan,4.359673024523180902e-03,nan,nan,nan,nan,2.343324250681198123e-02,nan,nan,nan,nan,nan,nan,nan,-2.179836512261545782e-03
nan,9.115281501340489340e-03,nan,nan,nan,nan,nan,0.000000000000000000e+00,nan,3.753351206434318681e-03,nan,5.898123324396787118e-03,nan,nan,nan,nan,nan,nan,5.361930294906170008e-04,nan,nan,nan,nan,nan,nan,nan,nan,nan,nan,nan,0.000000000000000000e+00,nan,nan,nan,nan,nan,4.611260053619303800e-02,nan,nan,nan,nan,nan,nan,nan,nan,nan,nan,-4.289544235924936007e-03,nan,nan,nan,nan,3.217158176943701875e-02,nan,nan,nan,nan,nan,nan,nan,9.651474530831104931e-03
nan,-3.217158176943701788e-03,nan,nan,nan,nan,nan,-1.608579088471850894e-03,nan,-7.506702412868637361e-03,nan,-5.361930294906169792e-03,nan,nan,nan,nan,nan,nan,6.434316353887403576e-03,nan,nan,nan,nan,nan,nan,nan,nan,nan,nan,nan,0.000000000000000000e+00,nan,nan,nan,nan,nan,1.447721179624665913e-02,nan,nan,nan,nan,nan,nan,nan,nan,nan,nan,8.042895442359254687e-03,nan,nan,nan,nan,3.324396782841824993e-02,nan,nan,nan,nan,nan,nan,nan,2.144772117962467917e-02
nan,-1.939058171745158127e-02,nan,nan,nan,nan,nan,3.878116343490267508e-03,nan,-1.108033240997234950e-02,nan,-2.770083102493115131e-03,nan,nan,nan,nan,nan,nan,1.108033240997197046e-03,nan,nan,nan,nan,nan,nan,nan,nan,nan,nan,nan,-5.540166204986540343e-04,nan,nan,nan,nan,nan,3.324099722991684380e-02,nan,nan,nan,nan,nan,nan,nan,nan,nan,nan,5.540166204985874643e-04,nan,nan,nan,nan,5.373961218836562775e-02,nan,nan,nan,nan,nan,nan,nan,4.044321329639884166e-02
nan,-4.444444444444428828e-03,nan,nan,nan,nan,nan,-1.111111111111107207e-03,nan,0.000000000000000000e+00,nan,0.000000000000000000e+00,nan,nan,nan,nan,nan,nan,2.222222222222214414e-03,nan,nan,nan,nan,nan,nan,nan,nan,nan,nan,nan,-1.111111111111107207e-03,nan,nan,nan,nan,nan,1.555555555555552215e-02,nan,nan,nan,nan,nan,nan,nan,nan,nan,nan,5.555555555555535818e-03,nan,nan,nan,nan,2.222222222222223348e-02,nan,nan,nan,nan,nan,nan,nan,1.055555555555554026e-02
nan,0.000000000000000000e+00,nan,nan,nan,nan,nan,0.000000000000000000e+00,nan,0.000000000000000000e+00,nan,0.000000000000000000e+00,nan,nan,nan,nan,nan,nan,0.000000000000000000e+00,nan,nan,nan,nan,nan,nan,nan,nan,nan,nan,nan,0.000000000000000000e+00,nan,nan,nan,nan,nan,1.600000000000001421e-02,nan,nan,nan,nan,nan,nan,nan,nan,nan,nan,1.714285714285712680e-03,nan,nan,nan,nan,3.200000000000000761e-02,nan,nan,nan,nan,nan,nan,nan,3.885714285714285399e-02
nan,2.144772117962468003e-03,nan,nan,nan,nan,nan,1.286863270777480715e-02,nan,-3.753351206434318681e-03,nan,-3.217158176943701788e-03,nan,nan,nan,nan,nan,nan,-3.217158176943701788e-03,nan,nan,nan,nan,nan,nan,nan,nan,nan,nan,nan,0.000000000000000000e+00,nan,nan,nan,nan,nan,1.554959785522789205e-02,nan,nan,nan,nan,nan,nan,nan,nan,nan,nan,-1.608579088471850894e-03,nan,nan,nan,nan,3.592493297587133483e-02,nan,nan,nan,nan,nan,nan,nan,4.557640750670244323e-02
nan,-2.333333333333336215e-02,-5.555555555555646841e-03,nan,nan,nan,nan,0.000000000000000000e+00,nan,5.555555555555536035e-04,nan,-2.222222222222236532e-03,nan,nan,nan,nan,nan,nan,-8.888888888888968678e-03,nan,nan,nan,nan,nan,nan,nan,nan,nan,nan,nan,-5.555555555555758297e-04,nan,nan,nan,nan,nan,nan,nan,nan,nan,nan,nan,nan,nan,nan,nan,nan,-2.777777777777812145e-03,nan,nan,nan,nan,3.722222222222219823e-02,nan,nan,nan,nan,nan,nan,nan,5.111111111111106553e-02
nan,5.141242937853105627e-02,-2.259887005649741012e-03,nan,nan,nan,nan,0.000000000000000000e+00,nan,-3.954802259887047096e-03,nan,2.824858757062132138e-03,nan,nan,nan,nan,nan,nan,0.000000000000000000e+00,nan,nan,nan,nan,nan,nan,nan,nan,nan,nan,nan,-5.649717514124352529e-04,nan,nan,nan,nan,nan,1.242937853107342096e-02,nan,nan,nan,nan,nan,nan,nan,nan,nan,nan,-5.649717514124574791e-04,nan,nan,nan,nan,3.898305084745763704e-02,nan,nan,nan,nan,nan,nan,nan,nan
nan,-3.783783783783856158e-03,nan,nan,nan,nan,nan,-7.567567567567601294e-03,nan,4.324324324324280155e-03,nan,-7.027027027027066275e-03,nan,nan,nan,nan,nan,nan,8.108108108108070394e-03,nan,nan,nan,nan,nan,nan,nan,nan,nan,nan,nan,-3.243243243243321139e-03,nan,nan,nan,nan,nan,8.648648648648626230e-03,nan,nan,nan,nan,nan,nan,nan,nan,nan,nan,5.945945945945885214e-03,nan,nan,nan,nan,2.702702702702675097e-03,nan,nan,nan,nan,nan,nan,nan,-6.486486486486531255e-03
nan,1.216931216931216309e-02,-3.703703703703742443e-03,nan,nan,nan,nan,-2.645502645502673111e-03,nan,5.291005291005346656e-04,nan,7.936507936507930863e-03,nan,nan,nan,nan,nan,nan,-2.116402116402138663e-03,nan,nan,nan,nan,nan,nan,nan,nan,nan,nan,nan,-2.645502645502673111e-03,nan,nan,nan,nan,nan,nan,nan,nan,nan,nan,nan,nan,nan,nan,nan,nan,4.232804232804210538e-03,nan,nan,nan,nan,4.232804232804230488e-02,nan,nan,nan,nan,nan,nan,nan,-4.232804232804254774e-03
nan,5.866666666666619893e-03,nan,nan,nan,nan,nan,5.333333333332968213e-04,nan,6.399999999999961275e-03,nan,1.066666666666638095e-03,nan,nan,nan,nan,nan,nan,4.799999999999959681e-03,nan,nan,nan,nan,nan,nan,nan,nan,nan,nan,nan,1.066666666666638095e-03,nan,nan,nan,nan,nan,4.959999999999997744e-02,nan,nan,nan,nan,nan,nan,nan,nan,nan,nan,1.599999999999956925e-03,nan,nan,nan,nan,3.573333333333328365e-02,nan,nan,nan,nan,nan,nan,nan,2.506666666666663643e-02
nan,4.134366925064525411e-03,nan,nan,nan,nan,nan,0.000000000000000000e+00,nan,8.268733850129139293e-03,nan,6.201550387596821076e-03,nan,nan,nan,nan,nan,nan,2.067183462532251430e-03,nan,nan,nan,nan,nan,nan,nan,nan,nan,nan,nan,2.583979328165320142e-03,nan,nan,nan,nan,nan,1.447028423772605057e-02,nan,nan,nan,nan,nan,nan,nan,nan,nan,nan,5.684754521963775349e-03,nan,nan,nan,nan,2.480620155038757574e-02,nan,nan,nan,nan,nan,nan,nan,1.963824289405678020e-02
nan,1.325966850828728082e-02,nan,nan,nan,nan,nan,-2.209944751381165331e-03,nan,0.000000000000000000e+00,nan,4.972375690607755243e-03,nan,nan,nan,nan,nan,nan,0.000000000000000000e+00,nan,nan,nan,nan,nan,nan,nan,nan,nan,nan,nan,-5.524861878452913327e-04,nan,nan,nan,nan,nan,-1.104972375690582665e-03,nan,nan,nan,nan,nan,nan,nan,nan,nan,nan,2.209944751381254235e-03,nan,nan,nan,nan,3.646408839779007038e-02,nan,nan,nan,nan,nan,nan,nan,0.000000000000000000e+00
nan,-1.310541310541313287e-02,nan,nan,nan,nan,nan,-1.424501424501425396e-02,nan,-5.698005698005825575e-04,nan,1.709401709401681211e-03,nan,nan,nan,nan,nan,nan,-2.849002849002912896e-03,nan,nan,nan,nan,nan,nan,nan,nan,nan,nan,nan,-5.698005698005714770e-03,nan,nan,nan,nan,nan,1.595441595441591393e-02,nan,nan,nan,nan,nan,nan,nan,nan,nan,nan,6.267806267806252767e-03,nan,nan,nan,nan,2.621082621082619982e-02,nan,nan,nan,nan,nan,nan,nan,3.703703703703702110e-02
nan,0.000000000000000000e+00,nan,nan,nan,nan,nan,-6.197183098591541386e-03,nan,0.000000000000000000e+00,nan,5.633802816901400945e-03,nan,nan,nan,nan,nan,nan,2.816901408450700472e-03,nan,nan,nan,nan,nan,nan,nan,nan,nan,nan,nan,-1.126760563380280232e-03,nan,nan,nan,nan,nan,1.352112676056336192e-02,nan,nan,nan,nan,nan,nan,nan,nan,nan,nan,9.577464788732382300e-03,nan,nan,nan,nan,9.014084507042241859e-03,nan,nan,nan,nan,nan,nan,nan,4.338028169014081226e-02
nan,7.756232686980624354e-03,nan,nan,nan,nan,nan,-1.662049861495828963e-03,nan,3.324099722991702595e-03,nan,-5.540166204986096687e-03,nan,nan,nan,nan,nan,nan,2.770083102493048344e-03,nan,nan,nan,nan,nan,nan,nan,nan,nan,nan,nan,5.540166204986096904e-04,nan,nan,nan,nan,nan,2.548476454293628971e-02,nan,nan,nan,nan,nan,nan,nan,nan,nan,nan,6.648199445983405190e-03,nan,nan,nan,nan,9.418282548476476085e-03,nan,nan,nan,nan,nan,nan,nan,-6.094182825484706703e-03
nan,-1.069518716577544468e-03,nan,nan,nan,nan,nan,-6.417112299465265943e-03,nan,0.000000000000000000e+00,nan,2.673796791443838836e-03,nan,nan,nan,nan,nan,nan,1.336898395721919375e-02,nan,nan,nan,nan,nan,nan,nan,nan,nan,nan,nan,-5.347593582887722342e-04,nan,nan,nan,nan,nan,1.818181818181814277e-02,nan,nan,nan,nan,nan,nan,nan,nan,nan,nan,5.882352941176427139e-03,nan,nan,nan,nan,2.566844919786088683e-02,nan,nan,nan,nan,nan,nan,nan,1.764705882352936989e-02
nan,-6.299212598425252274e-03,nan,nan,nan,nan,nan,-1.574803149606318706e-03,nan,6.824146981627254860e-03,nan,-2.624671916010568040e-03,nan,nan,nan,nan,nan,nan,2.099737532808365528e-03,nan,nan,nan,nan,nan,nan,nan,nan,nan,nan,nan,4.199475065616731055e-03,nan,nan,nan,nan,nan,3.097112860892383551e-02,nan,nan,nan,nan,nan,nan,nan,nan,nan,nan,6.824146981627254860e-03,nan,nan,nan,nan,2.624671916010492406e-02,nan,nan,nan,nan,nan,nan,nan,2.309711286089233262e-02
nan,2.168021680216813876e-03,0.000000000000000000e+00,nan,nan,nan,nan,1.084010840108406938e-03,nan,-1.084010840108384820e-03,nan,1.355013550135506471e-02,nan,nan,nan,nan,nan,nan,0.000000000000000000e+00,nan,nan,nan,nan,nan,nan,nan,nan,nan,nan,nan,-2.710027100271017453e-03,nan,nan,nan,nan,nan,nan,nan,nan,nan,nan,nan,nan,nan,nan,nan,nan,1.084010840108404726e-02,nan,nan,nan,nan,2.547425474254745234e-02,nan,nan,nan,nan,nan,nan,nan,5.853658536585373134e-02
