nan,nan,nan,nan,1.462522851919545496e-03,-3.656307129799252426e-04,nan,nan,nan,nan,nan,nan,nan,nan,nan,-7.312614259598282590e-04,nan,nan,nan,nan,nan,nan,nan,nan,-7.678244972577741301e-03,nan,nan,nan,nan,-2.193784277879373863e-03,nan,-3.656307129799030164e-04,nan,-4.440892098500626408e-17,nan,nan,nan,nan,nan,nan,7.312614259597615806e-04,-4.387568555758725175e-03,nan,nan,nan,8.775137111517339328e-03,nan,nan,nan,nan,nan,nan,nan,nan,nan,nan,nan,nan,nan,nan,nan,nan,nan,nan,nan
nan,nan,nan,nan,-2.185792349726800674e-03,2.550091074681204353e-03,nan,nan,nan,nan,nan,nan,7.650273224043701963e-03,nan,nan,nan,nan,nan,nan,-7.285974499089409306e-04,nan,nan,nan,6.921675774134761032e-03,nan,nan,nan,1.457194899817815291e-03,6.557377049180313118e-03,nan,nan,nan,nan,nan,nan,nan,nan,nan,4.007285974499041545e-03,nan,nan,nan,nan,nan,nan,5.100182149362452941e-03,nan,nan,nan,nan,nan,nan,nan,nan,nan,nan,nan,nan,2.331511839708557549e-02,nan,nan,nan,nan,nan,nan
nan,nan,nan,-2.277039848197359804e-03,nan,2.220446049250313204e-17,nan,nan,nan,nan,nan,nan,nan,nan,nan,nan,0.000000000000000000e+00,nan,nan,nan,-3.795066413662340427e-04,nan,nan,3.036053130929805555e-03,-2.656546489563593738e-03,nan,nan,nan,nan,-1.138519924098702020e-03,nan,nan,nan,nan,nan,nan,nan,nan,-1.138519924098702020e-03,nan,nan,-7.590132827324680854e-04,nan,-1.897533206831170105e-03,nan,nan,nan,nan,nan,nan,nan,nan,nan,nan,nan,nan,nan,nan,nan,nan,nan,nan,nan,nan,nan
nan,nan,nan,nan,nan,nan,nan,nan,nan,nan,nan,nan,nan,nan,nan,nan,4.387568555758702624e-03,nan,nan,1.462522851919612066e-03,nan,nan,nan,7.312614259597815733e-03,-1.096892138939664597e-03,nan,nan,-3.290676416818994008e-03,nan,nan,nan,3.656307129799030164e-04,nan,3.656307129798919142e-03,nan,nan,nan,nan,nan,nan,nan,5.850091407678248770e-03,nan,nan,nan,nan,-1.462522851919523161e-03,nan,nan,nan,nan,nan,nan,nan,nan,nan,nan,nan,-1.462522851919545496e-03,nan,nan,nan,nan,nan,nan
nan,nan,nan,nan,nan,nan,nan,nan,-1.100917431192693832e-03,nan,nan,nan,-2.220446049250313204e-17,-1.174311926605506838e-02,0.000000000000000000e+00,nan,nan,nan,nan,nan,nan,nan,nan,nan,-1.834862385321103101e-02,nan,nan,nan,-5.504587155963314334e-03,nan,nan,-4.770642201834896304e-03,nan,nan,nan,nan,nan,nan,-9.174311926605538056e-03,nan,nan,nan,-9.541284403669747505e-03,nan,nan,-2.568807339449574560e-03,nan,nan,nan,nan,nan,nan,nan,nan,nan,nan,nan,nan,nan,nan,nan,nan,nan,nan,nan
nan,nan,nan,nan,-2.941176470588224845e-03,9.191176470588313663e-03,nan,nan,nan,nan,nan,nan,2.573529411764718857e-03,-1.470588235294112422e-03,nan,nan,nan,nan,nan,nan,nan,1.470588235294112422e-03,nan,nan,nan,nan,nan,nan,nan,nan,nan,nan,nan,nan,nan,nan,nan,nan,7.352941176470650583e-03,nan,nan,nan,nan,0.000000000000000000e+00,nan,4.411764705882404054e-03,1.470588235294112422e-03,nan,nan,nan,2.941176470588269080e-03,nan,nan,nan,nan,nan,nan,nan,nan,nan,nan,nan,nan,nan,nan
-1.457194899817881861e-03,nan,nan,nan,nan,nan,nan,nan,nan,nan,nan,nan,5.464480874316923406e-03,nan,nan,0.000000000000000000e+00,nan,nan,nan,nan,nan,1.457194899817792957e-03,nan,nan,nan,nan,nan,-4.371584699453601348e-03,nan,nan,nan,nan,nan,nan,nan,nan,nan,nan,nan,7.285974499089187045e-04,nan,nan,nan,nan,nan,1.202185792349721484e-02,-3.278688524590234188e-03,nan,4.007285974499064096e-03,nan,1.821493624772285757e-03,nan,nan,nan,nan,nan,nan,nan,nan,nan,nan,nan,nan,nan,nan
nan,nan,nan,3.992869875222813253e-02,nan,nan,nan,nan,nan,nan,nan,nan,nan,nan,3.565062388591666359e-04,-1.782531194295944310e-03,nan,nan,nan,nan,nan,-7.130124777183777240e-04,nan,nan,nan,nan,nan,nan,nan,nan,nan,nan,nan,nan,nan,nan,nan,nan,-7.130124777183599431e-03,3.921568627450943909e-03,nan,-1.069518716577566586e-03,nan,1.426024955436688878e-03,-3.565062388591821833e-03,nan,nan,nan,nan,nan,nan,nan,nan,nan,nan,nan,nan,nan,2.139037433155066385e-03,nan,nan,nan,nan,nan,nan
nan,nan,nan,nan,2.154398563734383036e-03,nan,nan,nan,2.513464991023406543e-03,nan,nan,nan,nan,nan,nan,4.440892098500626408e-17,nan,nan,nan,nan,nan,nan,nan,nan,nan,nan,nan,nan,1.005385996409338158e-02,nan,nan,0.000000000000000000e+00,nan,nan,nan,nan,nan,nan,nan,nan,nan,8.258527827648154754e-03,nan,2.154398563734360918e-03,nan,4.667863554757678557e-03,nan,nan,1.436265709156199152e-02,nan,nan,nan,nan,nan,nan,nan,nan,nan,3.123877917414723607e-02,nan,nan,nan,nan,nan,nan
nan,nan,nan,nan,nan,nan,nan,nan,nan,nan,nan,nan,1.462522851919545496e-03,-4.440892098500626408e-17,0.000000000000000000e+00,nan,nan,nan,nan,nan,-1.828153564899448512e-03,3.290676416818994008e-03,nan,nan,nan,nan,nan,nan,nan,nan,nan,nan,nan,nan,nan,nan,nan,nan,nan,nan,nan,-3.656307129798807903e-04,nan,nan,nan,-1.096892138939664597e-03,-1.096892138939664597e-03,nan,nan,nan,nan,6.215722120658129235e-03,nan,nan,nan,nan,nan,nan,2.193784277879329194e-03,nan,nan,nan,nan,nan,nan
nan,nan,nan,nan,nan,nan,nan,nan,nan,nan,nan,nan,-1.102941176470584317e-03,nan,nan,nan,nan,nan,nan,nan,nan,7.352941176470562112e-04,nan,1.102941176470584317e-03,-3.676470588235281056e-03,nan,nan,nan,4.779411764705909609e-03,nan,nan,nan,nan,nan,nan,nan,nan,nan,-3.676470588235281056e-03,nan,nan,-3.676470588235281056e-04,nan,nan,-1.470588235294112422e-03,nan,nan,nan,nan,nan,nan,2.941176470588246963e-03,nan,nan,nan,nan,nan,nan,7.352941176470562112e-04,nan,nan,nan,nan,nan,nan
nan,nan,nan,1.056338028169017187e-02,nan,-5.281690140845074662e-03,nan,nan,nan,nan,nan,nan,nan,nan,nan,nan,nan,nan,nan,0.000000000000000000e+00,3.521126760563486721e-04,nan,nan,-1.760563380281632284e-03,nan,nan,nan,-6.690140845070424898e-03,nan,nan,nan,nan,nan,-1.056338028169001618e-03,nan,nan,nan,nan,nan,4.440892098500626408e-17,nan,nan,nan,1.760563380281698854e-03,nan,nan,nan,nan,nan,nan,nan,nan,nan,nan,nan,nan,5.281690140845096346e-03,nan,nan,nan,nan,nan,nan,nan,nan
-1.795332136445226823e-03,nan,nan,3.339317773788152977e-02,nan,nan,nan,nan,nan,nan,nan,nan,-7.181328545780907074e-04,nan,-2.154398563734272014e-03,nan,nan,nan,nan,nan,nan,-1.436265709156181415e-03,nan,nan,nan,nan,nan,nan,nan,nan,nan,nan,nan,nan,nan,nan,nan,nan,nan,nan,nan,2.872531418312362830e-03,nan,nan,nan,nan,0.000000000000000000e+00,nan,nan,nan,3.590664272890453537e-04,3.590664272890453537e-04,nan,nan,nan,nan,nan,nan,7.181328545780907074e-04,nan,nan,nan,nan,nan,nan
nan,nan,nan,2.633451957295369558e-02,nan,1.423487544483958978e-03,nan,nan,nan,nan,nan,nan,nan,1.708185053380781998e-02,nan,nan,4.270462633451921168e-03,nan,nan,nan,nan,nan,nan,-4.626334519572972495e-03,nan,nan,nan,nan,7.117437722419684299e-04,nan,nan,nan,nan,nan,nan,nan,nan,nan,nan,-8.896797153024983001e-03,nan,nan,nan,nan,nan,nan,nan,nan,-4.982206405693978719e-03,nan,nan,-8.896797153024983001e-03,nan,nan,nan,nan,nan,nan,3.914590747330914944e-03,nan,nan,nan,nan,nan,nan
nan,nan,nan,1.154562383612669531e-02,nan,-4.096834264431969963e-03,nan,nan,-1.489757914338896237e-03,nan,nan,nan,nan,-1.489757914338873902e-03,-1.489757914338896237e-03,nan,nan,nan,nan,nan,nan,nan,nan,nan,nan,nan,nan,nan,1.340782122905033111e-02,nan,nan,nan,nan,nan,nan,nan,nan,nan,-9.683426443202946751e-03,nan,nan,nan,nan,nan,nan,-2.979515828677814591e-03,1.489757914338962807e-03,nan,nan,nan,nan,nan,nan,nan,nan,nan,nan,nan,-1.117318435754177707e-03,nan,nan,nan,nan,nan,nan
nan,nan,nan,nan,nan,5.607476635513952354e-03,nan,nan,nan,nan,nan,nan,-4.440892098500626408e-17,nan,nan,nan,nan,nan,nan,4.485981308411180271e-03,7.476635514018336714e-04,nan,nan,5.233644859813035843e-03,nan,nan,nan,nan,1.084112149532707667e-02,1.158878504672891142e-02,nan,nan,nan,nan,nan,nan,nan,nan,2.242990654205567584e-03,nan,1.158878504672891142e-02,4.112149532710218658e-03,nan,nan,nan,nan,nan,nan,nan,nan,nan,nan,nan,nan,nan,nan,nan,nan,nan,nan,nan,nan,nan,nan,nan
nan,nan,nan,nan,nan,nan,nan,nan,nan,nan,nan,nan,1.446654611211628527e-03,6.871609403254974428e-03,nan,nan,5.424954792043456923e-03,nan,nan,nan,nan,0.000000000000000000e+00,nan,-1.084990958408616011e-03,nan,nan,nan,nan,nan,nan,nan,nan,nan,-3.616636528028793762e-04,nan,nan,nan,nan,nan,6.509945750452117604e-03,nan,-1.808318264014441333e-03,nan,nan,nan,nan,nan,nan,nan,nan,nan,1.338155515370709203e-02,nan,nan,nan,nan,nan,nan,-5.063291139240489076e-03,nan,nan,nan,nan,nan,nan
nan,nan,nan,5.200000000000004619e-02,nan,nan,nan,nan,nan,nan,nan,nan,nan,nan,nan,nan,nan,nan,nan,1.090909090909120225e-03,-4.727272727272646864e-03,0.000000000000000000e+00,nan,5.090909090909123344e-03,nan,nan,nan,nan,1.272727272727276412e-02,nan,nan,nan,nan,nan,nan,nan,nan,nan,1.090909090909097934e-02,nan,nan,nan,nan,nan,nan,nan,-1.454545454545397212e-03,nan,2.181818181818217899e-03,nan,nan,9.818181818181882098e-03,nan,nan,nan,nan,nan,nan,nan,nan,nan,nan,nan,nan,nan
nan,nan,nan,nan,nan,-1.876172607879911291e-03,nan,nan,-2.626641651031858069e-03,nan,nan,nan,nan,nan,nan,nan,nan,nan,nan,nan,-5.253283302063737822e-03,2.626641651031924422e-03,nan,nan,-9.756097560975595870e-03,nan,nan,-5.628517823639755772e-03,nan,1.876172607879955743e-03,nan,nan,nan,nan,nan,nan,nan,nan,nan,-3.377110694183826749e-03,nan,nan,nan,nan,nan,nan,nan,nan,5.253283302063827161e-03,nan,nan,nan,nan,nan,nan,nan,3.377110694183893536e-03,nan,nan,nan,nan,nan,nan,nan,nan
nan,nan,nan,nan,nan,nan,nan,nan,nan,nan,nan,nan,1.454545454545397212e-03,nan,nan,-3.636363636363659996e-04,nan,nan,nan,-1.454545454545463998e-03,nan,nan,nan,-1.090909090909097890e-03,nan,nan,nan,1.090909090909053438e-03,nan,nan,nan,nan,nan,-2.909090909090927997e-03,nan,nan,nan,nan,1.818181818181718867e-03,-1.454545454545463998e-03,nan,2.072727272727268449e-02,nan,nan,nan,nan,nan,nan,nan,nan,nan,3.636363636363570875e-03,nan,nan,nan,nan,nan,nan,nan,nan,nan,nan,nan,nan,nan
nan,nan,nan,nan,nan,1.236363636363633188e-02,nan,nan,nan,nan,nan,nan,nan,1.454545454545452809e-02,nan,nan,nan,nan,nan,4.000000000000026104e-03,nan,nan,nan,1.381818181818179544e-02,nan,nan,nan,nan,3.636363636363659996e-04,nan,nan,nan,nan,nan,nan,nan,nan,nan,nan,1.745454545454545522e-02,nan,4.363636363636360510e-02,nan,2.181818181818195781e-03,nan,6.909090909090887314e-03,nan,nan,0.000000000000000000e+00,nan,nan,nan,nan,nan,nan,nan,nan,nan,nan,nan,nan,nan,nan,nan,nan
5.263157894736858466e-03,nan,nan,2.481203007518795189e-02,nan,nan,nan,nan,nan,nan,nan,nan,nan,1.015037593984964223e-02,nan,nan,nan,nan,nan,0.000000000000000000e+00,nan,nan,nan,nan,nan,nan,nan,nan,2.631578947368429233e-03,nan,nan,nan,nan,1.879699248120281132e-03,nan,nan,nan,nan,nan,7.142857142857161716e-03,nan,6.015037593984961899e-03,nan,nan,nan,nan,0.000000000000000000e+00,nan,nan,nan,nan,-5.263157894736835915e-03,nan,nan,nan,nan,nan,nan,nan,nan,nan,nan,nan,nan,nan
1.478743068391885716e-03,nan,nan,1.404805914972273584e-02,nan,5.545286506469504322e-03,nan,nan,nan,nan,nan,nan,nan,nan,nan,nan,-3.696857670979714072e-03,nan,nan,nan,nan,nan,nan,nan,-1.848428835489834918e-03,nan,nan,nan,nan,nan,nan,nan,nan,1.109057301293892061e-03,nan,nan,nan,nan,nan,-3.696857670979714289e-04,nan,7.393715341959206317e-04,nan,nan,nan,-7.393715341959428578e-04,nan,nan,nan,nan,nan,nan,nan,nan,nan,nan,nan,nan,-2.218114602587828357e-03,nan,nan,nan,nan,nan,nan
nan,nan,nan,nan,nan,3.921568627450989011e-03,nan,nan,nan,nan,nan,nan,nan,-1.069518716577500016e-03,nan,nan,0.000000000000000000e+00,nan,nan,nan,nan,nan,nan,-3.565062388591755480e-03,nan,nan,nan,nan,1.426024955436755448e-03,nan,nan,nan,nan,nan,nan,nan,nan,nan,1.782531194295944310e-03,nan,nan,1.996434937611411137e-02,nan,nan,nan,3.921568627450989011e-03,nan,nan,nan,nan,1.782531194295922192e-03,nan,nan,nan,nan,nan,nan,nan,3.565062388591777598e-03,nan,nan,nan,nan,nan,nan
nan,nan,nan,nan,nan,nan,nan,nan,0.000000000000000000e+00,nan,nan,nan,nan,nan,nan,nan,nan,nan,nan,nan,9.471766848816055157e-03,3.642987249544704653e-04,nan,0.000000000000000000e+00,nan,nan,nan,6.557377049180379905e-03,1.384335154826963309e-02,nan,nan,nan,nan,1.821493624772352327e-03,nan,nan,nan,nan,1.056466302367946655e-02,nan,nan,nan,nan,nan,nan,1.821493624772352327e-03,nan,nan,nan,nan,nan,4.007285974499130883e-03,nan,nan,nan,nan,nan,nan,nan,nan,nan,nan,nan,nan,nan
nan,nan,nan,nan,nan,nan,nan,nan,nan,nan,nan,nan,9.437386569873007156e-03,nan,nan,3.629764065335771899e-04,9.437386569873007156e-03,nan,nan,nan,nan,7.985480943738697962e-03,nan,-3.629764065335771899e-04,nan,nan,nan,nan,2.504537205081671519e-02,nan,nan,nan,nan,nan,nan,nan,nan,nan,2.177858439201463357e-03,nan,nan,nan,nan,nan,nan,nan,5.807622504537235039e-03,nan,nan,nan,3.629764065335771899e-04,nan,nan,nan,nan,nan,nan,nan,2.359346642468238692e-02,nan,nan,nan,nan,nan,nan
nan,nan,nan,nan,nan,nan,nan,nan,nan,nan,nan,nan,6.500956022944493103e-03,nan,nan,nan,0.000000000000000000e+00,nan,nan,0.000000000000000000e+00,2.676864244741850203e-03,nan,nan,nan,nan,nan,nan,nan,nan,nan,nan,0.000000000000000000e+00,nan,nan,nan,nan,nan,nan,7.265774378585021856e-03,4.206500956022906842e-03,nan,nan,nan,nan,7.648183556404841927e-04,nan,nan,nan,nan,nan,nan,5.353728489483700406e-03,nan,nan,nan,nan,nan,nan,1.261950286806881073e-02,nan,nan,nan,nan,nan,nan
0.000000000000000000e+00,nan,nan,nan,nan,nan,nan,nan,nan,nan,nan,nan,nan,nan,0.000000000000000000e+00,nan,nan,nan,nan,nan,1.554404145077723474e-02,3.454231433505982945e-04,nan,nan,nan,nan,nan,1.450777202072544084e-02,nan,nan,nan,nan,nan,6.563039723661523613e-03,nan,nan,nan,nan,nan,nan,nan,nan,nan,nan,nan,8.635578583765157398e-03,5.181347150259063214e-03,nan,nan,nan,1.381692573402417724e-02,nan,nan,nan,nan,nan,1.485319516407601625e-02,nan,nan,nan,nan,nan,nan,nan,nan
nan,nan,nan,6.069469835466172192e-02,nan,nan,nan,nan,nan,nan,nan,nan,nan,nan,nan,nan,3.656307129798808120e-03,nan,nan,nan,nan,2.193784277879284959e-03,nan,nan,nan,nan,nan,nan,nan,nan,nan,nan,nan,-1.096892138939686932e-03,nan,nan,nan,nan,nan,nan,nan,3.290676416818971890e-03,nan,nan,nan,-4.440892098500626408e-17,-4.021937842778822159e-03,nan,nan,nan,nan,9.872029250456982458e-03,nan,nan,nan,nan,-7.312614259598060329e-04,nan,-4.387568555758747726e-03,nan,nan,nan,nan,nan,nan
nan,nan,nan,2.656546489563573615e-02,nan,1.518026565464958288e-03,nan,nan,7.590132827324902031e-04,nan,nan,nan,0.000000000000000000e+00,nan,nan,3.795066413662340427e-04,nan,nan,nan,-1.897533206831081200e-03,nan,nan,nan,-2.656546489563549503e-03,nan,nan,nan,nan,nan,nan,nan,nan,nan,nan,nan,nan,nan,nan,0.000000000000000000e+00,nan,nan,nan,nan,nan,nan,nan,nan,nan,nan,nan,nan,-3.415559772295973136e-03,nan,nan,nan,nan,nan,nan,0.000000000000000000e+00,nan,nan,nan,nan,nan,nan
nan,nan,nan,nan,nan,nan,nan,nan,nan,nan,1.462522851919565402e-02,nan,nan,nan,nan,nan,nan,nan,nan,-1.828153564899404060e-03,1.096892138939709049e-03,nan,nan,4.021937842778822159e-03,nan,nan,nan,nan,8.775137111517427799e-03,nan,nan,nan,nan,5.850091407678314689e-03,nan,nan,nan,nan,nan,nan,nan,1.352833638025601262e-02,nan,nan,8.409506398537547334e-03,0.000000000000000000e+00,nan,nan,-1.096892138939642479e-03,nan,nan,nan,nan,nan,nan,nan,nan,nan,nan,nan,nan,nan,nan,nan,nan
nan,nan,nan,6.464285714285714080e-02,nan,nan,nan,nan,1.071428571428567579e-03,nan,nan,nan,nan,-2.857142857142847166e-03,nan,-1.071428571428567579e-03,nan,nan,nan,nan,nan,nan,nan,2.142857142857135157e-03,nan,nan,nan,nan,nan,nan,nan,-1.785714285714279370e-03,nan,3.571428571428558957e-04,nan,nan,nan,nan,nan,nan,nan,2.857142857142847166e-03,nan,7.142857142857117914e-04,nan,nan,3.571428571428558957e-04,nan,nan,nan,nan,nan,nan,nan,nan,nan,nan,nan,nan,nan,nan,nan,nan,nan,nan
nan,nan,nan,1.092896174863391447e-02,3.278688524590212070e-03,nan,nan,nan,nan,nan,nan,nan,9.471766848816075973e-03,1.056466302367946655e-02,0.000000000000000000e+00,nan,nan,nan,nan,nan,nan,nan,nan,1.857923497267766066e-02,nan,nan,nan,nan,nan,nan,nan,nan,nan,nan,nan,nan,nan,nan,nan,1.420765027322410355e-02,nan,1.785063752276869892e-02,nan,nan,nan,nan,-6.921675774134739348e-03,nan,nan,nan,nan,7.650273224043768749e-03,nan,nan,nan,nan,nan,nan,nan,nan,nan,nan,nan,nan,nan
nan,nan,nan,nan,-1.745200698080262569e-03,-3.141361256544472798e-03,nan,nan,nan,nan,nan,nan,3.490401396160747291e-04,nan,nan,nan,nan,nan,nan,nan,-6.980802792321050059e-04,nan,nan,nan,nan,nan,nan,-5.235602094240787707e-03,-3.839441535776577479e-03,nan,nan,nan,nan,nan,nan,nan,nan,nan,-8.726003490401335397e-03,nan,nan,1.465968586387440473e-02,nan,0.000000000000000000e+00,nan,nan,-3.490401396160525138e-03,nan,nan,nan,nan,nan,nan,nan,nan,nan,nan,nan,nan,nan,nan,nan,nan,nan,nan
nan,nan,nan,2.222222222222218838e-02,nan,nan,nan,nan,nan,nan,nan,nan,nan,nan,nan,1.433691756272414877e-03,nan,nan,nan,nan,0.000000000000000000e+00,nan,nan,nan,nan,nan,nan,nan,1.792114695340507645e-03,1.792114695340485311e-03,nan,nan,nan,1.433691756272370641e-03,nan,nan,nan,nan,1.039426523297493077e-02,nan,nan,1.792114695340529763e-03,nan,nan,nan,-4.301075268817200828e-03,0.000000000000000000e+00,nan,nan,nan,nan,nan,nan,nan,nan,nan,nan,nan,nan,nan,nan,nan,nan,nan,nan
nan,nan,nan,3.747680890538027804e-02,nan,nan,nan,nan,nan,nan,nan,nan,2.226345083487890446e-03,nan,nan,nan,-1.113172541743989675e-03,nan,nan,nan,nan,1.113172541743945223e-03,nan,nan,nan,nan,nan,nan,9.276437847866358943e-03,nan,nan,1.484230055658564140e-03,nan,nan,nan,nan,nan,nan,nan,nan,nan,1.113172541743945223e-03,nan,nan,-3.710575139146854331e-04,1.855287569573249628e-03,1.855287569573205175e-03,nan,nan,nan,nan,nan,nan,nan,nan,nan,nan,nan,nan,nan,nan,nan,nan,nan,nan
nan,nan,nan,nan,nan,nan,nan,nan,-1.798561151079125509e-03,nan,nan,nan,nan,nan,nan,-2.877697841726600987e-03,nan,nan,nan,nan,4.316546762589901047e-03,nan,nan,-4.676258992805793283e-03,nan,nan,nan,nan,5.395683453237376526e-03,nan,nan,nan,nan,nan,nan,nan,nan,nan,-7.194244604316590505e-03,-3.597122302158273135e-03,nan,nan,nan,nan,nan,1.798561151079125509e-03,-2.877697841726623105e-03,nan,nan,nan,-3.956834532374120701e-03,nan,nan,nan,nan,nan,nan,nan,nan,nan,nan,nan,nan,nan,nan
nan,nan,nan,nan,nan,nan,nan,nan,nan,nan,nan,nan,8.502772643253230650e-03,6.284658040665381043e-03,nan,nan,nan,nan,nan,2.957486136783704644e-03,nan,3.327171903881631729e-03,nan,5.175600739371488332e-03,nan,nan,nan,nan,6.284658040665381043e-03,nan,nan,-3.696857670979714289e-04,nan,nan,nan,nan,nan,nan,6.654343807763351930e-03,nan,nan,nan,nan,nan,nan,1.404805914972269074e-02,nan,nan,nan,nan,-3.696857670979936008e-04,nan,nan,nan,nan,nan,nan,nan,nan,nan,nan,nan,nan,nan,nan
nan,nan,nan,6.530612244897962548e-02,nan,nan,nan,nan,0.000000000000000000e+00,nan,nan,nan,4.081632653061250879e-03,3.710575139146610277e-03,nan,nan,nan,nan,nan,1.484230055658653045e-03,nan,0.000000000000000000e+00,nan,nan,nan,nan,nan,nan,nan,nan,nan,nan,nan,-7.421150278293265224e-04,nan,nan,nan,nan,nan,nan,nan,nan,nan,nan,nan,1.855287569573316198e-03,nan,nan,nan,nan,nan,2.152133580705011331e-02,nan,nan,nan,nan,nan,nan,3.339517625231924573e-03,nan,nan,nan,nan,nan,nan
nan,nan,nan,8.550185873605897768e-03,1.858736059479504377e-03,nan,nan,nan,5.204460966542701073e-03,nan,nan,nan,nan,-2.973977695167317851e-03,nan,nan,nan,nan,nan,nan,nan,nan,nan,7.806691449814074160e-03,nan,nan,nan,nan,nan,nan,nan,0.000000000000000000e+00,nan,nan,nan,nan,nan,nan,nan,3.717472118959097658e-03,nan,nan,nan,nan,nan,nan,nan,nan,7.806691449814095844e-03,nan,nan,4.460966542750899148e-03,nan,nan,nan,nan,nan,nan,1.301115241635684115e-02,nan,nan,nan,nan,nan,nan
nan,nan,nan,1.155234657039716506e-02,3.610108303249592756e-04,nan,nan,nan,nan,nan,nan,nan,9.025270758122760917e-03,nan,nan,nan,nan,nan,nan,1.444043321299659510e-03,nan,-3.610108303248926514e-04,nan,1.119133574007225018e-02,nan,nan,nan,nan,nan,nan,nan,nan,nan,nan,nan,nan,nan,nan,7.220216606498519813e-04,nan,nan,nan,nan,1.805054151624574388e-03,nan,nan,-3.249097472924122876e-03,nan,nan,nan,nan,nan,nan,nan,nan,nan,nan,nan,3.610108303249371037e-04,nan,nan,nan,nan,nan,nan
nan,nan,nan,nan,nan,nan,nan,nan,-1.117318435754155372e-03,nan,nan,nan,3.724394785847407016e-04,nan,nan,nan,nan,nan,nan,-1.117318435754155372e-03,nan,nan,nan,-3.724394785846963036e-04,nan,nan,nan,nan,3.724394785847295886e-03,nan,nan,-3.724394785847184755e-04,nan,nan,nan,nan,nan,nan,nan,nan,nan,nan,nan,0.000000000000000000e+00,nan,7.821229050279354320e-03,2.234636871508421767e-03,nan,nan,nan,nan,1.489757914338940472e-03,nan,nan,nan,nan,nan,nan,nan,nan,nan,nan,nan,nan,nan
nan,nan,nan,nan,nan,-1.063829787234005274e-03,nan,nan,nan,nan,nan,nan,nan,nan,nan,7.092198581560626774e-04,nan,nan,nan,5.319148936170248199e-03,-1.773049645390023608e-03,2.220446049250313204e-17,nan,nan,nan,nan,nan,nan,nan,nan,nan,nan,nan,-6.028368794326177844e-03,nan,nan,nan,nan,-9.574468085106313531e-03,nan,nan,nan,nan,nan,nan,1.773049645390112295e-03,nan,nan,nan,nan,3.191489361702171297e-03,-4.609929078014140744e-03,nan,nan,nan,nan,nan,nan,nan,nan,nan,nan,nan,nan,nan
0.000000000000000000e+00,nan,nan,nan,nan,nan,nan,nan,1.104972375690605000e-03,nan,nan,nan,-4.051565377532218189e-03,nan,nan,-3.683241252302016486e-04,nan,nan,nan,nan,7.366482504604032755e-03,nan,nan,nan,nan,nan,nan,-2.946593001841613189e-03,6.998158379373830944e-03,nan,nan,3.683241252302016486e-04,nan,1.473296500920806594e-03,nan,nan,nan,nan,nan,nan,nan,nan,nan,nan,nan,nan,7.366482504604032972e-04,nan,nan,nan,nan,nan,nan,nan,nan,nan,nan,nan,nan,nan,nan,nan,nan,nan,nan
nan,nan,nan,nan,nan,3.985507246376718618e-03,nan,nan,nan,nan,nan,nan,1.811594202898492200e-03,nan,nan,-3.623188405797117539e-03,3.985507246376718618e-03,nan,nan,3.985507246376718618e-03,2.173913043478181532e-03,nan,nan,1.811594202898469865e-03,nan,nan,nan,nan,nan,nan,nan,nan,nan,-3.623188405797339476e-04,nan,nan,nan,nan,nan,nan,nan,nan,nan,3.623188405796895495e-04,nan,7.246376811594124057e-03,nan,nan,nan,nan,nan,nan,nan,nan,nan,nan,nan,nan,nan,nan,nan,nan,nan,nan,nan
nan,nan,nan,nan,nan,nan,nan,nan,nan,nan,nan,nan,5.839416058394153279e-03,nan,nan,nan,nan,nan,nan,7.299270072992581010e-04,2.919708029197076640e-03,nan,nan,1.350364963503645176e-02,4.744525547445253150e-02,nan,nan,nan,nan,1.131386861313867821e-02,nan,nan,nan,nan,nan,nan,nan,nan,1.094890510948887206e-03,nan,1.970802919708025680e-02,3.868613138686129854e-02,nan,nan,nan,9.489051094890487911e-03,nan,nan,nan,nan,nan,nan,nan,nan,nan,nan,nan,nan,nan,nan,nan,nan,nan,nan,nan
0.000000000000000000e+00,nan,nan,nan,nan,nan,nan,nan,nan,nan,nan,nan,nan,1.451905626134308760e-03,nan,nan,nan,nan,nan,nan,nan,1.814882032667886058e-03,nan,-5.081669691470081310e-03,nan,nan,nan,nan,-2.903811252268617520e-03,nan,nan,-1.088929219600731678e-03,nan,2.540834845735040655e-03,nan,nan,nan,nan,nan,nan,nan,nan,nan,nan,nan,1.016333938294009497e-02,-1.451905626134308760e-03,nan,nan,nan,nan,1.814882032667886058e-03,nan,nan,nan,nan,nan,nan,nan,nan,nan,nan,nan,nan,nan
3.649635036496290505e-04,nan,nan,2.481751824817515079e-02,1.459854014598516202e-03,nan,nan,nan,nan,nan,nan,nan,nan,nan,nan,7.299270072992581010e-04,nan,nan,nan,nan,nan,-3.649635036496290505e-04,nan,nan,nan,nan,nan,nan,nan,nan,nan,2.919708029197076640e-03,nan,5.109489051094917404e-03,nan,nan,nan,nan,-1.094890510948887206e-03,nan,nan,0.000000000000000000e+00,nan,nan,nan,2.554744525547447860e-03,nan,nan,nan,nan,nan,nan,nan,nan,nan,nan,nan,nan,nan,nan,nan,nan,nan,nan,nan
-1.838235294117640528e-03,nan,nan,9.705882352941179458e-02,5.147058823529393479e-03,nan,nan,nan,nan,nan,nan,nan,7.720588235294178689e-03,-2.205882352941168634e-03,nan,nan,nan,nan,nan,1.470588235294112422e-03,nan,nan,nan,nan,nan,nan,nan,nan,nan,nan,nan,nan,nan,nan,nan,nan,nan,nan,nan,nan,nan,nan,nan,nan,nan,-4.044117647058809162e-03,nan,nan,nan,nan,2.573529411764696739e-03,2.977941176470588758e-02,nan,nan,nan,nan,nan,nan,2.941176470588224845e-03,nan,nan,nan,nan,nan,nan
nan,nan,nan,nan,nan,4.119850187265928013e-03,nan,nan,nan,nan,nan,nan,-1.498127340823973783e-03,2.097378277153563036e-02,nan,nan,nan,nan,nan,nan,0.000000000000000000e+00,nan,nan,nan,nan,nan,nan,7.490636704119868917e-04,nan,nan,nan,0.000000000000000000e+00,nan,nan,nan,nan,nan,nan,nan,3.295880149812733390e-02,nan,nan,nan,nan,nan,5.992509363295895133e-03,nan,nan,-1.872659176029967121e-03,nan,nan,nan,nan,nan,nan,nan,nan,nan,7.490636704119868917e-04,nan,nan,nan,nan,nan,nan
nan,nan,nan,nan,3.065134099616883927e-03,nan,nan,nan,nan,nan,nan,nan,1.915708812260552563e-03,5.747126436781635136e-03,nan,nan,0.000000000000000000e+00,nan,nan,nan,nan,nan,nan,-1.149425287356331581e-03,nan,nan,nan,nan,1.149425287356331581e-03,nan,nan,0.000000000000000000e+00,nan,nan,nan,nan,nan,nan,1.915708812260552563e-03,nan,nan,nan,nan,nan,nan,-3.831417624521104908e-04,-1.226053639846742468e-02,nan,nan,nan,nan,nan,nan,nan,nan,nan,nan,nan,nan,nan,nan,nan,nan,nan,nan
nan,nan,nan,nan,nan,3.642987249544593631e-03,nan,nan,nan,nan,nan,nan,1.457194899817881861e-03,nan,nan,nan,nan,nan,nan,nan,2.914389799635696936e-03,nan,nan,nan,nan,nan,nan,nan,7.285974499089187045e-04,nan,nan,0.000000000000000000e+00,nan,nan,nan,nan,nan,nan,3.642987249544615749e-03,nan,0.000000000000000000e+00,1.821493624772352327e-03,nan,nan,nan,2.914389799635696936e-03,nan,nan,nan,nan,nan,5.464480874316968509e-03,nan,nan,nan,nan,nan,nan,nan,nan,nan,nan,nan,nan,nan
-4.735883424408005027e-03,nan,nan,nan,0.000000000000000000e+00,-9.107468123861562140e-03,nan,nan,nan,nan,-1.165755919854276693e-02,nan,1.311475409836066960e-02,nan,nan,nan,nan,nan,nan,nan,nan,5.828779599271416423e-03,nan,1.165755919854281029e-02,nan,nan,nan,nan,nan,nan,nan,nan,nan,nan,nan,nan,nan,nan,nan,nan,nan,nan,nan,nan,nan,nan,8.378870673952643761e-03,nan,nan,nan,nan,-1.821493624772330209e-03,nan,nan,nan,nan,7.285974499089409306e-04,nan,nan,nan,nan,nan,nan,nan,nan
nan,nan,nan,4.131627056672759757e-02,nan,nan,nan,nan,nan,nan,nan,nan,nan,-2.559414990859210093e-03,nan,-1.828153564899426178e-03,nan,nan,nan,nan,nan,5.118829981718442737e-03,nan,nan,nan,nan,nan,nan,nan,nan,nan,nan,nan,1.462522851919567613e-03,nan,nan,nan,nan,nan,1.096892138939642479e-03,nan,7.312614259597815733e-03,nan,2.193784277879307076e-03,nan,7.312614259597615806e-04,nan,nan,nan,nan,-4.753199268738583956e-03,nan,nan,nan,nan,nan,nan,nan,nan,nan,nan,nan,nan,nan,nan
nan,nan,nan,nan,nan,nan,nan,nan,nan,nan,nan,nan,2.952029520295185085e-03,6.826568265682653180e-02,nan,nan,nan,nan,nan,nan,nan,7.380073800737907419e-04,nan,nan,nan,nan,nan,2.952029520295205295e-02,1.623616236162359755e-02,nan,nan,0.000000000000000000e+00,nan,8.856088560885599925e-03,nan,nan,nan,nan,2.472324723247232292e-02,3.468634686346862978e-02,nan,nan,nan,nan,nan,nan,nan,nan,nan,nan,nan,nan,nan,nan,nan,nan,5.904059040590392722e-03,nan,nan,nan,nan,nan,nan,nan,nan
nan,nan,nan,nan,nan,6.773618538324388885e-03,nan,nan,nan,nan,nan,nan,nan,0.000000000000000000e+00,nan,nan,-1.069518716577566586e-03,nan,nan,nan,3.208556149732610854e-03,nan,nan,1.925133689839570936e-02,nan,nan,nan,nan,nan,nan,nan,nan,nan,1.782531194295877740e-03,nan,nan,nan,nan,nan,nan,nan,6.345811051693402149e-02,nan,nan,nan,nan,0.000000000000000000e+00,nan,-2.852049910873444109e-03,nan,nan,nan,nan,nan,nan,nan,nan,nan,3.565062388591799716e-03,nan,nan,nan,nan,nan,nan
nan,nan,nan,2.941176470588238029e-02,nan,nan,nan,nan,nan,nan,nan,nan,nan,nan,nan,0.000000000000000000e+00,nan,nan,nan,nan,nan,3.676470588235281056e-04,nan,nan,1.838235294117662646e-03,nan,nan,nan,nan,nan,nan,nan,nan,nan,nan,nan,nan,nan,6.985294117647122478e-03,3.676470588235503318e-04,nan,nan,nan,3.676470588235281056e-04,nan,nan,nan,nan,nan,nan,4.044117647058875949e-03,-2.941176470588224845e-03,nan,nan,nan,nan,nan,nan,-4.779411764705865373e-03,nan,nan,nan,nan,nan,nan
nan,nan,nan,nan,nan,nan,nan,nan,5.347593582887744459e-03,nan,nan,nan,nan,nan,2.220446049250313204e-17,2.139037433155133172e-03,nan,nan,nan,nan,nan,nan,nan,nan,nan,nan,nan,nan,3.208556149732655523e-03,nan,nan,nan,nan,nan,nan,nan,nan,nan,nan,4.278074866310199557e-03,nan,nan,nan,nan,-1.426024955436666544e-03,6.417112299465288494e-03,1.426024955436755448e-03,nan,2.388591800356511946e-02,nan,nan,7.130124777183621983e-03,nan,nan,nan,nan,nan,nan,nan,nan,nan,nan,nan,nan,nan
nan,nan,nan,nan,nan,nan,nan,nan,nan,nan,nan,nan,7.594936708860799968e-03,-4.339963833634686088e-03,nan,-1.446654611211539623e-03,nan,nan,nan,nan,0.000000000000000000e+00,1.808318264014507903e-03,nan,nan,nan,nan,nan,nan,nan,nan,nan,nan,nan,-3.616636528028349781e-04,nan,nan,nan,nan,-2.893309222423101797e-03,nan,nan,nan,1.157323688969265005e-02,nan,nan,4.440892098500626408e-17,3.978300180831872632e-03,nan,nan,nan,nan,nan,nan,nan,nan,nan,nan,nan,nan,nan,nan,nan,nan,nan,nan
0.000000000000000000e+00,nan,nan,nan,nan,nan,nan,nan,nan,nan,nan,nan,3.597122302158251234e-04,nan,nan,-3.597122302158251234e-04,nan,nan,nan,nan,nan,-1.438848920863300494e-03,nan,1.043165467625897271e-02,nan,nan,nan,nan,nan,nan,nan,nan,nan,-1.079136690647497596e-03,nan,nan,nan,nan,nan,3.597122302158251234e-04,nan,3.669064748201435883e-02,nan,nan,3.237410071942426002e-03,nan,nan,nan,nan,nan,nan,nan,nan,nan,nan,nan,nan,nan,1.438848920863300494e-03,nan,nan,nan,nan,nan,nan
4.089219330854931833e-03,nan,nan,nan,nan,1.486988847583581297e-03,nan,nan,nan,nan,nan,nan,-2.220446049250313204e-17,-3.717472118959230798e-04,nan,nan,nan,nan,nan,nan,nan,nan,nan,nan,nan,nan,nan,nan,1.115241635687727086e-02,nan,nan,nan,nan,1.115241635687702669e-03,nan,nan,nan,nan,1.672862453531593838e-02,nan,nan,1.784386617100366251e-02,nan,nan,nan,nan,nan,nan,-2.220446049250313204e-17,nan,-1.858736059479615399e-03,nan,nan,nan,nan,nan,nan,nan,nan,nan,nan,nan,nan,nan,nan
nan,nan,nan,nan,nan,nan,nan,nan,nan,nan,nan,nan,-3.290676416818994008e-03,-4.021937842778777923e-03,nan,nan,nan,nan,nan,nan,nan,nan,nan,-5.484460694698345753e-03,nan,nan,nan,nan,6.946983546617935268e-03,nan,nan,nan,nan,-3.290676416819016126e-03,nan,nan,nan,nan,-8.043875685557599214e-03,nan,nan,-6.581352833638032251e-03,nan,nan,nan,-3.656307129798919142e-03,nan,nan,nan,nan,nan,1.974405850091407594e-02,nan,nan,nan,nan,nan,nan,-1.828153564899404060e-03,nan,nan,nan,nan,nan,nan
nan,nan,nan,7.686832740213520032e-02,4.982206405693934484e-03,1.138790035587184876e-02,nan,nan,nan,nan,nan,nan,1.423487544483936860e-03,nan,nan,nan,2.846975088967917955e-03,nan,nan,nan,nan,nan,nan,nan,nan,nan,nan,nan,nan,nan,nan,2.135231316725927191e-03,nan,nan,nan,nan,nan,nan,1.423487544483958978e-03,3.202846975088946731e-03,nan,nan,nan,nan,nan,nan,5.338078291814896473e-03,nan,nan,nan,nan,3.416370106761563996e-02,nan,nan,nan,nan,nan,nan,nan,nan,nan,nan,nan,nan,nan
-5.045045045045081986e-03,nan,nan,nan,nan,nan,nan,nan,3.243243243243210117e-03,nan,nan,nan,4.324324324324280155e-03,nan,nan,nan,nan,nan,nan,nan,nan,0.000000000000000000e+00,nan,nan,nan,nan,nan,nan,1.297297297297295149e-02,nan,nan,nan,nan,nan,nan,nan,nan,nan,nan,nan,nan,7.207207207206911331e-04,nan,nan,nan,1.117117117117112299e-02,-1.081081081081070039e-03,nan,-2.522522522522563544e-03,nan,-3.603603603603566796e-04,nan,nan,nan,nan,nan,nan,nan,nan,nan,nan,nan,nan,nan,nan
nan,nan,nan,nan,nan,-5.494505494505541772e-03,nan,nan,2.197802197802189994e-03,nan,nan,nan,nan,1.465201465201459996e-03,nan,nan,nan,nan,nan,nan,nan,nan,nan,1.831501831501824995e-03,nan,nan,nan,nan,9.157509157509124975e-03,nan,nan,0.000000000000000000e+00,nan,1.831501831501824995e-03,nan,nan,nan,nan,-3.663003663003649990e-04,nan,nan,nan,nan,nan,nan,-4.395604395604424224e-03,nan,nan,nan,nan,nan,nan,nan,nan,nan,nan,nan,nan,-5.494505494505541772e-03,nan,nan,nan,nan,nan,nan
0.000000000000000000e+00,nan,nan,nan,nan,nan,nan,nan,nan,nan,nan,nan,nan,nan,nan,nan,nan,nan,nan,nan,nan,nan,nan,nan,nan,nan,nan,3.999999999999981001e-03,2.909090909090883328e-03,nan,nan,1.090909090909097890e-03,nan,7.272727272727319992e-04,nan,nan,nan,nan,nan,7.272727272727319992e-04,nan,nan,nan,nan,-4.363636363636391562e-03,-4.727272727272757886e-03,nan,nan,nan,nan,nan,nan,nan,nan,nan,nan,1.818181818181829890e-03,nan,-2.545454545454561672e-03,nan,nan,nan,nan,nan,nan
nan,nan,nan,nan,nan,nan,nan,nan,nan,nan,nan,nan,nan,nan,nan,nan,nan,nan,nan,nan,nan,nan,nan,0.000000000000000000e+00,3.623188405797117756e-04,nan,nan,nan,nan,1.811594202898558770e-03,nan,nan,nan,nan,nan,nan,nan,nan,nan,0.000000000000000000e+00,5.797101449275388410e-03,5.072463768115964208e-03,nan,nan,nan,6.159420289855099644e-03,1.086956521739135218e-03,nan,7.246376811594235513e-04,nan,nan,8.695652173913059196e-03,nan,nan,nan,nan,nan,nan,nan,nan,nan,nan,nan,nan,nan
nan,nan,nan,nan,nan,nan,nan,nan,-7.285974499089409306e-04,nan,nan,nan,-7.285974499089275733e-03,nan,nan,nan,nan,nan,nan,7.285974499089409306e-04,1.092896174863389278e-03,nan,nan,nan,8.014571948998173295e-03,nan,nan,nan,-2.185792349726756005e-03,nan,nan,nan,nan,nan,nan,nan,nan,nan,4.371584699453534562e-03,-7.650273224043724514e-03,nan,-2.550091074681249022e-03,nan,nan,nan,nan,nan,nan,nan,nan,nan,nan,nan,nan,nan,nan,nan,nan,1.129326047358836238e-02,nan,nan,nan,nan,nan,nan
nan,nan,nan,nan,2.877697841726667340e-03,nan,nan,nan,5.755395683453312997e-03,nan,nan,nan,nan,2.086330935251803215e-02,nan,nan,nan,nan,nan,0.000000000000000000e+00,nan,4.676258992805837518e-03,nan,4.316546762589990385e-03,nan,nan,nan,2.302158273381300566e-02,nan,nan,nan,nan,nan,1.079136690647541832e-03,nan,nan,nan,nan,nan,2.302158273381300566e-02,nan,nan,nan,nan,nan,nan,nan,nan,nan,nan,nan,nan,nan,nan,nan,nan,2.338129496402883284e-02,nan,nan,nan,nan,nan,nan,nan,nan
nan,nan,nan,nan,nan,-3.921568627450966460e-03,nan,nan,nan,nan,nan,nan,nan,-1.782531194295944310e-03,nan,nan,nan,nan,nan,nan,nan,nan,nan,2.032085561497327594e-02,nan,nan,nan,nan,nan,-6.417112299465221707e-03,nan,nan,nan,nan,nan,nan,nan,nan,-1.212121212121211079e-02,2.067736185383244399e-02,nan,1.069518716577544468e-03,nan,nan,nan,nan,-4.991087344028533046e-03,nan,nan,nan,nan,nan,nan,nan,nan,nan,-3.208556149732610854e-03,nan,-9.269162210338665817e-03,nan,nan,nan,nan,nan,nan
-1.098901098901094997e-03,nan,nan,nan,nan,nan,nan,nan,nan,nan,nan,nan,3.296703296703329227e-03,nan,nan,nan,nan,nan,nan,-2.930402930402919992e-03,2.564102564102577111e-03,nan,nan,nan,nan,nan,nan,nan,nan,nan,nan,nan,nan,nan,nan,nan,nan,nan,-5.128205128205109986e-03,0.000000000000000000e+00,nan,3.113553113553115675e-02,nan,0.000000000000000000e+00,nan,nan,0.000000000000000000e+00,nan,nan,nan,nan,nan,nan,nan,nan,nan,nan,nan,2.930402930402964227e-03,nan,nan,nan,nan,nan,nan
nan,nan,nan,3.575221238938049162e-02,nan,4.601769911504382735e-03,nan,nan,nan,nan,nan,nan,-1.769911504424826008e-03,nan,0.000000000000000000e+00,nan,nan,nan,nan,nan,nan,nan,nan,nan,nan,nan,nan,nan,3.539823008849496324e-03,nan,nan,-7.079646017699392719e-04,nan,nan,nan,nan,nan,nan,1.415929203539789639e-03,0.000000000000000000e+00,nan,nan,nan,nan,nan,nan,4.601769911504382735e-03,nan,nan,nan,nan,nan,nan,nan,nan,nan,nan,nan,-4.440892098500626408e-17,nan,nan,nan,nan,nan,nan
nan,nan,nan,nan,nan,nan,nan,nan,nan,nan,nan,nan,2.554744525547403191e-03,nan,7.299270072992581010e-04,nan,nan,nan,nan,nan,nan,nan,nan,7.664233576642321029e-03,nan,nan,nan,nan,6.204379562043759941e-03,nan,nan,-3.649635036496512224e-04,nan,nan,nan,nan,nan,nan,nan,nan,nan,2.846715328467151057e-02,1.970802919708025680e-02,nan,nan,nan,1.094890510948887206e-03,nan,-3.649635036496401419e-03,nan,nan,nan,nan,nan,nan,nan,nan,nan,5.474452554744502382e-03,nan,nan,nan,nan,nan,nan
nan,nan,nan,nan,nan,nan,nan,nan,1.481481481481505911e-03,nan,nan,nan,nan,-2.962962962962922917e-03,2.222222222222258649e-03,nan,-2.222222222222192296e-03,nan,nan,-1.851851851851771258e-03,nan,-3.703703703703542516e-04,nan,nan,nan,nan,nan,nan,nan,nan,nan,-7.407407407407373863e-03,nan,nan,nan,nan,nan,nan,-7.407407407406862770e-04,nan,nan,nan,nan,nan,nan,2.962962962963011822e-03,nan,nan,nan,nan,-3.703703703703320254e-04,nan,nan,nan,nan,nan,nan,nan,nan,nan,nan,nan,nan,nan,nan
nan,nan,nan,nan,-1.444043321299681628e-03,nan,nan,nan,nan,nan,nan,nan,0.000000000000000000e+00,1.552346570397105177e-02,nan,1.083032490974700180e-03,3.249097472924144994e-03,nan,nan,nan,nan,1.444043321299570606e-03,nan,nan,-1.046931407942244298e-02,nan,nan,nan,nan,nan,nan,nan,nan,nan,nan,nan,nan,nan,-9.747292418772635775e-03,1.444043321299635051e-02,nan,nan,nan,nan,nan,0.000000000000000000e+00,nan,nan,nan,nan,nan,nan,nan,nan,nan,nan,nan,nan,nan,nan,nan,nan,nan,nan,nan
nan,nan,nan,nan,nan,nan,nan,nan,nan,nan,nan,nan,nan,7.366482504604032972e-04,nan,nan,nan,nan,nan,nan,nan,3.683241252302016486e-04,nan,-1.841620626151008189e-03,1.620626151012898378e-02,nan,nan,nan,nan,1.583793738489878283e-02,nan,nan,nan,1.841620626151008189e-03,nan,nan,nan,nan,1.841620626151052641e-03,nan,4.530386740331495549e-02,nan,nan,nan,nan,8.103130755064547400e-03,0.000000000000000000e+00,nan,nan,nan,nan,nan,nan,nan,nan,nan,nan,nan,nan,nan,nan,nan,nan,nan,nan
nan,nan,nan,1.632653061224487168e-02,-7.421150278293265224e-04,-7.421150278293486401e-04,nan,nan,nan,nan,nan,nan,5.194805194805173984e-03,-4.452690166975914465e-03,nan,nan,nan,nan,nan,nan,nan,nan,nan,nan,nan,nan,nan,nan,nan,nan,nan,nan,nan,nan,nan,nan,nan,nan,-6.679035250463827462e-03,nan,nan,nan,nan,nan,nan,-1.484230055658653045e-03,3.710575139146188089e-04,nan,nan,nan,nan,-3.339517625231947125e-03,nan,nan,nan,nan,nan,nan,-5.194805194805219087e-03,nan,nan,nan,nan,nan,nan
nan,nan,nan,nan,4.210526315789486600e-03,7.017543859649144622e-03,nan,nan,nan,nan,nan,nan,nan,nan,nan,2.456140350877200444e-03,nan,nan,nan,nan,3.508771929824572311e-03,nan,nan,1.754385964912286155e-03,nan,nan,nan,nan,nan,nan,nan,nan,nan,nan,nan,nan,nan,nan,nan,nan,nan,3.508771929824563290e-02,nan,nan,6.315789473684230333e-03,nan,3.508771929824572311e-03,nan,nan,nan,4.561403508771944178e-03,nan,nan,nan,nan,nan,nan,nan,7.719298245614058911e-03,nan,nan,nan,nan,nan,nan
nan,nan,nan,nan,nan,nan,nan,nan,-2.877697841726667340e-03,nan,nan,nan,nan,nan,nan,nan,-1.798561151079125509e-03,nan,nan,-1.438848920863300494e-03,nan,nan,nan,-6.474820143884963027e-03,nan,nan,nan,nan,nan,nan,nan,0.000000000000000000e+00,nan,nan,nan,nan,nan,nan,7.194244604316502468e-04,-2.877697841726667340e-03,nan,nan,nan,nan,nan,5.395683453237376526e-03,nan,nan,3.237410071942426002e-03,nan,nan,nan,nan,nan,nan,nan,nan,nan,1.151079136690640395e-02,nan,nan,nan,nan,nan,nan
nan,nan,nan,nan,nan,5.000000000000071228e-03,nan,nan,nan,nan,nan,nan,-1.785714285714279370e-03,nan,nan,nan,nan,nan,nan,8.571428571428651652e-03,nan,-7.142857142857117914e-04,nan,nan,nan,nan,nan,nan,1.142857142857149969e-02,nan,nan,nan,nan,nan,nan,nan,nan,nan,nan,nan,nan,nan,nan,nan,-3.571428571428558957e-04,7.142857142857339092e-04,3.571428571428558957e-04,nan,nan,nan,2.857142857142891401e-03,2.857142857142860176e-02,nan,nan,nan,nan,nan,nan,nan,nan,nan,nan,nan,nan,nan
nan,nan,nan,nan,nan,4.419889502762420000e-03,nan,nan,nan,nan,nan,nan,0.000000000000000000e+00,1.620626151012891786e-02,nan,nan,3.683241252302016377e-03,nan,nan,nan,nan,4.051565377532218189e-03,nan,nan,nan,nan,nan,nan,nan,2.578268876611411378e-03,nan,nan,nan,1.841620626151008189e-03,nan,nan,nan,nan,nan,1.104972375690605000e-03,8.839779005524840000e-03,nan,nan,nan,nan,nan,nan,nan,nan,nan,-3.683241252302016486e-04,nan,nan,nan,nan,nan,nan,nan,nan,nan,nan,nan,nan,nan,nan
nan,nan,nan,nan,nan,1.739130434782609758e-02,nan,nan,3.623188405797117756e-04,nan,nan,nan,1.376811594202900259e-02,nan,nan,nan,nan,nan,nan,2.282608695652172878e-02,nan,nan,nan,nan,nan,nan,nan,nan,1.557971014492753881e-02,nan,nan,nan,nan,3.623188405797117539e-03,nan,nan,nan,nan,nan,4.347826086956540874e-03,nan,9.057971014492771297e-03,nan,nan,nan,nan,nan,nan,nan,nan,-1.086956521739135218e-03,nan,nan,nan,nan,nan,nan,nan,2.898550724637694205e-03,nan,nan,nan,nan,nan,nan
nan,nan,nan,nan,nan,nan,nan,nan,nan,nan,nan,nan,-3.508771929824572528e-04,nan,nan,1.052631578947371650e-03,nan,nan,nan,nan,nan,1.052631578947371650e-03,nan,nan,nan,nan,nan,nan,nan,-1.403508771929829011e-03,nan,-1.403508771929829011e-03,nan,nan,nan,nan,nan,nan,-1.754385964912286155e-03,nan,nan,2.982456140350875362e-02,nan,1.403508771929829011e-03,nan,nan,-1.403508771929829011e-03,nan,nan,nan,nan,nan,nan,nan,nan,nan,2.807017543859658022e-03,nan,nan,nan,nan,nan,nan,nan,nan
nan,nan,nan,nan,nan,nan,nan,nan,nan,nan,nan,nan,4.770642201834896304e-03,2.201834862385343428e-03,nan,nan,nan,nan,nan,nan,nan,1.834862385321134413e-03,nan,1.431192660550462126e-02,nan,nan,nan,7.339449541284625905e-04,nan,6.238532110091776599e-03,nan,nan,nan,nan,nan,nan,nan,nan,nan,nan,4.036697247706455723e-03,5.137614678899084936e-02,nan,4.403669724770642620e-03,nan,8.440366972477075791e-03,nan,nan,nan,nan,nan,nan,nan,nan,nan,nan,nan,nan,nan,nan,nan,nan,nan,nan,nan
nan,nan,nan,nan,1.879699248120347919e-03,-3.759398496240073722e-04,nan,nan,nan,nan,nan,nan,-3.383458646616466312e-03,nan,nan,nan,nan,nan,nan,nan,4.135338345864725436e-03,nan,nan,2.220446049250313204e-17,nan,nan,nan,nan,nan,nan,nan,nan,nan,-1.127819548872155365e-03,nan,nan,nan,nan,nan,nan,nan,1.503759398496251534e-03,nan,nan,-2.255639097744310730e-03,1.879699248120347919e-03,nan,nan,nan,nan,nan,nan,nan,nan,nan,nan,nan,nan,3.759398496240962226e-04,nan,nan,nan,nan,nan,nan
nan,nan,nan,nan,2.903811252268617520e-03,nan,nan,nan,nan,nan,nan,nan,nan,nan,nan,nan,-1.451905626134308760e-03,nan,nan,3.266787658802194818e-03,nan,nan,nan,1.814882032667886058e-03,nan,nan,nan,nan,5.444646098003658174e-03,nan,nan,nan,nan,nan,nan,nan,nan,nan,1.088929219600722788e-02,0.000000000000000000e+00,nan,nan,nan,nan,nan,1.343012704174224511e-02,nan,nan,7.259528130671543799e-04,nan,nan,nan,nan,nan,nan,nan,nan,nan,1.778584392014517096e-02,nan,nan,nan,nan,nan,nan
nan,nan,nan,nan,nan,-3.208556149732699758e-03,nan,nan,7.486631016042721506e-03,nan,nan,nan,nan,0.000000000000000000e+00,3.565062388591666359e-04,-3.921568627451033247e-03,nan,nan,nan,nan,1.426024955436688878e-03,nan,nan,nan,nan,nan,nan,nan,7.843137254901910368e-03,nan,nan,nan,nan,nan,nan,nan,nan,nan,nan,nan,nan,nan,nan,nan,nan,6.060606060606032845e-03,nan,nan,2.245989304812827728e-02,nan,3.565062388591444639e-04,nan,nan,nan,nan,nan,nan,nan,nan,nan,nan,nan,nan,nan,nan
nan,nan,nan,nan,nan,9.747292418772568121e-03,nan,nan,0.000000000000000000e+00,nan,nan,nan,-2.527075812274382025e-03,nan,nan,nan,nan,nan,nan,-4.693140794223849173e-03,nan,nan,nan,nan,nan,nan,nan,6.137184115523441896e-03,9.386281588447653243e-03,nan,nan,nan,nan,1.444043321299615058e-03,nan,nan,nan,nan,nan,3.610108303249081989e-03,nan,3.393501805054153359e-02,nan,nan,nan,nan,7.220216606498297551e-04,nan,nan,nan,nan,nan,nan,nan,nan,nan,nan,nan,nan,nan,nan,nan,nan,nan,nan
-6.170598911070812771e-03,nan,nan,nan,3.266787658802194818e-03,nan,nan,nan,nan,nan,nan,nan,5.081669691470058758e-03,-1.451905626134331094e-03,nan,-1.814882032667886058e-03,nan,nan,nan,nan,nan,nan,nan,0.000000000000000000e+00,nan,nan,nan,nan,nan,nan,nan,nan,nan,nan,nan,nan,nan,nan,nan,0.000000000000000000e+00,nan,3.303085299455532642e-02,nan,nan,-2.540834845735040655e-03,nan,3.629764065335771899e-04,nan,nan,nan,nan,nan,nan,nan,nan,nan,nan,nan,nan,nan,nan,nan,nan,nan,nan
-3.597122302158251234e-04,nan,nan,nan,2.877697841726600987e-03,nan,nan,nan,nan,nan,nan,nan,2.877697841726600987e-03,nan,nan,nan,1.798561151079125509e-03,nan,nan,nan,nan,2.158273381294950524e-03,nan,1.546762589928058970e-02,nan,nan,nan,nan,6.474820143884873688e-03,nan,nan,nan,nan,nan,nan,nan,nan,nan,nan,nan,nan,nan,nan,2.517985611510775538e-03,nan,nan,-4.316546762589901047e-03,nan,nan,nan,nan,nan,nan,nan,nan,nan,nan,nan,3.669064748201435883e-02,nan,nan,nan,nan,nan,nan
-3.225806451612855952e-03,nan,nan,nan,nan,nan,nan,nan,3.584229390681592303e-04,nan,nan,nan,nan,-3.942652329749041056e-03,nan,nan,nan,nan,nan,nan,nan,nan,nan,2.473118279569896938e-02,nan,nan,nan,2.580645161290327089e-02,5.376344086021567388e-03,nan,nan,1.433691756272459329e-03,nan,nan,nan,nan,nan,nan,5.017921146953496954e-03,-4.659498207885271262e-03,nan,nan,nan,nan,nan,nan,nan,nan,nan,nan,nan,nan,nan,nan,nan,nan,2.867383512544829753e-03,nan,nan,nan,nan,nan,nan,nan,nan
nan,nan,nan,nan,nan,nan,nan,nan,nan,nan,7.894736842105287700e-03,nan,nan,nan,0.000000000000000000e+00,nan,nan,nan,nan,nan,-1.127819548872155365e-03,nan,nan,nan,nan,nan,nan,nan,7.518796992481479929e-04,nan,nan,nan,nan,nan,nan,nan,nan,nan,-3.759398496240606933e-03,nan,nan,-4.135338345864636098e-03,-1.879699248120259014e-03,nan,-4.887218045112784633e-03,-2.255639097744355399e-03,nan,nan,-5.263157894736835915e-03,nan,nan,nan,nan,nan,nan,nan,nan,nan,nan,nan,nan,nan,nan,nan,nan
nan,nan,nan,nan,nan,nan,nan,nan,1.421143847487000775e-02,nan,nan,nan,6.585788561525141027e-03,nan,nan,nan,nan,nan,nan,0.000000000000000000e+00,nan,nan,nan,nan,nan,nan,nan,7.279029462738307102e-03,1.005199306759101477e-02,nan,nan,nan,nan,nan,nan,nan,nan,nan,nan,1.317157712305025950e-02,nan,2.946273830155978629e-02,nan,nan,0.000000000000000000e+00,nan,nan,nan,2.426343154246097741e-02,nan,nan,nan,nan,nan,nan,nan,1.733102253032914319e-03,nan,nan,nan,nan,nan,nan,nan,nan
nan,nan,nan,nan,0.000000000000000000e+00,-3.254972875226003291e-03,nan,nan,nan,nan,nan,nan,nan,nan,nan,nan,nan,nan,nan,-3.616636528028571501e-04,nan,nan,nan,-1.446654611211517505e-03,nan,nan,nan,nan,nan,nan,nan,nan,nan,nan,nan,nan,nan,nan,-3.978300180831806712e-03,nan,nan,1.012658227848104407e-02,-1.808318264014396881e-03,nan,-1.446654611211539623e-03,nan,nan,nan,nan,nan,nan,-3.616636528028793762e-04,nan,nan,nan,nan,nan,nan,-1.808318264014441333e-03,nan,nan,nan,nan,nan,nan
nan,nan,nan,3.398926654740608289e-02,nan,nan,nan,nan,1.431127012522392982e-03,nan,nan,nan,1.431127012522370647e-03,1.073345259391778094e-03,1.431127012522370647e-03,nan,nan,nan,nan,7.155635062611853236e-04,nan,nan,nan,nan,nan,nan,nan,nan,2.862254025044741294e-03,nan,nan,nan,nan,1.073345259391778094e-03,nan,nan,nan,nan,nan,nan,nan,nan,nan,nan,nan,nan,1.431127012522370647e-03,nan,1.788908765652963417e-03,nan,nan,nan,nan,nan,nan,nan,nan,nan,nan,nan,nan,nan,nan,nan,nan
0.000000000000000000e+00,nan,nan,nan,nan,1.298701298701299134e-02,nan,nan,nan,nan,nan,nan,nan,nan,nan,nan,nan,nan,nan,nan,nan,nan,nan,nan,nan,nan,nan,nan,nan,nan,nan,nan,nan,nan,nan,nan,nan,nan,nan,nan,nan,9.276437847866424863e-03,nan,0.000000000000000000e+00,6.307977736549163876e-03,nan,0.000000000000000000e+00,nan,1.484230055658653045e-03,nan,2.968460111317283538e-03,-1.855287569573316198e-03,nan,nan,nan,nan,nan,nan,1.521335807050092602e-02,nan,nan,nan,nan,nan,nan
nan,nan,nan,nan,nan,nan,nan,nan,nan,nan,nan,nan,-2.298850574712641044e-03,-4.980842911877348018e-03,nan,-3.065134099616817574e-03,1.532567049808441963e-03,nan,nan,-3.831417624521016221e-03,nan,nan,nan,-2.681992337164729092e-03,-1.149425287356331581e-03,nan,nan,nan,nan,nan,nan,nan,nan,nan,nan,nan,nan,nan,-4.214559386973126820e-03,nan,nan,nan,nan,nan,nan,nan,-4.980842911877325467e-03,nan,nan,nan,nan,1.915708812260541460e-02,nan,nan,nan,nan,nan,nan,nan,nan,nan,nan,nan,nan,nan
nan,nan,nan,7.866419294990723010e-02,nan,nan,nan,nan,nan,nan,nan,nan,nan,nan,nan,-7.421150278293265224e-04,nan,nan,nan,0.000000000000000000e+00,nan,1.484230055658653045e-03,nan,nan,nan,nan,nan,nan,nan,nan,nan,nan,nan,-3.710575139146854331e-04,nan,nan,nan,nan,nan,nan,nan,1.855287569573316198e-03,nan,nan,7.421150278293265224e-04,-1.484230055658653045e-03,nan,nan,nan,nan,4.081632653061229195e-03,3.005565862708721100e-02,nan,nan,nan,nan,nan,nan,nan,nan,nan,nan,nan,nan,nan
nan,nan,nan,nan,nan,nan,nan,nan,nan,nan,nan,nan,nan,nan,nan,nan,nan,nan,nan,-2.135231316725949742e-03,nan,1.779359430605009871e-03,nan,1.387900355871889493e-02,nan,nan,nan,nan,nan,nan,nan,2.220446049250313204e-17,nan,nan,nan,nan,nan,nan,-3.202846975088924179e-03,0.000000000000000000e+00,nan,2.135231316725980794e-02,nan,nan,nan,6.049822064056953157e-03,-4.270462633451921168e-03,nan,-4.270462633451899484e-03,nan,nan,nan,nan,nan,nan,nan,nan,nan,nan,nan,nan,nan,nan,nan,nan
nan,nan,nan,7.890909090909090096e-02,nan,nan,nan,nan,0.000000000000000000e+00,nan,nan,nan,nan,-1.090909090909097890e-03,nan,nan,4.000000000000026104e-03,nan,nan,nan,nan,nan,nan,nan,nan,nan,nan,nan,nan,nan,nan,4.000000000000026104e-03,nan,nan,nan,nan,nan,nan,nan,7.272727272727297007e-03,nan,nan,nan,nan,5.818181818181810891e-03,nan,nan,nan,3.636363636363659996e-04,nan,nan,3.090909090909090690e-02,nan,nan,nan,nan,nan,nan,-3.636363636363659779e-03,nan,nan,nan,nan,nan,nan
