5.932203389830493015e-03,nan,nan,3.898305084745763704e-02,nan,1.016949152542370206e-02,nan,nan,nan,nan,nan,nan,nan,nan,1.694915254237283533e-03,nan,nan,8.474576271186417663e-04,nan,nan,nan,nan,nan,nan,1.694915254237283533e-03,nan,0.000000000000000000e+00,nan,4.237288135593209049e-03,nan,nan,nan,nan,nan,5.932203389830493015e-03,nan,nan,nan,nan,nan,nan,nan,nan,nan,nan,nan,nan,nan,nan,nan,0.000000000000000000e+00,nan,nan,nan,nan,nan,nan,nan,nan,nan,nan,nan,nan,nan,nan
nan,nan,nan,nan,nan,nan,nan,nan,nan,nan,nan,nan,nan,nan,1.626016260162632633e-03,nan,nan,nan,nan,nan,nan,-1.056910569105689104e-02,nan,1.056910569105697952e-02,nan,nan,4.065040650406537455e-03,nan,nan,nan,nan,nan,nan,3.252032520325221030e-03,nan,nan,nan,nan,nan,nan,nan,4.440892098500626408e-17,0.000000000000000000e+00,nan,3.252032520325243148e-03,nan,nan,nan,nan,nan,5.691056910569125202e-03,nan,nan,nan,nan,nan,4.878048780487875997e-03,nan,nan,nan,nan,nan,nan,nan,nan
2.448979591836741940e-03,nan,nan,nan,nan,nan,nan,nan,nan,nan,-8.979591836734713076e-03,nan,nan,nan,nan,nan,nan,0.000000000000000000e+00,nan,nan,nan,nan,nan,2.367346938775511875e-02,nan,nan,nan,nan,nan,nan,nan,nan,nan,nan,nan,nan,nan,nan,nan,nan,6.530612244897970702e-03,-3.265306122449018744e-03,0.000000000000000000e+00,nan,nan,nan,1.387755102040815272e-02,nan,-3.265306122449018744e-03,nan,nan,nan,nan,nan,nan,nan,-2.448979591836764058e-03,nan,nan,nan,nan,nan,nan,nan,nan
2.677165354330703767e-02,nan,nan,nan,nan,1.732283464566925987e-02,nan,nan,nan,nan,1.496062992125981629e-02,nan,nan,nan,nan,nan,nan,2.440944881889759582e-02,nan,nan,nan,nan,nan,nan,nan,nan,-3.937007874015829509e-03,nan,nan,7.874015748031481859e-04,nan,nan,nan,nan,nan,nan,nan,nan,nan,nan,nan,3.149606299212592744e-03,nan,nan,nan,nan,nan,nan,-7.874015748031926382e-04,nan,-3.937007874015852060e-03,nan,nan,nan,nan,7.874015748031259598e-04,nan,nan,nan,nan,nan,nan,nan,nan,nan
nan,nan,nan,nan,nan,nan,nan,nan,nan,nan,nan,nan,nan,nan,nan,1.632653061224531490e-03,nan,nan,nan,nan,nan,nan,nan,nan,0.000000000000000000e+00,nan,nan,-1.142857142857136611e-02,nan,-8.163265306122324599e-04,nan,nan,nan,nan,nan,nan,nan,nan,0.000000000000000000e+00,nan,nan,-8.163265306122435838e-03,8.163265306122546860e-04,nan,nan,nan,nan,nan,-3.265306122448929840e-03,nan,nan,nan,nan,nan,nan,nan,0.000000000000000000e+00,nan,1.877551020408168084e-02,nan,nan,nan,nan,nan,nan
-4.098360655737653957e-03,nan,nan,nan,nan,nan,nan,nan,nan,nan,9.016393442622949728e-03,nan,nan,nan,nan,nan,nan,nan,nan,9.016393442622949728e-03,nan,nan,nan,1.147540983606556465e-02,nan,nan,7.377049180327865593e-03,nan,nan,nan,nan,nan,nan,1.311475409836062624e-02,nan,nan,nan,nan,-4.098360655737653957e-03,0.000000000000000000e+00,nan,nan,nan,nan,-3.278688524590123166e-03,nan,nan,nan,nan,nan,1.229508196721309544e-02,nan,nan,nan,nan,nan,nan,nan,nan,nan,nan,nan,nan,nan,nan
0.000000000000000000e+00,nan,nan,1.627906976744180126e-02,nan,nan,nan,nan,nan,nan,-3.100775193798455207e-03,nan,nan,0.000000000000000000e+00,nan,6.976744186046523674e-03,nan,nan,nan,nan,nan,nan,nan,nan,7.751937984496138018e-04,nan,0.000000000000000000e+00,nan,7.751937984496138018e-04,nan,nan,nan,nan,nan,nan,nan,nan,nan,nan,-4.651162790697683028e-03,nan,nan,nan,nan,nan,nan,nan,nan,nan,nan,7.751937984496138018e-04,nan,nan,nan,nan,nan,nan,nan,nan,nan,nan,nan,nan,nan,nan
-1.600000000000001378e-03,nan,nan,nan,nan,nan,nan,nan,nan,nan,2.240000000000002059e-02,nan,nan,nan,nan,nan,nan,0.000000000000000000e+00,nan,nan,nan,nan,nan,nan,nan,nan,0.000000000000000000e+00,0.000000000000000000e+00,nan,nan,nan,nan,nan,nan,3.200000000000002755e-03,nan,nan,nan,4.000000000000003553e-03,nan,nan,nan,1.600000000000023712e-03,nan,0.000000000000000000e+00,nan,nan,nan,nan,nan,nan,nan,nan,nan,nan,8.000000000000006889e-04,nan,nan,nan,nan,nan,nan,nan,nan,nan
3.816793893129832860e-03,nan,nan,4.580152671755777401e-03,nan,3.816793893129832860e-03,nan,nan,nan,nan,4.440892098500626408e-17,nan,0.000000000000000000e+00,nan,nan,nan,nan,nan,nan,3.816793893129832860e-03,nan,nan,nan,5.343511450381721942e-03,nan,nan,nan,nan,nan,nan,nan,nan,nan,nan,nan,nan,nan,nan,nan,0.000000000000000000e+00,nan,nan,nan,nan,nan,nan,nan,nan,nan,nan,nan,3.816793893129832860e-03,nan,nan,nan,nan,nan,nan,7.633587786259554697e-03,nan,nan,nan,nan,nan,nan
3.141762452107275255e-02,nan,nan,nan,nan,3.831417624520994103e-03,nan,nan,nan,nan,-1.532567049808464298e-03,nan,nan,nan,nan,nan,nan,1.685823754789268422e-02,nan,nan,nan,nan,nan,nan,nan,nan,0.000000000000000000e+00,nan,nan,nan,nan,nan,nan,nan,nan,nan,nan,nan,nan,nan,nan,nan,nan,nan,7.662835249042121780e-03,nan,7.662835249041988640e-04,nan,7.662835249041988640e-04,nan,nan,nan,nan,nan,nan,nan,7.662835249041988640e-04,nan,7.662835249042099228e-03,nan,nan,nan,nan,nan,nan
9.338521400778287962e-03,nan,nan,nan,nan,nan,nan,nan,nan,nan,nan,nan,nan,nan,nan,5.447470817120691686e-03,nan,nan,nan,7.782101167315369711e-04,nan,-7.782101167315147450e-04,nan,2.490272373540858286e-02,nan,nan,nan,1.789883268482495016e-02,nan,nan,nan,0.000000000000000000e+00,nan,nan,nan,nan,nan,nan,0.000000000000000000e+00,0.000000000000000000e+00,nan,nan,nan,nan,nan,nan,nan,nan,nan,nan,nan,nan,nan,nan,nan,nan,4.440892098500626408e-17,nan,nan,nan,nan,nan,nan,nan,nan
nan,nan,nan,nan,nan,nan,nan,nan,nan,nan,4.110671936758895917e-02,nan,nan,nan,0.000000000000000000e+00,nan,nan,nan,nan,nan,nan,nan,nan,nan,0.000000000000000000e+00,nan,3.162055335968361192e-03,2.371541501976270894e-03,nan,nan,nan,nan,nan,3.952569169960474041e-03,nan,nan,nan,nan,nan,nan,nan,nan,3.952569169960451489e-03,nan,1.185770750988146549e-02,nan,nan,nan,nan,nan,nan,nan,nan,nan,nan,nan,0.000000000000000000e+00,nan,7.905138339920991450e-03,nan,nan,nan,nan,nan,nan
nan,nan,nan,8.097165991902910637e-04,nan,nan,nan,nan,nan,nan,nan,nan,nan,nan,nan,nan,nan,3.238866396761164255e-03,nan,nan,nan,nan,nan,nan,nan,nan,2.429149797570873300e-03,0.000000000000000000e+00,nan,nan,nan,nan,2.429149797570895417e-03,nan,nan,nan,nan,nan,nan,4.048582995951455210e-03,nan,nan,nan,nan,nan,nan,nan,nan,-4.048582995951344188e-03,nan,8.097165991902910420e-03,0.000000000000000000e+00,nan,nan,nan,6.661338147750938996e-17,nan,nan,nan,nan,nan,nan,nan,nan,nan
-2.290076335877877425e-03,nan,nan,nan,8.396946564885409900e-03,6.106870229007554593e-03,nan,nan,nan,nan,nan,nan,nan,nan,nan,nan,nan,0.000000000000000000e+00,nan,nan,nan,nan,nan,nan,2.290076335877833189e-03,nan,0.000000000000000000e+00,6.106870229007554593e-03,nan,nan,nan,nan,nan,nan,2.290076335877833189e-03,nan,nan,nan,nan,nan,nan,9.923664122137344085e-03,nan,nan,nan,nan,nan,nan,nan,nan,nan,nan,nan,nan,nan,0.000000000000000000e+00,nan,nan,nan,nan,nan,nan,nan,nan,nan
nan,nan,nan,nan,nan,nan,nan,nan,nan,nan,nan,nan,nan,nan,0.000000000000000000e+00,nan,nan,nan,nan,nan,0.000000000000000000e+00,nan,nan,2.195121951219514145e-02,nan,nan,nan,-4.065040650406493219e-03,nan,nan,nan,nan,nan,nan,nan,nan,nan,nan,-5.691056910569125202e-03,nan,7.317073170731736367e-03,nan,nan,nan,8.130081300812940902e-04,nan,nan,nan,-2.439024390243904605e-03,nan,nan,nan,nan,nan,nan,-4.878048780487786659e-03,0.000000000000000000e+00,nan,nan,nan,nan,nan,nan,nan,nan
0.000000000000000000e+00,nan,nan,nan,nan,1.687763713080159267e-02,nan,nan,nan,nan,nan,nan,nan,0.000000000000000000e+00,0.000000000000000000e+00,nan,nan,nan,nan,nan,nan,nan,nan,nan,0.000000000000000000e+00,nan,nan,-2.220446049250313204e-17,0.000000000000000000e+00,nan,nan,nan,nan,nan,nan,nan,nan,nan,nan,1.687763713080125873e-03,nan,nan,0.000000000000000000e+00,nan,0.000000000000000000e+00,nan,nan,nan,nan,nan,nan,nan,nan,nan,nan,nan,nan,nan,nan,nan,nan,nan,nan,nan,nan
3.952569169960451489e-03,nan,nan,nan,nan,1.897233201581027817e-02,nan,nan,nan,nan,2.608695652173915677e-02,nan,nan,nan,nan,nan,nan,1.739130434782609758e-02,nan,nan,nan,nan,nan,nan,3.952569169960451489e-03,nan,nan,nan,0.000000000000000000e+00,nan,nan,nan,nan,nan,nan,nan,nan,nan,nan,nan,nan,0.000000000000000000e+00,0.000000000000000000e+00,nan,0.000000000000000000e+00,nan,nan,nan,nan,nan,nan,nan,nan,nan,nan,nan,0.000000000000000000e+00,nan,nan,nan,nan,nan,nan,nan,nan
2.580645161290320150e-02,nan,nan,nan,nan,nan,nan,nan,nan,nan,6.451612903225800374e-03,nan,nan,nan,nan,nan,nan,1.612903225806450094e-03,nan,nan,nan,nan,nan,nan,6.451612903225800374e-03,nan,nan,1.370967741935482688e-02,0.000000000000000000e+00,nan,nan,2.419354838709675357e-03,nan,nan,nan,nan,nan,nan,nan,nan,nan,nan,nan,nan,nan,nan,nan,nan,-1.612903225806450094e-03,nan,nan,nan,nan,nan,nan,0.000000000000000000e+00,2.338709677419352831e-02,nan,nan,nan,nan,nan,nan,nan,nan
-3.875968992248068901e-03,nan,nan,nan,nan,nan,nan,nan,nan,nan,nan,nan,nan,nan,2.325581395348841514e-03,nan,nan,3.100775193798455207e-03,nan,nan,nan,nan,nan,nan,-2.325581395348841514e-03,nan,-3.100775193798455207e-03,-6.976744186046523674e-03,nan,nan,nan,nan,nan,nan,1.550387596899223050e-02,nan,nan,nan,nan,nan,nan,3.565891472868212148e-02,nan,nan,2.325581395348841514e-03,nan,nan,nan,nan,nan,-7.751937984496138018e-04,nan,nan,nan,nan,nan,nan,nan,nan,nan,nan,nan,nan,nan,nan
-3.347280334728086615e-03,nan,nan,nan,nan,nan,nan,nan,nan,nan,nan,nan,nan,3.347280334727997710e-03,nan,0.000000000000000000e+00,nan,nan,nan,nan,nan,nan,nan,nan,nan,nan,nan,-4.184100418410108269e-03,nan,nan,nan,8.368200836819994276e-04,nan,nan,nan,nan,nan,nan,nan,4.184100418409997246e-03,nan,2.510460251045998174e-03,0.000000000000000000e+00,nan,0.000000000000000000e+00,nan,nan,nan,nan,nan,nan,1.924686192468618579e-02,nan,nan,nan,nan,nan,nan,nan,nan,nan,nan,nan,nan,nan
nan,nan,nan,nan,nan,nan,nan,nan,nan,nan,3.359374999999999861e-02,nan,nan,nan,nan,nan,nan,0.000000000000000000e+00,nan,nan,nan,nan,nan,nan,nan,nan,0.000000000000000000e+00,nan,-1.562500000000000087e-03,nan,nan,nan,nan,nan,nan,nan,nan,nan,0.000000000000000000e+00,3.906250000000000000e-03,nan,nan,nan,nan,-3.906250000000000000e-03,nan,nan,nan,7.812500000000000434e-04,nan,nan,nan,nan,nan,nan,1.562500000000000087e-03,-3.125000000000000173e-03,nan,nan,nan,nan,nan,nan,nan,nan
0.000000000000000000e+00,nan,nan,nan,nan,2.755905511811029829e-02,nan,nan,nan,nan,nan,nan,nan,nan,nan,nan,nan,nan,nan,nan,nan,nan,nan,nan,nan,nan,3.937007874015785273e-03,nan,nan,nan,nan,nan,nan,9.448818897637868003e-03,nan,nan,nan,nan,3.149606299212592744e-03,1.496062992125992731e-02,nan,nan,0.000000000000000000e+00,nan,3.149606299212614861e-03,nan,3.937007874015741038e-03,nan,nan,nan,-5.511811023622037627e-03,nan,nan,nan,nan,nan,nan,nan,nan,nan,nan,nan,nan,nan,nan
-3.125000000000000173e-03,nan,nan,8.593750000000000694e-03,nan,nan,nan,nan,0.000000000000000000e+00,nan,3.906250000000000000e-03,nan,nan,nan,nan,nan,nan,nan,nan,nan,nan,nan,nan,1.093749999999999931e-02,3.906250000000000000e-03,nan,-3.125000000000000173e-03,nan,nan,nan,nan,nan,nan,nan,nan,nan,nan,nan,nan,nan,nan,nan,nan,nan,0.000000000000000000e+00,nan,nan,nan,nan,nan,nan,9.374999999999999653e-03,nan,nan,nan,-1.562500000000000087e-03,nan,nan,nan,nan,nan,nan,nan,nan,nan
1.307692307692314218e-02,nan,nan,nan,nan,nan,nan,nan,nan,nan,nan,nan,nan,nan,nan,2.307692307692366020e-03,nan,nan,nan,nan,-6.153846153846109605e-03,nan,nan,nan,nan,nan,nan,2.230769230769234085e-02,nan,2.615384615384617334e-02,nan,nan,nan,nan,nan,nan,nan,nan,nan,nan,nan,nan,0.000000000000000000e+00,nan,-3.076923076923066078e-03,nan,nan,nan,1.461538461538467414e-02,nan,-3.846153846153832490e-03,nan,nan,nan,nan,nan,7.692307692307776001e-03,nan,nan,nan,nan,nan,nan,nan,nan
0.000000000000000000e+00,nan,nan,nan,nan,nan,nan,nan,nan,nan,nan,nan,nan,1.297709923664125409e-02,nan,nan,nan,0.000000000000000000e+00,nan,nan,nan,nan,nan,nan,nan,nan,nan,nan,nan,nan,nan,7.633587786259665503e-04,nan,nan,nan,nan,nan,nan,1.526717557251933101e-03,7.633587786260110026e-04,nan,nan,nan,nan,0.000000000000000000e+00,nan,0.000000000000000000e+00,nan,nan,nan,7.633587786259665503e-04,2.824427480916034267e-02,nan,nan,nan,nan,nan,nan,nan,nan,nan,nan,nan,nan,nan
nan,nan,nan,nan,nan,3.041825095057026918e-02,nan,nan,nan,nan,nan,nan,nan,nan,0.000000000000000000e+00,nan,nan,nan,nan,nan,nan,nan,nan,nan,7.604562737642428950e-04,nan,nan,1.292775665399232762e-02,1.520912547528485790e-03,nan,nan,0.000000000000000000e+00,nan,nan,nan,nan,nan,nan,nan,4.562737642585523723e-03,nan,7.604562737642539538e-03,5.323193916349744717e-03,nan,6.083650190114031631e-03,nan,nan,nan,nan,nan,nan,nan,nan,nan,nan,nan,nan,nan,nan,nan,nan,nan,nan,nan,nan
-1.581027667984247166e-03,nan,nan,nan,nan,nan,nan,nan,nan,nan,nan,nan,nan,nan,-3.952569169960539960e-03,-1.106719367588939774e-02,nan,-2.220446049250313204e-17,nan,nan,nan,nan,nan,2.608695652173907004e-02,nan,nan,nan,nan,nan,nan,nan,nan,nan,-2.371541501976337681e-03,nan,nan,nan,nan,nan,nan,0.000000000000000000e+00,nan,-3.952569169960562512e-03,nan,-3.162055335968427978e-03,nan,nan,nan,-7.905138339921125240e-04,nan,nan,nan,nan,nan,nan,nan,nan,nan,nan,nan,nan,nan,nan,nan,nan
2.096774193548385165e-02,nan,nan,nan,nan,nan,nan,nan,nan,nan,8.064516129032250902e-03,nan,nan,nan,-2.419354838709675357e-03,nan,nan,2.258064516129030391e-02,nan,nan,nan,nan,nan,nan,nan,nan,-8.064516129032250468e-04,nan,nan,0.000000000000000000e+00,nan,nan,nan,nan,nan,nan,nan,nan,nan,1.290322580645160075e-02,nan,nan,nan,nan,nan,nan,nan,nan,nan,nan,4.838709677419350715e-03,3.225806451612900187e-03,nan,nan,nan,nan,0.000000000000000000e+00,nan,nan,nan,nan,nan,nan,nan,nan
nan,nan,nan,-7.194244604316945907e-04,nan,nan,nan,nan,nan,nan,nan,nan,nan,nan,0.000000000000000000e+00,nan,nan,-7.194244604316723645e-04,nan,nan,nan,nan,nan,nan,nan,nan,-2.158273381294995193e-03,-5.755395683453312997e-03,nan,nan,nan,nan,nan,nan,nan,nan,nan,nan,nan,4.316546762589901047e-03,nan,-3.597122302158339922e-03,nan,nan,nan,nan,nan,nan,nan,nan,nan,-4.440892098500626408e-17,nan,nan,nan,0.000000000000000000e+00,1.438848920863300494e-03,nan,nan,nan,nan,nan,nan,nan,nan
-1.612903225806450094e-03,nan,nan,nan,nan,nan,nan,nan,nan,nan,4.354838709677415209e-02,nan,nan,nan,nan,nan,nan,nan,nan,nan,nan,nan,nan,nan,0.000000000000000000e+00,nan,4.838709677419350715e-03,nan,nan,nan,nan,nan,nan,5.645161290322575978e-03,nan,nan,nan,nan,nan,nan,nan,nan,nan,nan,0.000000000000000000e+00,nan,nan,nan,0.000000000000000000e+00,nan,-2.419354838709675357e-03,nan,nan,nan,nan,0.000000000000000000e+00,0.000000000000000000e+00,nan,nan,nan,nan,nan,nan,nan,nan
-3.252032520325265266e-03,nan,nan,8.130081300812941336e-03,nan,-4.065040650406581690e-03,nan,nan,nan,nan,4.065040650406470668e-03,nan,8.130081300812941336e-03,-9.756097560975663524e-03,nan,nan,nan,nan,nan,nan,nan,nan,nan,nan,nan,nan,nan,nan,nan,nan,nan,0.000000000000000000e+00,nan,nan,nan,nan,nan,nan,nan,8.943089430894257327e-03,nan,nan,nan,nan,nan,nan,nan,nan,nan,nan,nan,8.130081300812941336e-03,nan,nan,nan,nan,nan,nan,0.000000000000000000e+00,nan,nan,nan,nan,nan,nan
nan,nan,nan,nan,nan,nan,nan,nan,-8.032128514056213753e-03,nan,nan,nan,-8.835341365461824026e-03,nan,nan,-8.032128514056213753e-03,nan,nan,nan,1.606425702811244832e-02,-8.032128514056102730e-04,-2.409638554216830819e-03,nan,nan,nan,nan,nan,-8.835341365461824026e-03,nan,nan,nan,nan,nan,nan,nan,nan,nan,nan,-4.016064257028095601e-03,nan,nan,3.212851405622507879e-03,nan,nan,nan,nan,nan,nan,nan,nan,-4.016064257028051365e-03,nan,nan,nan,nan,nan,nan,nan,nan,nan,nan,nan,nan,nan,nan
-2.390438247011949895e-03,nan,nan,nan,nan,8.764940239043816569e-03,nan,nan,nan,nan,nan,nan,nan,nan,-3.984063745019916780e-03,nan,nan,-7.968127490039833560e-03,nan,nan,nan,nan,nan,nan,0.000000000000000000e+00,nan,0.000000000000000000e+00,3.187250996015933337e-03,nan,nan,nan,nan,nan,nan,1.992031872509958390e-02,nan,nan,nan,nan,1.115537848605576733e-02,nan,nan,nan,nan,nan,nan,nan,nan,nan,nan,nan,nan,nan,nan,nan,nan,-1.593625498007966669e-03,nan,nan,nan,nan,nan,nan,nan,nan
-3.937007874015852060e-03,nan,nan,0.000000000000000000e+00,nan,nan,nan,nan,nan,nan,1.732283464566925987e-02,nan,nan,nan,nan,nan,nan,0.000000000000000000e+00,nan,nan,nan,nan,nan,nan,-7.874015748031704121e-04,nan,nan,9.448818897637777797e-03,nan,nan,nan,nan,nan,nan,nan,nan,nan,nan,nan,nan,nan,nan,nan,nan,nan,nan,nan,nan,nan,nan,-3.937007874015852060e-03,0.000000000000000000e+00,nan,nan,nan,nan,-2.362204724409511236e-03,nan,0.000000000000000000e+00,nan,nan,nan,nan,nan,nan
-1.612903225806450094e-03,nan,nan,nan,nan,nan,nan,nan,nan,nan,nan,nan,nan,nan,nan,-1.209677419354837635e-02,nan,-4.838709677419350715e-03,nan,nan,nan,nan,nan,nan,-1.048387096774192583e-02,nan,nan,-1.451612903225805128e-02,nan,nan,nan,nan,nan,nan,-2.419354838709675357e-03,nan,nan,nan,-3.225806451612900187e-03,-8.064516129032250468e-04,nan,-1.129032258064515196e-02,nan,nan,-3.225806451612900187e-03,nan,nan,nan,nan,nan,nan,nan,nan,nan,nan,nan,nan,nan,nan,nan,nan,nan,nan,nan,nan
0.000000000000000000e+00,nan,nan,nan,nan,nan,nan,nan,nan,nan,nan,nan,nan,nan,1.550387596899183151e-03,nan,nan,nan,nan,0.000000000000000000e+00,nan,nan,nan,nan,nan,nan,6.201550387596799392e-03,nan,nan,nan,nan,nan,nan,6.201550387596821076e-03,nan,nan,nan,nan,0.000000000000000000e+00,3.255813953488366497e-02,nan,nan,0.000000000000000000e+00,nan,3.875968992247979996e-03,nan,nan,nan,nan,nan,1.550387596899205269e-03,nan,nan,nan,nan,nan,nan,nan,nan,nan,nan,nan,nan,nan,nan
3.088803088803082717e-03,nan,nan,nan,nan,2.239382239382241638e-02,nan,nan,nan,nan,nan,nan,nan,4.633204633204624293e-03,nan,nan,nan,nan,nan,nan,nan,nan,nan,nan,7.722007722007706576e-03,nan,6.177606177606165434e-03,6.949806949806935572e-03,nan,nan,nan,0.000000000000000000e+00,nan,1.544401544401541359e-03,nan,nan,nan,nan,nan,nan,nan,3.861003861003853288e-03,nan,nan,nan,nan,0.000000000000000000e+00,nan,nan,nan,nan,nan,nan,nan,nan,nan,nan,nan,nan,nan,nan,nan,nan,nan,nan
2.220446049250313204e-17,nan,nan,nan,nan,nan,nan,nan,nan,nan,nan,nan,nan,nan,0.000000000000000000e+00,nan,nan,nan,nan,nan,nan,nan,nan,4.819277108433735191e-02,8.032128514056324992e-04,nan,8.032128514056547253e-04,8.032128514056324992e-04,nan,nan,nan,nan,nan,nan,nan,nan,nan,nan,-8.032128514055880469e-04,nan,nan,3.212851405622507879e-03,4.819277108433750109e-03,nan,nan,nan,nan,nan,nan,nan,3.212851405622529997e-03,nan,nan,nan,nan,nan,nan,nan,nan,nan,nan,nan,nan,nan,nan
nan,nan,nan,1.400778210116726541e-02,nan,nan,nan,nan,-3.112840466926147884e-03,nan,nan,nan,nan,nan,1.556420233463029490e-03,nan,nan,7.003891050583632705e-03,nan,nan,nan,nan,nan,7.782101167315147450e-03,-3.112840466926125767e-03,nan,nan,-6.225680933852206431e-03,-7.782101167315369711e-04,nan,nan,nan,nan,nan,nan,nan,nan,nan,nan,nan,nan,nan,nan,nan,-7.782101167315369711e-04,nan,nan,nan,nan,nan,0.000000000000000000e+00,nan,nan,nan,nan,nan,nan,nan,nan,nan,nan,nan,nan,nan,nan
1.440000000000001348e-02,nan,nan,nan,nan,-3.200000000000002755e-03,nan,nan,nan,nan,1.600000000000001421e-02,nan,-1.600000000000001378e-03,nan,nan,nan,nan,nan,nan,nan,nan,nan,nan,nan,nan,nan,nan,7.200000000000006742e-03,nan,nan,nan,nan,nan,1.600000000000001378e-03,nan,nan,nan,nan,nan,5.600000000000005147e-03,nan,nan,nan,nan,4.000000000000003553e-03,nan,8.800000000000007469e-03,nan,1.600000000000001378e-03,nan,nan,nan,nan,nan,nan,nan,nan,nan,nan,nan,nan,nan,nan,nan,nan
nan,nan,nan,5.600000000000005147e-03,8.000000000000006889e-04,nan,nan,nan,nan,nan,1.600000000000001421e-02,nan,nan,nan,nan,8.000000000000007105e-03,nan,nan,nan,nan,nan,nan,nan,nan,nan,nan,0.000000000000000000e+00,0.000000000000000000e+00,nan,-4.800000000000003916e-03,nan,nan,nan,nan,nan,nan,nan,nan,nan,nan,nan,nan,nan,nan,0.000000000000000000e+00,nan,nan,nan,nan,nan,6.400000000000005511e-03,3.200000000000002755e-03,nan,nan,nan,nan,nan,nan,nan,nan,nan,nan,nan,nan,nan
8.097165991902910637e-04,nan,nan,nan,nan,nan,nan,nan,nan,nan,3.238866396761135025e-02,nan,nan,nan,8.097165991902910637e-04,nan,nan,0.000000000000000000e+00,nan,nan,nan,nan,nan,1.619433198380582127e-03,nan,nan,-2.429149797570850748e-03,nan,nan,nan,nan,nan,nan,1.214574898785425461e-02,nan,nan,nan,nan,nan,0.000000000000000000e+00,nan,nan,nan,nan,-3.238866396761164255e-03,nan,nan,nan,nan,nan,6.477732793522261723e-03,nan,nan,nan,nan,nan,nan,nan,nan,nan,nan,nan,nan,nan,nan
nan,nan,nan,nan,nan,nan,nan,nan,1.647940074906360103e-02,nan,8.988764044943753362e-03,nan,nan,2.247191011235916223e-03,nan,nan,nan,nan,nan,-7.490636704119868483e-03,nan,-2.247191011235960458e-03,nan,2.996254681647858662e-03,nan,nan,nan,2.996254681647858662e-03,nan,nan,nan,nan,nan,nan,nan,nan,nan,nan,nan,nan,4.494382022471854130e-03,nan,nan,nan,nan,nan,6.741573033707770786e-03,nan,nan,nan,8.988764044943730810e-03,nan,nan,nan,nan,nan,nan,nan,nan,nan,nan,nan,nan,nan,nan
1.035856573705178432e-02,nan,nan,nan,nan,0.000000000000000000e+00,nan,nan,nan,nan,nan,nan,nan,nan,nan,nan,nan,nan,nan,nan,-3.187250996015933337e-03,nan,nan,1.115537848605576733e-02,0.000000000000000000e+00,nan,0.000000000000000000e+00,3.984063745019916780e-03,nan,nan,nan,nan,nan,nan,nan,nan,nan,nan,-3.187250996015933337e-03,nan,nan,nan,nan,nan,-7.968127490039833343e-04,nan,nan,nan,nan,nan,nan,nan,nan,nan,nan,nan,-7.968127490039833343e-04,nan,nan,nan,nan,nan,nan,nan,nan
nan,nan,nan,8.230452674896860049e-04,nan,nan,nan,nan,nan,nan,nan,nan,nan,nan,nan,nan,nan,1.316872427983533170e-02,nan,nan,nan,nan,nan,nan,0.000000000000000000e+00,1.646090534979416462e-03,nan,nan,nan,nan,nan,nan,nan,nan,7.407407407407373863e-03,nan,nan,nan,0.000000000000000000e+00,nan,nan,nan,-1.646090534979416462e-03,nan,1.646090534979416462e-03,nan,nan,nan,nan,nan,nan,4.115226337448540939e-03,nan,nan,nan,nan,-4.115226337448540939e-03,nan,nan,nan,nan,nan,nan,nan,nan
1.587301587301581662e-03,nan,nan,0.000000000000000000e+00,nan,nan,nan,nan,nan,nan,2.460317460317458169e-02,nan,nan,nan,0.000000000000000000e+00,nan,nan,nan,nan,nan,nan,nan,nan,nan,nan,5.555555555555535818e-03,0.000000000000000000e+00,1.269841269841265330e-02,nan,nan,nan,nan,nan,nan,nan,nan,nan,nan,nan,nan,nan,nan,nan,nan,nan,nan,nan,nan,nan,nan,-3.174603174603163325e-03,7.936507936507908312e-04,nan,nan,nan,nan,-2.380952380952372494e-03,nan,nan,nan,nan,nan,nan,nan,nan
-2.316602316602378499e-03,nan,nan,nan,nan,nan,nan,nan,nan,nan,1.235521235521233087e-02,nan,nan,nan,nan,nan,nan,nan,nan,nan,nan,nan,nan,nan,nan,nan,-3.088803088803171622e-03,0.000000000000000000e+00,0.000000000000000000e+00,nan,nan,nan,nan,6.177606177606165434e-03,nan,nan,nan,nan,nan,6.949806949806935572e-03,nan,nan,nan,nan,0.000000000000000000e+00,nan,nan,nan,0.000000000000000000e+00,nan,nan,nan,nan,nan,nan,nan,-3.088803088803171622e-03,nan,nan,nan,nan,nan,nan,nan,nan
nan,nan,nan,-8.097165991902844501e-03,nan,nan,nan,nan,nan,nan,-1.052631578947367183e-02,nan,-3.238866396761164255e-03,nan,nan,nan,nan,nan,nan,nan,-4.858299595141701496e-03,nan,nan,nan,-5.668016194331992885e-03,nan,nan,nan,nan,nan,nan,nan,nan,nan,nan,nan,nan,nan,nan,nan,nan,nan,nan,nan,-4.858299595141724048e-03,nan,-3.238866396761164255e-03,nan,nan,nan,-1.052631578947369438e-02,-5.668016194331992885e-03,nan,nan,nan,nan,nan,nan,-9.716599190283402993e-03,nan,nan,nan,nan,nan,nan
5.555555555555535818e-03,nan,nan,nan,-3.968253968254065178e-03,1.507936507936502579e-02,nan,nan,nan,nan,1.746031746031739829e-02,nan,nan,nan,-7.936507936508130573e-04,nan,nan,9.523809523809489974e-03,nan,nan,0.000000000000000000e+00,nan,nan,nan,0.000000000000000000e+00,nan,nan,nan,nan,nan,nan,nan,nan,nan,nan,nan,nan,nan,nan,nan,nan,nan,3.174603174603163325e-03,nan,nan,nan,nan,nan,nan,nan,-4.761904761904833458e-03,nan,nan,nan,nan,nan,nan,nan,nan,nan,nan,nan,nan,nan,nan
nan,nan,nan,-4.166666666666651864e-03,nan,nan,nan,nan,nan,nan,nan,nan,nan,nan,nan,nan,nan,-4.166666666666651864e-03,nan,nan,nan,nan,nan,5.583333333333335979e-02,nan,nan,-1.666666666666660702e-03,-4.999999999999981889e-03,nan,nan,nan,nan,nan,-5.833333333333312783e-03,nan,nan,nan,nan,-5.833333333333312783e-03,nan,nan,1.000000000000007480e-02,nan,nan,-3.333333333333321404e-03,nan,nan,nan,nan,nan,nan,-2.499999999999990945e-03,nan,nan,nan,nan,nan,nan,nan,nan,nan,nan,nan,nan,nan
nan,nan,nan,nan,nan,-8.264462809917328063e-04,nan,nan,7.438016528925594714e-03,nan,-2.479338842975198527e-03,nan,nan,nan,nan,4.132231404958663923e-03,nan,nan,nan,nan,nan,nan,nan,nan,nan,nan,-1.652892561983465613e-03,-5.785123966942129319e-03,nan,nan,nan,nan,nan,nan,nan,nan,nan,nan,nan,nan,1.652892561983465613e-03,nan,nan,nan,nan,nan,nan,nan,9.090909090909060977e-03,nan,nan,nan,nan,nan,nan,-2.479338842975198527e-03,nan,nan,-1.652892561983465613e-03,nan,nan,nan,nan,nan,nan
8.097165991902776847e-03,nan,nan,nan,nan,nan,nan,nan,-3.238866396761186373e-03,nan,nan,nan,nan,nan,2.429149797570806513e-03,nan,nan,8.097165991902688376e-04,nan,nan,nan,nan,nan,2.753036437246960538e-02,nan,nan,nan,nan,nan,-8.097165991902910637e-04,nan,nan,nan,nan,-2.220446049250313204e-17,nan,nan,nan,nan,nan,nan,nan,nan,nan,-1.619433198380626580e-03,nan,nan,nan,5.668016194331948650e-03,nan,0.000000000000000000e+00,nan,nan,nan,nan,nan,nan,nan,nan,nan,nan,nan,nan,nan,nan
nan,nan,nan,nan,8.148148148148149153e-03,nan,nan,nan,nan,nan,2.518518518518517851e-02,nan,0.000000000000000000e+00,nan,nan,5.185185185185137331e-03,nan,nan,nan,2.222222222222192296e-03,3.703703703703653538e-03,9.629629629629609527e-03,nan,nan,nan,nan,nan,nan,nan,-3.703703703703764560e-03,nan,nan,nan,nan,nan,nan,nan,nan,0.000000000000000000e+00,nan,nan,nan,nan,nan,nan,nan,nan,nan,nan,nan,nan,nan,nan,nan,nan,nan,nan,nan,1.407407407407408259e-02,nan,nan,nan,nan,nan,nan
2.439024390243860370e-03,nan,nan,-2.439024390243926723e-03,nan,nan,nan,nan,nan,nan,nan,nan,nan,nan,nan,-2.220446049250313204e-17,nan,-5.691056910569147753e-03,nan,nan,nan,nan,nan,nan,-4.065040650406559139e-03,nan,0.000000000000000000e+00,4.878048780487764975e-03,nan,nan,nan,nan,nan,nan,nan,nan,nan,nan,nan,nan,nan,9.756097560975573318e-03,nan,nan,nan,nan,nan,nan,nan,nan,nan,-2.439024390243948841e-03,nan,nan,nan,nan,nan,nan,1.219512195121952303e-02,nan,nan,nan,nan,nan,nan
-4.878048780487764975e-03,nan,nan,nan,nan,nan,nan,nan,-4.065040650406470668e-03,nan,nan,nan,nan,nan,0.000000000000000000e+00,nan,nan,nan,nan,nan,nan,nan,nan,nan,-2.032520325203246436e-02,nan,1.626016260162654967e-03,nan,nan,nan,nan,nan,nan,nan,-1.869918699186987748e-02,nan,nan,nan,-9.756097560975573318e-03,nan,nan,nan,-5.691056910569059282e-03,nan,nan,nan,nan,nan,nan,nan,-2.439024390243882488e-03,nan,nan,nan,nan,nan,0.000000000000000000e+00,nan,nan,nan,nan,nan,nan,nan,nan
nan,nan,nan,nan,3.831417624521060890e-03,nan,nan,nan,nan,nan,nan,nan,nan,nan,nan,nan,nan,1.992337164750958983e-02,nan,nan,nan,nan,nan,8.429118773946319559e-03,9.195402298850584993e-03,nan,0.000000000000000000e+00,1.839080459770114917e-02,nan,nan,nan,nan,nan,nan,nan,nan,nan,nan,6.130268199233701934e-03,1.302681992337164675e-02,nan,nan,nan,nan,7.662835249042209817e-04,nan,nan,nan,nan,nan,nan,nan,nan,nan,nan,nan,6.130268199233701934e-03,nan,nan,nan,nan,nan,nan,nan,nan
4.705882352941159578e-03,nan,nan,nan,nan,nan,nan,nan,nan,nan,nan,nan,nan,nan,nan,nan,nan,nan,nan,nan,nan,nan,nan,nan,0.000000000000000000e+00,nan,nan,-2.352941176470579789e-03,nan,nan,nan,nan,nan,nan,7.843137254901933354e-04,nan,nan,nan,0.000000000000000000e+00,1.411764705882347960e-02,nan,5.490196078431352697e-03,0.000000000000000000e+00,nan,8.627450980392126906e-03,nan,nan,nan,nan,nan,0.000000000000000000e+00,nan,nan,nan,nan,nan,nan,nan,nan,nan,nan,nan,nan,nan,nan
-3.137254901960861812e-03,nan,nan,nan,nan,nan,nan,nan,nan,nan,nan,nan,nan,nan,2.352941176470579789e-03,nan,nan,3.137254901960773341e-03,nan,nan,nan,nan,nan,nan,0.000000000000000000e+00,nan,nan,1.019607843137251314e-02,0.000000000000000000e+00,nan,nan,nan,nan,nan,7.058823529411739801e-03,nan,nan,nan,nan,nan,nan,nan,nan,nan,3.921568627450966460e-03,nan,nan,nan,nan,nan,0.000000000000000000e+00,nan,nan,nan,nan,nan,0.000000000000000000e+00,nan,nan,nan,nan,nan,nan,nan,nan
nan,nan,nan,nan,nan,-3.891050583657573725e-03,nan,nan,nan,nan,-4.669260700389132705e-03,nan,nan,nan,0.000000000000000000e+00,nan,nan,0.000000000000000000e+00,nan,nan,nan,nan,nan,nan,0.000000000000000000e+00,nan,0.000000000000000000e+00,nan,nan,nan,nan,nan,nan,nan,nan,nan,nan,nan,nan,nan,nan,nan,nan,nan,0.000000000000000000e+00,nan,nan,nan,nan,nan,-7.782101167315147450e-04,nan,nan,nan,nan,nan,-7.003891050583699492e-03,nan,1.245136186770423592e-02,nan,nan,nan,nan,nan,nan
3.200000000000002755e-03,nan,nan,nan,nan,nan,nan,nan,nan,nan,nan,nan,nan,nan,4.000000000000003553e-03,8.000000000000006889e-04,nan,nan,nan,nan,nan,nan,nan,nan,nan,4.000000000000003553e-03,nan,nan,nan,nan,nan,nan,nan,nan,1.840000000000001704e-02,nan,nan,nan,nan,nan,7.200000000000006742e-03,nan,8.000000000000007105e-03,nan,7.200000000000006742e-03,nan,nan,nan,nan,nan,nan,nan,nan,nan,nan,0.000000000000000000e+00,0.000000000000000000e+00,nan,nan,nan,nan,nan,nan,nan,nan
4.132231404958663923e-03,nan,nan,nan,nan,nan,nan,nan,nan,nan,1.818181818181818787e-02,nan,nan,nan,nan,nan,nan,nan,nan,nan,nan,nan,nan,nan,0.000000000000000000e+00,nan,0.000000000000000000e+00,nan,nan,nan,nan,nan,nan,nan,nan,nan,nan,nan,nan,nan,nan,4.958677685950397054e-03,nan,nan,3.305785123966931225e-03,nan,3.305785123966931225e-03,nan,0.000000000000000000e+00,nan,0.000000000000000000e+00,nan,nan,nan,nan,nan,nan,nan,1.157024793388425864e-02,nan,nan,nan,nan,nan,nan
nan,nan,nan,1.557377049180319606e-02,nan,nan,nan,nan,nan,nan,nan,nan,nan,nan,nan,nan,nan,1.147540983606549700e-02,nan,nan,nan,nan,nan,2.950819672131142074e-02,1.639344262295061583e-03,nan,nan,1.639344262295039465e-03,nan,nan,nan,nan,nan,nan,nan,nan,nan,nan,nan,1.557377049180321861e-02,nan,1.311475409836060368e-02,nan,nan,1.639344262295061583e-03,nan,nan,nan,nan,nan,0.000000000000000000e+00,nan,nan,nan,nan,nan,1.147540983606549700e-02,nan,nan,nan,nan,nan,nan,nan,nan
nan,nan,nan,-7.722007722007706793e-04,nan,nan,nan,nan,nan,nan,3.861003861003853288e-03,nan,nan,nan,nan,nan,nan,nan,nan,-6.949806949806935572e-03,nan,nan,nan,nan,nan,nan,nan,nan,-7.722007722007706793e-04,nan,nan,nan,nan,3.088803088803082717e-03,nan,nan,nan,nan,nan,-6.177606177606165434e-03,nan,nan,nan,nan,nan,nan,nan,nan,nan,nan,-7.722007722007706793e-04,-2.316602316602312146e-03,nan,nan,nan,nan,-8.494208494208477581e-03,nan,-2.316602316602312146e-03,nan,nan,nan,nan,nan,nan
2.769230769230772785e-02,nan,nan,nan,nan,nan,nan,nan,nan,nan,3.000000000000004746e-02,nan,nan,nan,-2.307692307692299667e-03,nan,nan,-1.538461538461533039e-03,nan,1.230769230769237534e-02,nan,nan,nan,nan,nan,nan,nan,3.538461538461543793e-02,nan,nan,nan,nan,nan,nan,nan,nan,nan,nan,nan,nan,nan,nan,2.220446049250313204e-17,nan,2.307692307692343903e-03,nan,nan,nan,nan,nan,1.000000000000005398e-02,nan,nan,nan,nan,nan,1.384615384615390729e-02,nan,nan,nan,nan,nan,nan,nan,nan
6.451612903225800374e-03,nan,nan,nan,nan,nan,nan,nan,nan,nan,nan,nan,nan,nan,nan,nan,nan,8.064516129032250902e-03,nan,nan,nan,nan,nan,nan,nan,nan,4.838709677419350715e-03,9.677419354838701429e-03,1.612903225806450094e-03,nan,nan,nan,1.451612903225805128e-02,3.225806451612900187e-03,nan,nan,nan,nan,4.838709677419350715e-03,5.725806451612898418e-02,nan,nan,nan,nan,4.838709677419350715e-03,nan,nan,nan,nan,nan,nan,nan,nan,nan,nan,nan,nan,nan,nan,nan,nan,nan,nan,nan,nan
-7.462686567163868013e-04,nan,nan,nan,nan,nan,nan,nan,-7.462686567164178095e-03,nan,nan,nan,2.220446049250313204e-17,nan,nan,nan,nan,nan,nan,nan,nan,nan,nan,2.761194029850748757e-02,nan,nan,2.220446049250313204e-17,nan,nan,nan,nan,nan,nan,nan,nan,nan,nan,nan,nan,nan,2.220446049250313204e-17,7.462686567164200646e-03,nan,nan,nan,nan,-4.477611940298475632e-03,nan,nan,nan,nan,nan,nan,nan,nan,-2.238805970149226974e-03,-2.238805970149226974e-03,nan,nan,nan,nan,nan,nan,nan,nan
nan,nan,nan,nan,nan,nan,nan,nan,nan,nan,nan,nan,nan,nan,-8.438818565400963301e-04,nan,nan,0.000000000000000000e+00,nan,nan,nan,nan,nan,nan,0.000000000000000000e+00,0.000000000000000000e+00,0.000000000000000000e+00,nan,nan,nan,nan,nan,nan,nan,5.907172995780562638e-03,nan,nan,nan,nan,1.518987341772148891e-02,nan,nan,-4.219409282700481434e-03,nan,nan,nan,0.000000000000000000e+00,nan,nan,nan,nan,nan,nan,nan,nan,nan,-3.375527426160385321e-03,nan,nan,nan,nan,nan,nan,nan,nan
2.045454545454543707e-02,nan,nan,nan,nan,nan,nan,nan,nan,nan,nan,nan,nan,nan,nan,nan,nan,6.060606060606055397e-03,nan,nan,nan,nan,nan,nan,nan,nan,3.030303030303027698e-03,-5.303030303030298147e-03,-3.030303030303027698e-03,nan,nan,nan,nan,nan,nan,nan,nan,nan,nan,nan,nan,nan,nan,nan,0.000000000000000000e+00,nan,nan,nan,-7.575757575757569246e-04,nan,nan,-8.333333333333326279e-03,nan,nan,nan,nan,3.787878787878784514e-03,nan,-2.272727272727270882e-03,nan,nan,nan,nan,nan,nan
5.447470817120625766e-03,nan,nan,nan,nan,nan,nan,nan,nan,nan,nan,nan,nan,nan,nan,nan,nan,7.782101167315147450e-04,nan,nan,nan,nan,nan,nan,0.000000000000000000e+00,nan,7.782101167315147450e-04,nan,nan,0.000000000000000000e+00,nan,nan,nan,nan,nan,nan,nan,nan,nan,7.782101167315258472e-03,nan,nan,nan,nan,6.225680933852184747e-03,nan,nan,nan,nan,nan,0.000000000000000000e+00,2.957198443579767133e-02,nan,nan,nan,nan,7.782101167315147450e-04,nan,nan,nan,nan,nan,nan,nan,nan
0.000000000000000000e+00,nan,nan,nan,nan,1.832669322709161788e-02,nan,nan,nan,nan,nan,nan,nan,-3.984063745019916780e-03,nan,nan,nan,0.000000000000000000e+00,nan,nan,nan,nan,nan,nan,0.000000000000000000e+00,nan,0.000000000000000000e+00,nan,-2.390438247011949895e-03,nan,nan,nan,nan,nan,1.593625498007966669e-03,nan,nan,nan,nan,4.780876494023899789e-03,nan,nan,nan,nan,0.000000000000000000e+00,nan,nan,nan,nan,nan,nan,nan,nan,nan,nan,nan,nan,nan,nan,nan,nan,nan,nan,nan,nan
1.280000000000001102e-02,nan,nan,nan,nan,nan,nan,nan,nan,nan,nan,nan,nan,nan,nan,nan,nan,5.600000000000005147e-03,nan,nan,1.600000000000001378e-03,nan,nan,nan,-4.000000000000003553e-03,nan,0.000000000000000000e+00,2.400000000000002132e-02,nan,nan,nan,nan,nan,nan,nan,nan,nan,nan,nan,nan,nan,nan,nan,nan,-8.000000000000006889e-04,nan,nan,nan,nan,nan,-4.800000000000003916e-03,nan,nan,nan,nan,-2.400000000000001958e-03,1.200000000000001066e-02,nan,nan,nan,nan,nan,nan,nan,nan
8.064516129032250468e-04,nan,nan,nan,nan,nan,nan,nan,nan,nan,1.048387096774192583e-02,nan,nan,nan,nan,nan,nan,nan,nan,-4.032258064516125451e-03,nan,4.838709677419350715e-03,nan,nan,nan,nan,1.612903225806450094e-03,nan,nan,nan,nan,nan,nan,0.000000000000000000e+00,nan,nan,nan,nan,nan,-3.225806451612900187e-03,nan,nan,nan,nan,nan,nan,nan,nan,nan,nan,nan,nan,nan,nan,nan,0.000000000000000000e+00,5.645161290322575978e-03,nan,2.419354838709675357e-03,nan,nan,nan,nan,nan,nan
6.400000000000005511e-03,nan,nan,0.000000000000000000e+00,0.000000000000000000e+00,nan,nan,nan,nan,nan,2.960000000000002560e-02,nan,nan,nan,nan,8.800000000000007469e-03,nan,3.200000000000002755e-03,nan,nan,nan,nan,nan,nan,nan,nan,nan,nan,nan,nan,nan,nan,nan,nan,nan,nan,nan,nan,nan,nan,nan,nan,nan,nan,-8.000000000000006889e-04,nan,nan,nan,0.000000000000000000e+00,nan,nan,1.600000000000001378e-03,nan,nan,nan,nan,nan,nan,-3.200000000000002755e-03,nan,nan,nan,nan,nan,nan
2.801556420233457592e-02,nan,nan,2.178988326848241286e-02,nan,7.782101167315147450e-04,nan,nan,nan,nan,nan,nan,2.334630350194544235e-03,1.945525291828786862e-02,nan,nan,nan,1.712062256809332439e-02,nan,nan,nan,nan,nan,1.634241245136183046e-02,nan,nan,3.891050583657573725e-03,nan,2.334630350194544235e-03,nan,nan,nan,nan,nan,nan,nan,nan,nan,nan,nan,nan,nan,nan,nan,nan,nan,nan,nan,nan,nan,1.478599221789878015e-02,nan,nan,nan,nan,nan,nan,nan,nan,nan,nan,nan,nan,nan,nan
0.000000000000000000e+00,nan,nan,nan,nan,nan,nan,nan,nan,nan,nan,nan,nan,nan,nan,1.445783132530120696e-02,nan,4.819277108433772661e-03,nan,nan,nan,nan,nan,nan,6.425702811245015758e-03,nan,8.032128514056324992e-04,1.847389558232932424e-02,0.000000000000000000e+00,nan,nan,nan,nan,nan,nan,nan,nan,nan,nan,4.738955823293174163e-02,nan,nan,8.032128514056236304e-03,nan,nan,nan,nan,nan,nan,nan,nan,nan,nan,nan,nan,nan,-1.606425702811264998e-03,nan,nan,nan,nan,nan,nan,nan,nan
nan,nan,nan,nan,nan,3.921568627450966460e-03,nan,nan,nan,nan,nan,nan,nan,nan,nan,4.705882352941159578e-03,nan,nan,nan,nan,nan,2.352941176470579789e-03,nan,nan,3.921568627450966460e-03,nan,nan,nan,nan,3.921568627450966460e-03,nan,nan,nan,nan,nan,nan,nan,nan,-1.568627450980386671e-03,1.490196078431369441e-02,7.843137254901932920e-03,nan,nan,nan,nan,nan,nan,nan,6.274509803921546683e-03,nan,nan,1.490196078431369441e-02,nan,nan,nan,nan,nan,nan,nan,nan,nan,nan,nan,nan,nan
4.081632653061162408e-03,nan,nan,nan,nan,nan,nan,nan,nan,nan,3.020408163265302440e-02,nan,1.387755102040810762e-02,nan,0.000000000000000000e+00,nan,nan,nan,nan,nan,nan,nan,nan,nan,0.000000000000000000e+00,nan,nan,8.163265306122324599e-04,3.265306122448951957e-03,nan,nan,nan,nan,nan,1.632653061224442802e-03,nan,nan,nan,nan,nan,nan,nan,nan,nan,nan,nan,nan,nan,nan,nan,4.897959183673417094e-03,nan,nan,nan,nan,4.081632653061184959e-03,nan,nan,nan,nan,nan,nan,nan,nan,nan
nan,nan,nan,nan,2.220446049250313204e-17,nan,nan,nan,7.751937984496137801e-03,nan,7.751937984496360280e-04,nan,nan,nan,nan,nan,nan,nan,nan,nan,nan,nan,nan,2.248062015503880101e-02,nan,nan,-7.751937984496026779e-03,1.550387596899227604e-03,0.000000000000000000e+00,7.751937984496137801e-03,nan,nan,nan,nan,nan,nan,nan,nan,-7.751937984495915757e-04,nan,nan,nan,nan,nan,nan,nan,nan,nan,nan,nan,0.000000000000000000e+00,nan,nan,nan,nan,nan,nan,nan,nan,nan,nan,nan,nan,nan,nan
-3.018867924528301303e-03,nan,nan,nan,nan,1.207547169811320521e-02,nan,nan,nan,nan,nan,nan,nan,nan,7.547169811320753258e-04,nan,nan,-3.018867924528301303e-03,nan,nan,nan,nan,nan,nan,0.000000000000000000e+00,nan,6.792452830188677390e-03,nan,nan,nan,nan,nan,nan,1.433962264150943043e-02,-6.792452830188677390e-03,nan,nan,nan,nan,nan,nan,nan,nan,nan,-6.037735849056602606e-03,nan,nan,nan,-7.547169811320753258e-04,nan,nan,nan,nan,nan,nan,nan,nan,nan,nan,nan,nan,nan,nan,nan,nan
1.129032258064515196e-02,nan,nan,nan,nan,nan,nan,nan,nan,nan,nan,nan,nan,nan,1.612903225806450094e-03,nan,nan,nan,nan,nan,nan,nan,nan,nan,8.064516129032250468e-04,nan,nan,1.290322580645160075e-02,0.000000000000000000e+00,nan,nan,nan,nan,nan,nan,nan,nan,nan,7.258064516129025638e-03,nan,nan,nan,nan,nan,0.000000000000000000e+00,nan,nan,nan,nan,nan,-8.064516129032250468e-04,nan,nan,nan,nan,4.838709677419350715e-03,1.451612903225805128e-02,nan,nan,nan,nan,nan,nan,nan,nan
nan,nan,nan,nan,nan,nan,nan,nan,-2.220446049250313204e-17,nan,7.633587786259443241e-04,nan,nan,nan,0.000000000000000000e+00,nan,nan,nan,nan,nan,nan,nan,nan,nan,0.000000000000000000e+00,nan,3.816793893129743955e-03,nan,nan,nan,nan,nan,nan,3.816793893129766073e-03,nan,nan,nan,nan,nan,nan,nan,nan,nan,nan,nan,nan,nan,nan,0.000000000000000000e+00,nan,-4.440892098500626408e-17,2.977099236641216409e-02,nan,nan,nan,nan,7.633587786259222064e-04,nan,nan,nan,nan,nan,nan,nan,nan
0.000000000000000000e+00,nan,nan,0.000000000000000000e+00,3.088803088803082717e-03,1.389961389961387114e-02,nan,nan,nan,nan,1.158301158301155986e-02,nan,0.000000000000000000e+00,nan,0.000000000000000000e+00,nan,nan,nan,nan,nan,nan,nan,nan,1.003861003861001785e-02,3.861003861003853288e-03,nan,nan,nan,nan,nan,nan,nan,nan,nan,nan,nan,nan,nan,nan,nan,nan,nan,nan,nan,nan,nan,nan,nan,nan,nan,nan,0.000000000000000000e+00,nan,nan,nan,nan,nan,nan,nan,nan,nan,nan,nan,nan,nan
nan,nan,nan,-4.761904761904744987e-03,nan,nan,nan,nan,nan,nan,-7.142857142857117481e-03,nan,nan,nan,nan,nan,nan,nan,nan,nan,-7.936507936507908312e-04,nan,nan,nan,nan,nan,-2.380952380952372494e-03,-3.968253968253954156e-03,nan,nan,nan,nan,nan,-6.349206349206326649e-03,nan,nan,nan,nan,-3.968253968253954156e-03,nan,nan,nan,nan,nan,nan,nan,nan,nan,-3.968253968253954156e-03,nan,nan,-2.380952380952372494e-03,nan,nan,nan,0.000000000000000000e+00,nan,nan,nan,nan,nan,nan,nan,nan,nan
nan,nan,nan,nan,nan,nan,nan,nan,nan,nan,1.951219512195125766e-02,nan,nan,2.439024390243904605e-03,0.000000000000000000e+00,3.252032520325176361e-03,nan,nan,nan,nan,nan,nan,nan,nan,nan,nan,0.000000000000000000e+00,0.000000000000000000e+00,1.626016260162610515e-03,nan,nan,nan,nan,nan,nan,nan,nan,nan,nan,nan,nan,nan,2.439024390243904605e-03,nan,nan,nan,nan,nan,nan,nan,4.065040650406470668e-03,nan,nan,nan,nan,nan,4.065040650406470668e-03,nan,nan,nan,nan,nan,nan,nan,nan
nan,nan,nan,8.368200836820105515e-03,nan,nan,nan,nan,0.000000000000000000e+00,nan,8.368200836820105515e-03,nan,nan,nan,nan,nan,nan,nan,nan,nan,nan,nan,nan,0.000000000000000000e+00,0.000000000000000000e+00,nan,nan,nan,0.000000000000000000e+00,0.000000000000000000e+00,nan,nan,nan,nan,nan,nan,nan,nan,nan,1.422594142259414607e-02,nan,nan,nan,nan,-8.368200836819994276e-04,nan,nan,nan,nan,nan,nan,6.694560669456106443e-03,nan,nan,nan,nan,nan,nan,nan,nan,nan,nan,nan,nan,nan
nan,nan,nan,4.149377593360981109e-03,nan,nan,nan,nan,nan,nan,0.000000000000000000e+00,nan,nan,nan,8.298755186721962218e-04,-2.489626556016588665e-03,nan,nan,nan,nan,nan,8.298755186721962218e-04,nan,nan,nan,nan,8.298755186721962218e-04,nan,nan,nan,nan,nan,nan,nan,nan,nan,nan,nan,nan,nan,nan,4.149377593360981109e-03,nan,nan,nan,nan,nan,nan,4.979253112033177331e-03,nan,9.128630705394158440e-03,4.979253112033177331e-03,nan,nan,nan,nan,nan,nan,nan,nan,nan,nan,nan,nan,nan
2.307692307692366020e-03,nan,nan,nan,nan,nan,nan,nan,nan,nan,1.461538461538467414e-02,nan,nan,nan,nan,nan,nan,nan,nan,nan,nan,nan,nan,nan,-2.307692307692299667e-03,nan,0.000000000000000000e+00,3.846153846153921394e-03,nan,nan,nan,nan,nan,nan,nan,nan,nan,nan,2.307692307692366020e-03,nan,nan,2.307692307692315106e-02,nan,nan,nan,nan,nan,nan,nan,nan,3.076923076923110314e-03,nan,nan,nan,nan,1.538461538461577491e-03,6.923076923077009157e-03,nan,nan,nan,nan,nan,nan,nan,nan
1.693548387096772620e-02,nan,nan,nan,nan,nan,nan,nan,nan,nan,nan,nan,nan,nan,nan,nan,nan,0.000000000000000000e+00,nan,nan,nan,nan,nan,nan,8.064516129032250902e-03,nan,nan,4.032258064516125451e-03,nan,nan,nan,nan,nan,nan,1.451612903225805128e-02,nan,nan,nan,nan,nan,8.064516129032250902e-03,1.290322580645160075e-02,0.000000000000000000e+00,nan,3.225806451612900187e-03,nan,nan,nan,6.451612903225800374e-03,nan,nan,nan,nan,nan,nan,nan,nan,nan,nan,nan,nan,nan,nan,nan,nan
-8.163265306122546860e-04,nan,nan,-4.081632653061273430e-03,nan,nan,nan,nan,nan,nan,1.224489795918368672e-02,nan,nan,-8.163265306122546860e-04,nan,nan,nan,nan,nan,nan,nan,nan,nan,nan,nan,nan,1.632653061224509372e-03,nan,nan,nan,nan,nan,nan,1.632653061224487254e-03,nan,nan,nan,nan,nan,-3.265306122449018744e-03,nan,nan,nan,nan,nan,nan,nan,nan,nan,nan,-4.897959183673505565e-03,-4.081632653061273430e-03,nan,nan,nan,nan,-2.448979591836764058e-03,nan,nan,nan,nan,nan,nan,nan,nan
-4.633204633204624293e-03,nan,nan,nan,nan,nan,nan,nan,nan,nan,nan,nan,nan,nan,nan,nan,nan,nan,nan,nan,nan,nan,nan,3.552123552123555988e-02,nan,nan,-3.861003861003853288e-03,nan,nan,nan,nan,nan,nan,3.861003861003964310e-03,nan,nan,nan,nan,nan,nan,nan,-3.861003861003853288e-03,-3.861003861003853288e-03,nan,3.088803088803171622e-03,nan,nan,nan,nan,nan,0.000000000000000000e+00,nan,nan,nan,nan,nan,-3.861003861003853288e-03,nan,-3.861003861003853288e-03,nan,nan,nan,nan,nan,nan
1.769230769230773978e-02,nan,nan,nan,nan,nan,nan,nan,0.000000000000000000e+00,nan,nan,nan,nan,nan,nan,0.000000000000000000e+00,nan,nan,nan,nan,nan,2.307692307692366020e-03,nan,1.615384615384620609e-02,-3.846153846153832490e-03,nan,nan,-4.615384615384599334e-03,nan,nan,nan,nan,nan,nan,-3.846153846153832490e-03,nan,nan,nan,nan,nan,nan,nan,-1.153846153846147492e-02,nan,nan,nan,nan,nan,nan,nan,nan,nan,nan,nan,nan,0.000000000000000000e+00,nan,nan,nan,nan,nan,nan,nan,nan,nan
nan,nan,nan,nan,nan,nan,nan,nan,nan,nan,nan,nan,nan,5.303030303030298320e-02,nan,nan,nan,nan,nan,nan,nan,nan,nan,nan,0.000000000000000000e+00,nan,nan,nan,0.000000000000000000e+00,nan,nan,nan,nan,-1.515151515151513849e-03,nan,nan,nan,nan,nan,nan,nan,nan,7.575757575757569246e-04,nan,0.000000000000000000e+00,nan,-3.787878787878784514e-03,nan,nan,nan,0.000000000000000000e+00,nan,nan,nan,nan,4.545454545454541764e-03,-3.787878787878784514e-03,nan,nan,nan,nan,nan,nan,nan,nan
4.132841328413279502e-02,nan,nan,nan,nan,nan,nan,nan,nan,nan,2.140221402214017438e-02,nan,nan,nan,0.000000000000000000e+00,nan,nan,2.287822878228775586e-02,nan,nan,nan,nan,nan,nan,nan,nan,nan,7.380073800737685158e-04,-7.380073800738129680e-04,nan,nan,nan,nan,0.000000000000000000e+00,nan,nan,nan,nan,nan,nan,nan,nan,0.000000000000000000e+00,nan,-7.380073800738018441e-03,nan,nan,nan,nan,nan,nan,nan,nan,nan,nan,nan,6.642066420664160913e-03,nan,nan,nan,nan,nan,nan,nan,nan
-2.362204724409511236e-03,nan,nan,nan,nan,nan,nan,nan,-1.574803149606362942e-03,nan,1.023622047244092739e-02,nan,3.937007874015741038e-03,nan,-3.937007874015852060e-03,nan,nan,nan,nan,nan,nan,nan,nan,nan,7.874015748031481859e-04,nan,nan,-1.574803149606340824e-03,-7.874015748031704121e-04,nan,nan,nan,nan,nan,nan,nan,nan,nan,nan,8.661417322834629937e-03,nan,nan,nan,nan,4.724409448818888899e-03,nan,nan,nan,nan,nan,nan,nan,nan,nan,nan,nan,nan,nan,nan,nan,nan,nan,nan,nan,nan
nan,nan,nan,nan,nan,nan,nan,nan,nan,nan,1.245136186770425847e-02,nan,nan,nan,nan,nan,nan,nan,nan,nan,nan,nan,nan,nan,nan,nan,nan,-6.225680933852184747e-03,nan,nan,nan,nan,nan,1.556420233463007372e-03,0.000000000000000000e+00,nan,nan,nan,nan,nan,3.891050583657573725e-03,nan,7.782101167315147450e-04,nan,0.000000000000000000e+00,nan,nan,nan,0.000000000000000000e+00,nan,8.560311284046662195e-03,nan,nan,nan,nan,nan,3.891050583657573725e-03,nan,nan,nan,nan,nan,nan,nan,nan
nan,nan,nan,-5.809128630705373553e-03,nan,nan,nan,nan,nan,nan,nan,nan,nan,nan,nan,nan,nan,0.000000000000000000e+00,nan,nan,nan,nan,nan,-1.659751037344392444e-03,8.298755186721962218e-04,nan,-4.149377593360981109e-03,nan,nan,nan,nan,nan,nan,nan,nan,nan,nan,nan,nan,-8.298755186721962218e-04,nan,nan,0.000000000000000000e+00,nan,-5.809128630705373553e-03,nan,nan,nan,nan,nan,nan,-6.639004149377569775e-03,nan,nan,nan,nan,-3.319502074688784887e-03,nan,nan,nan,nan,nan,nan,nan,nan
nan,nan,nan,nan,nan,nan,nan,nan,nan,nan,3.266932270916331899e-02,nan,nan,nan,0.000000000000000000e+00,nan,nan,nan,nan,nan,nan,nan,nan,nan,0.000000000000000000e+00,nan,nan,3.984063745019916780e-03,nan,nan,nan,7.968127490039833343e-04,nan,3.984063745019916780e-03,nan,nan,nan,nan,2.390438247011949895e-03,nan,nan,1.513944223107568411e-02,nan,nan,nan,nan,nan,nan,nan,nan,7.968127490039833560e-03,nan,nan,nan,nan,nan,0.000000000000000000e+00,nan,nan,nan,nan,nan,nan,nan,nan
-1.556420233463029490e-03,nan,nan,nan,nan,nan,nan,nan,nan,nan,nan,nan,nan,nan,nan,nan,nan,6.225680933852228982e-03,nan,nan,nan,nan,nan,nan,nan,nan,0.000000000000000000e+00,7.003891050583743727e-03,2.334630350194588470e-03,nan,nan,nan,nan,nan,nan,nan,nan,nan,nan,2.568093385214014271e-02,nan,nan,-1.556420233463007372e-03,nan,2.334630350194588470e-03,nan,0.000000000000000000e+00,nan,nan,nan,-7.782101167315147450e-04,nan,nan,nan,nan,nan,nan,nan,nan,nan,nan,nan,nan,nan,nan
nan,nan,nan,-7.380073800738129680e-04,nan,nan,nan,nan,nan,nan,-5.904059040590436958e-03,nan,-3.690036900369064732e-03,nan,nan,nan,nan,nan,nan,-6.642066420664227699e-03,nan,nan,nan,nan,nan,nan,-2.220446049250313204e-17,nan,nan,nan,nan,-7.380073800738129680e-04,nan,nan,nan,nan,nan,nan,-2.214022140221439013e-03,nan,nan,nan,nan,nan,nan,nan,-7.380073800738018441e-03,nan,nan,nan,nan,-4.428044280442832922e-03,nan,nan,nan,nan,0.000000000000000000e+00,nan,nan,nan,nan,nan,nan,nan,nan
nan,nan,nan,nan,nan,nan,nan,nan,nan,nan,nan,nan,nan,2.901960784313726421e-02,nan,3.137254901960773341e-03,nan,nan,nan,nan,nan,nan,nan,nan,nan,nan,nan,7.843137254901933354e-04,0.000000000000000000e+00,nan,nan,nan,nan,nan,nan,nan,nan,nan,nan,7.843137254901978023e-03,-3.921568627450966460e-03,nan,-3.921568627450966460e-03,nan,-1.568627450980386671e-03,nan,nan,nan,-7.843137254901933354e-04,nan,nan,nan,nan,nan,nan,nan,0.000000000000000000e+00,nan,nan,nan,nan,nan,nan,nan,nan
