nan,nan,nan,nan,nan,nan,nan,nan,nan,nan,nan,nan,nan,7.449856733524451609e-03,nan,nan,-2.292263610315181752e-03,nan,nan,nan,nan,nan,nan,nan,nan,nan,nan,nan,1.146131805157657446e-03,nan,nan,5.730659025788176642e-04,nan,nan,nan,nan,nan,2.636103151862469879e-02,nan,6.303724928366838398e-03,nan,nan,nan,nan,nan,nan,9.742120343839633795e-03,nan,-3.438395415472772412e-03,3.266475644699144698e-02,nan,nan,nan,nan,nan,nan,nan,nan,nan,4.440892098500626408e-17,nan,nan,nan,nan,nan
nan,nan,nan,nan,nan,nan,3.621169916434541225e-02,nan,-1.671309192200554029e-03,nan,nan,nan,1.671309192200554029e-03,nan,nan,nan,nan,nan,nan,nan,nan,nan,1.727019498607245199e-02,nan,nan,nan,nan,nan,2.228412256267420406e-03,nan,nan,3.342618384401108058e-03,nan,nan,nan,nan,nan,nan,2.228412256267442524e-03,nan,nan,nan,nan,nan,nan,nan,-1.671309192200531911e-03,nan,-5.571030640668528031e-03,nan,nan,nan,nan,nan,nan,nan,nan,nan,nan,-3.342618384401085940e-03,nan,nan,nan,nan,nan
nan,nan,nan,nan,3.351955307262577573e-03,nan,-1.340782122905028774e-02,nan,nan,nan,nan,nan,nan,nan,nan,nan,-1.284916201117316560e-02,nan,nan,-2.234636871508399649e-03,nan,nan,-1.117318435754177707e-03,nan,nan,nan,nan,nan,-2.793296089385455434e-03,nan,nan,1.117318435754199825e-03,nan,nan,nan,nan,nan,-8.938547486033487574e-03,nan,nan,nan,nan,nan,nan,nan,nan,nan,nan,nan,3.910614525139677160e-03,nan,nan,nan,nan,nan,nan,nan,nan,nan,-1.340782122905026519e-02,nan,nan,nan,nan,nan
nan,nan,nan,nan,nan,nan,1.725067385444743057e-02,nan,nan,nan,nan,nan,nan,nan,nan,nan,1.617250673854431220e-03,nan,nan,4.851752021563293660e-03,nan,-2.220446049250313204e-17,1.455525606469001455e-02,nan,nan,nan,nan,nan,5.390835579514763505e-03,nan,nan,nan,nan,nan,nan,nan,nan,nan,-2.156334231805945301e-03,nan,nan,nan,nan,nan,nan,nan,nan,nan,nan,1.239892183288406925e-02,nan,nan,nan,2.749326145552559789e-02,nan,nan,nan,nan,nan,7.547169811320730490e-03,nan,nan,nan,nan,nan
nan,nan,nan,nan,nan,nan,1.813186813186817847e-02,nan,nan,nan,nan,nan,nan,nan,nan,nan,-1.648351648351642496e-03,nan,nan,nan,nan,3.846153846153832490e-03,-5.494505494505474985e-03,nan,nan,nan,nan,nan,-1.098901098901094997e-03,nan,nan,-2.197802197802189994e-03,nan,nan,nan,nan,nan,nan,4.560439560439562279e-02,nan,nan,nan,nan,nan,nan,-1.043956043956042502e-02,nan,nan,nan,4.395604395604402539e-03,nan,nan,nan,nan,nan,nan,nan,nan,nan,-5.494505494505474985e-04,nan,nan,nan,nan,nan
nan,nan,nan,nan,-9.014084507042241859e-03,nan,2.197183098591548589e-02,nan,nan,nan,nan,nan,1.690140845070420240e-03,5.070422535211260504e-03,nan,nan,nan,nan,nan,nan,nan,-2.816901408450700472e-03,nan,nan,nan,nan,nan,nan,0.000000000000000000e+00,nan,nan,-4.507042253521120929e-03,nan,nan,nan,nan,nan,nan,nan,nan,nan,nan,nan,nan,nan,-5.633802816901400945e-03,nan,nan,nan,2.760563380281693194e-02,nan,nan,nan,nan,nan,nan,nan,nan,nan,3.943661971830980488e-03,nan,nan,nan,nan,nan
nan,nan,nan,nan,nan,nan,3.588390501319258657e-02,nan,nan,nan,nan,nan,nan,-1.002638522427443633e-02,nan,nan,-1.055408970976290340e-03,nan,nan,nan,nan,-3.166226912928804451e-03,1.055408970976250485e-02,nan,nan,nan,nan,nan,-2.220446049250313204e-17,nan,nan,2.110817941952469658e-03,nan,nan,nan,nan,nan,1.583113456464335655e-03,nan,nan,nan,nan,nan,nan,nan,nan,nan,nan,nan,nan,nan,nan,nan,1.846965699208438089e-02,nan,nan,nan,nan,nan,-7.915567282321922873e-03,nan,nan,nan,nan,nan
nan,nan,nan,nan,-4.444444444444428828e-03,1.666666666666660702e-03,1.222222222222217949e-02,nan,nan,nan,nan,nan,nan,nan,nan,nan,nan,nan,nan,nan,nan,nan,nan,nan,nan,nan,nan,nan,-7.777777777777772350e-03,nan,nan,-1.111111111111107207e-03,nan,nan,nan,nan,nan,nan,nan,nan,nan,nan,nan,nan,nan,nan,nan,nan,nan,9.999999999999986330e-03,nan,nan,-2.222222222222214414e-03,-3.333333333333343522e-03,5.388888888888887507e-02,nan,nan,2.222222222222214414e-03,nan,nan,nan,nan,nan,nan,nan
nan,nan,nan,nan,nan,nan,5.347593582887701785e-02,nan,nan,nan,nan,nan,nan,nan,nan,nan,nan,nan,nan,2.673796791443860954e-03,nan,-5.347593582887722342e-04,1.390374331550805510e-02,nan,2.673796791443883072e-03,nan,nan,nan,5.347593582887744459e-03,-5.882352941176405454e-03,nan,3.743315508021405422e-03,nan,nan,nan,nan,nan,nan,nan,nan,3.208556149732677640e-03,nan,nan,nan,nan,nan,-5.347593582887677673e-03,nan,nan,nan,nan,nan,nan,nan,nan,nan,nan,nan,nan,nan,nan,nan,nan,nan,nan
nan,nan,nan,nan,3.888888888888874899e-03,nan,4.722222222222223487e-02,nan,nan,nan,nan,nan,nan,nan,nan,nan,-2.222222222222214414e-03,nan,nan,nan,nan,-3.333333333333321404e-03,nan,nan,nan,nan,nan,nan,6.111111111111155667e-03,-5.555555555555536035e-04,nan,2.222222222222214414e-03,nan,nan,nan,nan,nan,nan,nan,nan,1.166666666666669148e-02,nan,nan,nan,nan,8.888888888888901024e-03,nan,nan,nan,3.111111111111113450e-02,nan,nan,nan,nan,nan,nan,nan,nan,nan,nan,nan,nan,nan,nan,nan
nan,nan,nan,nan,0.000000000000000000e+00,nan,9.289617486338807781e-03,nan,nan,nan,nan,nan,nan,-1.311475409836066960e-02,nan,nan,nan,nan,nan,nan,nan,nan,1.092896174863389278e-03,-8.196721311475418936e-03,nan,nan,nan,nan,9.836065573770503070e-03,nan,nan,-3.278688524590167401e-03,nan,nan,nan,nan,nan,-1.857923497267761556e-02,nan,nan,nan,nan,nan,nan,nan,nan,nan,nan,nan,nan,nan,nan,nan,4.480874316939884722e-02,nan,nan,nan,nan,nan,-7.650273224043724514e-03,nan,nan,nan,nan,nan
nan,nan,nan,nan,nan,nan,nan,nan,-6.010928961748640380e-03,nan,nan,nan,nan,nan,nan,nan,nan,nan,nan,-5.464480874316946391e-04,nan,nan,nan,nan,nan,nan,nan,nan,3.825136612021862257e-03,nan,nan,-4.918032786885251535e-03,nan,nan,nan,nan,nan,nan,4.371584699453578797e-03,nan,nan,nan,nan,nan,nan,nan,5.464480874316946391e-04,nan,-6.010928961748640380e-03,1.967213114754100614e-02,nan,nan,nan,3.825136612021862257e-03,nan,nan,nan,nan,nan,8.743169398907114226e-03,nan,nan,nan,nan,nan
nan,nan,nan,nan,-4.419889502762464235e-03,nan,nan,nan,nan,nan,nan,nan,nan,nan,nan,nan,nan,nan,nan,-9.944751381215555588e-03,nan,nan,-1.491712707182326660e-02,nan,nan,nan,nan,nan,-7.734806629834301353e-03,nan,nan,-1.104972375690649235e-03,nan,nan,nan,nan,nan,nan,-8.287292817679614912e-03,nan,nan,nan,nan,nan,nan,5.524861878452980331e-03,-1.104972375690613760e-02,nan,nan,nan,nan,nan,nan,-6.661338147750938996e-17,nan,nan,nan,nan,nan,5.524861878452691066e-04,nan,nan,nan,nan,nan
nan,nan,nan,nan,nan,nan,3.891891891891894467e-02,nan,nan,nan,nan,nan,nan,1.837837837837839189e-02,nan,nan,nan,nan,nan,nan,nan,1.081081081081070039e-03,1.297297297297297404e-02,nan,nan,nan,nan,nan,5.405405405405438665e-03,nan,nan,8.108108108108113762e-03,nan,nan,nan,nan,nan,2.216216216216215784e-02,nan,nan,nan,nan,nan,nan,nan,9.189189189189206353e-03,nan,nan,nan,nan,nan,nan,nan,nan,3.351351351351352509e-02,nan,nan,nan,nan,2.054054054054055278e-02,nan,nan,nan,nan,nan
nan,nan,nan,nan,nan,nan,2.339832869080777852e-02,nan,nan,nan,nan,nan,-8.913649025069724993e-03,-6.685236768802282903e-03,nan,nan,nan,nan,nan,nan,nan,1.114206128133687869e-03,7.799442896935881650e-03,nan,nan,nan,nan,nan,1.448467966573809863e-02,nan,nan,1.671309192200531911e-03,nan,nan,nan,nan,nan,nan,nan,nan,nan,nan,nan,nan,nan,nan,-5.013927576601728657e-03,nan,nan,6.908077994428966917e-02,nan,nan,nan,nan,nan,nan,nan,nan,nan,5.571030640668483795e-03,nan,nan,nan,nan,nan
nan,nan,nan,nan,nan,1.123595505617935777e-03,2.359550561797751911e-02,nan,nan,nan,nan,nan,nan,nan,nan,nan,-2.220446049250313204e-17,nan,nan,nan,nan,nan,1.123595505617971425e-02,nan,nan,nan,nan,nan,-1.123595505618024681e-03,nan,nan,-2.220446049250313204e-17,nan,nan,nan,nan,nan,3.202247191011231564e-02,nan,nan,nan,nan,nan,nan,nan,nan,-2.247191011235982576e-03,nan,nan,nan,nan,nan,nan,1.067415730337073487e-02,nan,nan,nan,nan,nan,-7.303370786516905425e-03,nan,nan,nan,nan,nan
nan,nan,nan,nan,nan,5.524861878453002015e-03,3.922651933701652716e-02,nan,nan,nan,nan,nan,nan,-6.077348066298382361e-03,nan,nan,nan,nan,nan,nan,nan,nan,nan,nan,nan,nan,nan,nan,2.320441988950272538e-02,nan,nan,-3.867403314917150677e-03,nan,nan,nan,nan,nan,nan,nan,nan,nan,nan,nan,-2.220446049250313204e-17,nan,-5.524861878453068802e-03,nan,nan,1.270718232044196726e-02,1.712707182320436644e-02,nan,nan,nan,nan,nan,nan,nan,nan,nan,-7.734806629834278802e-03,nan,nan,nan,nan,nan
nan,nan,nan,nan,nan,nan,-4.383561643835598778e-03,nan,-2.301369863013691397e-02,nan,nan,nan,-8.767123287671197557e-03,nan,nan,nan,nan,nan,nan,nan,nan,nan,-1.589041095890404362e-02,nan,nan,nan,nan,nan,-1.095890410958899608e-02,nan,nan,nan,nan,nan,nan,nan,nan,nan,-2.082191780821911545e-02,nan,nan,nan,nan,-3.287671232876698650e-03,nan,nan,nan,nan,-2.630136986301370022e-02,-2.794520547945202743e-02,nan,nan,nan,nan,nan,nan,nan,nan,nan,-4.328767123287666913e-02,nan,nan,nan,nan,nan
nan,nan,5.305039787798504491e-04,nan,4.774535809018609807e-03,nan,1.697612732095492641e-02,nan,nan,nan,nan,nan,nan,nan,nan,nan,nan,nan,nan,nan,nan,nan,1.644562334217509678e-02,nan,nan,nan,nan,nan,1.273209549071621129e-02,nan,nan,5.305039787798949014e-04,nan,nan,nan,-3.183023872679035908e-03,nan,nan,nan,nan,nan,1.273209549071621129e-02,nan,nan,nan,nan,nan,nan,nan,nan,nan,nan,nan,nan,2.652519893899230128e-03,nan,nan,5.305039787798726753e-04,nan,nan,nan,nan,nan,nan,nan
nan,nan,nan,nan,2.240896358543387288e-03,nan,-1.232492997198888530e-02,nan,nan,nan,nan,nan,-4.481792717086885598e-03,-1.848739495798323862e-02,nan,nan,nan,nan,nan,nan,nan,nan,nan,nan,nan,nan,nan,nan,-2.016806722689079567e-02,nan,nan,nan,nan,nan,nan,nan,nan,nan,nan,nan,nan,nan,nan,nan,nan,-2.801120448179328544e-03,nan,nan,-1.904761904761909097e-02,-1.176470588235298785e-02,nan,nan,nan,nan,-1.680672268907645959e-03,nan,nan,nan,nan,-1.400560224089641981e-02,nan,nan,nan,nan,nan
nan,nan,nan,nan,nan,nan,1.120000000000001029e-02,nan,nan,nan,nan,nan,1.600000000000045830e-03,nan,nan,nan,1.066666666666682330e-03,nan,nan,nan,nan,nan,9.066666666666712421e-03,nan,nan,nan,nan,nan,6.933333333333369444e-03,nan,nan,5.333333333333411651e-04,nan,nan,nan,nan,nan,5.546666666666673351e-02,nan,nan,nan,nan,nan,nan,nan,nan,6.933333333333369444e-03,nan,-1.599999999999956925e-03,1.546666666666671706e-02,nan,nan,nan,nan,nan,nan,nan,nan,nan,nan,nan,nan,nan,nan,nan
nan,nan,nan,nan,nan,nan,4.523160762942777385e-02,nan,-5.449591280653942951e-03,nan,nan,nan,nan,nan,nan,nan,4.359673024523136667e-03,nan,nan,-2.179836512261568333e-03,nan,0.000000000000000000e+00,1.198910081743866964e-02,nan,nan,nan,nan,nan,4.359673024523158351e-03,nan,nan,1.089918256130806284e-03,nan,nan,nan,nan,nan,nan,nan,nan,nan,nan,nan,nan,nan,nan,nan,nan,3.814713896457777760e-03,2.997275204359672873e-02,nan,nan,nan,nan,nan,nan,nan,nan,nan,nan,nan,nan,nan,nan,nan
nan,nan,nan,nan,nan,nan,1.973333333333331455e-02,nan,nan,nan,2.186666666666663497e-02,nan,nan,-1.066666666666682330e-03,nan,nan,nan,nan,nan,nan,nan,-3.733333333333344137e-03,nan,nan,nan,nan,nan,nan,-2.220446049250313204e-17,nan,nan,1.066666666666660213e-03,nan,nan,nan,nan,nan,nan,nan,nan,nan,nan,nan,nan,nan,nan,nan,nan,nan,1.493333333333330890e-02,nan,nan,nan,1.599999999999996911e-02,nan,nan,nan,nan,2.026666666666667588e-02,2.666666666666661807e-03,nan,nan,nan,nan,nan
nan,nan,nan,nan,nan,-7.446808510638280865e-03,2.287234042553192362e-02,nan,nan,nan,nan,nan,nan,-1.063829787234027392e-03,nan,nan,nan,nan,nan,-7.446808510638303416e-03,nan,nan,nan,nan,nan,nan,nan,nan,-4.787234042553212277e-03,nan,nan,-9.042553191489366080e-03,nan,nan,nan,nan,nan,nan,nan,nan,nan,nan,nan,-7.446808510638303416e-03,nan,nan,nan,nan,nan,2.446808510638296547e-02,nan,nan,nan,1.489361702127658428e-02,nan,nan,nan,nan,nan,-1.010638297872339456e-02,nan,nan,nan,nan,nan
nan,nan,nan,nan,3.269754768392374618e-03,nan,5.776566757493186571e-02,nan,nan,nan,nan,nan,nan,nan,nan,nan,nan,nan,nan,0.000000000000000000e+00,nan,nan,nan,nan,nan,nan,nan,nan,-1.035422343324254868e-02,3.814713896457777760e-03,nan,-1.634877384196209427e-03,nan,nan,nan,nan,nan,nan,1.416893732970025965e-02,nan,3.596730245231607309e-02,nan,nan,nan,nan,nan,nan,nan,nan,nan,nan,nan,nan,-5.449591280653964635e-03,nan,nan,nan,nan,nan,1.307901907356949847e-02,nan,nan,nan,nan,nan
nan,nan,nan,nan,nan,nan,1.571815718157176800e-02,nan,nan,nan,1.035230352303522644e-01,nan,2.168021680216747522e-03,nan,nan,nan,nan,nan,nan,-3.794037940379424607e-03,nan,5.420054200541812427e-04,nan,nan,nan,nan,nan,nan,3.794037940379379938e-03,nan,nan,-1.084010840108406938e-03,nan,nan,nan,nan,nan,nan,3.794037940379357821e-03,nan,nan,nan,nan,nan,nan,nan,nan,nan,nan,2.330623306233057385e-02,nan,nan,nan,nan,nan,nan,nan,nan,nan,5.962059620596149578e-03,nan,nan,nan,nan,nan
nan,nan,nan,nan,nan,nan,-1.322314049586772490e-02,nan,nan,nan,nan,nan,nan,nan,nan,nan,nan,nan,nan,nan,nan,nan,4.407713498622611685e-03,nan,nan,nan,nan,nan,-2.203856749311250331e-03,nan,nan,-2.754820936639057385e-03,nan,nan,nan,nan,nan,9.366391184573052975e-03,nan,nan,nan,1.763085399449040164e-02,nan,-6.611570247933839899e-03,nan,nan,2.754820936639146289e-03,nan,nan,1.487603305785127963e-02,nan,nan,nan,nan,nan,nan,nan,nan,nan,1.652892561983476671e-02,nan,nan,nan,nan,nan
nan,nan,nan,nan,nan,nan,1.058495821727018990e-02,nan,5.571030640668439343e-04,nan,nan,nan,nan,-2.228412256267397855e-03,nan,nan,nan,nan,nan,nan,nan,nan,nan,nan,nan,nan,nan,nan,nan,nan,nan,2.228412256267397855e-03,nan,nan,nan,1.894150417827298455e-02,nan,nan,nan,7.799442896935948437e-03,nan,nan,nan,nan,nan,nan,nan,nan,8.356545961002836281e-03,1.169916434540390140e-02,nan,nan,nan,3.175487465181059399e-02,nan,nan,nan,nan,nan,-5.571030640668439343e-04,nan,nan,nan,nan,nan
nan,nan,nan,nan,nan,1.927083333333336895e-02,5.052083333333336895e-02,nan,nan,nan,nan,nan,nan,nan,nan,nan,4.440892098500626408e-17,nan,nan,-1.041666666666629572e-03,nan,nan,nan,nan,nan,nan,nan,nan,4.687500000000044062e-03,nan,nan,8.854166666666718477e-03,nan,nan,nan,nan,nan,nan,1.041666666666669558e-02,nan,nan,nan,nan,nan,nan,8.333333333333369647e-03,nan,nan,nan,2.812500000000004580e-02,nan,nan,nan,nan,nan,nan,nan,nan,nan,1.250000000000002151e-02,nan,nan,nan,nan,nan
nan,nan,nan,nan,-2.857142857142891401e-03,nan,1.714285714285712636e-02,nan,5.142857142857115704e-03,nan,nan,nan,nan,nan,nan,nan,nan,nan,nan,nan,nan,nan,nan,nan,nan,nan,nan,nan,1.542857142857141303e-02,nan,nan,-5.142857142857159940e-03,nan,nan,nan,nan,nan,6.171428571428567988e-02,1.142857142857134269e-03,nan,nan,nan,nan,6.285714285714294643e-03,nan,nan,nan,nan,-7.428571428571451030e-03,nan,nan,nan,nan,nan,nan,nan,nan,nan,nan,-2.220446049250313204e-17,nan,nan,nan,nan,nan
nan,nan,nan,nan,3.867403314917172794e-03,1.215469613259674217e-02,3.756906077348069750e-02,nan,nan,nan,nan,nan,nan,nan,nan,nan,nan,nan,nan,-4.419889502762420000e-03,nan,nan,7.734806629834301353e-03,nan,nan,nan,nan,nan,1.325966850828732592e-02,nan,nan,-3.867403314917106007e-03,nan,nan,nan,nan,nan,nan,nan,nan,nan,2.209944751381220929e-02,nan,nan,nan,2.762430939226545677e-03,1.104972375690609424e-02,nan,nan,nan,nan,nan,nan,nan,nan,nan,nan,nan,nan,nan,nan,nan,nan,nan,nan
nan,nan,nan,nan,nan,nan,2.185792349726778383e-02,nan,nan,nan,nan,nan,nan,1.857923497267761556e-02,nan,nan,nan,nan,nan,nan,nan,nan,nan,nan,nan,nan,nan,nan,1.475409836065575374e-02,6.010928961748640380e-03,nan,nan,nan,nan,nan,nan,nan,6.557377049180334802e-03,nan,nan,nan,nan,nan,8.196721311475418936e-03,nan,nan,nan,nan,nan,5.464480874316946391e-04,nan,nan,nan,2.950819672131150748e-02,3.825136612021862257e-03,nan,nan,nan,nan,7.650273224043724514e-03,nan,nan,nan,nan,nan
nan,nan,nan,nan,nan,nan,nan,nan,nan,nan,nan,nan,-7.692307692307664979e-03,nan,nan,nan,4.945054945054971722e-03,nan,nan,nan,nan,6.043956043956089270e-03,5.494505494505474985e-04,nan,nan,nan,nan,nan,-5.494505494505474985e-03,nan,nan,2.747252747252759610e-03,nan,nan,nan,nan,nan,nan,nan,nan,nan,2.802197802197807855e-02,nan,nan,nan,nan,nan,nan,nan,3.131868131868133925e-02,nan,nan,nan,8.791208791208825896e-03,nan,nan,nan,nan,nan,-1.538461538461532996e-02,nan,nan,nan,nan,nan
nan,nan,nan,nan,nan,nan,-2.197802197802145759e-03,nan,nan,nan,nan,nan,nan,nan,nan,nan,-1.648351648351642496e-03,nan,nan,-8.241758241758212478e-03,nan,nan,-1.043956043956040247e-02,nan,nan,nan,nan,nan,4.945054945054971722e-03,nan,nan,-2.197802197802189994e-03,nan,nan,nan,nan,nan,nan,nan,nan,nan,nan,nan,nan,nan,-1.208791208791206752e-02,nan,nan,nan,2.857142857142862605e-02,nan,nan,nan,nan,nan,nan,nan,6.043956043956089270e-03,nan,-1.098901098901094997e-02,nan,nan,nan,nan,nan
nan,nan,nan,nan,nan,nan,-8.815426997245180002e-03,nan,nan,nan,nan,nan,nan,-7.162534435261736290e-03,nan,nan,nan,nan,nan,nan,nan,nan,nan,nan,-3.250688705234159454e-02,nan,nan,nan,-6.611570247933884134e-03,nan,nan,-1.267217630853996121e-02,nan,nan,nan,-3.856749311294760396e-03,nan,nan,-1.542699724517908669e-02,nan,0.000000000000000000e+00,nan,nan,nan,nan,nan,nan,nan,-1.542699724517908669e-02,nan,nan,nan,nan,nan,nan,nan,nan,nan,nan,-3.746556473829203149e-02,nan,nan,nan,nan,nan
nan,nan,nan,nan,-5.390835579514475107e-04,-2.156334231805901065e-03,4.905660377358496416e-02,nan,nan,nan,nan,nan,nan,-4.312668463611823814e-03,nan,nan,2.156334231805967418e-03,nan,nan,nan,nan,6.469002695417835902e-03,nan,nan,nan,nan,nan,nan,-4.851752021563316211e-03,nan,nan,nan,nan,nan,nan,nan,nan,nan,nan,nan,nan,nan,nan,nan,nan,2.695417789757459381e-03,nan,nan,nan,3.773584905660420756e-03,nan,nan,nan,nan,nan,nan,nan,nan,nan,-1.078167115902917139e-03,nan,nan,nan,nan,nan
nan,nan,nan,nan,-9.729729729729741372e-03,nan,-4.864864864864903646e-03,nan,nan,nan,nan,nan,nan,nan,nan,nan,1.081081081081070039e-03,nan,nan,nan,nan,8.648648648648671333e-03,8.648648648648648782e-03,nan,nan,nan,nan,nan,-1.189189189189190400e-02,nan,nan,-5.405405405405438665e-03,nan,nan,nan,5.405405405405394430e-03,nan,nan,nan,nan,nan,nan,nan,nan,nan,nan,nan,nan,nan,nan,nan,nan,nan,nan,7.567567567567534507e-03,nan,nan,nan,nan,-1.027027027027027639e-02,nan,nan,nan,nan,nan
nan,nan,nan,nan,nan,nan,6.232294617563671410e-03,nan,nan,nan,-1.416430594900854913e-02,nan,nan,nan,nan,nan,nan,nan,nan,nan,nan,nan,nan,nan,nan,nan,nan,nan,-5.665722379603455212e-03,nan,nan,5.665722379603055359e-04,nan,nan,nan,nan,nan,nan,nan,nan,nan,-2.039660056657226564e-02,nan,-2.266288951841422070e-03,nan,-1.699716713881072082e-03,nan,nan,nan,-1.983002832861193582e-02,nan,nan,nan,8.498583569405072230e-03,nan,nan,nan,nan,nan,-5.665722379603476896e-03,nan,nan,nan,nan,nan
nan,nan,nan,nan,-4.324324324324324391e-03,nan,9.189189189189161250e-03,nan,nan,nan,nan,nan,nan,-2.162162162162184313e-03,nan,nan,nan,nan,nan,nan,nan,nan,7.027027027026999488e-03,nan,nan,nan,nan,nan,-4.324324324324346942e-03,nan,nan,1.081081081081047921e-03,nan,nan,nan,nan,nan,nan,nan,-5.405405405405416981e-03,nan,nan,nan,nan,nan,nan,nan,nan,nan,1.459459459459457910e-02,nan,nan,nan,8.648648648648626230e-03,nan,nan,nan,nan,nan,-1.081081081081092157e-03,nan,nan,nan,nan,nan
nan,nan,nan,nan,nan,nan,6.077348066298360676e-03,nan,nan,nan,nan,nan,nan,nan,nan,nan,nan,nan,nan,nan,nan,-1.104972375690627118e-03,4.419889502762464235e-03,nan,nan,nan,nan,nan,7.734806629834234566e-03,nan,nan,5.524861878452913327e-04,nan,nan,nan,-9.392265193370153559e-03,nan,nan,nan,nan,nan,3.314917127071814566e-03,nan,-3.314917127071837118e-03,nan,nan,nan,nan,nan,-1.436464088397790793e-02,nan,nan,nan,nan,nan,nan,nan,nan,nan,-1.767955801104972163e-02,nan,nan,nan,nan,nan
nan,nan,nan,nan,2.816901408450700472e-03,-2.816901408450700472e-03,nan,nan,nan,nan,nan,nan,nan,1.408450704225350236e-02,nan,nan,-1.126760563380280189e-02,nan,nan,nan,nan,5.633802816901401162e-04,6.760563380281680960e-03,nan,nan,nan,nan,nan,-8.450704225352101417e-03,nan,nan,-3.380281690140840480e-03,nan,nan,nan,nan,nan,nan,nan,nan,nan,nan,nan,nan,nan,nan,nan,nan,nan,nan,nan,nan,nan,3.661971830985910614e-02,nan,nan,nan,nan,nan,3.943661971830984825e-02,nan,nan,nan,nan,nan
nan,nan,nan,nan,5.747126436781880166e-04,nan,nan,nan,-6.321839080459757017e-03,nan,nan,nan,nan,1.724137931034486204e-02,nan,nan,nan,nan,nan,nan,nan,-1.149425287356331581e-03,4.597701149425303772e-03,nan,nan,nan,nan,nan,-1.149425287356318180e-02,nan,nan,nan,nan,nan,nan,nan,nan,nan,-1.149425287356287129e-03,nan,nan,nan,nan,nan,nan,nan,4.597701149425326324e-03,nan,-2.011494252873562497e-02,nan,nan,nan,nan,nan,nan,nan,nan,nan,nan,-8.620689655172398061e-03,nan,nan,nan,nan,nan
nan,nan,nan,nan,nan,nan,3.802083333333328152e-02,nan,nan,nan,nan,nan,-8.333333333333348830e-03,1.041666666666662966e-02,nan,nan,1.510416666666663035e-02,nan,nan,nan,nan,5.208333333333259535e-04,9.895833333333280829e-03,nan,nan,nan,nan,nan,-5.208333333333702974e-04,nan,nan,-4.166666666666696099e-03,nan,nan,nan,nan,nan,nan,nan,nan,nan,nan,nan,nan,nan,nan,nan,nan,nan,2.291666666666663035e-02,nan,nan,nan,nan,nan,nan,nan,nan,nan,-4.166666666666696099e-03,nan,nan,nan,nan,nan
nan,nan,nan,nan,1.639344262295083701e-03,1.147540983606558720e-02,2.732240437158472979e-02,nan,5.464480874316946391e-04,nan,nan,nan,nan,nan,nan,nan,nan,nan,nan,nan,nan,nan,nan,nan,nan,nan,nan,nan,8.743169398907114226e-03,nan,nan,1.092896174863389278e-03,nan,nan,nan,nan,nan,nan,8.196721311475418936e-03,nan,nan,nan,nan,-1.639344262295083701e-03,nan,nan,nan,nan,-7.103825136612030092e-03,nan,nan,nan,nan,nan,nan,nan,nan,nan,nan,3.497267759562845690e-02,nan,nan,nan,nan,nan
nan,nan,nan,nan,nan,9.090909090909083529e-03,1.306818181818181213e-02,nan,nan,nan,nan,nan,nan,nan,nan,nan,nan,nan,nan,-3.977272727272729465e-03,nan,nan,nan,nan,nan,nan,nan,nan,2.272727272727248331e-03,nan,nan,-1.704545454545436465e-03,nan,nan,nan,nan,nan,nan,1.022727272727272894e-02,nan,nan,nan,nan,nan,nan,1.704545454545458583e-03,nan,nan,nan,1.874999999999999931e-02,nan,nan,nan,4.545454545454563448e-03,nan,nan,nan,nan,nan,1.306818181818181213e-02,nan,nan,nan,nan,nan
nan,nan,nan,nan,nan,nan,3.093333333333327800e-02,nan,nan,nan,nan,nan,nan,nan,nan,nan,-2.666666666666706043e-03,nan,nan,nan,nan,3.199999999999936402e-03,2.666666666666617138e-03,nan,nan,nan,nan,nan,1.119999999999992182e-02,nan,nan,1.599999999999979260e-03,nan,nan,nan,nan,nan,nan,-1.013333333333337263e-02,nan,nan,nan,nan,nan,nan,-4.800000000000049019e-03,nan,nan,nan,1.599999999999994829e-02,nan,nan,nan,nan,nan,nan,nan,nan,nan,-1.546666666666671706e-02,nan,nan,nan,nan,nan
nan,nan,nan,nan,nan,nan,4.491978609625670721e-02,nan,nan,nan,nan,nan,nan,nan,nan,nan,nan,nan,nan,nan,nan,nan,5.347593582887943519e-04,nan,2.139037433155088937e-03,nan,nan,nan,-6.951871657753927805e-03,nan,nan,-1.069518716577544468e-03,nan,nan,nan,-1.443850267379673778e-02,nan,nan,nan,nan,1.711229946524071149e-02,nan,nan,nan,nan,nan,nan,nan,nan,-8.021390374331471840e-03,nan,nan,nan,nan,1.229946524064173818e-02,nan,nan,nan,nan,-4.812834224598883104e-03,nan,nan,nan,nan,nan
nan,nan,nan,nan,nan,nan,nan,nan,nan,nan,nan,nan,nan,nan,nan,nan,-4.407713498622590001e-03,nan,nan,nan,nan,1.101928374655658559e-03,nan,nan,-1.101928374655645158e-02,nan,nan,nan,-6.611570247933862450e-03,2.754820936639146289e-03,nan,-3.856749311294738278e-03,nan,nan,nan,nan,nan,nan,1.101928374655658559e-03,nan,2.203856749311317118e-03,nan,nan,nan,nan,1.432506887052342748e-02,nan,nan,nan,nan,nan,nan,nan,nan,nan,nan,nan,nan,nan,-1.101928374655636225e-03,nan,nan,nan,nan,nan
nan,nan,nan,nan,nan,nan,-2.739726027397271137e-03,nan,nan,nan,nan,nan,2.191780821917799389e-03,nan,nan,nan,1.095890410958899695e-03,nan,nan,nan,nan,nan,1.095890410958877360e-03,0.000000000000000000e+00,nan,nan,nan,nan,6.027397260273947670e-03,nan,nan,-4.383561643835664698e-03,nan,nan,nan,nan,nan,nan,nan,nan,nan,nan,nan,nan,nan,nan,nan,nan,nan,1.095890410958877360e-03,nan,nan,nan,nan,nan,nan,nan,nan,7.671232876712297429e-03,-1.095890410958921812e-03,nan,nan,nan,nan,nan
nan,nan,nan,nan,nan,nan,-2.832861189801705488e-03,nan,nan,nan,nan,nan,nan,nan,nan,nan,1.699716713880983178e-03,nan,nan,nan,nan,nan,-5.665722379603410977e-03,nan,nan,nan,nan,nan,1.076487252124644876e-02,nan,nan,-2.220446049250313204e-17,nan,nan,nan,nan,nan,nan,nan,nan,nan,nan,nan,nan,nan,-5.665722379603410977e-03,-2.220446049250313204e-17,nan,nan,2.549575070821528261e-02,nan,nan,nan,-5.665722379603721059e-04,nan,nan,nan,nan,nan,-1.926345609065156436e-02,nan,nan,nan,nan,nan
nan,nan,nan,nan,nan,nan,2.913165266106438819e-02,nan,nan,nan,nan,nan,-1.120448179271704703e-03,-2.240896358543409406e-03,nan,nan,nan,nan,nan,nan,nan,nan,nan,nan,nan,nan,nan,nan,3.361344537815114109e-03,nan,nan,1.680672268907557054e-03,nan,nan,nan,nan,nan,-1.008403361344538743e-02,nan,nan,nan,nan,nan,nan,nan,nan,-8.403361344537851191e-03,nan,nan,6.498599439775906705e-02,nan,nan,nan,6.330532212885151000e-02,nan,nan,nan,nan,nan,4.481792717086818811e-03,nan,nan,nan,nan,nan
nan,nan,nan,nan,1.139601139601165115e-03,nan,6.267806267806275318e-03,nan,5.128205128205176773e-03,nan,nan,nan,nan,nan,nan,nan,nan,nan,nan,1.709401709401725446e-03,nan,2.849002849002890778e-03,nan,nan,nan,nan,nan,nan,4.558404558404593673e-03,nan,nan,nan,nan,nan,nan,nan,nan,nan,3.418803418803450893e-03,nan,nan,nan,nan,nan,nan,nan,nan,nan,-9.686609686609660291e-03,-2.222222222222218838e-02,nan,nan,nan,nan,nan,nan,nan,nan,nan,-3.304843304843298885e-02,nan,nan,nan,nan,nan
nan,nan,nan,nan,nan,nan,5.430809399477802557e-02,nan,nan,nan,nan,nan,3.133159268929452870e-03,nan,nan,nan,-2.610966057441266308e-03,nan,nan,4.699738903394190363e-03,nan,nan,nan,nan,nan,nan,nan,nan,5.221932114882465829e-03,nan,nan,-3.133159268929519656e-03,nan,nan,nan,nan,nan,nan,nan,nan,nan,nan,nan,nan,nan,8.877284595300193731e-03,nan,nan,nan,nan,nan,nan,nan,8.877284595300193731e-03,nan,nan,nan,2.610966057441244190e-03,nan,6.788511749347225441e-03,nan,nan,nan,nan,nan
nan,nan,nan,nan,-1.058495821727018990e-02,2.785515320334241898e-03,1.559888579387185351e-02,nan,nan,nan,nan,nan,nan,-1.337047353760447733e-02,nan,nan,nan,nan,nan,nan,nan,nan,nan,5.013927576601661870e-03,nan,nan,nan,nan,-2.220446049250313204e-17,nan,nan,-3.342618384401108058e-03,nan,nan,nan,nan,nan,nan,-1.002785515320336884e-02,nan,nan,nan,nan,nan,nan,nan,nan,nan,nan,1.727019498607240688e-02,nan,nan,nan,nan,nan,nan,nan,nan,nan,-5.013927576601684422e-03,nan,nan,nan,nan,nan
nan,nan,nan,nan,-3.409090909090939283e-03,nan,2.556818181818174690e-02,nan,nan,nan,nan,nan,-6.250000000000044582e-03,nan,nan,nan,-1.136363636363639865e-02,nan,nan,-1.704545454545503035e-03,nan,nan,nan,nan,nan,nan,nan,nan,-6.818181818181856882e-03,nan,nan,3.409090909090872930e-03,nan,nan,nan,nan,nan,nan,nan,nan,nan,nan,nan,nan,nan,-5.681818181818565350e-04,nan,nan,nan,2.443181818181814485e-02,nan,nan,nan,nan,nan,nan,nan,nan,nan,-6.250000000000066266e-03,nan,nan,nan,nan,nan
nan,nan,nan,nan,nan,nan,-2.139037433155066385e-03,nan,nan,nan,nan,nan,nan,-1.122994652406414905e-02,nan,nan,nan,nan,nan,0.000000000000000000e+00,nan,nan,-9.090909090909060977e-03,nan,nan,nan,nan,nan,-6.951871657754016276e-03,nan,nan,2.139037433155088937e-03,nan,nan,nan,nan,nan,nan,nan,nan,nan,nan,nan,nan,nan,-4.278074866310177873e-03,nan,nan,nan,1.978609625668450306e-02,nan,nan,nan,-1.016042780748662756e-02,nan,nan,nan,nan,nan,-2.085561497326202801e-02,nan,nan,nan,nan,nan
nan,nan,nan,nan,nan,1.612903225806450180e-02,1.827956989247310135e-02,nan,nan,nan,nan,nan,nan,nan,nan,nan,-3.763440860215050508e-03,nan,nan,3.225806451612900187e-03,nan,nan,4.838709677419350715e-03,nan,nan,nan,nan,nan,-2.688172043010750301e-03,nan,nan,9.139784946236550675e-03,nan,nan,nan,nan,nan,nan,nan,nan,nan,nan,nan,nan,nan,6.451612903225800374e-03,nan,nan,nan,nan,nan,nan,nan,2.258064516129030391e-02,nan,nan,nan,nan,nan,2.580645161290320150e-02,nan,nan,nan,nan,nan
nan,nan,nan,nan,nan,nan,-4.289544235924936007e-03,nan,nan,nan,nan,nan,2.144772117962468003e-03,nan,nan,nan,nan,nan,nan,nan,nan,4.289544235924936007e-03,nan,2.091152815013406358e-02,nan,nan,nan,nan,-4.289544235924936007e-03,nan,nan,2.680965147453084896e-03,nan,nan,nan,nan,nan,nan,nan,nan,nan,nan,nan,nan,nan,nan,2.037533512064344451e-02,nan,nan,2.091152815013406358e-02,nan,nan,nan,1.340482573726542448e-02,nan,nan,nan,nan,nan,0.000000000000000000e+00,nan,nan,nan,nan,nan
nan,nan,nan,nan,nan,nan,4.308510638297873008e-02,nan,nan,nan,nan,nan,nan,nan,nan,nan,4.787234042553189725e-03,nan,nan,7.446808510638303416e-03,nan,nan,nan,nan,nan,nan,nan,nan,-4.787234042553189725e-03,nan,nan,-6.382978723404253256e-03,nan,nan,nan,nan,nan,nan,nan,nan,nan,nan,nan,nan,nan,3.723404255319162550e-03,-1.063829787234027392e-03,nan,nan,4.148936170212767088e-02,nan,nan,nan,-9.574468085106402002e-03,nan,nan,nan,nan,nan,1.861702127659574726e-02,nan,nan,nan,nan,nan
nan,nan,nan,nan,1.092896174863389192e-02,nan,nan,nan,nan,nan,nan,nan,-5.464480874316946391e-04,9.836065573770503070e-03,nan,nan,nan,nan,nan,0.000000000000000000e+00,nan,nan,1.311475409836066960e-02,nan,nan,nan,nan,nan,3.278688524590167401e-03,nan,nan,6.557377049180334802e-03,nan,nan,nan,nan,nan,nan,nan,nan,nan,4.918032786885251362e-02,nan,1.202185792349728076e-02,nan,nan,nan,nan,nan,4.426229508196725948e-02,nan,nan,nan,nan,nan,nan,nan,nan,nan,nan,nan,nan,nan,nan,nan
nan,nan,nan,nan,nan,nan,1.445086705202309682e-02,nan,-1.098265895953758411e-02,nan,nan,nan,nan,nan,nan,nan,-1.040462427745665261e-02,nan,nan,-1.040462427745663179e-02,nan,nan,-2.254335260115605116e-02,nan,nan,nan,nan,nan,-2.254335260115605116e-02,nan,nan,-5.780346820809256943e-03,nan,nan,nan,nan,nan,nan,nan,nan,nan,nan,nan,nan,nan,-2.543352601156070175e-02,nan,nan,-2.023121387283237718e-02,nan,nan,nan,nan,nan,nan,nan,nan,nan,nan,1.965317919075142486e-02,nan,nan,nan,nan,nan
nan,nan,nan,nan,nan,2.793296089385477552e-03,6.145251396648054691e-03,nan,nan,nan,1.675977653631299845e-03,nan,nan,nan,nan,nan,nan,nan,nan,nan,nan,nan,nan,nan,nan,nan,nan,nan,1.675977653631321963e-03,nan,nan,-1.117318435754177707e-03,nan,nan,nan,1.005586592178773185e-02,nan,nan,nan,nan,nan,nan,nan,nan,nan,7.821229050279354320e-03,nan,nan,nan,-8.938547486033487574e-03,nan,nan,nan,-3.910614525139610373e-03,nan,nan,nan,nan,nan,-1.117318435754186511e-02,nan,nan,nan,nan,nan
nan,nan,nan,nan,-3.713527851458864239e-03,nan,2.281167108753317033e-02,nan,nan,nan,nan,nan,nan,nan,nan,nan,nan,nan,nan,nan,nan,nan,-5.305039787798370918e-03,nan,nan,nan,nan,nan,4.774535809018565571e-03,nan,nan,-2.122015915119357561e-03,nan,nan,nan,2.970822281167111514e-02,nan,nan,nan,nan,nan,nan,nan,nan,nan,nan,-3.183023872679013790e-03,nan,nan,1.220159151193633829e-02,nan,nan,nan,5.835543766578266470e-03,nan,nan,nan,nan,nan,6.366047745358116919e-03,nan,nan,nan,nan,nan
nan,nan,nan,nan,nan,1.973333333333326944e-02,1.866666666666663005e-02,nan,-1.600000000000045830e-03,nan,nan,nan,nan,-1.066666666666704665e-03,nan,nan,nan,nan,nan,nan,nan,nan,3.733333333333299468e-03,nan,nan,nan,nan,nan,3.199999999999936402e-03,nan,nan,-1.066666666666704665e-03,nan,nan,nan,nan,nan,2.239999999999995467e-02,nan,nan,nan,nan,nan,nan,nan,nan,nan,nan,nan,1.333333333333328562e-02,nan,nan,nan,nan,nan,nan,nan,nan,nan,-1.280000000000003357e-02,nan,nan,nan,nan,nan
nan,nan,nan,nan,-4.532577903682666332e-03,2.266288951841377401e-03,4.985835694050990557e-02,nan,2.832861189801727606e-03,nan,nan,nan,nan,nan,nan,nan,nan,nan,nan,1.699716713881049748e-03,nan,nan,nan,nan,nan,nan,nan,nan,-6.798866855524066284e-03,nan,nan,nan,nan,nan,nan,nan,nan,nan,nan,nan,nan,nan,nan,nan,nan,nan,nan,nan,-5.665722379603055359e-04,1.869688385269123801e-02,nan,nan,nan,6.798866855524110520e-03,nan,nan,nan,nan,nan,-5.099150141643016103e-03,nan,nan,nan,nan,nan
nan,nan,nan,nan,nan,nan,5.181347150259085765e-03,nan,nan,nan,nan,nan,nan,-1.450777202072532981e-02,nan,nan,nan,nan,nan,nan,nan,nan,-7.772020725388540177e-03,nan,nan,nan,nan,nan,-1.243523316062169516e-02,nan,nan,-1.036269430051772657e-03,nan,nan,nan,5.699481865284993995e-03,-8.290155440414425855e-03,nan,nan,nan,nan,nan,nan,nan,nan,-8.290155440414425855e-03,nan,nan,nan,4.145077720207268439e-03,nan,nan,nan,nan,nan,nan,nan,nan,nan,-1.243523316062169516e-02,nan,nan,nan,nan,nan
nan,nan,nan,nan,-2.318840579710190839e-03,nan,2.260869565217384775e-02,nan,nan,nan,nan,nan,nan,2.898550724637627418e-03,nan,nan,9.855072463768044244e-03,nan,nan,1.159420289855050967e-03,nan,-5.797101449275477098e-04,nan,nan,nan,nan,nan,nan,9.275362318840496209e-03,nan,nan,5.797101449275032575e-04,nan,nan,nan,nan,nan,nan,nan,nan,nan,nan,nan,nan,nan,nan,nan,nan,nan,1.217391304347819128e-02,nan,nan,nan,nan,nan,nan,nan,nan,nan,5.797101449275299072e-03,nan,nan,nan,nan,nan
nan,nan,nan,nan,4.371584699453557113e-03,nan,4.043715846994535429e-02,nan,2.404371584699456152e-02,nan,nan,nan,nan,nan,nan,nan,nan,nan,nan,nan,nan,nan,1.530054644808744903e-02,nan,nan,nan,nan,nan,1.256830601092897605e-02,nan,nan,2.185792349726778556e-03,nan,nan,nan,nan,nan,nan,nan,nan,nan,nan,nan,2.732240437158472979e-03,nan,nan,5.464480874316945958e-03,nan,nan,3.333333333333336757e-02,nan,nan,nan,nan,nan,nan,nan,nan,nan,-1.038251366120219663e-02,nan,nan,nan,nan,nan
nan,nan,-8.864265927977888621e-03,nan,-5.540166204986319166e-04,nan,3.711911357340715728e-02,nan,nan,nan,nan,nan,-7.756232686980646038e-03,nan,nan,nan,nan,nan,nan,0.000000000000000000e+00,nan,nan,nan,nan,nan,nan,nan,nan,1.662049861495806845e-03,nan,nan,0.000000000000000000e+00,nan,nan,nan,nan,nan,nan,nan,nan,nan,nan,nan,6.094182825484706703e-03,nan,nan,nan,nan,nan,4.986149584487509223e-03,nan,nan,nan,nan,nan,nan,nan,nan,nan,-6.094182825484795174e-03,nan,nan,nan,nan,nan
nan,nan,nan,nan,7.713498622589587579e-03,nan,3.250688705234163617e-02,nan,nan,nan,nan,nan,nan,nan,nan,nan,nan,nan,nan,nan,nan,nan,8.264462809917393765e-03,nan,nan,nan,nan,nan,4.440892098500626408e-17,nan,nan,4.958677685950462974e-03,nan,nan,nan,nan,nan,nan,nan,nan,nan,nan,nan,4.407713498622634236e-03,nan,nan,9.917355371900860028e-03,nan,nan,9.917355371900860028e-03,nan,nan,nan,1.652892561983510065e-03,nan,nan,nan,nan,nan,3.305785123966997578e-03,nan,nan,nan,nan,nan
nan,nan,nan,nan,nan,nan,1.208791208791215599e-02,nan,nan,nan,nan,nan,-2.197802197802189994e-03,nan,nan,nan,6.661338147750938996e-17,nan,nan,nan,nan,nan,nan,nan,nan,nan,nan,nan,6.043956043956089270e-03,nan,nan,-4.395604395604379988e-03,nan,nan,nan,-1.263736263736259247e-02,nan,nan,-3.296703296703262873e-03,nan,nan,nan,nan,nan,nan,nan,nan,nan,nan,nan,nan,nan,nan,4.395604395604468459e-03,2.197802197802212112e-03,nan,nan,nan,nan,-4.395604395604357437e-03,nan,nan,nan,nan,nan
nan,nan,-7.303370786516905425e-03,1.910112359550555222e-02,nan,nan,-1.685393258427025963e-03,nan,nan,nan,nan,nan,nan,nan,nan,nan,nan,nan,nan,nan,nan,nan,-4.494382022471965152e-03,nan,nan,nan,nan,nan,-9.550561797752843765e-03,nan,nan,5.617977528089812891e-03,nan,nan,nan,nan,nan,nan,nan,nan,nan,nan,nan,nan,nan,nan,3.370786516853896235e-03,nan,nan,-3.202247191011240585e-02,nan,nan,nan,-4.440892098500626408e-17,nan,nan,nan,nan,nan,-3.483146067415734265e-02,nan,nan,nan,nan,nan
nan,nan,nan,nan,nan,nan,1.581920903954798716e-02,nan,-5.649717514124308511e-03,nan,nan,nan,nan,nan,nan,nan,nan,nan,nan,nan,nan,nan,1.694915254237261415e-03,nan,nan,nan,nan,nan,-2.220446049250313204e-17,nan,nan,4.519774011299371001e-03,nan,nan,nan,nan,nan,nan,-2.259887005649763130e-03,nan,nan,nan,nan,nan,nan,nan,nan,nan,nan,1.129943502824826054e-03,nan,nan,nan,nan,2.259887005649714384e-02,nan,nan,-9.604519774011333055e-03,nan,7.344632768361547374e-03,nan,nan,nan,nan,nan
nan,nan,nan,nan,nan,nan,1.120000000000001029e-02,nan,nan,nan,nan,nan,nan,nan,nan,nan,nan,nan,nan,5.333333333333323614e-03,nan,nan,-1.119999999999996519e-02,nan,nan,nan,nan,nan,-5.333333333333323614e-03,nan,nan,-1.013333333333328243e-02,nan,nan,nan,nan,nan,5.333333333333633913e-04,nan,nan,nan,2.506666666666668153e-02,nan,nan,nan,nan,1.066666666666682330e-03,nan,nan,nan,nan,nan,nan,nan,nan,nan,nan,-1.226666666666662540e-02,nan,-1.279999999999996765e-02,nan,nan,nan,nan,nan
nan,nan,nan,nan,4.507042253521120929e-03,nan,2.985915492957746942e-02,nan,nan,nan,nan,nan,nan,nan,nan,nan,3.380281690140840480e-03,nan,nan,nan,nan,nan,1.239436619718308277e-02,nan,nan,nan,nan,nan,-1.126760563380280232e-03,nan,nan,1.690140845070420240e-03,nan,nan,nan,nan,9.577464788732382300e-03,nan,1.239436619718308277e-02,nan,nan,nan,nan,nan,nan,nan,nan,nan,nan,-1.577464788732392195e-02,nan,nan,nan,nan,nan,nan,nan,nan,nan,-1.183098591549294233e-02,nan,nan,nan,nan,nan
nan,nan,nan,nan,-1.086956521739157553e-03,1.739130434782603166e-02,2.173913043478254911e-02,nan,nan,nan,nan,nan,nan,nan,nan,nan,nan,nan,nan,nan,nan,nan,nan,nan,nan,nan,nan,nan,2.717391304347782643e-03,nan,nan,3.804347826086918079e-03,nan,nan,nan,nan,nan,nan,6.521739130434722406e-03,nan,nan,nan,nan,nan,nan,nan,nan,nan,1.086956521739090766e-03,1.358695652173909016e-02,nan,nan,nan,2.173913043478257340e-02,nan,nan,nan,nan,nan,4.347826086956474087e-03,nan,nan,nan,nan,nan
nan,nan,nan,nan,nan,nan,-9.039548022598809657e-03,nan,nan,nan,nan,nan,-2.824858757062087469e-03,nan,nan,nan,nan,nan,nan,nan,nan,nan,-2.259887005649674659e-03,nan,nan,nan,nan,nan,2.598870056497182279e-02,nan,nan,4.519774011299482024e-03,nan,nan,nan,-5.649717514124241724e-03,4.519774011299482024e-03,nan,nan,nan,nan,nan,nan,nan,nan,nan,nan,nan,nan,-1.242937853107339841e-02,nan,nan,nan,nan,3.389830508474611735e-03,nan,nan,nan,nan,-5.649717514124264275e-03,nan,nan,nan,nan,nan
nan,nan,nan,nan,nan,nan,1.189189189189185890e-02,nan,nan,nan,nan,nan,0.000000000000000000e+00,1.081081081081025587e-03,nan,nan,nan,nan,nan,nan,nan,nan,3.783783783783745136e-03,nan,nan,nan,nan,nan,2.162162162162140078e-03,nan,nan,2.702702702702675097e-03,nan,nan,nan,5.945945945945907765e-03,nan,nan,nan,nan,nan,nan,nan,nan,nan,nan,nan,nan,nan,8.648648648648605414e-03,nan,nan,nan,nan,nan,nan,nan,4.324324324324257604e-03,nan,9.189189189189183801e-03,nan,nan,nan,nan,nan
nan,nan,nan,nan,nan,nan,4.297082228116706759e-02,nan,nan,nan,nan,nan,-7.427055702917795266e-03,4.244031830238692571e-03,nan,nan,1.061007957559656446e-03,nan,nan,1.061007957559656446e-03,nan,nan,nan,nan,nan,nan,nan,nan,1.591511936339484777e-03,nan,nan,5.305039787798370918e-03,nan,nan,nan,nan,nan,nan,nan,nan,nan,nan,nan,nan,nan,nan,nan,nan,nan,3.076923076923072584e-02,nan,nan,nan,1.856763925729441184e-02,nan,nan,nan,nan,nan,1.591511936339506895e-03,nan,nan,nan,nan,nan
nan,nan,nan,nan,-1.709401709401769899e-03,nan,2.336182336182333202e-02,nan,nan,nan,nan,nan,nan,-6.837606837606880102e-03,nan,nan,nan,nan,nan,nan,nan,-5.698005698005825575e-04,3.418803418803406657e-03,nan,nan,nan,nan,nan,-1.025641025641028589e-02,nan,nan,3.988603988603988890e-03,nan,nan,nan,nan,nan,nan,-8.547008547008582563e-03,nan,nan,nan,nan,nan,nan,nan,nan,nan,nan,nan,nan,nan,nan,1.994301994301992537e-02,nan,nan,nan,nan,nan,-4.558404558404593673e-03,nan,nan,nan,nan,nan
nan,nan,nan,nan,nan,nan,5.994550408719412013e-03,nan,nan,nan,nan,nan,nan,nan,nan,nan,nan,nan,nan,nan,nan,nan,4.904632152588584044e-03,nan,nan,nan,nan,nan,3.814713896457821996e-03,nan,nan,-2.724795640326926807e-03,nan,nan,nan,nan,nan,1.471389645776570790e-02,nan,nan,nan,nan,nan,2.220446049250313204e-17,nan,nan,3.814713896457821996e-03,nan,-5.449591280653586899e-04,nan,nan,nan,nan,3.269754768392372363e-02,nan,nan,nan,nan,nan,-1.035422343324248276e-02,nan,nan,nan,nan,nan
nan,nan,nan,nan,nan,2.091152815013406358e-02,5.576407506702416722e-02,nan,nan,nan,nan,nan,3.753351206434318681e-03,nan,nan,nan,nan,nan,nan,1.072386058981234002e-03,nan,nan,9.651474530831104931e-03,nan,nan,nan,nan,nan,1.072386058981234002e-03,nan,nan,-3.753351206434318681e-03,nan,nan,nan,nan,nan,nan,nan,nan,nan,nan,nan,nan,nan,2.144772117962468003e-03,nan,nan,nan,nan,nan,nan,nan,4.825737265415552465e-03,nan,nan,nan,nan,nan,2.520107238605899871e-02,nan,nan,nan,nan,nan
nan,nan,nan,nan,nan,nan,nan,nan,nan,nan,nan,nan,-1.072386058981234002e-03,-1.072386058981234002e-03,nan,nan,nan,nan,nan,-1.608579088471850894e-03,nan,-5.361930294906170008e-04,-8.579088471849872014e-03,nan,nan,nan,nan,nan,-3.753351206434318681e-03,nan,nan,3.217158176943701788e-03,nan,nan,nan,8.579088471849872014e-03,nan,nan,nan,nan,nan,nan,nan,nan,nan,nan,nan,nan,nan,nan,nan,nan,nan,-4.825737265415552465e-03,nan,nan,nan,nan,nan,3.914209115281504225e-02,nan,nan,nan,nan,nan
nan,nan,nan,nan,-1.108033240997263833e-03,nan,8.310249307479190134e-03,nan,nan,nan,nan,nan,6.648199445983338403e-03,-6.661338147750938996e-17,nan,nan,nan,nan,nan,nan,nan,nan,7.202216066481970103e-03,nan,nan,nan,nan,nan,-6.648199445983426874e-03,nan,nan,4.432132963988854972e-03,nan,nan,nan,nan,nan,nan,nan,nan,nan,nan,nan,nan,nan,1.218836565096950188e-02,nan,nan,nan,1.994459833795010281e-02,nan,nan,nan,nan,nan,nan,nan,nan,nan,2.770083102493048344e-03,nan,nan,nan,nan,nan
nan,nan,nan,nan,nan,nan,1.833333333333333343e-02,nan,nan,nan,nan,nan,nan,-4.999999999999981889e-03,nan,nan,3.333333333333321404e-03,nan,nan,nan,nan,nan,nan,nan,nan,nan,nan,nan,8.888888888888857656e-03,nan,nan,-3.888888888888874899e-03,nan,nan,nan,nan,nan,nan,nan,0.000000000000000000e+00,nan,nan,nan,nan,nan,-4.444444444444428828e-03,nan,nan,nan,1.611111111111109689e-02,nan,nan,nan,3.722222222222222598e-02,nan,nan,nan,nan,nan,1.111111111111107207e-03,nan,nan,nan,nan,nan
nan,nan,nan,nan,nan,nan,3.542857142857147590e-02,nan,5.142857142857182491e-03,nan,nan,nan,4.000000000000047788e-03,nan,nan,nan,nan,nan,nan,nan,nan,3.428571428571469595e-03,1.542857142857145814e-02,nan,nan,nan,nan,nan,nan,nan,nan,1.714285714285734797e-03,nan,nan,nan,4.400000000000003908e-02,nan,nan,nan,nan,nan,nan,nan,nan,nan,nan,nan,nan,1.771428571428579346e-02,nan,nan,nan,nan,2.685714285714291272e-02,nan,nan,nan,nan,nan,3.371428571428573828e-02,nan,nan,nan,nan,nan
nan,nan,nan,nan,nan,nan,nan,nan,nan,nan,nan,nan,-5.361930294906170008e-04,nan,nan,nan,nan,nan,nan,nan,nan,nan,9.115281501340489340e-03,5.361930294906170008e-04,nan,nan,nan,nan,1.608579088471850894e-03,nan,nan,1.608579088471850894e-03,nan,nan,nan,nan,nan,1.608579088471850937e-02,nan,nan,nan,3.538873994638071924e-02,nan,nan,nan,nan,0.000000000000000000e+00,nan,nan,nan,nan,nan,nan,4.075067024128688903e-02,nan,nan,nan,nan,nan,1.983914209115282892e-02,nan,nan,nan,nan,nan
nan,nan,nan,nan,nan,nan,5.555555555555313774e-04,nan,-4.440892098500626408e-17,nan,nan,nan,-5.555555555555536035e-04,nan,nan,nan,nan,nan,nan,nan,nan,nan,-6.666666666666709595e-03,nan,nan,nan,nan,nan,4.999999999999981889e-03,nan,nan,-4.444444444444450512e-03,nan,nan,nan,nan,nan,nan,2.222222222222192296e-03,nan,nan,nan,nan,nan,nan,-4.444444444444450512e-03,nan,nan,nan,3.333333333333277169e-03,nan,nan,nan,nan,nan,nan,nan,nan,nan,-1.611111111111116628e-02,nan,nan,nan,nan,nan
nan,nan,nan,3.559322033898304483e-02,nan,nan,7.344632768361569926e-03,nan,-4.519774011299460340e-03,nan,nan,nan,-6.214689265536743439e-03,nan,nan,nan,nan,nan,nan,nan,nan,-1.694915254237305867e-03,nan,nan,nan,nan,nan,nan,-1.977401129943503338e-02,nan,nan,-3.389830508474611735e-03,nan,nan,nan,nan,nan,nan,-1.129943502824870506e-03,nan,nan,nan,nan,nan,nan,nan,nan,nan,nan,nan,nan,nan,nan,2.259887005649718894e-03,nan,nan,nan,nan,nan,-3.954802259887024544e-03,nan,nan,nan,nan,nan
nan,nan,nan,nan,nan,nan,-2.162162162162162195e-03,nan,nan,nan,nan,nan,nan,nan,nan,nan,nan,nan,nan,nan,nan,0.000000000000000000e+00,5.405405405405794717e-04,nan,nan,nan,nan,nan,1.081081081081081141e-02,nan,nan,-4.864864864864815175e-03,nan,nan,nan,nan,nan,nan,-1.081081081081078886e-02,nan,nan,nan,nan,nan,nan,-3.243243243243210117e-03,nan,nan,-2.540540540540538877e-02,6.486486486486487020e-03,nan,nan,nan,nan,nan,nan,nan,nan,nan,-2.486486486486485376e-02,nan,nan,nan,nan,nan
nan,nan,nan,3.227513227513230387e-02,nan,nan,1.216931216931220819e-02,nan,nan,nan,nan,nan,nan,nan,nan,nan,nan,nan,nan,nan,nan,3.703703703703742443e-03,2.645502645502673111e-03,nan,nan,nan,nan,nan,-2.645502645502628876e-03,nan,nan,-3.703703703703631420e-03,nan,nan,nan,nan,nan,nan,nan,nan,nan,nan,nan,nan,nan,nan,1.058201058201062653e-02,nan,5.291005291005790095e-04,nan,nan,nan,nan,2.116402116402138663e-03,nan,nan,nan,nan,nan,1.481481481481485875e-02,nan,nan,nan,nan,nan
nan,nan,nan,nan,nan,nan,2.613333333333327582e-02,nan,nan,nan,nan,nan,nan,nan,nan,nan,nan,nan,nan,3.199999999999958520e-03,nan,5.333333333332968213e-04,1.173333333333323979e-02,nan,nan,nan,nan,nan,2.666666666666595020e-03,nan,nan,-5.333333333333633913e-04,nan,nan,nan,nan,nan,nan,nan,nan,nan,nan,nan,6.933333333333280106e-03,nan,nan,nan,nan,nan,3.733333333333328785e-02,nan,nan,nan,9.066666666666601399e-03,nan,nan,nan,nan,nan,2.026666666666660996e-02,nan,nan,nan,nan,nan
nan,nan,nan,nan,nan,-2.583979328165342260e-03,4.082687338501293783e-02,nan,nan,nan,nan,nan,nan,nan,nan,nan,nan,nan,nan,-4.651162790697593689e-03,nan,nan,5.684754521963886371e-03,nan,nan,nan,nan,nan,1.136950904392770509e-02,nan,nan,-5.167958656330018169e-04,nan,nan,nan,nan,nan,nan,nan,nan,nan,nan,nan,nan,nan,1.550387596899272056e-03,nan,nan,nan,4.651162790697727263e-03,nan,nan,nan,2.842377260981918813e-02,nan,nan,nan,nan,nan,1.550387596899294174e-03,nan,nan,nan,nan,nan
nan,nan,nan,nan,-3.867403314917150677e-03,nan,nan,nan,nan,nan,nan,nan,-1.657458563535940677e-03,nan,nan,nan,nan,nan,nan,-5.524861878453047118e-03,nan,nan,nan,nan,nan,nan,nan,nan,6.629834254143651684e-03,nan,nan,3.867403314917106007e-03,nan,nan,nan,nan,nan,nan,1.160220994475136269e-02,nan,nan,nan,nan,nan,nan,nan,nan,nan,nan,3.867403314917126217e-02,nan,nan,nan,1.988950276243090995e-02,nan,nan,nan,5.524861878452913327e-04,nan,8.287292817679569809e-03,nan,nan,nan,nan,nan
nan,nan,nan,nan,-1.709401709401747781e-03,5.128205128205065751e-03,4.045584045584042776e-02,nan,nan,nan,nan,nan,nan,nan,nan,nan,7.977207977207911860e-03,nan,nan,5.128205128205065751e-03,nan,nan,nan,nan,nan,nan,nan,nan,9.686609686609637740e-03,nan,nan,4.558404558404505202e-03,nan,nan,nan,nan,nan,nan,nan,nan,nan,5.071225071225064773e-02,nan,nan,nan,1.310541310541304440e-02,nan,nan,nan,nan,nan,nan,nan,nan,nan,nan,nan,nan,nan,1.823361823361817693e-02,nan,nan,nan,nan,nan
nan,nan,nan,nan,nan,nan,7.323943661971843086e-03,nan,nan,nan,nan,nan,0.000000000000000000e+00,2.253521126760560465e-03,nan,nan,nan,nan,nan,nan,nan,6.760563380281680960e-03,7.323943661971821402e-03,nan,nan,nan,nan,nan,-1.915492957746476460e-02,nan,nan,-5.070422535211260504e-03,nan,nan,nan,nan,nan,nan,-7.323943661971821402e-03,-1.295774647887322148e-02,nan,nan,nan,nan,nan,nan,nan,nan,nan,nan,nan,nan,nan,nan,nan,nan,nan,nan,nan,1.295774647887326658e-02,nan,nan,nan,nan,nan
nan,nan,nan,nan,2.770083102493048344e-03,2.216066481994454287e-02,2.659279778393348545e-02,nan,nan,nan,nan,nan,nan,nan,nan,nan,nan,nan,nan,nan,nan,nan,8.864265927977820966e-03,nan,nan,nan,nan,nan,1.883656509695290707e-02,nan,nan,-4.986149584487553459e-03,nan,nan,nan,nan,nan,nan,-2.770083102493115131e-03,nan,nan,nan,nan,nan,nan,nan,nan,nan,nan,3.434903047091410894e-02,nan,nan,nan,4.044321329639884166e-02,nan,nan,nan,nan,nan,4.432132963988921759e-03,nan,nan,nan,nan,nan
nan,nan,nan,nan,nan,3.743315508021338636e-03,3.155080213903736081e-02,nan,nan,nan,nan,nan,nan,nan,nan,nan,-4.440892098500626408e-17,nan,nan,nan,nan,-1.069518716577544468e-03,-3.208556149732655523e-03,nan,nan,nan,nan,nan,-1.604278074866360938e-03,nan,nan,-2.139037433155088937e-03,nan,nan,nan,nan,nan,nan,nan,nan,nan,nan,nan,nan,nan,nan,1.604278074866249916e-03,nan,nan,2.352941176470581958e-02,nan,nan,nan,1.016042780748658246e-02,nan,nan,nan,nan,nan,nan,nan,nan,nan,nan,nan
nan,nan,nan,nan,-6.299212598425208039e-03,-1.574803149606296372e-03,1.259842519685039353e-02,nan,-1.574803149606318706e-03,nan,nan,nan,nan,nan,nan,nan,nan,nan,nan,-3.674540682414684234e-03,nan,nan,nan,nan,nan,nan,nan,nan,1.574803149606296372e-03,nan,nan,1.049868766404182764e-03,nan,nan,nan,nan,nan,nan,-1.207349081364830247e-02,nan,nan,nan,nan,nan,nan,nan,nan,nan,nan,-6.824146981627299095e-03,nan,nan,nan,nan,nan,nan,nan,nan,nan,-1.574803149606298497e-02,nan,nan,nan,nan,nan
nan,nan,nan,nan,nan,nan,1.571815718157187902e-02,nan,nan,nan,nan,nan,nan,2.710027100271061688e-03,nan,nan,nan,nan,nan,nan,nan,nan,6.504065040650442060e-03,nan,nan,nan,nan,nan,4.440892098500626408e-17,nan,nan,4.878048780487831762e-03,nan,nan,nan,-4.336043360433560964e-03,nan,nan,nan,nan,nan,nan,nan,nan,nan,-7.046070460704534182e-03,nan,nan,nan,-1.626016260162594859e-02,nan,nan,nan,nan,2.005420054200546254e-02,nan,nan,nan,nan,-3.414634146341457427e-02,nan,nan,nan,nan,nan
