nan,nan,nan,5.118829981718442737e-03,nan,nan,nan,nan,nan,nan,2.193784277879351312e-03,nan,nan,nan,nan,nan,nan,nan,nan,nan,nan,nan,nan,nan,nan,nan,nan,-7.312614259597838067e-04,2.595978062157218089e-02,nan,nan,-1.462522851919612066e-03,nan,4.387568555758680940e-03,nan,nan,nan,nan,nan,nan,nan,-2.220446049250313204e-17,nan,nan,nan,nan,-7.312614259598060329e-04,nan,nan,nan,-4.021937842778844710e-03,nan,nan,nan,nan,nan,0.000000000000000000e+00,nan,nan,nan,nan,nan,nan,nan,nan
nan,nan,nan,nan,nan,nan,nan,nan,nan,nan,1.165755919854285540e-02,nan,nan,nan,nan,nan,nan,nan,nan,nan,nan,nan,nan,nan,-4.007285974499019861e-03,nan,-3.642987249544260672e-04,-2.185792349726733887e-03,1.566484517304196286e-02,nan,nan,3.642987249544704653e-04,nan,3.278688524590212070e-03,nan,nan,nan,nan,1.092896174863411396e-03,nan,nan,-1.457194899817815291e-03,nan,nan,nan,nan,nan,nan,nan,nan,-1.092896174863366944e-03,nan,nan,nan,nan,nan,nan,nan,nan,nan,nan,nan,nan,nan,nan
nan,nan,nan,nan,nan,nan,nan,nan,nan,nan,1.555977229601517367e-02,nan,nan,-1.138519924098702020e-03,nan,-3.415559772296039489e-03,nan,nan,nan,nan,nan,nan,nan,nan,nan,nan,nan,3.795066413661895904e-04,6.072106261859544322e-03,-6.072106261859611109e-03,nan,nan,nan,nan,nan,nan,nan,nan,nan,-2.220446049250313204e-17,nan,-4.174573055028463556e-03,nan,nan,nan,nan,-4.933586337760931424e-03,nan,nan,nan,3.795066413662118165e-04,nan,nan,nan,nan,nan,nan,nan,nan,nan,nan,nan,nan,nan,nan
nan,nan,nan,nan,nan,nan,nan,nan,nan,nan,1.462522851919561065e-02,nan,nan,nan,nan,nan,nan,nan,nan,nan,nan,nan,nan,nan,nan,nan,0.000000000000000000e+00,9.872029250457025826e-03,2.486288848263251694e-02,nan,nan,0.000000000000000000e+00,nan,4.387568555758680940e-03,nan,nan,nan,nan,nan,nan,nan,1.828153564899404060e-03,nan,nan,nan,nan,1.133455210237659452e-02,nan,nan,nan,-4.021937842778844710e-03,nan,nan,nan,nan,nan,1.023765996343690629e-02,nan,nan,nan,nan,nan,nan,nan,nan
nan,nan,nan,2.018348623853210080e-02,nan,nan,nan,nan,nan,nan,-2.568807339449574560e-03,nan,nan,nan,nan,nan,nan,nan,nan,nan,nan,nan,nan,nan,nan,nan,1.834862385321045508e-03,-6.605504587155986047e-03,-4.440892098500626408e-17,nan,nan,-3.302752293578015141e-03,nan,3.669724770641868972e-04,nan,nan,nan,nan,nan,nan,nan,-3.669724770642202039e-03,nan,nan,nan,nan,nan,nan,nan,nan,-7.339449541284625905e-04,nan,nan,nan,nan,nan,2.201834862385299192e-03,nan,nan,nan,nan,nan,nan,nan,nan
4.044117647058875949e-03,nan,nan,nan,nan,nan,nan,nan,0.000000000000000000e+00,nan,1.029411764705889798e-02,nan,nan,nan,nan,nan,nan,nan,nan,nan,nan,nan,nan,nan,3.676470588235369961e-03,nan,nan,2.941176470588269080e-03,1.102941176470595419e-02,nan,nan,nan,nan,nan,nan,nan,nan,nan,4.044117647058875949e-03,nan,nan,nan,nan,nan,nan,nan,nan,nan,0.000000000000000000e+00,nan,0.000000000000000000e+00,nan,nan,nan,nan,nan,-3.676470588235281056e-04,nan,nan,nan,nan,nan,nan,nan,nan
nan,nan,nan,3.570127504553730763e-02,nan,nan,nan,nan,nan,nan,4.735883424407982475e-03,nan,nan,nan,nan,nan,nan,nan,nan,nan,nan,nan,nan,nan,-2.914389799635741605e-03,nan,nan,3.642987249544038411e-04,1.384335154826954462e-02,nan,nan,nan,nan,nan,nan,nan,nan,nan,nan,nan,nan,3.278688524590123166e-03,nan,nan,nan,nan,-7.285974499089409306e-04,nan,-3.642987249544926915e-04,nan,-4.440892098500626408e-17,5.828779599271372187e-03,nan,nan,nan,nan,nan,nan,nan,nan,nan,nan,nan,nan,nan
nan,nan,nan,3.493761140819966193e-02,nan,nan,nan,nan,nan,nan,-1.069518716577522134e-03,nan,nan,nan,nan,nan,nan,nan,nan,nan,-4.634581105169321633e-03,nan,nan,3.565062388591888620e-04,nan,nan,nan,-1.390374331550801000e-02,-4.991087344028488811e-03,nan,nan,nan,nan,1.782531194295899858e-03,nan,nan,nan,nan,nan,-2.852049910873399874e-03,nan,-9.269162210338665817e-03,nan,nan,nan,nan,-1.069518716577544468e-03,nan,nan,nan,nan,nan,nan,nan,nan,nan,nan,nan,nan,nan,nan,nan,nan,nan,nan
-7.181328545780463635e-04,nan,nan,nan,nan,nan,nan,nan,nan,nan,1.759425493716342340e-02,nan,nan,nan,nan,nan,nan,nan,nan,nan,nan,2.513464991023428661e-03,nan,nan,-3.231597845601408454e-03,nan,nan,2.585278276481151050e-02,1.184919210053863095e-02,nan,nan,nan,nan,nan,nan,nan,nan,nan,2.513464991023383992e-03,nan,nan,8.258527827648154754e-03,nan,nan,nan,nan,nan,nan,nan,nan,7.181328545781351597e-04,nan,nan,nan,nan,nan,1.364452423698392369e-02,nan,nan,nan,nan,nan,nan,nan,nan
nan,nan,nan,nan,nan,nan,nan,nan,nan,nan,3.217550274223031359e-02,nan,3.656307129798852355e-03,nan,nan,nan,nan,nan,nan,nan,nan,nan,nan,nan,2.925045703839068874e-03,nan,nan,5.118829981718420186e-03,1.279707495429611638e-02,nan,nan,nan,nan,nan,nan,nan,nan,nan,nan,2.925045703839046322e-03,nan,1.389396709323578206e-02,nan,nan,nan,nan,nan,nan,7.312614259597615806e-04,nan,0.000000000000000000e+00,nan,nan,nan,nan,nan,nan,nan,6.581352833637965465e-03,nan,nan,nan,nan,nan,nan
nan,nan,nan,5.514705882352921584e-03,nan,nan,nan,nan,nan,nan,-7.352941176470562112e-04,nan,nan,nan,nan,nan,nan,nan,nan,nan,nan,nan,nan,nan,nan,nan,-3.676470588235281056e-04,6.985294117647078242e-03,1.397058823529413393e-02,nan,nan,nan,nan,2.205882352941168634e-03,nan,nan,nan,nan,nan,nan,nan,-1.470588235294112422e-03,nan,nan,nan,nan,nan,nan,3.676470588235281056e-03,nan,-2.573529411764696739e-03,nan,nan,nan,nan,nan,7.720588235294090218e-03,nan,nan,nan,nan,nan,nan,nan,nan
nan,nan,nan,nan,nan,nan,nan,nan,nan,nan,-1.056338028169068188e-03,nan,nan,nan,nan,nan,nan,nan,nan,nan,nan,nan,nan,nan,nan,nan,nan,7.042253521126751181e-03,1.056338028168979284e-03,nan,nan,nan,nan,7.042253521126528920e-04,nan,nan,nan,nan,nan,0.000000000000000000e+00,nan,-3.873239436619790779e-03,nan,nan,nan,nan,-1.408450704225394689e-03,nan,nan,nan,0.000000000000000000e+00,nan,nan,nan,nan,nan,-3.521126760563930702e-04,nan,-2.220446049250313204e-17,nan,nan,nan,nan,nan,nan
nan,nan,nan,nan,nan,nan,nan,nan,1.077199281867136007e-03,nan,-1.795332136445226823e-03,nan,nan,-3.590664272890453645e-03,-3.590664272890453537e-04,nan,nan,nan,nan,nan,nan,nan,nan,nan,nan,nan,nan,-8.617594254937178261e-03,1.041292639138242590e-02,nan,nan,nan,nan,5.026929982046679513e-03,nan,nan,nan,nan,nan,nan,nan,-3.590664272890453645e-03,-3.231597845601430572e-03,nan,-1.436265709156181415e-03,nan,nan,nan,nan,nan,nan,nan,nan,nan,nan,nan,nan,nan,nan,nan,nan,nan,nan,nan,nan
nan,nan,nan,nan,nan,nan,nan,nan,-2.135231316725993977e-03,nan,1.138790035587182795e-02,nan,-6.049822064056997392e-03,nan,nan,nan,nan,nan,nan,nan,nan,0.000000000000000000e+00,nan,nan,nan,nan,nan,3.914590747330914944e-03,8.540925266903887439e-03,nan,nan,-3.558718861210063869e-04,nan,3.558718861209930837e-03,nan,nan,nan,nan,nan,nan,nan,3.558718861209930837e-03,nan,nan,nan,nan,nan,nan,nan,nan,-1.423487544484003430e-03,nan,nan,nan,nan,nan,nan,nan,nan,nan,nan,nan,nan,nan,nan
nan,nan,nan,nan,nan,nan,nan,nan,nan,nan,8.938547486033555228e-03,nan,nan,4.096834264432036750e-03,-2.979515828677858826e-03,-4.469273743016777614e-03,nan,nan,nan,-2.220446049250313204e-17,nan,nan,nan,nan,nan,nan,nan,3.351955307262555021e-03,7.076350093109873458e-03,nan,nan,nan,nan,-2.234636871508399649e-03,nan,nan,nan,nan,nan,3.724394785847184755e-04,nan,3.724394785846963036e-04,nan,nan,nan,nan,nan,nan,nan,nan,nan,nan,nan,nan,nan,nan,nan,nan,nan,nan,nan,nan,nan,nan,nan
nan,nan,nan,nan,nan,nan,nan,nan,4.485981308411224507e-03,nan,1.794392523364485292e-02,nan,nan,nan,nan,nan,nan,nan,nan,nan,nan,nan,nan,nan,nan,nan,nan,1.495327102803756247e-03,9.719626168224304585e-03,1.345794392523365010e-02,nan,nan,nan,3.738317757009346383e-03,nan,nan,nan,nan,nan,nan,1.420560747663550741e-02,7.102803738317731153e-03,nan,nan,nan,nan,-3.738317757009368501e-03,nan,nan,nan,3.738317757009390618e-04,nan,nan,nan,nan,nan,nan,nan,nan,nan,nan,nan,nan,nan,nan
2.531645569620310891e-03,nan,nan,nan,nan,nan,nan,nan,nan,nan,1.627486437613021725e-02,nan,nan,nan,nan,nan,nan,nan,nan,nan,nan,nan,nan,nan,3.978300180831872632e-03,nan,nan,2.220446049250313204e-17,1.048824593128392345e-02,nan,nan,nan,nan,nan,nan,nan,nan,nan,nan,1.446654611211628527e-03,nan,1.446654611211606409e-03,nan,nan,nan,nan,nan,nan,1.446654611211606409e-03,nan,-7.233273056057809786e-04,nan,nan,nan,nan,nan,nan,nan,-1.808318264014441333e-03,nan,nan,nan,nan,nan,nan
nan,nan,nan,nan,nan,nan,nan,nan,nan,nan,3.236363636363633056e-02,nan,nan,nan,nan,nan,nan,nan,nan,nan,nan,nan,nan,nan,3.636363636363215473e-04,nan,nan,2.909090909090861210e-03,1.163636363636360097e-02,nan,nan,nan,nan,-7.272727272727541169e-04,nan,nan,nan,nan,nan,-7.272727272727319992e-04,nan,3.999999999999915082e-03,nan,nan,nan,-4.440892098500626408e-17,nan,nan,2.545454545454473201e-03,nan,3.272727272727204983e-03,nan,nan,nan,nan,nan,nan,nan,nan,nan,nan,nan,nan,nan,nan
nan,nan,nan,nan,nan,-1.876172607879888956e-03,nan,nan,nan,nan,5.253283302063871396e-03,nan,nan,nan,nan,nan,nan,nan,nan,nan,nan,nan,nan,2.626641651031946974e-03,1.125703564727986630e-03,nan,nan,-7.504690431519467787e-04,7.504690431519756184e-03,nan,nan,nan,nan,nan,nan,nan,nan,nan,nan,1.388367729831150275e-02,nan,-3.377110694183826749e-03,nan,nan,nan,nan,nan,nan,-1.876172607879888956e-03,nan,-3.001876172607853468e-03,nan,nan,nan,nan,nan,nan,nan,nan,nan,nan,nan,nan,nan,nan
nan,nan,nan,nan,nan,nan,nan,nan,nan,nan,4.363636363636303091e-03,nan,nan,nan,nan,nan,nan,nan,nan,nan,nan,nan,nan,-6.181818181818221451e-03,nan,nan,nan,5.090909090909034873e-03,5.818181818181766655e-03,nan,nan,nan,nan,-3.636363636364103977e-04,nan,nan,nan,nan,nan,nan,nan,1.018181818181813567e-02,nan,nan,nan,nan,-2.181818181818195781e-03,nan,nan,nan,-2.181818181818195781e-03,nan,nan,nan,nan,-3.636363636363659996e-04,1.818181818181740985e-03,nan,nan,nan,nan,nan,nan,nan,nan
nan,nan,nan,nan,nan,nan,nan,nan,nan,nan,3.636363636363659779e-03,nan,nan,nan,nan,nan,nan,nan,nan,nan,nan,1.090909090909097890e-03,nan,7.272727272727319992e-04,nan,nan,nan,5.454545454545489669e-03,5.454545454545489669e-03,nan,nan,nan,nan,4.000000000000026104e-03,nan,nan,nan,nan,nan,8.000000000000029657e-03,nan,3.127272727272727149e-02,nan,nan,nan,nan,1.818181818181829890e-03,nan,nan,nan,-2.181818181818195781e-03,nan,nan,nan,nan,nan,nan,nan,nan,nan,nan,nan,nan,nan,nan
0.000000000000000000e+00,nan,nan,nan,nan,0.000000000000000000e+00,nan,nan,-1.503759398496207298e-03,nan,6.766917293233154669e-03,nan,nan,nan,nan,nan,nan,nan,nan,nan,nan,nan,nan,nan,-1.127819548872155365e-03,nan,nan,-1.879699248120259014e-03,5.263157894736902702e-03,nan,nan,nan,nan,-1.879699248120259014e-03,nan,nan,nan,nan,nan,nan,nan,-2.631578947368384998e-03,nan,nan,nan,nan,nan,nan,nan,nan,0.000000000000000000e+00,nan,nan,nan,nan,nan,nan,nan,nan,nan,nan,nan,nan,nan,nan
nan,nan,nan,2.772643253234747737e-02,nan,nan,nan,nan,nan,nan,-4.066543438077663275e-03,nan,nan,nan,nan,nan,nan,nan,nan,nan,nan,nan,nan,nan,nan,nan,0.000000000000000000e+00,-4.066543438077619040e-03,3.696857670979714289e-04,nan,nan,-2.218114602587828357e-03,nan,6.654343807763396165e-03,nan,nan,nan,nan,nan,nan,nan,-2.957486136783748880e-03,nan,nan,nan,nan,nan,nan,nan,nan,-2.957486136783748880e-03,nan,nan,nan,nan,nan,1.109057301293914178e-03,nan,nan,nan,nan,nan,nan,nan,nan
nan,nan,nan,1.069518716577537790e-02,nan,nan,nan,nan,1.782531194295944310e-03,nan,-1.782531194295944310e-03,nan,nan,nan,nan,nan,nan,2.852049910873444109e-03,nan,nan,nan,nan,nan,nan,nan,nan,nan,2.067736185383241970e-02,5.704099821746888219e-03,nan,nan,nan,nan,nan,nan,nan,nan,nan,-1.782531194295944310e-03,nan,nan,-4.991087344028510495e-03,nan,nan,nan,nan,nan,nan,nan,nan,7.130124777183777240e-04,nan,nan,nan,nan,nan,2.495543672014255247e-03,nan,nan,nan,nan,nan,nan,nan,nan
nan,nan,nan,6.812386156648449209e-02,nan,nan,nan,nan,nan,nan,-1.821493624772352327e-03,nan,nan,nan,nan,nan,nan,nan,nan,nan,nan,nan,nan,-1.092896174863433514e-03,nan,nan,nan,6.921675774134739348e-03,1.311475409836060368e-02,nan,nan,nan,nan,nan,nan,nan,nan,nan,-1.821493624772330209e-03,nan,nan,2.914389799635652700e-03,nan,nan,nan,nan,nan,nan,nan,nan,-9.471766848816075973e-03,1.384335154826956717e-02,nan,nan,nan,nan,4.007285974499041545e-03,nan,nan,nan,nan,nan,nan,nan,nan
0.000000000000000000e+00,nan,nan,nan,nan,nan,nan,nan,nan,nan,-3.629764065335772116e-03,nan,nan,nan,nan,nan,nan,nan,nan,nan,nan,nan,nan,nan,-4.355716878402926713e-03,nan,nan,-7.259528130671521681e-03,1.851179673321232816e-02,nan,nan,nan,nan,nan,nan,nan,nan,nan,nan,3.629764065335771899e-04,nan,-5.807622504537235039e-03,nan,nan,nan,-2.540834845735040655e-03,nan,nan,1.451905626134308760e-03,nan,-7.985480943738677145e-03,nan,nan,nan,nan,nan,nan,nan,nan,nan,nan,nan,nan,nan,nan
nan,nan,nan,nan,nan,nan,nan,nan,nan,nan,1.338432122370938372e-02,nan,nan,nan,nan,2.676864244741872321e-03,nan,nan,nan,nan,nan,nan,nan,nan,7.648183556405374270e-03,nan,nan,8.413001912045903891e-03,2.562141491395797388e-02,nan,nan,nan,nan,nan,nan,nan,nan,nan,nan,9.560229445506695720e-03,nan,1.606118546845125561e-02,nan,nan,nan,nan,0.000000000000000000e+00,nan,1.912045889101321450e-03,nan,3.059273422562114146e-03,nan,nan,nan,nan,nan,nan,nan,nan,nan,nan,nan,nan,nan,nan
nan,nan,nan,nan,nan,nan,nan,nan,nan,nan,2.417962003454228112e-02,nan,nan,nan,nan,2.763385146804808908e-03,nan,nan,nan,nan,nan,nan,nan,nan,nan,nan,nan,7.253886010362653632e-03,9.671848013816885387e-03,nan,nan,nan,nan,nan,nan,nan,nan,nan,6.217616580310880540e-03,1.381692573402417724e-02,nan,-1.727115716753080486e-03,nan,nan,1.727115716752991581e-03,nan,3.799654576856603683e-03,nan,nan,nan,5.526770293609639499e-03,nan,nan,nan,nan,nan,nan,nan,nan,nan,nan,nan,nan,nan,nan
-1.096892138939664597e-03,nan,nan,nan,nan,nan,nan,nan,nan,nan,-3.656307129798897024e-03,nan,nan,nan,nan,nan,nan,nan,nan,nan,nan,nan,nan,nan,nan,nan,2.559414990859210093e-03,0.000000000000000000e+00,1.170018281535647499e-02,nan,nan,nan,nan,-2.193784277879307076e-03,nan,nan,nan,nan,nan,nan,nan,-6.215722120658129235e-03,nan,nan,nan,nan,nan,nan,4.021937842778777923e-03,nan,0.000000000000000000e+00,nan,nan,nan,nan,2.559414990859232211e-03,nan,nan,nan,nan,nan,nan,nan,nan,nan
nan,nan,nan,nan,7.590132827324458592e-04,4.554079696394719608e-03,nan,nan,nan,nan,1.897533206831125653e-03,nan,nan,nan,nan,nan,nan,nan,nan,nan,nan,nan,nan,-2.277039848197381922e-03,nan,nan,nan,1.138519924098679902e-03,1.897533206831125653e-03,nan,nan,nan,nan,1.518026565464913836e-03,nan,nan,nan,nan,nan,-2.277039848197359804e-03,nan,3.795066413662251305e-03,nan,nan,nan,nan,nan,nan,nan,nan,0.000000000000000000e+00,nan,nan,nan,nan,nan,nan,nan,nan,nan,nan,nan,nan,nan,nan
nan,nan,nan,nan,nan,4.387568555758725175e-03,nan,nan,nan,nan,1.755027422303478968e-02,nan,nan,nan,nan,nan,nan,nan,nan,nan,nan,nan,nan,nan,4.387568555758702624e-03,nan,nan,8.775137111517384431e-03,1.133455210237661534e-02,nan,nan,-3.656307129798586184e-04,nan,7.678244972577718749e-03,nan,nan,nan,nan,nan,-2.925045703839113109e-03,nan,4.021937842778822159e-03,nan,nan,nan,nan,nan,nan,nan,nan,0.000000000000000000e+00,nan,nan,nan,nan,nan,nan,nan,nan,nan,nan,nan,nan,nan,nan
nan,nan,nan,nan,nan,nan,nan,nan,nan,nan,2.035714285714289654e-02,nan,nan,nan,nan,-1.428571428571423583e-03,nan,nan,nan,nan,nan,7.142857142857117914e-04,nan,nan,3.571428571428647645e-03,nan,nan,1.428571428571423583e-03,1.250000000000006661e-02,nan,nan,nan,nan,nan,nan,nan,nan,nan,nan,4.642857142857215007e-03,nan,6.428571428571516928e-03,nan,nan,5.714285714285782802e-03,nan,nan,nan,nan,nan,2.500000000000035614e-03,nan,nan,nan,nan,nan,nan,nan,nan,nan,nan,nan,nan,nan,nan
1.821493624772374444e-03,nan,nan,nan,nan,nan,nan,nan,nan,nan,-4.007285974499064096e-03,nan,nan,nan,nan,nan,nan,nan,nan,nan,nan,-7.285974499088964784e-04,nan,nan,-8.378870673952598658e-03,nan,nan,-6.921675774134761032e-03,2.914389799635706130e-02,nan,nan,nan,nan,1.092896174863411396e-03,nan,nan,nan,nan,nan,nan,nan,-3.278688524590123166e-03,nan,nan,nan,nan,nan,nan,nan,nan,-9.107468123861539588e-03,-3.278688524590123166e-03,nan,nan,nan,nan,nan,nan,nan,nan,nan,nan,nan,nan,nan
nan,nan,nan,nan,nan,-3.490401396160525030e-04,nan,nan,nan,nan,2.443280977312367683e-03,nan,nan,nan,nan,nan,nan,nan,nan,nan,nan,nan,nan,nan,-6.980802792321050059e-04,nan,nan,1.047120418848179789e-03,8.027923211169251533e-03,nan,nan,nan,nan,0.000000000000000000e+00,nan,nan,nan,nan,nan,6.980802792321050059e-04,nan,7.329842931937169404e-03,nan,nan,nan,nan,-2.094240837696314909e-03,nan,nan,nan,-3.490401396160525030e-04,nan,nan,nan,nan,nan,nan,nan,nan,nan,nan,nan,nan,nan,nan
0.000000000000000000e+00,nan,nan,3.440860215053760662e-02,nan,nan,nan,nan,1.433691756272397269e-02,nan,-2.508960573476759319e-03,nan,nan,nan,nan,nan,nan,nan,nan,nan,nan,nan,nan,nan,3.942652329749063607e-03,nan,nan,3.584229390680926603e-04,4.301075268817155725e-03,nan,nan,nan,nan,nan,nan,nan,nan,nan,nan,nan,nan,3.225806451612855952e-03,nan,nan,nan,nan,nan,nan,2.437275985663076711e-02,nan,3.584229390680948504e-03,nan,nan,nan,nan,nan,nan,nan,nan,nan,nan,nan,nan,nan,nan
nan,nan,nan,nan,nan,nan,nan,nan,nan,nan,3.710575139146521373e-03,nan,nan,3.710575139146410351e-04,nan,nan,nan,nan,nan,nan,nan,nan,nan,1.966604823747677283e-02,3.710575139145966370e-04,nan,nan,2.597402597402531481e-03,3.005565862708716590e-02,nan,nan,nan,nan,3.710575139146188089e-04,nan,nan,nan,nan,nan,nan,nan,9.276437847866404046e-03,nan,nan,nan,nan,nan,nan,nan,nan,-5.194805194805219087e-03,2.411873840445264566e-02,nan,nan,nan,nan,nan,nan,nan,nan,nan,nan,nan,nan,nan
nan,nan,nan,3.381294964028778299e-02,nan,nan,nan,nan,nan,nan,1.079136690647475262e-03,nan,nan,nan,nan,nan,nan,nan,nan,nan,nan,nan,nan,6.115107913669093342e-03,nan,nan,-1.438848920863300494e-03,-1.007194244604312471e-02,1.438848920863322611e-03,nan,nan,nan,nan,5.035971223021596180e-03,nan,nan,nan,nan,nan,nan,nan,7.194244604316502468e-04,nan,nan,nan,nan,nan,nan,nan,nan,-1.079136690647475262e-03,nan,nan,nan,nan,3.597122302158251234e-04,nan,nan,nan,nan,nan,nan,nan,nan,nan
nan,nan,nan,nan,nan,nan,nan,nan,-2.587800369685799677e-03,nan,1.367837338262472072e-02,nan,nan,nan,nan,-1.109057301293914178e-03,nan,nan,nan,nan,nan,nan,nan,1.663585951940849128e-02,4.805914972273517445e-03,nan,nan,7.763401109057266325e-03,1.700554528650644048e-02,nan,nan,nan,nan,nan,nan,nan,nan,nan,nan,-1.109057301293914178e-03,nan,1.663585951940847046e-02,nan,nan,nan,nan,nan,nan,nan,nan,-7.393715341959649755e-04,nan,nan,nan,nan,nan,nan,nan,nan,nan,nan,nan,nan,nan,nan
nan,nan,nan,nan,nan,0.000000000000000000e+00,nan,nan,nan,nan,-1.855287569573249628e-03,nan,1.484230055658653045e-03,nan,nan,nan,nan,nan,nan,nan,nan,nan,nan,1.076066790352510003e-02,nan,nan,nan,-1.113172541743967557e-03,1.818181818181820869e-02,nan,nan,nan,nan,nan,nan,nan,nan,nan,nan,2.040816326530614511e-02,nan,2.968460111317283538e-03,nan,nan,nan,nan,nan,nan,nan,nan,1.484230055658653045e-03,1.484230055658653045e-03,nan,nan,nan,nan,nan,nan,nan,nan,nan,nan,nan,nan,nan
nan,nan,nan,-2.973977695167317851e-03,nan,nan,nan,nan,nan,nan,-6.319702602230537099e-03,nan,nan,nan,nan,nan,nan,nan,nan,nan,nan,nan,nan,nan,nan,nan,2.230483271375449574e-03,-1.486988847583670201e-03,1.115241635687702669e-03,nan,nan,nan,nan,-3.717472118959230798e-04,nan,nan,nan,nan,nan,-1.115241635687769239e-03,nan,-3.717472118959141893e-03,nan,nan,nan,nan,nan,nan,nan,nan,-3.717472118959230798e-04,nan,nan,nan,nan,nan,-3.717472118959230798e-04,nan,nan,nan,nan,nan,nan,nan,nan
nan,nan,nan,nan,nan,nan,nan,nan,nan,nan,4.693140794223782386e-03,nan,nan,-1.805054151624574388e-03,nan,nan,nan,nan,nan,nan,nan,nan,nan,5.054151624548674712e-03,-2.527075812274426261e-03,nan,nan,3.610108303248704795e-04,1.588447653429598747e-02,nan,nan,nan,nan,5.054151624548697264e-03,nan,nan,nan,nan,nan,nan,nan,1.083032490974724683e-02,nan,nan,nan,nan,nan,nan,7.220216606497853028e-04,nan,-5.054151624548741499e-03,nan,nan,nan,nan,nan,nan,nan,nan,nan,nan,nan,nan,nan,nan
nan,nan,nan,nan,nan,nan,nan,nan,nan,nan,1.564245810055862190e-02,nan,nan,nan,nan,nan,nan,nan,nan,nan,nan,nan,nan,nan,nan,nan,1.862197392923592432e-03,8.566108007448747577e-03,9.683426443202969303e-03,nan,nan,1.489757914338873902e-03,nan,1.862197392923636884e-03,nan,nan,nan,nan,nan,nan,nan,3.724394785847184755e-04,nan,nan,nan,nan,6.331471135940370046e-03,nan,nan,nan,8.193668528864005846e-03,nan,nan,nan,nan,nan,4.841713221601473376e-03,nan,nan,nan,nan,nan,nan,nan,nan
nan,nan,nan,nan,nan,nan,nan,nan,nan,nan,2.836879432624095452e-03,nan,nan,nan,nan,nan,nan,nan,nan,nan,nan,nan,nan,7.801418439716290357e-03,nan,nan,0.000000000000000000e+00,1.205673758865244416e-02,8.865248226950294547e-03,nan,nan,nan,nan,3.546099290779647145e-04,nan,nan,nan,nan,nan,nan,nan,2.482269503546086394e-03,nan,nan,nan,nan,-3.546099290780202473e-03,nan,nan,nan,-1.418439716312058785e-03,nan,nan,nan,nan,nan,2.127659574468076902e-03,nan,nan,nan,nan,nan,nan,nan,nan
nan,nan,nan,nan,nan,nan,nan,nan,nan,nan,7.734806629834234566e-03,nan,nan,nan,nan,nan,nan,nan,nan,nan,nan,1.473296500920806594e-03,nan,nan,nan,nan,nan,3.683241252302016377e-03,-3.683241252302016377e-03,nan,nan,nan,nan,nan,nan,nan,nan,nan,nan,nan,nan,-2.946593001841613189e-03,nan,nan,nan,-3.683241252302016377e-03,2.209944751381210000e-03,nan,7.366482504604032972e-04,nan,0.000000000000000000e+00,nan,nan,nan,nan,nan,4.788213627992620944e-03,nan,nan,nan,nan,nan,nan,nan,nan
nan,nan,nan,nan,nan,nan,nan,nan,nan,nan,1.449275362318780316e-03,nan,nan,nan,nan,nan,nan,nan,nan,nan,7.246376811594013251e-04,nan,nan,nan,nan,nan,nan,7.246376811594124057e-03,1.268115942028980037e-02,nan,nan,nan,nan,-3.623188405797339476e-04,nan,nan,nan,nan,nan,-4.710144927536252975e-03,nan,3.623188405797028635e-03,nan,nan,nan,-4.440892098500626408e-17,nan,nan,-1.449275362318847103e-03,nan,-2.173913043478270437e-03,nan,nan,nan,nan,nan,nan,nan,nan,nan,nan,nan,nan,nan,nan
nan,nan,nan,nan,nan,nan,nan,nan,nan,nan,1.240875912408756498e-02,nan,nan,nan,1.094890510948909323e-03,nan,nan,nan,nan,nan,nan,nan,nan,nan,2.189781021897774411e-03,nan,nan,3.649635036496290505e-04,1.204379562043793664e-02,nan,nan,0.000000000000000000e+00,nan,3.284671532846705853e-03,nan,nan,nan,nan,3.649635036496290505e-04,nan,nan,2.919708029197032404e-03,nan,nan,nan,nan,nan,nan,nan,nan,-2.919708029197076640e-03,nan,nan,nan,nan,nan,nan,nan,nan,nan,nan,nan,nan,nan,nan
nan,nan,nan,nan,nan,6.170598911070812771e-03,nan,nan,nan,nan,1.052631578947369438e-02,nan,nan,nan,nan,nan,nan,nan,nan,nan,nan,nan,nan,nan,nan,nan,nan,2.903811252268617520e-03,1.451905626134308760e-03,nan,nan,0.000000000000000000e+00,nan,1.088929219600731678e-03,nan,nan,nan,nan,nan,-2.540834845735040655e-03,nan,1.016333938294011752e-02,nan,nan,nan,nan,nan,nan,-1.088929219600731678e-03,nan,0.000000000000000000e+00,nan,nan,nan,nan,nan,nan,nan,nan,nan,nan,nan,nan,nan,nan
nan,nan,nan,nan,4.014598540146030632e-03,nan,nan,nan,nan,nan,-5.474452554744524066e-03,nan,nan,nan,nan,nan,nan,nan,nan,nan,nan,nan,nan,nan,nan,nan,nan,1.824817518248189651e-03,1.094890510948904813e-02,nan,nan,-2.554744525547403191e-03,nan,nan,nan,nan,nan,nan,nan,5.839416058394197515e-03,nan,2.007299270072995107e-02,nan,nan,nan,nan,-4.379562043795593058e-03,nan,-5.839416058394175831e-03,nan,-1.824817518248167316e-03,nan,nan,nan,nan,nan,nan,nan,nan,nan,nan,nan,nan,nan,nan
nan,nan,nan,nan,nan,nan,nan,nan,nan,nan,9.926470588235369874e-03,nan,nan,nan,nan,nan,nan,-2.205882352941168634e-03,nan,nan,nan,-1.470588235294090305e-03,nan,nan,4.779411764705953844e-03,nan,nan,3.676470588235369961e-03,9.926470588235369874e-03,nan,nan,nan,nan,nan,nan,nan,nan,nan,-1.102941176470584317e-03,nan,nan,nan,nan,nan,nan,nan,0.000000000000000000e+00,nan,nan,nan,3.676470588235725037e-04,nan,nan,nan,nan,nan,nan,nan,-6.985294117647034007e-03,nan,nan,nan,nan,nan,nan
0.000000000000000000e+00,nan,nan,nan,nan,nan,nan,nan,nan,nan,1.198501872659179027e-02,nan,nan,nan,nan,nan,nan,nan,nan,nan,nan,nan,nan,nan,-2.996254681647947567e-03,nan,nan,0.000000000000000000e+00,1.348314606741576362e-02,nan,nan,nan,nan,-7.490636704119868917e-04,nan,nan,nan,nan,nan,nan,nan,3.745318352059934458e-04,nan,nan,-3.745318352059934458e-04,nan,nan,nan,nan,nan,-1.872659176029967121e-03,nan,nan,nan,nan,nan,nan,nan,4.868913857677914687e-03,nan,nan,nan,nan,nan,nan
nan,nan,nan,nan,nan,nan,nan,nan,nan,nan,1.034482758620687212e-02,nan,nan,nan,nan,1.915708812260552563e-03,nan,nan,nan,nan,nan,nan,nan,-3.831417624521104908e-04,1.532567049808441963e-03,nan,nan,2.528735632183907317e-02,1.800766283524901645e-02,nan,nan,nan,nan,nan,nan,nan,nan,nan,3.831417624520883189e-04,nan,nan,nan,nan,nan,nan,nan,nan,nan,1.149425287356331581e-03,nan,-1.915708812260552563e-03,nan,nan,nan,nan,nan,-2.220446049250313204e-17,nan,nan,nan,nan,nan,nan,nan,nan
nan,nan,nan,1.165755919854287795e-02,nan,nan,nan,nan,nan,nan,4.735883424408049262e-03,nan,nan,nan,nan,nan,nan,nan,nan,nan,nan,nan,nan,nan,nan,nan,nan,1.347905282331516262e-02,8.378870673952664577e-03,nan,nan,nan,nan,2.185792349726822792e-03,nan,nan,nan,nan,4.007285974499130883e-03,-7.285974499088743606e-04,nan,4.007285974499152567e-03,nan,nan,nan,nan,nan,nan,nan,nan,7.285974499089409306e-04,2.185792349726822792e-03,nan,nan,nan,nan,nan,nan,nan,nan,nan,nan,nan,nan,nan
nan,nan,nan,nan,nan,nan,nan,nan,0.000000000000000000e+00,nan,1.457194899817837409e-03,nan,8.378870673952621209e-03,nan,nan,3.642987249544704653e-04,nan,nan,nan,nan,nan,4.371584699453534562e-03,nan,nan,-4.735883424408027578e-03,nan,nan,5.100182149362475492e-03,-2.550091074681226470e-03,nan,nan,nan,nan,nan,nan,nan,nan,nan,nan,nan,nan,4.735883424407982475e-03,nan,nan,nan,nan,nan,nan,nan,nan,-2.220446049250313204e-17,nan,nan,nan,nan,nan,nan,nan,nan,nan,nan,nan,nan,nan,nan
nan,nan,nan,nan,nan,nan,nan,nan,0.000000000000000000e+00,nan,9.872029250457025826e-03,nan,nan,nan,nan,nan,nan,nan,nan,nan,nan,nan,nan,nan,-1.828153564899492965e-03,nan,nan,-4.387568555758725175e-03,1.133455210237654942e-02,nan,nan,nan,nan,2.559414990859210093e-03,nan,nan,nan,nan,nan,4.387568555758614153e-03,nan,-7.312614259598282590e-04,nan,nan,nan,nan,7.312614259597615806e-04,nan,nan,nan,0.000000000000000000e+00,nan,nan,nan,nan,nan,nan,nan,nan,nan,nan,nan,nan,nan,nan
nan,nan,nan,nan,nan,1.143911439114384497e-02,nan,nan,nan,nan,2.583025830258267597e-03,nan,nan,nan,nan,-3.690036900369397690e-04,nan,nan,nan,nan,nan,nan,nan,6.273062730627243858e-03,-3.690036900369397690e-04,nan,nan,1.107011070110641661e-03,1.771217712177115475e-02,nan,nan,nan,nan,nan,nan,nan,nan,nan,1.107011070110686113e-03,nan,nan,2.546125461254606856e-02,nan,nan,nan,nan,nan,nan,nan,nan,-1.107011070110752683e-03,nan,nan,nan,nan,nan,nan,nan,nan,nan,nan,nan,nan,nan,nan
nan,nan,nan,nan,nan,nan,nan,nan,nan,nan,2.959001782531187758e-02,nan,nan,nan,nan,-2.220446049250313204e-17,nan,nan,nan,nan,nan,-2.139037433155133172e-03,nan,nan,6.060606060606032845e-03,nan,nan,-2.139037433155133172e-03,1.354723707664879859e-02,nan,nan,nan,nan,nan,nan,nan,nan,nan,nan,0.000000000000000000e+00,nan,-2.852049910873510896e-03,nan,nan,nan,nan,nan,nan,2.495543672014211012e-03,nan,2.139037433155044268e-03,nan,nan,nan,nan,nan,nan,nan,nan,nan,nan,nan,nan,nan,nan
nan,nan,nan,nan,nan,nan,nan,nan,nan,nan,5.147058823529416030e-03,nan,0.000000000000000000e+00,nan,nan,nan,nan,nan,nan,nan,nan,nan,nan,7.352941176470650583e-03,nan,nan,nan,-1.470588235294112422e-03,6.617647058823572688e-03,nan,nan,nan,nan,-7.720588235294090218e-03,nan,nan,nan,nan,nan,nan,nan,1.801470588235298820e-02,nan,nan,nan,2.205882352941190751e-03,0.000000000000000000e+00,nan,nan,nan,3.676470588235281056e-04,nan,nan,nan,nan,nan,nan,nan,nan,nan,nan,nan,nan,nan,nan
nan,nan,nan,8.199643493761121782e-03,nan,nan,nan,nan,2.852049910873444109e-03,nan,-1.069518716577544468e-03,nan,nan,nan,nan,2.495543672014277799e-03,nan,nan,nan,nan,nan,nan,nan,nan,nan,nan,nan,3.565062388591799716e-03,3.921568627450989011e-03,nan,nan,nan,nan,nan,nan,nan,nan,nan,nan,3.565062388591799716e-03,nan,1.069518716577544468e-03,nan,nan,nan,nan,nan,nan,1.105169340463456676e-02,nan,3.921568627450989011e-03,nan,nan,nan,nan,nan,nan,nan,nan,nan,nan,nan,nan,nan,nan
nan,nan,nan,nan,nan,-1.084990958408727033e-03,nan,nan,nan,nan,1.048824593128385753e-02,nan,nan,4.701627486437587149e-03,5.424954792043390137e-03,-4.440892098500626408e-17,nan,nan,nan,nan,nan,nan,nan,nan,nan,nan,nan,4.339963833634663537e-03,8.318264014466513617e-03,nan,nan,nan,nan,7.233273056057365263e-04,nan,nan,nan,nan,nan,nan,nan,-7.233273056058253225e-04,nan,nan,nan,nan,nan,nan,3.616636528028793762e-04,nan,nan,nan,nan,nan,nan,nan,nan,nan,nan,nan,nan,nan,nan,nan,nan
nan,nan,nan,nan,nan,1.798561151079125509e-03,nan,nan,nan,nan,2.158273381294928406e-03,nan,-7.194244604316502468e-04,1.798561151079125509e-03,nan,nan,nan,nan,nan,nan,nan,nan,nan,nan,5.035971223021551077e-03,nan,nan,-1.079136690647475262e-03,1.258992805755390111e-02,nan,nan,nan,nan,1.438848920863256041e-03,nan,nan,nan,nan,nan,nan,nan,nan,nan,nan,nan,nan,nan,nan,1.798561151079125509e-03,nan,7.194244604316502468e-04,nan,nan,nan,nan,nan,nan,nan,nan,nan,nan,nan,nan,nan,nan
-1.003717472118961264e-02,nan,nan,2.899628252788102184e-02,nan,nan,nan,nan,nan,nan,-7.434944237918683857e-04,nan,nan,nan,nan,-1.115241635687769239e-03,nan,nan,nan,nan,nan,nan,nan,nan,nan,nan,nan,1.226765799256501754e-02,8.921933085501798297e-03,nan,nan,nan,nan,nan,nan,nan,nan,nan,nan,nan,nan,-7.063197026022383258e-03,nan,nan,nan,nan,nan,nan,7.434944237918017073e-04,nan,-1.115241635687769239e-03,nan,nan,nan,nan,nan,-4.089219330855065407e-03,nan,nan,nan,nan,nan,nan,nan,nan
nan,nan,nan,nan,nan,nan,nan,nan,nan,nan,2.925045703839179896e-03,nan,nan,nan,nan,nan,nan,nan,nan,nan,nan,nan,nan,nan,-4.387568555758636704e-03,nan,-7.312614259597394629e-04,-1.462522851919545496e-03,5.850091407678293005e-03,nan,nan,nan,nan,nan,nan,nan,nan,nan,-3.656307129798586184e-04,-7.678244972577630278e-03,nan,nan,nan,nan,nan,nan,0.000000000000000000e+00,nan,-4.387568555758636704e-03,nan,nan,nan,nan,nan,nan,nan,nan,nan,-2.193784277879284959e-03,nan,nan,nan,nan,nan,nan
nan,nan,nan,nan,nan,nan,nan,nan,nan,nan,1.103202846975093188e-02,nan,nan,nan,nan,4.270462633451987955e-03,nan,nan,nan,nan,nan,nan,nan,nan,-1.423487544483958978e-03,nan,nan,7.117437722420127738e-04,9.608540925266927796e-03,nan,nan,nan,nan,nan,nan,nan,nan,nan,nan,nan,nan,2.135231316725980794e-02,1.637010676156585090e-02,nan,nan,nan,-7.117437722419684299e-04,nan,nan,nan,-3.202846975088924179e-03,nan,nan,nan,nan,nan,nan,nan,1.387900355871889493e-02,nan,nan,nan,nan,nan,nan
nan,nan,nan,nan,nan,nan,nan,nan,nan,nan,1.261261261261261736e-02,nan,nan,nan,nan,nan,nan,nan,nan,nan,nan,1.081081081081070039e-03,nan,nan,nan,nan,nan,5.405405405405372746e-03,1.981981981981981861e-02,1.801801801801783398e-03,nan,0.000000000000000000e+00,nan,nan,nan,nan,nan,nan,nan,nan,nan,nan,nan,2.162162162162140078e-03,nan,nan,nan,nan,4.324324324324280155e-03,nan,3.603603603603344535e-04,nan,nan,nan,nan,nan,nan,nan,6.846846846846865384e-03,nan,nan,nan,nan,nan,nan
nan,nan,nan,nan,nan,nan,nan,nan,nan,nan,1.135531135531138089e-02,nan,-1.831501831501824995e-03,nan,nan,nan,nan,nan,nan,nan,nan,nan,nan,0.000000000000000000e+00,nan,nan,nan,6.593406593406569982e-03,1.025641025641026507e-02,nan,nan,nan,nan,nan,nan,nan,nan,nan,0.000000000000000000e+00,1.135531135531136007e-02,nan,2.930402930402919992e-03,nan,nan,nan,nan,1.465201465201459996e-03,nan,nan,nan,nan,nan,nan,nan,nan,nan,1.465201465201459996e-03,nan,nan,nan,nan,nan,nan,nan,nan
nan,nan,nan,nan,nan,nan,nan,nan,3.636363636363592992e-03,nan,-3.272727272727293888e-03,nan,nan,nan,nan,nan,nan,nan,nan,nan,nan,nan,nan,nan,1.454545454545441664e-03,nan,nan,-1.454545454545463998e-03,1.818181818181814277e-02,-7.272727272727319992e-04,nan,nan,nan,nan,nan,nan,nan,nan,nan,nan,nan,7.272727272726653208e-04,1.090909090909031320e-03,nan,nan,nan,nan,nan,nan,nan,-1.090909090909097890e-03,nan,nan,nan,nan,nan,nan,nan,2.909090909090861210e-03,nan,nan,nan,nan,nan,nan
nan,nan,nan,nan,nan,nan,nan,nan,nan,nan,1.485507246376818226e-02,nan,nan,2.536231884058004656e-03,nan,-1.811594202898469865e-03,nan,nan,nan,nan,nan,nan,nan,nan,1.449275362318847103e-03,nan,nan,1.231884057971019929e-02,6.884057971014522978e-03,nan,nan,nan,nan,nan,nan,nan,nan,nan,nan,nan,nan,2.173913043478270437e-03,nan,nan,nan,2.536231884057982104e-03,nan,nan,nan,nan,-3.623188405796673233e-04,nan,nan,nan,nan,nan,1.086956521739157553e-03,nan,nan,nan,nan,nan,nan,nan,nan
nan,nan,nan,6.921675774134739348e-03,nan,nan,nan,nan,nan,nan,2.914389799635674818e-03,nan,nan,0.000000000000000000e+00,nan,nan,nan,nan,nan,nan,nan,nan,nan,nan,1.275045537340617832e-02,nan,nan,4.007285974499064096e-03,1.457194899817848555e-02,nan,nan,nan,nan,4.735883424408005027e-03,nan,nan,nan,nan,nan,nan,nan,nan,nan,nan,nan,nan,8.743169398907069123e-03,nan,0.000000000000000000e+00,nan,2.185792349726756005e-03,nan,nan,nan,nan,nan,nan,nan,nan,nan,nan,nan,nan,nan,nan
nan,nan,nan,nan,nan,nan,nan,nan,nan,nan,-3.597122302158028972e-04,nan,nan,nan,nan,nan,nan,nan,nan,nan,nan,1.798561151079169961e-03,nan,nan,nan,nan,nan,-2.877697841726578436e-03,1.546762589928061225e-02,nan,nan,nan,nan,-1.079136690647475262e-03,nan,nan,nan,nan,nan,8.273381294964087668e-03,nan,-1.798561151079103391e-03,nan,nan,nan,nan,0.000000000000000000e+00,nan,-4.316546762589901047e-03,nan,-5.755395683453201974e-03,nan,nan,nan,nan,nan,nan,nan,nan,nan,nan,nan,nan,nan,nan
nan,nan,nan,nan,nan,nan,nan,nan,nan,nan,4.991087344028466259e-03,nan,nan,nan,nan,nan,nan,nan,nan,nan,nan,nan,nan,nan,-6.417112299465288494e-03,nan,-3.565062388591888620e-04,6.417112299465177472e-03,8.556149732620288093e-03,nan,nan,nan,nan,nan,nan,nan,nan,nan,nan,1.319073083778963228e-02,nan,4.278074866310111087e-03,nan,nan,nan,nan,nan,nan,-3.208556149732677640e-03,nan,0.000000000000000000e+00,nan,nan,nan,nan,nan,2.139037433155044268e-03,nan,nan,nan,nan,nan,nan,nan,nan
-5.128205128205109986e-03,nan,nan,3.296703296703298175e-02,nan,nan,nan,nan,nan,nan,-2.197802197802189994e-03,nan,nan,nan,nan,nan,nan,nan,nan,nan,nan,nan,nan,1.831501831501824995e-03,-7.326007326007299980e-04,nan,nan,-7.326007326007299980e-04,5.860805860805862536e-03,nan,nan,nan,nan,nan,nan,nan,nan,nan,nan,nan,nan,1.831501831501824995e-03,nan,nan,nan,nan,nan,nan,nan,nan,0.000000000000000000e+00,0.000000000000000000e+00,nan,nan,nan,nan,nan,nan,nan,nan,nan,nan,nan,nan,nan
nan,nan,nan,nan,nan,4.601769911504361051e-03,nan,nan,0.000000000000000000e+00,nan,7.787610619468953929e-03,nan,nan,nan,nan,nan,nan,nan,nan,nan,nan,nan,nan,-2.477876106194743053e-03,nan,nan,nan,7.079646017698725934e-04,1.132743362831851661e-02,nan,nan,nan,nan,nan,nan,nan,nan,nan,nan,1.522123893805304995e-02,nan,nan,nan,nan,nan,nan,1.769911504424737103e-03,nan,nan,nan,2.831858407079579278e-03,nan,nan,nan,nan,nan,nan,nan,-1.415929203539856209e-03,nan,nan,nan,nan,nan,nan
nan,nan,nan,nan,nan,-2.554744525547425309e-03,nan,nan,nan,nan,6.204379562043782492e-03,nan,nan,nan,nan,nan,nan,nan,nan,nan,nan,nan,nan,nan,nan,nan,nan,2.919708029197076640e-03,7.299270072992736051e-03,nan,nan,3.649635036496290505e-04,nan,nan,nan,nan,nan,nan,nan,8.394160583941578588e-03,nan,4.379562043795659845e-03,nan,nan,nan,nan,-1.459854014598516202e-03,nan,-1.094890510948887206e-03,nan,-3.649635036496290505e-04,nan,nan,nan,nan,nan,nan,nan,nan,nan,nan,nan,nan,nan,nan
nan,nan,nan,3.148148148148151304e-02,nan,nan,nan,nan,nan,nan,-8.518518518518480853e-03,nan,nan,nan,0.000000000000000000e+00,nan,nan,nan,nan,nan,nan,nan,nan,6.666666666666709595e-03,-8.148148148148126602e-03,nan,nan,0.000000000000000000e+00,3.703703703703742443e-03,nan,nan,nan,nan,nan,nan,nan,nan,nan,nan,nan,nan,-1.481481481481417006e-03,nan,nan,nan,nan,nan,nan,3.703703703703764777e-04,nan,-2.222222222222192296e-03,nan,nan,nan,nan,nan,nan,nan,nan,nan,nan,nan,nan,nan,nan
nan,nan,nan,nan,nan,nan,nan,nan,nan,nan,1.083032490974766750e-03,nan,nan,nan,nan,nan,nan,nan,nan,nan,nan,nan,nan,1.624548736462099255e-02,-8.303249097472886059e-03,nan,nan,-7.220216606497631851e-04,1.624548736462099255e-02,nan,nan,nan,nan,1.083032490974744633e-03,nan,nan,nan,nan,-1.227436823104688379e-02,nan,nan,7.942238267148082204e-03,nan,nan,nan,nan,nan,nan,0.000000000000000000e+00,nan,-2.527075812274293121e-03,nan,nan,nan,nan,nan,nan,nan,nan,nan,nan,nan,nan,nan,nan
nan,nan,nan,1.583793738489878283e-02,nan,nan,nan,nan,nan,nan,-3.314917127071814566e-03,nan,nan,nan,nan,nan,nan,nan,nan,nan,nan,nan,nan,nan,nan,nan,0.000000000000000000e+00,-3.683241252302016377e-03,4.419889502762464235e-03,nan,nan,-7.366482504604032972e-04,nan,nan,nan,nan,nan,nan,nan,nan,nan,nan,nan,nan,nan,nan,1.841620626151008189e-03,nan,1.104972375690605000e-03,nan,3.683241252302016486e-04,nan,nan,nan,nan,nan,2.209944751381210000e-03,nan,nan,nan,nan,nan,nan,nan,nan
nan,nan,nan,2.486085343228194855e-02,nan,nan,nan,nan,nan,nan,-7.421150278293176319e-03,nan,nan,nan,nan,nan,nan,nan,nan,nan,nan,nan,nan,nan,nan,nan,2.968460111317217185e-03,-1.484230055658653045e-03,8.534322820037054322e-03,nan,nan,-3.710575139146610277e-03,nan,-2.226345083487979350e-03,nan,nan,nan,nan,nan,nan,nan,0.000000000000000000e+00,nan,nan,nan,nan,nan,nan,-6.307977736549208111e-03,nan,-7.421150278293486401e-04,nan,nan,nan,nan,nan,nan,nan,nan,nan,nan,nan,nan,nan,nan
nan,nan,nan,8.771929824561430777e-03,nan,nan,nan,nan,nan,nan,3.157894736842115167e-03,nan,nan,nan,nan,3.508771929824572311e-03,nan,nan,nan,nan,nan,nan,nan,nan,3.859649122807029455e-03,nan,nan,2.105263157894743300e-03,5.263157894736858466e-03,nan,nan,nan,nan,nan,nan,nan,nan,nan,1.052631578947371650e-03,nan,nan,3.508771929824572528e-04,nan,nan,nan,nan,0.000000000000000000e+00,nan,nan,nan,-1.754385964912286155e-03,nan,nan,nan,nan,nan,nan,nan,nan,nan,nan,nan,nan,nan,nan
nan,nan,nan,nan,nan,nan,nan,nan,nan,nan,2.122302158273379341e-02,nan,nan,4.784172661870502580e-02,nan,nan,nan,nan,nan,nan,nan,nan,nan,8.633093525179824645e-03,nan,nan,nan,1.654676258992804350e-02,3.093525179856113777e-02,nan,nan,0.000000000000000000e+00,nan,nan,nan,nan,nan,nan,nan,2.446043165467621724e-02,nan,nan,nan,nan,nan,nan,nan,nan,0.000000000000000000e+00,nan,-3.597122302158251234e-04,nan,nan,nan,nan,nan,nan,nan,2.949640287769783598e-02,nan,nan,nan,nan,nan,nan
nan,nan,nan,nan,7.142857142857117914e-04,nan,nan,nan,2.142857142857135157e-03,nan,1.357142857142852252e-02,nan,nan,nan,nan,nan,nan,nan,nan,nan,nan,nan,nan,nan,nan,nan,nan,5.357142857142838110e-03,1.357142857142852252e-02,nan,nan,nan,nan,nan,nan,nan,nan,nan,nan,1.642857142857141392e-02,nan,2.857142857142847166e-03,nan,nan,nan,3.571428571428558957e-04,nan,nan,nan,nan,-2.857142857142847166e-03,nan,nan,nan,nan,nan,nan,nan,1.428571428571423583e-03,nan,nan,nan,nan,nan,nan
nan,nan,nan,nan,nan,nan,nan,nan,nan,nan,8.471454880294637321e-03,nan,nan,3.314917127071814566e-03,nan,nan,nan,nan,nan,nan,nan,nan,nan,nan,7.366482504604032755e-03,nan,nan,1.473296500920806594e-03,1.546961325966853505e-02,nan,nan,3.683241252302016486e-04,nan,nan,nan,nan,nan,nan,nan,2.209944751381210000e-03,nan,1.841620626151008189e-03,nan,nan,nan,nan,-3.683241252302016486e-04,nan,nan,nan,1.104972375690605000e-03,nan,nan,nan,nan,nan,nan,nan,nan,nan,nan,nan,nan,nan,nan
3.623188405797117756e-04,nan,nan,nan,nan,nan,nan,nan,nan,nan,7.246376811594235513e-04,nan,7.246376811594235079e-03,nan,nan,nan,nan,nan,nan,nan,nan,nan,nan,nan,nan,nan,nan,4.710144927536252975e-03,1.304347826086962349e-02,nan,nan,nan,nan,nan,nan,nan,nan,nan,nan,nan,nan,2.500000000000002220e-02,nan,nan,nan,nan,-7.246376811594235513e-04,nan,7.246376811594235513e-04,nan,1.086956521739135218e-03,3.623188405797117539e-03,nan,nan,nan,nan,nan,nan,nan,nan,nan,nan,nan,nan,nan
nan,nan,nan,nan,nan,nan,nan,nan,nan,nan,9.824561403508780960e-03,nan,nan,nan,1.403508771929829011e-03,1.052631578947371650e-03,nan,nan,nan,nan,nan,nan,nan,nan,1.403508771929829011e-03,nan,nan,9.473684210526323382e-03,1.017543859649121599e-02,nan,nan,nan,nan,nan,nan,nan,nan,nan,-2.807017543859658022e-03,nan,nan,4.561403508771944178e-03,nan,nan,nan,nan,nan,nan,nan,nan,0.000000000000000000e+00,nan,nan,nan,nan,nan,-7.017543859649145056e-04,nan,nan,nan,nan,nan,nan,nan,nan
nan,nan,nan,nan,nan,nan,nan,nan,nan,nan,1.284403669724774009e-02,nan,-2.568807339449508207e-03,nan,nan,nan,nan,nan,nan,nan,nan,nan,nan,6.605504587155963496e-03,nan,nan,nan,8.440366972477098342e-03,1.871559633027524219e-02,nan,nan,-2.935779816513717222e-03,nan,nan,nan,nan,nan,nan,nan,-5.504587155963270098e-03,nan,1.981651376146791391e-02,nan,nan,nan,nan,nan,nan,-3.669724770642157803e-03,nan,-4.403669724770620068e-03,nan,nan,nan,nan,nan,nan,nan,nan,nan,nan,nan,nan,nan,nan
nan,nan,nan,nan,nan,nan,nan,nan,nan,nan,4.135338345864614414e-03,nan,nan,nan,nan,nan,nan,nan,nan,nan,2.255639097744310730e-03,nan,nan,nan,nan,nan,nan,9.774436090225501611e-03,2.481203007518793108e-02,nan,nan,nan,nan,7.142857142857094929e-03,nan,nan,nan,nan,nan,1.052631578947362846e-02,nan,1.879699248120298913e-02,nan,nan,nan,nan,nan,nan,4.511278195488644012e-03,nan,1.879699248120259014e-03,8.270676691729251379e-03,nan,nan,nan,nan,nan,nan,nan,nan,nan,nan,nan,nan,nan
-5.807622504537124017e-03,nan,nan,1.125226860254087066e-02,nan,nan,nan,nan,nan,nan,3.266787658802194818e-03,nan,nan,nan,nan,nan,nan,nan,nan,nan,nan,nan,nan,nan,nan,nan,nan,-2.177858439201441239e-03,3.266787658802194818e-03,nan,nan,nan,nan,nan,nan,nan,nan,nan,nan,-1.161524500907435906e-02,nan,-3.629764065335661094e-03,nan,nan,nan,nan,nan,nan,-2.540834845734995986e-03,nan,-3.629764065335727881e-03,-8.348457350272165539e-03,nan,nan,nan,nan,nan,nan,nan,nan,nan,nan,nan,nan,nan
nan,nan,nan,5.347593582887699357e-03,nan,nan,nan,nan,nan,nan,-1.105169340463456676e-02,nan,nan,-6.060606060606032845e-03,0.000000000000000000e+00,nan,nan,nan,nan,nan,nan,nan,nan,nan,nan,nan,nan,-1.105169340463456676e-02,7.130124777183599431e-03,nan,nan,nan,nan,nan,nan,nan,nan,nan,nan,4.278074866310155322e-03,nan,nan,nan,nan,nan,nan,2.220446049250313204e-17,nan,-1.782531194295944310e-03,nan,-6.060606060606032845e-03,nan,nan,nan,nan,nan,nan,nan,nan,nan,nan,nan,nan,nan,nan
nan,nan,nan,9.386281588447653243e-03,nan,nan,nan,nan,nan,nan,-1.444043321299659510e-03,nan,-3.249097472924233898e-03,nan,nan,nan,nan,nan,nan,nan,nan,nan,nan,nan,nan,nan,nan,5.054151624548719815e-03,3.249097472924167111e-03,nan,nan,0.000000000000000000e+00,nan,nan,nan,nan,nan,nan,nan,nan,nan,-1.083032490974744633e-03,nan,nan,nan,nan,0.000000000000000000e+00,nan,nan,nan,-1.444043321299659510e-03,nan,nan,nan,nan,nan,-2.527075812274404143e-03,nan,nan,nan,nan,nan,nan,nan,nan
nan,nan,nan,nan,nan,4.355716878402948397e-03,nan,nan,nan,nan,2.540834845735062773e-03,nan,nan,nan,nan,nan,nan,nan,nan,nan,nan,nan,nan,nan,3.992740471869371532e-03,nan,nan,2.177858439201485474e-03,1.560798548094379824e-02,7.259528130671543799e-04,nan,nan,nan,nan,nan,nan,nan,nan,nan,nan,nan,6.170598911070812771e-03,nan,nan,nan,nan,nan,nan,1.451905626134331094e-03,nan,1.451905626134308760e-03,nan,nan,nan,nan,nan,nan,nan,1.524500907441024219e-02,nan,nan,nan,nan,nan,nan
-3.597122302158273135e-03,nan,nan,nan,nan,nan,nan,nan,nan,nan,7.913669064748173748e-03,nan,nan,nan,nan,1.438848920863300494e-03,nan,nan,nan,nan,nan,nan,nan,nan,2.158273381294950524e-03,nan,nan,1.618705035971221978e-02,5.755395683453201974e-03,nan,nan,nan,nan,nan,nan,nan,nan,nan,nan,nan,nan,1.079136690647475262e-03,nan,nan,nan,nan,-3.237410071942426002e-03,nan,nan,nan,-1.079136690647475262e-03,nan,nan,nan,nan,nan,0.000000000000000000e+00,nan,nan,nan,nan,nan,nan,nan,nan
nan,nan,nan,nan,nan,nan,nan,nan,nan,nan,1.971326164874551840e-02,nan,nan,nan,nan,nan,nan,nan,nan,7.168458781361853206e-04,-3.225806451612944856e-03,-4.440892098500626408e-17,nan,nan,nan,nan,nan,8.602150537634401656e-03,1.039426523297488567e-02,nan,nan,0.000000000000000000e+00,nan,nan,nan,nan,nan,nan,nan,1.433691756272370641e-03,nan,1.111111111111111674e-02,nan,nan,nan,nan,nan,nan,nan,nan,-4.440892098500626408e-17,nan,nan,nan,nan,nan,nan,nan,nan,nan,nan,nan,nan,nan,nan
nan,nan,nan,nan,3.383458646616555217e-03,nan,nan,nan,nan,nan,2.142857142857144265e-02,nan,nan,nan,nan,3.007518796992458832e-03,nan,nan,nan,nan,nan,nan,nan,nan,nan,nan,nan,1.203007518796994635e-02,1.015037593984962142e-02,nan,nan,nan,nan,nan,nan,nan,nan,nan,nan,-5.263157894736835915e-03,nan,4.511278195488732483e-03,nan,nan,nan,nan,nan,nan,4.511278195488710799e-03,nan,-3.383458646616510548e-03,nan,nan,nan,nan,nan,nan,nan,-1.127819548872177700e-03,nan,nan,nan,nan,nan,nan
nan,nan,nan,4.194107452339688319e-02,nan,nan,nan,nan,nan,nan,-1.733102253032914319e-03,nan,nan,nan,nan,nan,nan,nan,nan,nan,nan,nan,nan,nan,nan,nan,1.039861351819748678e-03,1.733102253032914319e-03,9.705372616984408313e-03,nan,nan,nan,nan,-6.932409012131657495e-04,nan,nan,nan,nan,nan,nan,nan,1.386481802426331499e-03,nan,nan,nan,nan,-2.772963604852662998e-03,nan,nan,nan,1.733102253032914319e-03,nan,nan,nan,nan,nan,-2.426343154246079960e-03,nan,nan,nan,nan,nan,nan,nan,nan
nan,nan,nan,9.403254972875196849e-03,nan,nan,nan,nan,nan,nan,3.616636528028571501e-04,nan,nan,nan,nan,nan,nan,nan,nan,nan,nan,nan,nan,-3.254972875226069644e-03,nan,nan,0.000000000000000000e+00,2.893309222423101797e-03,5.786618444846269513e-03,nan,nan,nan,nan,1.808318264014418999e-03,nan,nan,nan,nan,nan,nan,nan,2.893309222423101797e-03,nan,nan,nan,nan,nan,nan,nan,nan,-4.440892098500626408e-17,nan,nan,nan,nan,nan,1.084990958408638129e-03,nan,nan,nan,nan,nan,nan,nan,nan
nan,nan,nan,nan,nan,-1.073345259391775795e-02,nan,nan,-1.788908765652963417e-03,nan,-5.724508050089482589e-03,nan,nan,nan,nan,nan,nan,nan,nan,nan,nan,nan,nan,nan,nan,nan,nan,1.073345259391755759e-03,1.574239713774592403e-02,-1.431127012522370647e-03,nan,1.788908765652874513e-03,nan,nan,nan,nan,nan,nan,nan,nan,nan,-1.431127012522370647e-03,-3.577817531305926618e-04,nan,nan,nan,nan,nan,nan,nan,0.000000000000000000e+00,nan,nan,nan,nan,nan,nan,nan,nan,nan,nan,nan,nan,nan,nan
nan,nan,nan,nan,nan,8.163265306122413287e-03,nan,nan,nan,nan,1.484230055658564140e-03,nan,nan,nan,nan,nan,nan,nan,nan,nan,-3.710575139146632395e-03,nan,nan,nan,nan,nan,nan,5.194805194805173984e-03,1.855287569573249628e-03,nan,nan,1.855287569573205175e-03,nan,nan,nan,nan,nan,nan,nan,-2.226345083487979350e-03,nan,1.595547309833020982e-02,nan,nan,nan,2.968460111317195067e-03,nan,nan,nan,nan,1.113172541743923105e-03,nan,nan,nan,nan,nan,nan,nan,nan,nan,nan,nan,nan,nan,nan
nan,nan,nan,nan,nan,3.831417624521327170e-04,nan,nan,-3.831417624520660928e-04,nan,-4.980842911877325467e-03,nan,nan,nan,nan,nan,nan,nan,nan,nan,nan,nan,nan,nan,0.000000000000000000e+00,nan,-7.662835249041766378e-04,-9.195402298850519074e-03,1.532567049808464298e-03,nan,nan,nan,nan,nan,nan,nan,nan,nan,nan,nan,nan,-1.149425287356265011e-03,nan,nan,-7.662835249041766378e-04,nan,-3.831417624520994103e-03,nan,nan,nan,nan,nan,nan,nan,nan,nan,nan,nan,nan,nan,nan,nan,nan,nan,nan
nan,nan,nan,8.979591836734697463e-02,nan,nan,nan,nan,nan,nan,-1.855287569573249628e-03,nan,nan,nan,nan,nan,nan,nan,nan,0.000000000000000000e+00,nan,nan,nan,nan,nan,nan,nan,-3.710575139146543491e-03,9.276437847866424863e-03,nan,nan,nan,nan,nan,nan,nan,nan,nan,nan,nan,nan,3.339517625231947125e-03,nan,nan,nan,nan,5.565862708719860122e-03,nan,2.220446049250313204e-17,nan,3.710575139146632612e-04,4.118738404452691043e-02,nan,nan,nan,nan,nan,nan,nan,nan,nan,nan,nan,nan,nan
nan,nan,nan,3.131672597864769425e-02,nan,nan,nan,nan,nan,nan,-7.117437722420127738e-04,nan,nan,nan,nan,nan,nan,nan,nan,nan,nan,nan,nan,nan,nan,nan,-7.117437722420127738e-04,-2.135231316725993977e-03,6.761565836298943921e-03,nan,nan,nan,nan,1.067615658363019106e-03,nan,nan,nan,nan,nan,1.067615658362996989e-03,nan,7.117437722419905476e-04,nan,nan,nan,nan,nan,nan,nan,nan,-4.270462633451965404e-03,nan,nan,nan,nan,nan,-1.423487544484025548e-03,nan,nan,nan,nan,nan,nan,nan,nan
nan,nan,nan,nan,nan,nan,nan,nan,nan,nan,4.363636363636324775e-03,nan,nan,nan,nan,2.545454545454517437e-03,nan,nan,nan,nan,nan,nan,nan,nan,-1.090909090909097890e-03,nan,nan,-1.527272727272732666e-02,9.818181818181791892e-03,nan,nan,nan,nan,6.545454545454498438e-03,nan,nan,nan,nan,nan,1.163636363636360097e-02,nan,-3.636363636364103977e-04,-1.090909090909095679e-02,nan,nan,nan,nan,nan,nan,nan,0.000000000000000000e+00,nan,nan,nan,nan,nan,nan,nan,nan,nan,nan,nan,nan,nan,nan
