nan,nan,nan,nan,nan,nan,nan,nan,nan,nan,-7.449856733524396098e-03,nan,nan,nan,nan,nan,nan,1.948424068767904554e-02,nan,nan,nan,nan,nan,nan,nan,1.375358166189108965e-02,-1.776504297994271203e-02,-2.693409742120345118e-02,5.730659025787954164e-03,nan,nan,nan,-4.584527220630385189e-03,-1.719197707736391800e-02,-9.742120343839566141e-03,nan,nan,nan,nan,nan,nan,nan,nan,nan,nan,nan,nan,nan,nan,nan,nan,nan,nan,nan,nan,1.203438395415470409e-02,nan,nan,nan,nan,nan,nan,nan,nan,nan
nan,nan,nan,nan,nan,nan,nan,nan,nan,nan,0.000000000000000000e+00,nan,nan,nan,nan,nan,nan,6.128133704735405467e-03,nan,nan,nan,nan,nan,nan,nan,1.281337047353762158e-02,-1.392757660167126543e-02,-5.571030640668495071e-03,5.571030640668550582e-03,nan,nan,nan,5.571030640668661604e-04,-1.225626740947073287e-02,-2.172701949860722515e-02,nan,nan,nan,nan,nan,nan,nan,nan,nan,nan,nan,nan,nan,nan,nan,nan,nan,nan,nan,nan,5.571030640668550582e-03,nan,nan,nan,nan,nan,nan,nan,nan,nan
nan,nan,nan,nan,nan,nan,nan,nan,nan,nan,-5.586592178770999123e-04,nan,nan,nan,nan,nan,nan,2.793296089385444159e-03,nan,nan,nan,nan,nan,nan,nan,-1.843575418994416321e-02,-6.033519553072628355e-02,-6.480446927374303168e-02,3.910614525139644200e-03,nan,nan,nan,-3.351955307262588415e-03,-5.977653631284918223e-02,-6.703910614525143870e-03,nan,nan,nan,nan,nan,nan,nan,nan,nan,nan,nan,nan,nan,nan,nan,nan,nan,nan,nan,nan,7.821229050279298808e-03,nan,nan,nan,nan,nan,nan,nan,nan,nan
nan,nan,nan,nan,nan,nan,nan,nan,nan,nan,3.234501347708884558e-03,nan,nan,nan,nan,nan,nan,-1.563342318059299935e-02,nan,nan,nan,nan,nan,nan,nan,-1.353099730458221239e-01,-7.547169811320753041e-03,-3.665768194070080643e-02,5.876010781671157229e-02,nan,nan,nan,1.455525606469001455e-02,nan,-2.264150943396225912e-02,nan,nan,nan,nan,nan,nan,nan,nan,nan,nan,nan,nan,nan,nan,nan,6.199460916442045555e-02,nan,nan,nan,nan,5.822102425876009291e-02,nan,nan,nan,nan,nan,nan,nan,nan,nan
nan,nan,nan,nan,nan,nan,nan,nan,nan,nan,0.000000000000000000e+00,nan,nan,nan,nan,nan,nan,-2.747252747252737493e-03,nan,nan,nan,nan,nan,nan,nan,4.065934065934068142e-02,2.220446049250313204e-17,0.000000000000000000e+00,0.000000000000000000e+00,nan,nan,nan,-6.043956043956022484e-03,-6.043956043956022484e-03,5.494505494505474985e-04,nan,nan,nan,nan,nan,nan,nan,nan,nan,nan,nan,nan,nan,nan,nan,nan,nan,nan,nan,nan,3.296703296703284991e-03,nan,nan,nan,nan,nan,nan,nan,nan,nan
nan,nan,nan,nan,nan,nan,nan,nan,nan,nan,1.690140845070420240e-03,nan,nan,nan,nan,nan,nan,-6.197183098591541386e-03,nan,nan,nan,nan,nan,nan,nan,2.253521126760571307e-03,-2.084507042253518419e-02,-1.408450704225350236e-02,1.859154929577467794e-02,nan,nan,nan,6.197183098591551795e-03,-1.859154929577462242e-02,-2.084507042253518419e-02,nan,nan,nan,nan,nan,nan,nan,nan,nan,nan,nan,nan,nan,nan,nan,nan,nan,nan,nan,nan,1.690140845070425835e-02,nan,nan,nan,nan,nan,nan,nan,nan,nan
nan,nan,nan,5.277044854881285385e-03,nan,nan,nan,nan,nan,nan,9.498680738786291489e-03,nan,nan,nan,nan,nan,nan,6.860158311345665276e-03,nan,nan,nan,nan,nan,nan,nan,1.002638522427441378e-02,-6.860158311345632316e-03,nan,3.905013192612137585e-02,nan,nan,nan,1.055408970976251526e-02,nan,3.852242744063324315e-02,nan,nan,nan,nan,nan,nan,nan,nan,nan,nan,nan,nan,nan,nan,nan,nan,5.277044854881285385e-03,nan,nan,nan,5.699208443271767954e-02,nan,nan,nan,nan,nan,nan,nan,nan,nan
nan,nan,nan,nan,nan,nan,nan,nan,nan,nan,-1.444444444444444899e-02,nan,nan,nan,nan,nan,nan,0.000000000000000000e+00,nan,nan,nan,nan,nan,nan,nan,3.888888888888897451e-03,-5.111111111111109329e-02,-6.555555555555553360e-02,-1.111111111111107207e-03,nan,nan,nan,-1.666666666666660702e-03,-4.888888888888888451e-02,-3.833333333333331649e-02,nan,nan,nan,nan,nan,nan,nan,nan,nan,nan,nan,nan,nan,nan,nan,nan,nan,nan,nan,nan,5.555555555555536035e-04,nan,nan,nan,nan,nan,nan,nan,nan,nan
nan,nan,nan,nan,nan,nan,nan,nan,nan,nan,-8.556149732620321052e-03,nan,nan,nan,nan,nan,nan,1.069518716577538830e-02,nan,nan,nan,nan,nan,nan,nan,1.764705882352939417e-02,-3.368983957219252867e-02,-4.064171122994651719e-02,3.743315508021383305e-03,nan,nan,nan,-1.497326203208556618e-02,-4.545454545454546968e-02,-6.203208556149734931e-02,nan,nan,nan,nan,nan,nan,nan,nan,nan,nan,nan,nan,nan,nan,nan,nan,nan,nan,nan,nan,6.417112299465210432e-03,nan,nan,nan,nan,nan,nan,nan,nan,nan
nan,nan,nan,nan,nan,nan,nan,nan,nan,nan,0.000000000000000000e+00,nan,nan,nan,nan,nan,nan,2.055555555555559424e-02,nan,nan,nan,nan,nan,nan,nan,2.500000000000002220e-02,-1.166666666666664812e-02,2.222222222222214414e-03,1.222222222222223501e-02,nan,nan,nan,-1.111111111111096148e-03,-2.166666666666665700e-02,9.444444444444454953e-03,nan,nan,nan,nan,nan,nan,nan,nan,nan,nan,nan,nan,nan,nan,nan,nan,nan,nan,nan,nan,1.611111111111111077e-02,nan,nan,nan,nan,nan,nan,nan,nan,nan
nan,nan,nan,nan,nan,nan,nan,nan,nan,nan,-7.650273224043724514e-03,nan,nan,nan,nan,nan,nan,1.803278688524592027e-02,nan,nan,nan,nan,nan,nan,nan,1.202185792349728076e-02,-5.464480874316834718e-04,-6.010928961748640380e-03,5.464480874316946391e-04,nan,nan,nan,4.918032786885251535e-03,-2.732240437158472979e-03,4.371584699453557113e-03,nan,nan,nan,nan,nan,nan,nan,nan,nan,nan,nan,nan,nan,nan,nan,nan,nan,nan,nan,nan,6.557377049180334802e-03,nan,nan,nan,nan,nan,nan,nan,nan,nan
nan,nan,nan,nan,nan,nan,nan,nan,nan,nan,0.000000000000000000e+00,nan,nan,nan,nan,nan,nan,5.464480874316945958e-03,nan,nan,nan,nan,nan,nan,nan,2.622950819672133921e-02,-2.459016393442620130e-02,-2.513661202185789659e-02,2.404371584699456152e-02,nan,nan,nan,1.639344262295083787e-02,-1.202185792349728076e-02,-1.748633879781417294e-02,nan,nan,nan,nan,nan,nan,nan,nan,nan,nan,nan,nan,nan,nan,nan,nan,nan,nan,nan,nan,3.005464480874320277e-02,nan,nan,nan,nan,nan,nan,nan,nan,nan
nan,nan,nan,-2.817679558011045721e-02,nan,nan,nan,nan,nan,nan,-1.104972375690582665e-03,nan,nan,nan,nan,nan,nan,6.077348066298382361e-03,nan,nan,nan,nan,nan,nan,nan,4.419889502762475511e-03,-3.922651933701654103e-02,-2.707182320441987519e-02,nan,nan,nan,nan,-2.486187845303866606e-02,nan,-2.817679558011048149e-02,nan,nan,nan,nan,nan,nan,nan,nan,nan,nan,nan,nan,nan,nan,nan,nan,-1.546961325966847954e-02,nan,nan,nan,1.049723756906080149e-02,nan,nan,nan,nan,nan,nan,nan,nan,nan
nan,nan,nan,nan,nan,nan,nan,nan,nan,nan,0.000000000000000000e+00,nan,nan,nan,nan,nan,nan,1.027027027027028680e-02,nan,nan,nan,nan,nan,nan,nan,1.189189189189191441e-02,-2.594594594594592379e-02,-3.513513513513510933e-02,9.729729729729730964e-03,nan,nan,nan,-1.297297297297296190e-02,-3.351351351351349039e-02,-3.999999999999998002e-02,nan,nan,nan,nan,nan,nan,nan,nan,nan,nan,nan,nan,nan,nan,nan,nan,nan,nan,nan,nan,1.351351351351354202e-02,nan,nan,nan,nan,nan,nan,nan,nan,nan
nan,nan,nan,nan,nan,nan,nan,nan,nan,nan,1.114206128133687869e-03,nan,nan,nan,nan,nan,nan,6.295264623955425243e-02,nan,nan,nan,nan,nan,nan,nan,-9.916434540389977570e-02,3.844011142061272424e-02,nan,6.072423398328685717e-02,nan,nan,nan,3.231197771587739076e-02,nan,9.972144846796651696e-02,nan,nan,nan,nan,nan,nan,nan,nan,nan,nan,nan,nan,nan,nan,nan,3.008356545960999551e-02,5.013927576601661870e-03,nan,nan,nan,9.192200557103058500e-02,nan,nan,nan,nan,nan,nan,nan,nan,nan
nan,nan,nan,nan,nan,nan,nan,nan,nan,nan,-1.685393258426970452e-03,nan,nan,nan,nan,nan,nan,6.741573033707826297e-03,nan,nan,nan,nan,nan,nan,nan,1.348314606741570811e-02,-1.123595505617980272e-02,-3.651685393258430334e-02,2.247191011235916223e-03,nan,nan,nan,-8.988764044943841833e-03,-1.460674157303373279e-02,2.808988764044895170e-03,nan,nan,nan,nan,nan,nan,nan,nan,nan,nan,nan,nan,nan,nan,nan,nan,nan,nan,nan,nan,3.932584269662875616e-03,nan,nan,nan,nan,nan,nan,nan,nan,nan
nan,nan,nan,nan,nan,nan,nan,nan,nan,nan,-1.049723756906074598e-02,nan,nan,nan,nan,nan,nan,0.000000000000000000e+00,nan,nan,nan,nan,nan,nan,nan,0.000000000000000000e+00,2.209944751381220842e-03,-9.944751381215444566e-03,-1.657458563535907283e-03,nan,nan,nan,5.524861878453135589e-04,-2.762430939226512283e-03,-4.419889502762420000e-03,nan,nan,nan,nan,nan,nan,nan,nan,nan,nan,nan,nan,nan,nan,nan,nan,nan,nan,nan,nan,2.209944751381220842e-03,nan,nan,nan,nan,nan,nan,nan,nan,nan
nan,nan,nan,nan,nan,nan,nan,nan,nan,nan,1.643835616438382718e-03,nan,nan,nan,nan,nan,nan,-1.643835616438338266e-03,nan,nan,nan,nan,nan,nan,nan,-1.808219178082189765e-02,-1.095890410958888419e-03,-4.109589041095890183e-02,1.643835616438357045e-02,nan,nan,nan,-4.383561643835598778e-03,nan,-2.739726027397259081e-02,nan,nan,nan,nan,nan,nan,nan,nan,nan,nan,nan,nan,nan,nan,nan,1.753424657534248185e-02,nan,nan,nan,nan,3.452054794520550279e-02,nan,nan,nan,nan,nan,nan,nan,nan,nan
nan,nan,nan,nan,nan,nan,nan,nan,nan,nan,-4.244031830238725531e-03,nan,nan,nan,nan,nan,nan,-1.485411140583555757e-02,nan,nan,nan,nan,nan,nan,nan,-1.061007957559684245e-02,-1.697612732095491600e-02,-2.864721485411143506e-02,6.366047745358071816e-03,nan,nan,nan,-1.167108753315652080e-02,-1.803713527851459261e-02,-7.957559681697635307e-03,nan,nan,nan,nan,nan,nan,nan,nan,nan,nan,nan,nan,nan,nan,nan,nan,nan,nan,nan,nan,7.957559681697590204e-03,nan,nan,nan,nan,nan,nan,nan,nan,nan
nan,nan,nan,nan,nan,nan,nan,nan,nan,nan,0.000000000000000000e+00,nan,nan,nan,nan,nan,nan,3.473389355742301232e-02,nan,nan,nan,nan,nan,nan,nan,3.641456582633055550e-02,-2.408963585434170662e-02,-2.464985994397755897e-02,1.400560224089637471e-02,nan,nan,nan,1.110223024625156602e-17,-3.921568627450966460e-03,-3.921568627450977736e-03,nan,nan,nan,nan,nan,nan,nan,nan,nan,nan,nan,nan,nan,nan,nan,nan,nan,nan,nan,nan,2.072829131652664802e-02,nan,nan,nan,nan,nan,nan,nan,nan,nan
nan,nan,nan,nan,nan,nan,nan,nan,nan,nan,-5.333333333333301063e-04,nan,nan,nan,nan,nan,nan,1.120000000000004325e-02,nan,nan,nan,nan,nan,nan,nan,1.066666666666669060e-02,-1.333333333333330817e-02,-2.453333333333330632e-02,3.200000000000036149e-03,nan,nan,nan,-1.599999999999990319e-03,-2.293333333333330559e-02,-1.546666666666663900e-02,nan,nan,nan,nan,nan,nan,nan,nan,nan,nan,nan,nan,nan,nan,nan,nan,nan,nan,nan,nan,4.800000000000026468e-03,nan,nan,nan,nan,nan,nan,nan,nan,nan
nan,nan,nan,nan,nan,nan,nan,nan,nan,nan,-1.634877384196176033e-03,nan,nan,nan,nan,nan,nan,2.125340599455041030e-02,nan,nan,nan,nan,nan,nan,nan,1.416893732970025965e-02,0.000000000000000000e+00,-1.253405994550408319e-02,1.198910081743868004e-02,nan,nan,nan,-8.719346049046328845e-03,-1.525885558583105553e-02,-5.449591280654031422e-04,nan,nan,nan,nan,nan,nan,nan,nan,nan,nan,nan,nan,nan,nan,nan,nan,nan,nan,nan,nan,2.125340599455041030e-02,nan,nan,nan,nan,nan,nan,nan,nan,nan
nan,nan,nan,nan,nan,nan,nan,nan,nan,nan,-5.333333333333301063e-03,nan,nan,nan,nan,nan,nan,8.533333333333337212e-03,nan,nan,nan,nan,nan,nan,nan,1.013333333333332753e-02,-6.346666666666665735e-02,-5.333333333333332982e-02,-5.333333333333301063e-04,nan,nan,nan,-4.266666666666652126e-03,-1.013333333333332753e-02,-7.466666666666654448e-03,nan,nan,nan,nan,nan,nan,nan,nan,nan,nan,nan,nan,nan,nan,nan,nan,nan,nan,nan,nan,3.733333333333366255e-03,nan,nan,nan,nan,nan,nan,nan,nan,nan
nan,nan,nan,nan,nan,nan,nan,nan,nan,nan,-1.110223024625156602e-17,nan,nan,nan,nan,nan,nan,-9.042553191489366080e-03,nan,nan,nan,nan,nan,nan,nan,2.127659574468081585e-02,-2.712765957446808956e-02,-6.648936170212765839e-02,2.925531914893614305e-02,nan,nan,nan,1.063829787234038537e-02,-4.148936170212767088e-02,-4.202127659574470681e-02,nan,nan,nan,nan,nan,nan,nan,nan,nan,nan,nan,nan,nan,nan,nan,nan,nan,nan,nan,nan,3.936170212765956189e-02,nan,nan,nan,nan,nan,nan,nan,nan,nan
nan,nan,nan,nan,nan,nan,nan,nan,nan,nan,7.084468664850162786e-03,nan,nan,nan,nan,nan,nan,-2.833787465940051931e-02,nan,nan,nan,nan,nan,nan,-2.234332425068117495e-02,-1.307901907356947592e-02,-1.035422343324248276e-02,-2.997275204359670792e-02,2.452316076294280833e-02,nan,nan,nan,2.724795640326993593e-03,nan,-4.795640326975478956e-02,nan,nan,nan,nan,nan,nan,nan,nan,nan,nan,nan,nan,nan,nan,nan,nan,nan,nan,nan,nan,3.487738419618531538e-02,nan,nan,nan,nan,nan,nan,nan,nan,nan
nan,nan,nan,nan,nan,nan,nan,nan,nan,nan,1.084010840108406938e-03,nan,nan,nan,nan,nan,nan,-4.878048780487786659e-03,nan,nan,nan,nan,nan,nan,nan,3.089430894308944214e-02,-1.192411924119238763e-02,-2.276422764227642448e-02,2.330623306233063977e-02,nan,nan,nan,9.756097560975618421e-03,-8.672086720867199991e-03,-1.842818428184280627e-02,nan,nan,nan,nan,nan,nan,nan,nan,nan,nan,nan,nan,nan,nan,nan,nan,nan,nan,nan,nan,3.631436314363144235e-02,nan,nan,nan,nan,nan,nan,nan,nan,nan
nan,nan,nan,nan,nan,nan,nan,nan,nan,nan,1.707988980716256336e-02,nan,nan,nan,nan,nan,nan,3.856749311294765947e-02,nan,nan,nan,nan,nan,nan,nan,3.801652892561985242e-02,-2.754820936639112896e-03,-1.101928374655647414e-02,3.801652892561985242e-02,nan,nan,nan,4.297520661157026162e-02,-3.085399449035810399e-02,-3.030303030303029693e-02,nan,nan,nan,nan,nan,nan,nan,nan,nan,nan,nan,nan,nan,nan,nan,nan,nan,nan,nan,nan,4.683195592286504283e-02,nan,nan,nan,nan,nan,nan,nan,nan,nan
nan,nan,nan,nan,nan,nan,nan,nan,nan,nan,2.785515320334275291e-03,nan,nan,nan,nan,nan,nan,-5.571030640668539306e-03,nan,nan,nan,nan,nan,nan,nan,-2.005571030640669258e-02,-1.448467966573816455e-02,-1.671309192200557542e-02,1.615598885793871967e-02,nan,nan,nan,5.571030640668517622e-03,nan,-4.679665738161560562e-02,nan,nan,nan,nan,nan,nan,nan,nan,nan,nan,nan,nan,nan,nan,nan,7.799442896935915477e-03,nan,nan,nan,nan,2.228412256267409131e-02,nan,nan,nan,nan,nan,nan,nan,nan,nan
nan,nan,nan,nan,nan,nan,nan,nan,nan,nan,1.562500000000000087e-03,nan,nan,nan,nan,nan,nan,6.770833333333348310e-03,nan,nan,nan,nan,nan,nan,nan,5.208333333333370341e-03,8.333333333333359239e-03,-7.812500000000000000e-03,2.552083333333334675e-02,nan,nan,nan,6.250000000000022031e-03,1.041666666666685084e-03,-2.395833333333331414e-02,nan,nan,nan,nan,nan,nan,nan,nan,nan,nan,nan,nan,nan,nan,nan,nan,nan,nan,nan,nan,2.864583333333335993e-02,nan,nan,nan,nan,nan,nan,nan,nan,nan
nan,nan,nan,nan,nan,nan,nan,nan,nan,nan,5.714285714285727291e-03,nan,nan,nan,nan,nan,nan,-2.171428571428572069e-02,nan,nan,nan,nan,nan,nan,nan,-1.114285714285713907e-01,-2.342857142857144442e-02,-2.971428571428568269e-02,8.571428571428563181e-03,nan,nan,nan,-2.171428571428572069e-02,nan,6.857142857142872402e-03,nan,nan,nan,nan,nan,nan,nan,nan,nan,nan,nan,nan,nan,nan,nan,1.142857142857143203e-02,nan,nan,nan,nan,7.999999999999996697e-03,nan,nan,nan,nan,nan,nan,nan,nan,nan
nan,nan,nan,nan,nan,nan,nan,nan,nan,nan,-9.392265193370141416e-03,nan,nan,nan,nan,nan,nan,-1.657458563535907283e-03,nan,nan,nan,nan,nan,nan,nan,-1.602209944751377055e-02,3.314917127071870077e-03,-2.320441988950274620e-02,-1.270718232044195685e-02,nan,nan,nan,-9.944751381215454974e-03,nan,-3.204419889502763130e-02,nan,nan,nan,nan,nan,nan,nan,nan,nan,nan,nan,nan,nan,nan,nan,nan,-4.419889502762420000e-03,nan,nan,nan,5.524861878453080077e-03,nan,nan,nan,nan,nan,nan,nan,nan,nan
nan,nan,nan,nan,nan,nan,nan,nan,nan,nan,-5.464480874316946391e-04,nan,nan,nan,nan,nan,nan,1.256830601092897605e-02,nan,nan,nan,nan,nan,nan,nan,1.475409836065575374e-02,-2.404371584699450601e-02,-5.846994535519126762e-02,5.464480874316945958e-03,nan,nan,nan,-2.950819672131145197e-02,nan,-5.300546448087432166e-02,nan,nan,nan,nan,nan,nan,nan,nan,nan,nan,nan,nan,nan,nan,nan,nan,nan,nan,nan,nan,8.196721311475418936e-03,-2.295081967213111890e-02,nan,nan,nan,nan,nan,nan,nan,nan
nan,nan,nan,nan,nan,nan,nan,nan,nan,nan,1.648351648351642496e-03,nan,nan,nan,nan,nan,nan,1.923076923076921796e-02,nan,nan,nan,nan,nan,nan,nan,1.483516483516483797e-02,-1.263736263736264798e-02,-2.582417582417584345e-02,1.098901098901100548e-02,nan,nan,nan,1.263736263736262543e-02,-2.857142857142858094e-02,1.923076923076921796e-02,nan,nan,nan,nan,nan,nan,nan,nan,nan,nan,nan,nan,nan,nan,nan,nan,nan,nan,nan,nan,1.648351648351648047e-02,nan,nan,nan,nan,nan,nan,nan,nan,nan
nan,nan,nan,nan,nan,nan,nan,nan,nan,nan,0.000000000000000000e+00,nan,nan,nan,nan,nan,nan,2.747252747252748595e-02,nan,nan,nan,nan,nan,nan,nan,2.692307692307693845e-02,-3.186813186813185206e-02,-4.945054945054944140e-02,9.890109890109910484e-03,nan,nan,nan,-9.340659340659317883e-03,-6.153846153846150718e-02,-4.670329670329670391e-02,nan,nan,nan,nan,nan,nan,nan,nan,nan,nan,nan,nan,nan,nan,nan,nan,nan,nan,nan,nan,1.263736263736264798e-02,nan,nan,nan,nan,nan,nan,nan,nan,nan
nan,nan,nan,nan,nan,nan,nan,nan,nan,nan,5.509641873278181123e-04,nan,nan,nan,nan,nan,nan,6.611570247933873726e-03,nan,nan,nan,nan,nan,nan,nan,9.917355371900827068e-03,-5.068870523415980323e-02,-5.013774104683197536e-02,4.958677685950407463e-03,nan,nan,nan,-1.928374655647384708e-02,nan,5.509641873278181123e-04,nan,nan,nan,nan,nan,nan,nan,nan,nan,nan,nan,nan,nan,nan,nan,nan,nan,nan,nan,nan,2.754820936639090778e-03,-5.509641873278292796e-04,nan,nan,nan,nan,nan,nan,nan,nan
nan,nan,nan,nan,nan,nan,nan,nan,nan,nan,1.078167115902961591e-03,nan,nan,nan,nan,nan,nan,7.008086253369250236e-03,nan,nan,nan,nan,nan,nan,nan,2.964959568733150849e-02,-3.557951482479784072e-02,-4.204851752021565581e-02,4.043126684636116908e-02,nan,nan,nan,-1.078167115902961591e-03,-5.390835579514826476e-02,-1.778975741239892036e-02,nan,nan,nan,nan,nan,nan,nan,nan,nan,nan,nan,nan,nan,nan,nan,nan,nan,nan,nan,nan,4.312668463611857295e-02,nan,nan,nan,nan,nan,nan,nan,nan,nan
nan,nan,nan,nan,nan,nan,nan,nan,nan,nan,-2.324324324324326257e-02,nan,nan,nan,nan,nan,nan,1.135135135135134643e-02,nan,nan,nan,nan,nan,nan,nan,8.108108108108103354e-03,-2.432432432432435343e-02,-2.702702702702704934e-02,1.621621621621605058e-03,nan,nan,nan,1.621621621621593999e-03,-2.756756756756759824e-02,-4.864864864864870686e-03,nan,nan,nan,nan,nan,nan,nan,nan,nan,nan,nan,nan,nan,nan,nan,nan,nan,nan,nan,nan,7.567567567567545783e-03,nan,nan,nan,nan,nan,nan,nan,nan,nan
nan,nan,nan,nan,nan,nan,nan,nan,nan,nan,3.966005665722383347e-03,nan,nan,nan,nan,nan,nan,4.532577903682710567e-03,nan,nan,nan,nan,nan,nan,nan,2.549575070821530343e-02,-2.266288951841355283e-03,-1.756373937677052632e-02,2.152974504249293222e-02,nan,nan,nan,9.065155807365454094e-03,-8.498583569405082638e-03,-5.099150141643038654e-03,nan,nan,nan,nan,nan,nan,nan,nan,nan,nan,nan,nan,nan,nan,nan,nan,nan,nan,nan,nan,2.889518413597733787e-02,nan,nan,nan,nan,nan,nan,nan,nan,nan
nan,nan,nan,nan,nan,nan,nan,nan,nan,nan,8.108108108108080803e-03,nan,nan,nan,nan,nan,nan,2.702702702702675097e-03,nan,nan,nan,nan,nan,nan,nan,-4.918918918918920025e-02,-2.432432432432430833e-02,-5.675675675675673215e-02,1.621621621621621712e-02,nan,nan,nan,-7.567567567567568335e-03,nan,1.945945945945943764e-02,nan,nan,nan,nan,nan,nan,nan,nan,nan,nan,nan,nan,nan,nan,nan,2.432432432432431874e-02,nan,nan,nan,nan,3.837837837837836108e-02,nan,nan,nan,nan,nan,nan,nan,nan,nan
nan,nan,nan,nan,nan,nan,nan,nan,nan,nan,1.104972375690605000e-03,nan,nan,nan,nan,nan,nan,1.657458563535907370e-02,nan,nan,nan,nan,nan,nan,nan,1.104972375690604913e-02,-2.541436464088399003e-02,-4.033149171270718897e-02,5.524861878453024566e-03,nan,nan,nan,-1.160220994475140779e-02,-3.204419889502765212e-02,-4.364640883977900787e-02,nan,nan,nan,nan,nan,nan,nan,nan,nan,nan,nan,nan,nan,nan,nan,nan,nan,nan,nan,nan,3.314917127071814566e-03,nan,nan,nan,nan,nan,nan,nan,nan,nan
nan,nan,nan,nan,nan,nan,nan,nan,nan,nan,0.000000000000000000e+00,nan,nan,nan,nan,nan,nan,6.760563380281680960e-03,nan,nan,nan,nan,nan,nan,nan,5.633802816901289489e-04,-4.507042253521153889e-03,-2.985915492957747983e-02,3.661971830985910614e-02,nan,nan,nan,-1.126760563380302350e-03,nan,-3.605633802816902295e-02,nan,nan,nan,nan,nan,nan,nan,nan,nan,nan,nan,nan,nan,nan,nan,4.619718309859154048e-02,nan,nan,nan,nan,4.676056338028168613e-02,nan,nan,nan,nan,nan,nan,nan,nan,nan
nan,nan,nan,nan,nan,nan,nan,nan,nan,nan,0.000000000000000000e+00,nan,nan,nan,nan,nan,nan,-1.724137931034480653e-02,nan,nan,nan,nan,nan,nan,nan,-2.126436781609194332e-02,-2.528735632183908358e-02,-6.379310344827587853e-02,2.068965517241381363e-02,nan,nan,nan,-1.494252873563217676e-02,nan,-1.666666666666666297e-02,nan,nan,nan,nan,nan,nan,nan,nan,nan,nan,nan,nan,nan,nan,nan,5.747126436781613452e-03,nan,nan,nan,nan,2.298850574712644340e-02,nan,nan,nan,nan,nan,nan,nan,nan,nan
nan,nan,nan,nan,nan,nan,nan,nan,nan,nan,-1.302083333333331483e-02,nan,nan,nan,nan,nan,nan,7.291666666666663313e-03,nan,nan,nan,nan,nan,nan,nan,1.249999999999998855e-02,-2.708333333333332732e-02,-4.218750000000000971e-02,-2.604166666666685170e-03,nan,nan,nan,-1.979166666666667268e-02,-3.750000000000001249e-02,-1.562500000000000087e-03,nan,nan,nan,nan,nan,nan,nan,nan,nan,nan,nan,nan,nan,nan,nan,nan,nan,nan,nan,nan,0.000000000000000000e+00,nan,nan,nan,nan,nan,nan,nan,nan,nan
nan,nan,nan,nan,nan,nan,nan,nan,nan,nan,2.732240437158472979e-03,nan,nan,nan,nan,nan,nan,-2.732240437158472979e-03,nan,nan,nan,nan,nan,nan,nan,-1.147540983606558720e-02,2.185792349726778556e-03,-1.202185792349728076e-02,3.114754098360654824e-02,nan,nan,nan,7.103825136612030092e-03,nan,-4.371584699453557113e-03,nan,nan,nan,nan,nan,nan,nan,nan,nan,nan,nan,nan,nan,nan,nan,nan,5.464480874316946391e-04,nan,nan,nan,3.278688524590162023e-02,nan,nan,nan,nan,nan,nan,nan,nan,nan
nan,nan,nan,nan,nan,nan,nan,nan,nan,nan,-1.079545454545452997e-02,nan,nan,nan,nan,nan,nan,1.420454545454546968e-02,nan,nan,nan,nan,nan,nan,nan,1.079545454545454211e-02,-4.545454545454530489e-03,-2.840909090909088386e-02,1.363636363636364611e-02,nan,nan,nan,-5.113636363636342788e-03,-2.045454545454545789e-02,-5.113636363636342788e-03,nan,nan,nan,nan,nan,nan,nan,nan,nan,nan,nan,nan,nan,nan,nan,nan,nan,nan,nan,nan,2.670454545454548079e-02,nan,nan,nan,nan,nan,nan,nan,nan,nan
nan,nan,nan,nan,nan,nan,nan,nan,nan,nan,-2.133333333333298307e-03,nan,nan,nan,nan,nan,nan,8.533333333333337212e-03,nan,nan,nan,nan,nan,nan,nan,9.066666666666677726e-03,-1.013333333333331712e-02,-2.079999999999998517e-02,1.119999999999999815e-02,nan,nan,nan,1.110223024625156602e-17,-2.399999999999996581e-02,-4.266666666666640850e-03,nan,nan,nan,nan,nan,nan,nan,nan,nan,nan,nan,nan,nan,nan,nan,nan,nan,nan,nan,nan,1.333333333333335327e-02,nan,nan,nan,nan,nan,nan,nan,nan,nan
nan,nan,nan,nan,nan,nan,nan,nan,nan,nan,-3.743315508021349911e-03,nan,nan,nan,nan,nan,nan,1.818181818181819828e-02,nan,nan,nan,nan,nan,nan,nan,1.764705882352942540e-02,-1.497326203208553322e-02,-1.925133689839568854e-02,4.278074866310177873e-03,nan,nan,nan,-5.347593582887666397e-03,-1.336898395721924926e-02,-3.743315508021360753e-03,nan,nan,nan,nan,nan,nan,nan,nan,nan,nan,nan,nan,nan,nan,nan,nan,nan,nan,nan,nan,3.743315508021405422e-03,nan,nan,nan,nan,nan,nan,nan,nan,nan
nan,nan,nan,nan,nan,nan,nan,nan,nan,nan,-1.101928374655647414e-02,nan,nan,nan,nan,nan,nan,9.366391184573007872e-03,nan,nan,nan,nan,nan,nan,nan,8.815426997245200819e-03,-2.369146005509640412e-02,-5.013774104683195454e-02,-5.509641873278181123e-04,nan,nan,nan,-1.322314049586774745e-02,-4.407713498622588266e-02,-1.101928374655647414e-02,nan,nan,nan,nan,nan,nan,nan,nan,nan,nan,nan,nan,nan,nan,nan,nan,nan,nan,nan,nan,3.305785123966964618e-03,nan,nan,nan,nan,nan,nan,nan,nan,nan
nan,nan,nan,nan,nan,nan,nan,nan,nan,nan,0.000000000000000000e+00,nan,nan,nan,nan,nan,nan,1.041095890410960109e-02,nan,nan,nan,nan,nan,nan,nan,3.671232876712329091e-02,-6.575342465753419852e-03,-2.027397260273972046e-02,5.917808219178079948e-02,nan,nan,nan,3.178082191780821908e-02,-1.479452054794519987e-02,-5.479452054794498039e-03,nan,nan,nan,nan,nan,nan,nan,nan,nan,nan,nan,nan,nan,nan,nan,nan,nan,nan,nan,nan,6.794520547945205602e-02,nan,nan,nan,nan,nan,nan,nan,nan,nan
nan,nan,nan,nan,nan,nan,nan,nan,nan,nan,-1.133144475920683236e-02,nan,nan,nan,nan,nan,nan,1.416430594900847106e-02,nan,nan,nan,nan,nan,nan,nan,1.133144475920677685e-02,-4.022662889518415635e-02,-5.155807365439094708e-02,1.133144475920677642e-03,nan,nan,nan,-1.303116147308784958e-02,-5.042492917847026662e-02,5.665722379603388426e-03,nan,nan,nan,nan,nan,nan,nan,nan,nan,nan,nan,nan,nan,nan,nan,nan,nan,nan,nan,nan,2.832861189801694213e-03,nan,nan,nan,nan,nan,nan,nan,nan,nan
nan,nan,nan,nan,nan,nan,nan,nan,nan,nan,-5.602240896358579025e-03,nan,nan,nan,nan,nan,nan,2.801120448179261757e-03,nan,nan,nan,nan,nan,nan,nan,6.722689075630228217e-03,-2.801120448179272859e-02,-1.176470588235295489e-02,2.240896358543409406e-03,nan,nan,nan,-3.361344537815147502e-03,-1.008403361344539784e-02,6.722689075630228217e-03,nan,nan,nan,nan,nan,nan,nan,nan,nan,nan,nan,nan,nan,nan,nan,nan,nan,nan,nan,nan,5.602240896358523514e-03,nan,nan,nan,nan,nan,nan,nan,nan,nan
nan,nan,nan,nan,nan,nan,nan,nan,nan,nan,-3.418803418803417933e-03,nan,nan,nan,nan,nan,nan,1.196581196581196840e-02,nan,nan,nan,nan,nan,nan,nan,6.267806267806286594e-03,-3.418803418803417760e-02,-3.361823361823360751e-02,0.000000000000000000e+00,nan,nan,nan,-1.253561253561251768e-02,-7.407407407407406823e-03,2.849002849002857385e-03,nan,nan,nan,nan,nan,nan,nan,nan,nan,nan,nan,nan,nan,nan,nan,nan,nan,nan,nan,nan,0.000000000000000000e+00,nan,nan,nan,nan,nan,nan,nan,nan,nan
nan,nan,nan,nan,nan,nan,nan,nan,nan,nan,-2.088772845953012960e-03,nan,nan,nan,nan,nan,nan,2.663185378590077201e-02,nan,nan,nan,nan,nan,nan,nan,3.133159268929504304e-02,-5.117493472584859482e-02,-1.096605744125326264e-02,2.088772845953001944e-02,nan,nan,nan,5.221932114882488381e-03,-1.148825065274153810e-02,9.921671018276756807e-03,nan,nan,nan,nan,nan,nan,nan,nan,nan,nan,nan,nan,nan,nan,nan,nan,nan,nan,nan,nan,2.349869451697127534e-02,nan,nan,nan,nan,nan,nan,nan,nan,nan
nan,nan,nan,nan,nan,nan,nan,nan,nan,nan,nan,nan,nan,nan,nan,nan,nan,-7.743732590529248117e-02,nan,nan,nan,nan,nan,nan,nan,-7.298050139275771842e-02,-3.008356545961006143e-02,-3.454038997214489010e-02,9.470752089136480131e-03,nan,nan,nan,1.392757660167126543e-02,-2.785515320334264189e-02,-5.682451253481896059e-02,nan,nan,nan,nan,nan,nan,nan,nan,nan,nan,nan,nan,nan,nan,nan,6.128133704735349956e-03,nan,nan,nan,nan,1.392757660167126543e-02,nan,nan,nan,nan,nan,nan,nan,nan,nan
nan,nan,nan,nan,nan,nan,nan,nan,nan,nan,nan,nan,nan,nan,nan,nan,nan,1.874999999999999931e-02,nan,nan,nan,nan,nan,nan,nan,1.590909090909090745e-02,-3.693181818181817677e-02,-5.511363636363638546e-02,2.840909090909060630e-03,nan,nan,nan,-5.681818181818176772e-03,-6.193181818181818510e-02,-6.818181818181817677e-02,nan,nan,nan,nan,nan,nan,nan,nan,nan,nan,nan,nan,nan,nan,nan,nan,nan,nan,nan,nan,3.409090909090895048e-03,-2.443181818181820036e-02,nan,nan,nan,nan,nan,nan,nan,nan
nan,nan,nan,nan,nan,nan,nan,nan,nan,nan,-3.208556149732644247e-03,nan,nan,nan,nan,nan,nan,1.283422459893047637e-02,nan,nan,nan,nan,nan,nan,nan,9.090909090909071386e-03,-3.101604278074868853e-02,-5.080213903743319159e-02,8.556149732620300236e-03,nan,nan,nan,-1.176470588235296530e-02,-4.117647058823531436e-02,-4.064171122994654495e-02,nan,nan,nan,nan,nan,nan,nan,nan,nan,nan,nan,nan,nan,nan,nan,nan,nan,nan,nan,nan,1.122994652406416119e-02,nan,nan,nan,nan,nan,nan,nan,nan,nan
nan,nan,nan,nan,nan,nan,nan,nan,nan,nan,-5.376344086021556112e-03,nan,nan,nan,nan,nan,nan,1.021505376344085045e-02,nan,nan,nan,nan,nan,nan,nan,5.913978494623650488e-03,-2.419354838709680822e-02,-2.311827956989250671e-02,0.000000000000000000e+00,nan,nan,nan,-9.677419354838756940e-03,-6.989247311827995364e-03,2.150537634408600414e-03,nan,nan,nan,nan,nan,nan,nan,nan,nan,nan,nan,nan,nan,nan,nan,nan,nan,nan,nan,nan,2.688172043010750301e-03,nan,nan,nan,nan,nan,nan,nan,nan,nan
nan,nan,nan,nan,nan,nan,nan,nan,nan,nan,-1.018766756032167889e-02,nan,nan,nan,nan,nan,nan,1.126005361930295691e-02,nan,nan,nan,nan,nan,nan,nan,8.042895442359254687e-03,-1.447721179624660362e-02,-2.198391420911523925e-02,-2.680965147453084896e-03,nan,nan,nan,-2.144772117962468003e-03,-1.662198391420906946e-02,-6.434316353887403576e-03,nan,nan,nan,nan,nan,nan,nan,nan,nan,nan,nan,nan,nan,nan,nan,nan,nan,nan,nan,nan,0.000000000000000000e+00,nan,nan,nan,nan,nan,nan,nan,nan,nan
nan,nan,nan,nan,nan,nan,nan,nan,nan,nan,-7.978723404255316787e-03,nan,nan,nan,nan,nan,nan,7.446808510638292140e-03,nan,nan,nan,nan,nan,nan,nan,5.851063829787217334e-03,-4.308510638297873008e-02,-1.861702127659575767e-02,2.659574468085079864e-03,nan,nan,nan,-1.063829787234044089e-02,-4.893617021276598644e-02,-5.319148936170248632e-04,nan,nan,nan,nan,nan,nan,nan,nan,nan,nan,nan,nan,nan,nan,nan,nan,nan,nan,nan,nan,5.319148936170192687e-03,nan,nan,nan,nan,nan,nan,nan,nan,nan
nan,nan,nan,nan,nan,nan,nan,nan,nan,nan,5.464480874316945958e-03,nan,nan,nan,nan,nan,nan,-2.568306010928961269e-02,nan,nan,nan,nan,nan,nan,nan,1.311475409836063664e-02,-1.366120218579236489e-02,-1.912568306010931085e-02,2.459016393442620130e-02,nan,nan,nan,1.967213114754095063e-02,-1.256830601092897605e-02,-5.683060109289618522e-02,nan,nan,nan,nan,nan,nan,nan,nan,nan,nan,nan,nan,nan,nan,nan,nan,nan,nan,nan,nan,3.661202185792348379e-02,nan,nan,nan,nan,nan,nan,nan,nan,nan
nan,nan,nan,nan,nan,nan,nan,nan,nan,nan,0.000000000000000000e+00,nan,nan,nan,nan,nan,nan,6.358381502890186714e-03,nan,nan,nan,nan,nan,nan,nan,5.202312138728326305e-03,-4.913294797687860205e-02,-5.780346820809223116e-03,0.000000000000000000e+00,nan,nan,nan,-2.312138728323698267e-03,-7.514450867052002887e-03,-3.468208092485525283e-03,nan,nan,nan,nan,nan,nan,nan,nan,nan,nan,nan,nan,nan,nan,nan,nan,nan,nan,nan,nan,0.000000000000000000e+00,nan,nan,nan,nan,nan,nan,nan,nan,nan
nan,nan,nan,nan,nan,nan,nan,nan,nan,nan,-4.469273743016743787e-03,nan,nan,nan,nan,nan,nan,7.262569832402254733e-03,nan,nan,nan,nan,nan,nan,nan,4.469273743016766338e-03,-2.067039106145250951e-02,-1.061452513966481062e-02,4.469273743016755063e-03,nan,nan,nan,-1.117318435754188766e-02,-2.905027932960891832e-02,-1.675977653631277511e-03,nan,nan,nan,nan,nan,nan,nan,nan,nan,nan,nan,nan,nan,nan,nan,nan,nan,nan,nan,nan,2.234636871508388807e-03,nan,nan,nan,nan,nan,nan,nan,nan,nan
nan,nan,nan,nan,nan,nan,nan,nan,nan,nan,-1.061007957559711957e-03,nan,nan,nan,nan,nan,nan,-1.061007957559689839e-03,nan,nan,nan,nan,nan,nan,nan,3.713527851458875515e-03,-4.297082228116713004e-02,-4.562334217506634065e-02,1.538461538461534037e-02,nan,nan,nan,-1.007957559681702496e-02,nan,-1.379310344827587922e-02,nan,nan,nan,nan,nan,nan,nan,nan,nan,nan,nan,nan,nan,nan,nan,nan,nan,nan,nan,nan,1.114058355437662698e-02,-3.183023872679047184e-02,nan,nan,nan,nan,nan,nan,nan,nan
nan,nan,nan,nan,nan,nan,nan,nan,nan,nan,1.066666666666682330e-03,nan,nan,nan,nan,nan,nan,1.866666666666666474e-02,nan,nan,nan,nan,nan,nan,nan,1.333333333333336368e-02,-2.613333333333332092e-02,-5.813333333333331465e-02,1.013333333333332753e-02,nan,nan,nan,-1.279999999999997806e-02,-4.586666666666666670e-02,-3.946666666666664991e-02,nan,nan,nan,nan,nan,nan,nan,nan,nan,nan,nan,nan,nan,nan,nan,nan,nan,nan,nan,nan,1.013333333333333794e-02,nan,nan,nan,nan,nan,nan,nan,nan,nan
nan,nan,nan,nan,nan,nan,nan,nan,nan,nan,-5.665722379603388209e-04,nan,nan,nan,nan,nan,nan,9.631728045325759630e-03,nan,nan,nan,nan,nan,nan,nan,9.065155807365421134e-03,-3.626062322946174005e-02,-5.042492917847026662e-02,5.099150141643049930e-03,nan,nan,nan,-1.076487252124643836e-02,-2.549575070821530343e-02,-4.645892351274789889e-02,nan,nan,nan,nan,nan,nan,nan,nan,nan,nan,nan,nan,nan,nan,nan,nan,nan,nan,nan,nan,6.232294617563726921e-03,nan,nan,nan,nan,nan,nan,nan,nan,nan
nan,nan,nan,nan,nan,nan,nan,nan,nan,nan,3.626943005181360209e-03,nan,nan,nan,nan,nan,nan,4.248704663212433952e-02,nan,nan,nan,nan,nan,nan,nan,1.709844559585491780e-02,1.554404145077725773e-03,-9.326424870466309969e-03,3.523316062176166941e-02,nan,nan,nan,1.450777202072538533e-02,-4.663212435233154984e-03,-8.808290155440401739e-03,nan,nan,nan,nan,nan,nan,nan,nan,nan,nan,nan,nan,nan,nan,nan,nan,nan,nan,nan,nan,3.886010362694301834e-02,nan,nan,nan,nan,nan,nan,nan,nan,nan
nan,nan,nan,nan,nan,nan,nan,nan,nan,nan,-1.623188405797102579e-02,nan,nan,nan,nan,nan,nan,8.115942028985512896e-03,nan,nan,nan,nan,nan,nan,nan,1.159420289855073172e-02,-9.855072463768122307e-03,-2.724637681159421815e-02,0.000000000000000000e+00,nan,nan,nan,-2.318840579710146170e-03,-1.159420289855073172e-02,5.797101449275365859e-03,nan,nan,nan,nan,nan,nan,nan,nan,nan,nan,nan,nan,nan,nan,nan,nan,nan,nan,nan,nan,5.217391304347829099e-03,nan,nan,nan,nan,nan,nan,nan,nan,nan
nan,nan,nan,nan,nan,nan,nan,nan,nan,nan,2.185792349726789398e-03,nan,nan,nan,nan,nan,nan,3.278688524590167575e-02,nan,nan,nan,nan,nan,nan,nan,2.459016393442625681e-02,-5.464480874316724130e-04,-1.256830601092892054e-02,5.464480874316945958e-03,nan,nan,nan,-3.005464480874314726e-02,nan,-1.967213114754095063e-02,nan,nan,nan,nan,nan,nan,nan,nan,nan,nan,nan,nan,nan,nan,nan,nan,nan,nan,nan,nan,2.732240437158472979e-02,4.371584699453557113e-03,nan,nan,nan,nan,nan,nan,nan,nan
nan,nan,nan,nan,nan,nan,nan,nan,nan,nan,nan,nan,nan,nan,nan,nan,nan,6.648199445983360087e-03,nan,nan,nan,nan,nan,nan,nan,7.756232686980601802e-03,-1.163434903047092482e-02,-1.329639889196678783e-02,2.770083102493048344e-03,nan,nan,nan,-7.202216066482014338e-03,-8.864265927977853926e-03,-8.864265927977853926e-03,nan,nan,nan,nan,nan,-3.324099722991691319e-03,nan,nan,nan,nan,nan,nan,nan,nan,nan,nan,nan,nan,nan,nan,8.310249307479200542e-03,nan,nan,nan,nan,nan,nan,nan,nan,nan
nan,nan,nan,nan,nan,nan,nan,nan,nan,nan,0.000000000000000000e+00,nan,nan,nan,nan,nan,nan,1.101928374655669618e-03,nan,nan,nan,nan,nan,nan,nan,1.212121212121212120e-02,6.611570247933906685e-03,-4.958677685950407463e-03,1.928374655647385749e-02,nan,nan,nan,8.264462809917372949e-03,-1.157024793388428119e-02,-1.212121212121212120e-02,nan,nan,nan,nan,nan,nan,nan,nan,nan,nan,nan,nan,nan,nan,nan,nan,nan,nan,nan,nan,1.873278236914601574e-02,nan,nan,nan,nan,nan,nan,nan,nan,nan
nan,nan,nan,nan,nan,nan,nan,nan,nan,nan,-5.494505494505530496e-03,nan,nan,nan,nan,nan,nan,1.098901098901094997e-02,nan,nan,nan,nan,nan,nan,nan,5.494505494505474985e-03,-1.043956043956045798e-02,-3.681318681318684893e-02,3.846153846153832490e-03,nan,nan,nan,-8.791208791208815487e-03,-2.967032967032967594e-02,3.296703296703284991e-03,nan,nan,nan,nan,nan,nan,nan,nan,nan,nan,nan,nan,nan,nan,nan,nan,nan,nan,nan,nan,8.241758241758212478e-03,nan,nan,nan,nan,nan,nan,nan,nan,nan
nan,nan,nan,nan,nan,nan,nan,nan,nan,nan,-2.247191011235960458e-03,nan,nan,nan,nan,nan,nan,1.067415730337075742e-02,nan,nan,nan,nan,nan,nan,nan,1.067415730337075742e-02,-1.404494382022475341e-02,-2.415730337078654186e-02,2.808988764044950681e-03,nan,nan,nan,-5.056179775280911573e-03,-2.022471910112359078e-02,2.808988764044950681e-03,nan,nan,nan,nan,nan,nan,nan,nan,nan,nan,nan,nan,nan,nan,nan,nan,nan,nan,nan,nan,7.865168539325806743e-03,nan,nan,nan,nan,nan,nan,nan,nan,nan
nan,nan,nan,nan,nan,nan,nan,nan,nan,nan,-1.412429378531073788e-02,nan,nan,nan,nan,nan,nan,7.909604519774038681e-03,nan,nan,nan,nan,nan,nan,nan,1.129943502824859447e-02,-3.107344632768360704e-02,-5.423728813559321182e-02,0.000000000000000000e+00,nan,nan,nan,-1.468926553672315026e-02,-6.779661016949151131e-02,-4.519774011299426512e-03,nan,nan,nan,nan,nan,nan,nan,nan,nan,nan,nan,nan,nan,nan,nan,nan,nan,nan,nan,nan,4.519774011299449064e-03,nan,nan,nan,nan,nan,nan,nan,nan,nan
nan,nan,nan,nan,nan,nan,nan,nan,nan,nan,-3.733333333333366255e-03,nan,nan,nan,nan,nan,nan,9.066666666666634358e-03,nan,nan,nan,nan,nan,nan,nan,6.399999999999961275e-03,-1.813333333333333464e-02,-2.293333333333336110e-02,1.599999999999990319e-03,nan,nan,nan,-5.333333333333356574e-03,-4.266666666666668606e-02,1.599999999999979260e-03,nan,nan,nan,nan,nan,nan,nan,nan,nan,nan,nan,nan,nan,nan,nan,nan,nan,nan,nan,nan,2.133333333333320425e-03,nan,nan,nan,nan,nan,nan,nan,nan,nan
nan,nan,nan,nan,nan,nan,nan,nan,nan,nan,0.000000000000000000e+00,nan,nan,nan,nan,nan,nan,9.577464788732382300e-03,nan,nan,nan,nan,nan,nan,nan,8.450704225352101417e-03,-2.253521126760560465e-03,5.070422535211260504e-03,3.380281690140840480e-03,nan,nan,nan,6.197183098591541386e-03,1.352112676056336192e-02,6.197183098591541386e-03,nan,nan,nan,nan,nan,nan,nan,nan,nan,nan,nan,nan,nan,nan,nan,nan,nan,nan,nan,nan,8.450704225352101417e-03,nan,nan,nan,nan,nan,nan,nan,nan,nan
nan,nan,nan,nan,nan,nan,nan,nan,nan,nan,1.110223024625156602e-17,nan,nan,nan,nan,nan,nan,-6.086956521739128601e-02,nan,nan,nan,nan,nan,nan,nan,-4.347826086956519190e-03,-1.576086956521736276e-02,-2.934782608695650843e-02,4.619565217391306128e-02,nan,nan,nan,3.804347826086962314e-03,-1.032608695652172982e-02,-7.608695652173891669e-03,nan,nan,nan,nan,nan,nan,nan,nan,nan,nan,nan,nan,nan,nan,nan,nan,nan,nan,nan,nan,6.141304347826088972e-02,nan,nan,nan,nan,nan,nan,nan,nan,nan
nan,nan,nan,nan,nan,nan,nan,nan,nan,nan,-1.110223024625156602e-17,nan,nan,nan,nan,nan,nan,-1.395480225988700584e-01,nan,nan,nan,nan,nan,nan,nan,-1.355932203389830504e-01,-4.802259887005649874e-02,-3.728813559322034787e-02,2.655367231638417966e-02,nan,nan,nan,-1.242937853107343137e-02,-5.367231638418079598e-02,-1.135593220338983189e-01,nan,nan,nan,nan,nan,nan,nan,nan,nan,nan,nan,nan,nan,nan,nan,nan,nan,nan,nan,nan,3.954802259887006677e-02,nan,nan,nan,nan,nan,nan,nan,nan,nan
nan,nan,nan,nan,nan,nan,nan,nan,nan,nan,4.864864864864870686e-03,nan,nan,nan,nan,nan,nan,1.513513513513514708e-02,nan,nan,nan,nan,nan,nan,nan,1.621621621621621712e-02,0.000000000000000000e+00,-5.405405405405350194e-04,4.864864864864881962e-03,nan,nan,nan,-9.189189189189173393e-03,9.729729729729741372e-03,7.027027027027033315e-03,nan,nan,nan,nan,nan,nan,nan,nan,nan,nan,nan,nan,nan,nan,nan,nan,nan,nan,nan,nan,1.297297297297299659e-02,nan,nan,nan,nan,nan,nan,nan,nan,nan
nan,nan,nan,nan,nan,nan,nan,nan,nan,nan,1.061007957559678781e-03,nan,nan,nan,nan,nan,nan,-1.145888594164456570e-01,nan,nan,nan,nan,nan,nan,nan,-1.167108753315649894e-01,-5.729442970822284931e-02,-6.896551724137933714e-02,4.137931034482757869e-02,nan,nan,nan,2.758620689655170294e-02,nan,-8.594164456233424620e-02,nan,nan,nan,nan,nan,nan,nan,nan,nan,nan,nan,nan,nan,nan,nan,4.668435013262597216e-02,nan,nan,nan,nan,5.198938992042436563e-02,nan,nan,nan,nan,nan,nan,nan,nan,nan
nan,nan,nan,nan,nan,nan,nan,nan,nan,nan,2.279202279202252601e-03,nan,nan,nan,nan,nan,nan,-3.418803418803428775e-03,nan,nan,nan,nan,nan,nan,nan,2.849002849002801874e-03,-1.823361823361826367e-02,-2.165242165242167033e-02,3.190883190883189030e-02,nan,nan,nan,1.709401709401708880e-02,nan,-2.849002849002851834e-02,nan,nan,nan,nan,nan,-1.139601139601154056e-03,nan,nan,nan,nan,nan,nan,nan,nan,nan,nan,nan,nan,nan,nan,2.564102564102560544e-02,nan,nan,nan,nan,nan,nan,nan,nan,nan
nan,nan,nan,nan,nan,nan,nan,nan,nan,nan,1.634877384196176033e-03,nan,nan,nan,nan,nan,nan,-2.201634877384195943e-01,nan,nan,nan,nan,nan,nan,nan,-2.245231607629427639e-01,8.174386920980936111e-03,-2.288828337874658850e-02,8.174386920980936111e-03,nan,nan,nan,-8.719346049046328845e-03,nan,-1.253405994550408319e-02,nan,nan,nan,nan,nan,nan,nan,nan,nan,nan,nan,nan,nan,nan,nan,1.525885558583106594e-02,nan,nan,nan,nan,4.468664850136240541e-02,nan,nan,nan,nan,nan,nan,nan,nan,nan
nan,nan,nan,nan,nan,nan,nan,nan,nan,nan,-3.699731903485253826e-02,nan,nan,nan,nan,nan,nan,1.554959785522789205e-02,nan,nan,nan,nan,nan,nan,nan,5.361930294906169792e-03,-6.809651474530829807e-02,-7.613941018766755275e-02,8.042895442359254687e-03,nan,nan,nan,-8.579088471849859870e-03,-6.005361930294904338e-02,-8.310991957104559014e-02,nan,nan,nan,nan,nan,nan,nan,nan,nan,nan,nan,nan,nan,nan,nan,nan,nan,nan,nan,nan,1.072386058981233958e-02,nan,nan,nan,nan,nan,nan,nan,nan,nan
nan,nan,nan,nan,nan,nan,nan,nan,nan,nan,0.000000000000000000e+00,nan,nan,nan,nan,nan,nan,-9.115281501340489340e-03,nan,nan,nan,nan,nan,nan,nan,-2.680965147453084896e-03,-1.554959785522789205e-02,-3.806970509383380413e-02,3.538873994638067760e-02,nan,nan,nan,-4.664879356568367441e-02,nan,-4.557640750670244323e-02,nan,nan,nan,nan,nan,nan,nan,nan,nan,nan,nan,nan,nan,nan,nan,nan,nan,nan,nan,nan,5.415549597855225800e-02,-4.289544235924936007e-03,nan,nan,nan,nan,nan,nan,nan,nan
nan,nan,nan,nan,nan,nan,nan,nan,nan,nan,0.000000000000000000e+00,nan,nan,nan,nan,nan,nan,1.385041551246535274e-02,nan,nan,nan,nan,nan,nan,nan,1.052631578947368397e-02,-3.933518005540167367e-02,-4.764542936288089503e-02,5.540166204986152199e-03,nan,nan,nan,7.202216066481981378e-03,-5.706371191135736071e-02,3.324099722991669201e-03,nan,nan,nan,nan,nan,nan,nan,nan,nan,nan,nan,nan,nan,nan,nan,nan,nan,nan,nan,nan,2.770083102493048344e-03,nan,nan,nan,nan,nan,nan,nan,nan,nan
nan,nan,nan,nan,nan,nan,nan,nan,nan,nan,-5.555555555555536035e-04,nan,nan,nan,nan,nan,nan,2.555555555555557440e-02,nan,nan,nan,nan,nan,nan,nan,2.000000000000003858e-02,-2.555555555555551889e-02,-2.166666666666663271e-02,1.111111111111112715e-02,nan,nan,nan,-1.777777777777777082e-02,-3.888888888888886175e-02,1.055555555555557322e-02,nan,nan,nan,nan,nan,nan,nan,nan,nan,nan,nan,nan,nan,nan,nan,nan,nan,nan,nan,nan,1.166666666666668108e-02,nan,nan,nan,nan,nan,nan,nan,nan,nan
nan,nan,nan,nan,nan,nan,nan,nan,nan,nan,-2.857142857142891401e-03,nan,nan,nan,nan,nan,nan,-3.428571428571447477e-03,nan,nan,nan,nan,nan,nan,nan,-5.142857142857159940e-03,-1.828571428571428362e-02,-1.714285714285714718e-02,-2.857142857142891401e-03,nan,nan,nan,-3.828571428571429097e-02,nan,-3.542857142857144120e-02,nan,nan,nan,nan,nan,nan,nan,nan,nan,nan,nan,nan,nan,nan,nan,nan,nan,nan,nan,nan,-2.285714285714313208e-03,-2.285714285714313208e-03,nan,nan,nan,nan,nan,nan,nan,nan
nan,nan,nan,nan,nan,nan,nan,nan,nan,nan,0.000000000000000000e+00,nan,nan,nan,nan,nan,nan,4.289544235924936007e-03,nan,nan,nan,nan,nan,nan,nan,3.217158176943701788e-03,-3.002680965147454945e-02,-4.557640750670242241e-02,7.506702412868637361e-03,nan,nan,nan,-9.651474530831104931e-03,-2.949061662198393385e-02,-3.431635388739948805e-02,nan,nan,nan,nan,nan,nan,nan,nan,nan,nan,nan,nan,nan,nan,nan,nan,nan,nan,nan,nan,5.898123324396787118e-03,nan,nan,nan,nan,nan,nan,nan,nan,nan
nan,nan,nan,nan,nan,nan,nan,nan,nan,nan,-1.666666666666660702e-03,nan,nan,nan,nan,nan,nan,4.000000000000000083e-02,nan,nan,nan,nan,nan,nan,nan,3.611111111111110772e-02,7.777777777777794901e-03,-1.666666666666666297e-02,3.777777777777778512e-02,nan,nan,nan,5.555555555555558370e-03,nan,-3.444444444444440950e-02,nan,nan,nan,nan,nan,nan,nan,nan,nan,nan,nan,nan,nan,nan,nan,nan,nan,nan,nan,nan,4.166666666666668517e-02,4.999999999999981889e-03,nan,nan,nan,nan,nan,nan,nan,nan
nan,nan,nan,nan,nan,nan,nan,nan,nan,nan,1.694915254237272474e-03,nan,nan,nan,nan,nan,nan,1.468926553672315026e-02,nan,nan,nan,nan,nan,nan,nan,2.259887005649718894e-02,-1.412429378531072574e-02,-3.220338983050848730e-02,1.129943502824859447e-02,nan,nan,nan,1.129943502824859447e-03,-8.474576271186418097e-03,-2.372881355932202757e-02,nan,nan,nan,nan,nan,nan,nan,nan,nan,nan,nan,nan,nan,nan,nan,nan,nan,nan,nan,nan,1.920903954802258978e-02,nan,nan,nan,nan,nan,nan,nan,nan,nan
nan,nan,nan,nan,nan,nan,nan,nan,nan,nan,-5.405405405405405705e-03,nan,nan,nan,nan,nan,nan,8.108108108108136314e-03,nan,nan,nan,nan,nan,nan,nan,1.189189189189190400e-02,-2.702702702702701812e-02,-1.783783783783782217e-02,5.405405405405460783e-04,nan,nan,nan,2.702702702702730608e-03,-2.702702702702697215e-03,1.081081081081081098e-03,nan,nan,nan,nan,nan,nan,nan,nan,nan,nan,nan,nan,nan,nan,nan,nan,nan,nan,nan,nan,0.000000000000000000e+00,nan,nan,nan,nan,nan,nan,nan,nan,nan
nan,nan,nan,nan,nan,nan,nan,nan,nan,nan,-5.291005291005279436e-03,nan,nan,nan,nan,nan,nan,1.322751322751324413e-02,nan,nan,nan,nan,nan,nan,nan,1.058201058201059183e-02,-3.439153439153441738e-02,-5.132275132275134627e-02,3.174603174603196718e-03,nan,nan,nan,6.878306878306894925e-03,-3.809523809523809174e-02,-5.978835978835976561e-02,nan,nan,nan,nan,nan,nan,nan,nan,nan,nan,nan,nan,nan,nan,nan,nan,nan,nan,nan,nan,5.291005291005290712e-03,nan,nan,nan,nan,nan,nan,nan,nan,nan
nan,nan,nan,nan,nan,nan,nan,nan,nan,nan,-2.666666666666661807e-03,nan,nan,nan,nan,nan,nan,3.733333333333354979e-03,nan,nan,nan,nan,nan,nan,nan,4.266666666666685086e-03,-1.119999999999997733e-02,-2.666666666666663715e-02,0.000000000000000000e+00,nan,nan,nan,-1.279999999999997806e-02,-2.453333333333330632e-02,-3.946666666666664991e-02,nan,nan,nan,nan,nan,nan,nan,nan,nan,nan,nan,nan,nan,nan,nan,nan,nan,nan,nan,nan,2.666666666666706043e-03,nan,nan,nan,nan,nan,nan,nan,nan,nan
nan,nan,nan,nan,nan,nan,nan,nan,nan,nan,-7.235142118863058247e-03,nan,nan,nan,nan,nan,nan,-1.937984496124030565e-01,nan,nan,nan,nan,nan,nan,nan,-1.953488372093022951e-01,-6.201550387596887863e-03,-1.602067183462531005e-02,1.395348837209304735e-02,nan,nan,nan,-1.291989664082686742e-02,nan,-3.049095607235140573e-02,nan,nan,nan,nan,nan,nan,nan,nan,nan,nan,nan,nan,nan,nan,nan,nan,nan,nan,nan,nan,2.377260981912143745e-02,-8.785529715762274358e-03,nan,nan,nan,nan,nan,nan,nan,nan
nan,nan,nan,nan,nan,nan,nan,nan,nan,nan,-4.419889502762420000e-03,nan,nan,nan,nan,nan,nan,-4.972375690607722283e-03,nan,nan,nan,nan,nan,nan,nan,-4.972375690607722283e-03,-2.596685082872927236e-02,-4.033149171270713346e-02,2.154696132596685063e-02,nan,nan,nan,-2.154696132596684022e-02,nan,-4.972375690607733212e-02,nan,nan,nan,nan,nan,nan,nan,nan,nan,nan,nan,nan,nan,nan,nan,nan,nan,nan,nan,nan,1.381215469613261693e-02,-1.602209944751377055e-02,nan,nan,nan,nan,nan,nan,nan,nan
nan,nan,nan,nan,nan,nan,nan,nan,nan,nan,-1.823361823361825326e-02,nan,nan,nan,nan,nan,nan,1.367521367521365959e-02,nan,nan,nan,nan,nan,nan,nan,1.595441595441594515e-02,-2.279202279202280357e-02,-3.190883190883193887e-02,1.025641025641023038e-02,nan,nan,nan,-4.558404558404571989e-03,-3.589743589743591562e-02,-2.564102564102567136e-02,nan,nan,nan,nan,nan,nan,nan,nan,nan,nan,nan,nan,nan,nan,nan,nan,nan,nan,nan,nan,1.310541310541308777e-02,nan,nan,nan,nan,nan,nan,nan,nan,nan
nan,nan,nan,nan,nan,nan,nan,nan,nan,nan,2.816901408450700472e-03,nan,nan,nan,nan,nan,nan,6.197183098591541386e-03,nan,nan,nan,nan,nan,nan,nan,-1.183098591549296419e-01,4.507042253521120929e-03,-2.253521126760571307e-03,1.690140845070420283e-02,nan,nan,nan,-4.507042253521142613e-03,nan,-3.943661971830991764e-03,nan,nan,nan,nan,nan,nan,nan,nan,nan,nan,nan,nan,nan,nan,nan,nan,nan,nan,nan,nan,2.873239436619714343e-02,4.507042253521120929e-03,nan,nan,nan,nan,nan,nan,nan,nan
nan,nan,nan,nan,nan,nan,nan,nan,nan,nan,-5.540166204986096904e-04,nan,nan,nan,nan,nan,nan,-4.986149584487520499e-03,nan,nan,nan,nan,nan,nan,nan,2.770083102493092579e-03,-2.049861495844872497e-02,-2.271468144044317544e-02,8.864265927977866069e-03,nan,nan,nan,-6.094182825484750939e-03,-2.603878116343487717e-02,-3.878116343490290059e-03,nan,nan,nan,nan,nan,nan,nan,nan,nan,nan,nan,nan,nan,nan,nan,nan,nan,nan,nan,nan,1.385041551246539784e-02,nan,nan,nan,nan,nan,nan,nan,nan,nan
nan,nan,nan,nan,nan,nan,nan,nan,nan,nan,-5.347593582887722342e-04,nan,nan,nan,nan,nan,nan,-5.347593582887722342e-04,nan,nan,nan,nan,nan,nan,nan,1.925133689839574405e-02,-7.486631016042755334e-03,-2.139037433155077661e-02,4.598930481283423910e-02,nan,nan,nan,2.673796791443850893e-02,-5.882352941176460966e-03,-3.743315508021394147e-03,nan,nan,nan,nan,nan,nan,nan,nan,nan,nan,nan,nan,nan,nan,nan,nan,nan,nan,nan,nan,5.187165775401068185e-02,nan,nan,nan,nan,nan,nan,nan,nan,nan
nan,nan,nan,nan,nan,nan,nan,nan,nan,nan,-5.249343832020691557e-04,nan,nan,nan,nan,nan,nan,-1.317585301837270184e-01,nan,nan,nan,nan,nan,nan,nan,-1.291338582677164781e-01,-3.149606299212570626e-03,-1.732283464566927028e-02,4.724409448818900348e-02,nan,nan,nan,-8.398950131233573133e-03,nan,-1.349081364829395890e-01,nan,nan,nan,nan,nan,nan,nan,nan,nan,nan,nan,nan,nan,nan,nan,nan,nan,nan,nan,nan,4.356955380577430537e-02,2.099737532808410197e-03,nan,nan,nan,nan,nan,nan,nan,nan
nan,nan,nan,nan,nan,nan,nan,nan,nan,nan,5.420054200541924100e-04,nan,nan,nan,nan,nan,nan,7.046070460704589693e-03,nan,nan,nan,nan,nan,nan,nan,2.059620596205959803e-02,1.571815718157178882e-02,-1.029810298102981116e-02,3.143631436314363314e-02,nan,nan,nan,-1.788617886178862568e-02,3.252032520325176361e-03,-9.214092140921415278e-03,nan,nan,nan,nan,nan,nan,nan,nan,nan,nan,nan,nan,nan,nan,nan,nan,nan,nan,nan,nan,4.281842818428184538e-02,nan,nan,nan,nan,nan,nan,nan,nan,nan
