nan,5.908419497784534119e-04,2.954209748892189322e-03,nan,nan,nan,nan,nan,2.067946824224542544e-03,nan,nan,nan,nan,nan,nan,nan,nan,nan,nan,nan,-2.085672082717872633e-01,nan,nan,nan,2.954209748892267060e-04,nan,nan,nan,nan,2.658788774002973729e-03,nan,nan,nan,nan,nan,nan,nan,nan,nan,nan,8.862629246676690048e-04,nan,nan,nan,nan,nan,nan,nan,nan,-1.063515509601180645e-02,nan,nan,nan,nan,nan,nan,nan,nan,nan,1.033973412112260126e-02,1.181683899556873430e-03,nan,nan,nan,nan
nan,0.000000000000000000e+00,nan,1.260997067448683603e-02,nan,5.865102639296182474e-03,nan,nan,nan,nan,nan,nan,nan,nan,nan,nan,nan,nan,nan,7.917888563049845993e-03,nan,nan,nan,nan,nan,nan,nan,nan,nan,nan,nan,nan,nan,nan,nan,nan,nan,nan,nan,2.346041055718472903e-03,1.759530791788854786e-03,nan,nan,-2.375366568914953971e-02,nan,nan,nan,nan,nan,-6.275659824046915525e-02,nan,-9.090909090909083529e-03,nan,nan,nan,nan,nan,nan,nan,nan,1.466275659824045619e-03,nan,nan,nan,nan
nan,1.785173978819970531e-02,1.694402420574887477e-02,nan,nan,nan,nan,nan,2.148260211800302397e-02,nan,nan,nan,nan,nan,nan,nan,nan,nan,nan,nan,nan,nan,nan,nan,2.299546142208775887e-02,nan,nan,nan,nan,1.089258698940999068e-02,nan,nan,nan,nan,nan,nan,nan,nan,nan,nan,2.783661119515886545e-02,nan,nan,nan,nan,nan,nan,nan,nan,-2.290468986384266437e-01,nan,nan,nan,nan,nan,nan,nan,2.965204236006051611e-02,nan,-2.341906202723146868e-01,1.422087745839636409e-02,nan,nan,nan,nan
nan,3.834808259587041412e-03,nan,nan,nan,nan,nan,2.654867256637194559e-03,nan,nan,nan,nan,nan,1.179941002949846853e-03,nan,nan,nan,nan,nan,nan,nan,nan,nan,nan,2.064896755162260074e-03,nan,nan,nan,nan,-6.194690265486690883e-03,nan,nan,nan,nan,nan,nan,nan,nan,nan,2.654867256637172442e-03,-5.309734513274322332e-03,nan,nan,nan,nan,nan,5.604719764011801067e-03,nan,nan,-4.719764011799409964e-03,nan,nan,nan,nan,nan,nan,nan,nan,nan,nan,5.014749262536888699e-03,nan,nan,nan,nan
nan,7.894736842105287700e-03,nan,8.479532163742708323e-03,nan,nan,nan,nan,nan,nan,nan,nan,nan,nan,nan,nan,nan,nan,nan,nan,nan,nan,nan,nan,nan,nan,nan,nan,nan,8.771929824561653039e-04,nan,nan,nan,nan,nan,nan,nan,nan,nan,1.695906432748544093e-02,8.479532163742730874e-03,nan,nan,-1.520467836257304375e-02,nan,nan,1.257309941520470299e-02,nan,nan,-3.976608187134502564e-02,nan,5.847953216374879521e-04,nan,nan,nan,nan,nan,nan,nan,nan,1.111111111111113756e-02,nan,nan,nan,nan
nan,4.440892098500626408e-17,nan,1.313868613138691188e-02,nan,nan,nan,nan,nan,nan,-3.036496350364960989e-02,nan,nan,nan,nan,nan,nan,nan,nan,nan,nan,nan,nan,nan,nan,nan,nan,nan,nan,-7.299270072992669264e-03,nan,nan,nan,nan,nan,nan,nan,nan,nan,nan,-3.503649635036465426e-03,nan,nan,2.043795620437971559e-03,nan,nan,nan,nan,nan,-6.306569343065690503e-02,nan,1.927007299270076107e-02,nan,nan,nan,nan,nan,nan,1.810218978102189416e-02,nan,-2.919708029197054522e-03,nan,nan,nan,nan
nan,1.793721973094170030e-02,nan,nan,nan,1.644245142002990351e-02,nan,nan,-2.989536621823440823e-04,nan,nan,nan,nan,nan,nan,nan,nan,nan,nan,nan,nan,nan,nan,nan,4.633781763826607530e-02,nan,nan,nan,nan,1.434977578475338245e-02,nan,nan,nan,nan,nan,nan,nan,nan,nan,nan,6.278026905829597881e-02,nan,-2.690582959641252270e-03,nan,nan,nan,nan,nan,nan,-2.657698056801195419e-01,nan,nan,nan,nan,nan,nan,nan,nan,nan,-2.615844544095665136e-01,1.674140508221226911e-02,nan,nan,nan,nan
nan,4.637681159420248105e-03,nan,7.536231884057942310e-03,nan,nan,nan,nan,nan,nan,nan,nan,nan,nan,nan,nan,nan,nan,nan,nan,nan,nan,nan,nan,nan,nan,nan,nan,nan,-5.797101449275477098e-04,nan,nan,nan,nan,nan,nan,nan,nan,nan,7.826086956521694643e-03,8.115942028985490345e-03,nan,nan,-2.144927536231888698e-02,nan,nan,nan,3.478260869565175020e-03,nan,-4.231884057971015828e-02,nan,-1.217391304347830230e-02,nan,nan,nan,nan,nan,nan,nan,nan,6.376811594202868791e-03,nan,nan,nan,nan
nan,9.275362318840584680e-03,nan,-2.898550724637516287e-04,nan,nan,nan,nan,nan,nan,nan,nan,1.130434782608697938e-02,nan,nan,nan,nan,nan,nan,6.376811594202913894e-03,nan,nan,nan,nan,-5.217391304347817824e-03,nan,nan,nan,nan,-2.608695652173898070e-03,nan,nan,nan,nan,nan,nan,nan,nan,nan,nan,8.695652173913215105e-04,nan,nan,nan,nan,nan,nan,nan,nan,-5.855072463768116325e-02,nan,-1.710144927536227932e-02,nan,nan,nan,nan,nan,nan,nan,nan,8.695652173913059196e-03,nan,nan,nan,nan
nan,3.493449781659385689e-03,nan,nan,nan,nan,nan,nan,nan,nan,nan,nan,nan,nan,nan,nan,nan,nan,nan,8.151382823871922492e-03,nan,nan,nan,nan,3.085880640465793467e-02,nan,nan,nan,nan,-2.911208151382793760e-04,nan,nan,nan,nan,nan,nan,nan,nan,nan,nan,1.950509461426492772e-02,nan,nan,nan,-6.113537117903922354e-03,nan,nan,-2.037845705967977587e-03,nan,-2.262008733624454315e-01,nan,nan,nan,nan,nan,nan,nan,nan,nan,-2.299854439592431132e-01,5.822416302765642815e-03,nan,nan,nan,nan
nan,1.148748159057433327e-02,nan,nan,nan,nan,nan,nan,-2.650957290132538446e-03,nan,nan,nan,nan,9.131075110456521315e-03,nan,nan,nan,nan,nan,nan,nan,nan,nan,nan,nan,nan,nan,nan,nan,-3.534609720176717929e-03,nan,nan,nan,nan,nan,nan,nan,nan,nan,8.247422680412341833e-03,-9.131075110456587235e-03,nan,nan,nan,nan,nan,4.712812960235623905e-03,nan,-3.328424153166420485e-02,-4.035346097201771010e-02,nan,nan,nan,nan,nan,nan,nan,nan,nan,nan,7.363770250368162351e-03,nan,nan,nan,nan
nan,1.396011396011398453e-02,nan,nan,nan,nan,nan,nan,nan,nan,nan,nan,9.686609686609681108e-03,nan,nan,nan,nan,nan,nan,nan,nan,nan,nan,nan,-1.139601139601140699e-02,nan,nan,nan,nan,-2.849002849002912788e-04,nan,nan,nan,nan,nan,nan,nan,nan,nan,1.253561253561255064e-02,-7.407407407407418098e-03,nan,nan,nan,nan,nan,5.982905982905961650e-03,nan,nan,-3.846153846153845673e-02,nan,nan,nan,nan,nan,nan,-8.831908831908808627e-03,nan,nan,nan,1.452991452991452340e-02,nan,nan,nan,nan
nan,-2.877697841726645223e-04,nan,5.467625899280537452e-03,nan,nan,nan,nan,nan,nan,nan,nan,nan,nan,nan,nan,nan,nan,nan,nan,nan,nan,nan,nan,9.496402877697840764e-03,nan,nan,nan,nan,-1.064748201438852140e-02,nan,nan,nan,nan,nan,nan,nan,nan,nan,nan,8.633093525179713406e-04,nan,nan,-2.964028776978420293e-02,nan,-1.352517985611512152e-02,nan,nan,nan,-7.165467625899284154e-02,nan,-2.158273381294963794e-02,nan,nan,nan,nan,nan,nan,nan,nan,-2.877697841726645223e-04,nan,nan,nan,nan
nan,4.273504273504258322e-03,nan,1.310541310541311032e-02,nan,nan,nan,nan,-7.407407407407418098e-03,nan,nan,nan,nan,nan,nan,nan,nan,nan,nan,1.994301994301972327e-03,nan,nan,nan,nan,nan,nan,nan,nan,nan,-6.837606837606835866e-03,nan,nan,nan,nan,nan,nan,nan,nan,nan,nan,5.128205128205109986e-03,nan,nan,-2.877492877492877563e-02,nan,nan,nan,nan,nan,-8.774928774928777986e-02,nan,3.703703703703697774e-03,nan,nan,nan,nan,nan,nan,nan,nan,3.703703703703675656e-03,nan,nan,nan,nan
nan,7.250755287009092061e-03,1.110223024625156602e-17,nan,nan,nan,nan,2.416918429003056708e-03,nan,nan,nan,nan,nan,nan,nan,nan,nan,nan,nan,nan,nan,nan,nan,nan,5.740181268882216421e-03,nan,nan,nan,nan,-3.021148036253640365e-04,nan,nan,nan,nan,nan,nan,nan,nan,nan,nan,1.570996978851964959e-02,nan,nan,nan,nan,nan,nan,nan,nan,-2.655589123867069246e-01,nan,nan,nan,nan,nan,nan,nan,2.265861027190335664e-02,nan,-2.734138972809667667e-01,6.948640483383716586e-03,nan,nan,nan,nan
nan,-5.357142857142838110e-03,nan,1.339285714285720630e-02,nan,nan,-2.083333333333325932e-03,nan,nan,nan,-5.089285714285709389e-02,nan,nan,nan,nan,nan,nan,nan,nan,nan,nan,nan,nan,nan,nan,nan,nan,nan,nan,-7.142857142857117481e-03,nan,nan,nan,nan,nan,nan,nan,nan,nan,nan,-1.190476190476186247e-03,nan,nan,1.190476190476208364e-03,nan,nan,nan,nan,nan,-1.035714285714285365e-01,nan,2.023809523809527722e-02,nan,nan,nan,nan,nan,nan,nan,nan,-4.464285714285698425e-03,nan,nan,nan,nan
nan,2.349486049926596733e-03,nan,-2.026431718061678586e-02,nan,nan,nan,nan,nan,nan,nan,nan,nan,nan,nan,nan,nan,nan,nan,-5.873715124816469499e-03,nan,nan,nan,nan,-1.262848751835534723e-02,nan,nan,nan,nan,-8.810572687224692973e-03,nan,nan,nan,nan,nan,nan,nan,nan,nan,1.174743024963298367e-03,-9.691629955947123759e-03,nan,nan,nan,nan,nan,-3.524229074889895317e-03,nan,nan,-4.816446402349487677e-02,nan,nan,nan,nan,nan,nan,nan,nan,nan,nan,2.643171806167399045e-03,nan,nan,nan,nan
nan,2.035398230088494159e-02,nan,7.374631268436559854e-03,nan,nan,1.238938053097342687e-02,nan,7.964601769911450538e-03,nan,nan,nan,nan,nan,nan,nan,nan,nan,nan,nan,nan,nan,nan,nan,nan,nan,nan,nan,nan,nan,nan,nan,nan,nan,nan,nan,nan,nan,nan,2.654867256637163248e-02,1.091445427728610085e-02,nan,nan,-1.799410029498527130e-02,nan,nan,nan,nan,nan,-7.286135693215341214e-02,nan,6.194690265486713435e-03,nan,nan,nan,nan,nan,nan,nan,nan,2.212389380530972380e-02,nan,nan,nan,nan
nan,5.865102639296182474e-03,nan,nan,nan,-1.759530791788854786e-03,nan,nan,2.932551319648091129e-04,nan,nan,nan,nan,8.797653958944273711e-03,nan,nan,nan,nan,nan,nan,nan,nan,nan,nan,-2.580645161290320150e-02,nan,nan,nan,nan,4.692082111436945806e-03,nan,nan,nan,nan,-3.812316715542518521e-03,nan,nan,nan,nan,nan,-5.278592375366564574e-03,nan,nan,nan,nan,nan,nan,nan,nan,-2.580645161290320150e-02,nan,nan,nan,nan,nan,nan,nan,nan,nan,nan,6.451612903225800374e-03,nan,nan,nan,nan
nan,1.072463768115938798e-02,nan,8.405797101449240943e-03,nan,nan,nan,nan,nan,nan,nan,nan,nan,nan,nan,nan,7.246376811594190843e-03,nan,nan,nan,nan,nan,nan,nan,nan,nan,nan,nan,nan,nan,nan,nan,nan,nan,nan,nan,nan,nan,nan,1.275362318840578268e-02,1.420289855072460680e-02,nan,nan,-1.449275362318842506e-02,nan,1.304347826086955583e-02,nan,nan,nan,-4.347826086956520925e-02,nan,-3.768115942028993273e-03,nan,nan,nan,nan,nan,nan,nan,nan,8.985507246376766427e-03,nan,nan,nan,nan
nan,2.153392330383481143e-02,nan,-2.625368731563422139e-02,nan,nan,nan,nan,nan,nan,nan,nan,2.064896755162239778e-02,nan,nan,nan,nan,nan,nan,nan,nan,nan,nan,nan,nan,nan,nan,nan,nan,-1.002949852507373230e-02,nan,nan,nan,nan,nan,nan,nan,nan,nan,2.507374631268437584e-02,-7.079646017699126222e-03,nan,nan,nan,nan,nan,2.566371681415928821e-02,nan,nan,-6.165191740412976490e-02,nan,-4.513274336283183696e-02,nan,nan,nan,nan,nan,nan,nan,nan,2.094395280235989906e-02,nan,nan,nan,nan
nan,3.874813710879298958e-03,nan,8.941877794336772559e-03,nan,nan,nan,nan,nan,nan,nan,nan,nan,nan,nan,nan,-2.682563338301045125e-02,nan,nan,nan,nan,nan,nan,1.132637853949327623e-02,nan,nan,nan,nan,nan,3.278688524590167401e-03,nan,nan,nan,nan,nan,nan,nan,nan,nan,nan,2.086438152011904721e-03,nan,nan,-1.311475409836064879e-02,nan,nan,nan,nan,nan,-6.438152011922501639e-02,nan,2.384500745156459441e-03,nan,nan,nan,nan,nan,nan,nan,nan,1.788375558867350001e-03,nan,nan,nan,nan
nan,2.037845705968033098e-03,nan,6.986899563318815613e-03,nan,nan,nan,nan,nan,nan,nan,nan,nan,nan,nan,nan,-1.630276564774375478e-02,nan,nan,nan,nan,nan,nan,nan,8.733624454148514529e-03,nan,nan,nan,nan,nan,nan,nan,nan,nan,nan,nan,nan,nan,nan,nan,-6.986899563318704591e-03,nan,nan,-1.484716157205234754e-02,nan,6.695778748180525666e-03,nan,nan,nan,-4.308588064046574295e-02,nan,-5.240174672489028226e-03,nan,nan,nan,nan,nan,nan,nan,nan,-8.733624454148047889e-04,nan,nan,nan,nan
nan,8.645533141210326802e-03,nan,-1.642651296829973281e-02,nan,nan,nan,nan,-2.881844380403731027e-04,nan,nan,nan,nan,nan,nan,nan,nan,nan,nan,nan,nan,nan,nan,nan,nan,nan,nan,nan,nan,0.000000000000000000e+00,nan,nan,nan,nan,nan,nan,nan,nan,nan,1.181556195965414134e-02,4.034582132564801249e-03,nan,nan,nan,nan,nan,1.469740634005760674e-02,nan,-1.930835734870317566e-02,-3.717579250720463857e-02,nan,nan,nan,nan,nan,nan,nan,nan,nan,nan,5.763688760806883957e-03,nan,nan,nan,nan
nan,5.856515373352877765e-03,nan,1.054172767203518345e-02,nan,nan,nan,nan,6.149341142020525557e-03,nan,nan,nan,nan,nan,nan,nan,nan,nan,nan,nan,nan,nan,nan,nan,nan,nan,nan,nan,nan,-3.806734992679317205e-03,nan,nan,nan,nan,nan,nan,nan,nan,nan,nan,6.734992679355822007e-03,nan,nan,nan,nan,nan,1.142020497803810687e-02,nan,1.317715959004397454e-02,-4.480234260614930630e-02,nan,-1.054172767203509498e-02,nan,nan,nan,nan,nan,nan,nan,nan,5.563689604685251658e-03,nan,nan,nan,nan
nan,1.799709724238025485e-02,8.127721335268489264e-03,nan,nan,nan,nan,nan,1.132075471698112956e-02,nan,nan,nan,nan,nan,nan,nan,nan,nan,nan,nan,nan,nan,nan,nan,2.699564586357038401e-02,nan,nan,nan,nan,8.417997097242358243e-03,nan,nan,nan,nan,nan,nan,nan,nan,nan,nan,2.148040638606676239e-02,nan,nan,nan,nan,nan,nan,nan,nan,-1.918722786647314993e-01,nan,nan,nan,nan,nan,nan,nan,2.206095791001451076e-02,nan,-1.991291727140783729e-01,1.799709724238027914e-02,nan,nan,nan,nan
nan,-3.614457831325301740e-03,nan,6.024096385542244015e-04,nan,nan,nan,nan,nan,nan,nan,nan,-6.024096385542244015e-04,nan,nan,nan,nan,nan,nan,nan,nan,nan,nan,nan,nan,nan,nan,nan,nan,-3.915662650602414266e-03,nan,nan,-2.108433734939762962e-03,nan,nan,nan,nan,nan,nan,1.204819277108435359e-02,-6.024096385542244015e-04,nan,nan,nan,nan,nan,1.204819277108448803e-03,nan,nan,-2.379518072289157210e-02,nan,nan,nan,nan,nan,nan,nan,nan,nan,nan,3.012048192770899746e-04,nan,nan,nan,nan
nan,9.295774647887311212e-03,nan,nan,nan,nan,nan,nan,-5.633802816901401162e-04,nan,nan,nan,nan,nan,nan,nan,nan,nan,nan,nan,nan,nan,nan,nan,nan,nan,nan,nan,nan,-1.971830985915490244e-03,nan,nan,-5.633802816901401162e-04,nan,nan,nan,nan,nan,nan,9.577464788732382300e-03,3.943661971830980488e-03,nan,nan,nan,nan,nan,2.816901408450700581e-04,nan,-2.338028169014081531e-02,-2.985915492957742431e-02,nan,nan,nan,nan,nan,nan,nan,nan,nan,nan,7.042253521126751181e-03,nan,nan,nan,nan
nan,2.017291066282424911e-02,nan,nan,nan,nan,nan,nan,1.729106628242127377e-03,nan,nan,nan,nan,nan,nan,nan,-3.371757925072038642e-02,nan,nan,nan,nan,nan,nan,nan,nan,nan,nan,nan,nan,2.881844380403530883e-03,nan,nan,-1.440922190201665478e-03,nan,nan,nan,nan,nan,nan,nan,5.475504322766622418e-03,nan,nan,nan,-2.881844380402842523e-04,nan,nan,nan,-1.930835734870310974e-02,-6.945244956772331224e-02,nan,nan,nan,nan,nan,nan,nan,nan,nan,nan,2.507204610951012727e-02,nan,nan,nan,nan
nan,1.201201201201205181e-02,-3.903903903903871257e-03,1.111111111111113756e-02,nan,nan,nan,nan,9.009009009009361513e-04,nan,nan,nan,nan,nan,nan,nan,nan,nan,nan,nan,nan,nan,nan,nan,nan,nan,nan,nan,nan,-5.105105105105067417e-03,nan,nan,nan,nan,nan,nan,nan,nan,nan,nan,6.906906906906961838e-03,nan,nan,-3.933933933933928678e-02,nan,nan,nan,nan,nan,-1.276276276276275823e-01,nan,-3.003003003002602256e-04,nan,nan,nan,nan,nan,nan,nan,nan,6.606606606606657377e-03,nan,nan,nan,nan
nan,4.692082111436945806e-03,nan,-3.519061583577709571e-03,nan,nan,nan,nan,nan,nan,nan,nan,nan,nan,nan,nan,nan,nan,nan,nan,nan,nan,nan,nan,1.348973607038122038e-02,nan,nan,nan,nan,-9.090909090909083529e-03,nan,nan,1.466275659824045619e-03,nan,nan,nan,nan,nan,nan,1.554252199413488390e-02,4.398826979472136856e-03,nan,nan,nan,nan,-9.090909090909083529e-03,nan,nan,nan,-4.046920821114365768e-02,nan,nan,nan,nan,nan,nan,nan,nan,nan,nan,8.504398826979463893e-03,nan,nan,nan,nan
nan,-4.329004329004293439e-03,nan,2.597402597402642503e-03,nan,nan,nan,nan,-7.215007215007207195e-03,nan,nan,nan,nan,nan,nan,nan,nan,nan,nan,nan,nan,nan,nan,nan,nan,nan,nan,nan,nan,-5.483405483405467788e-03,nan,nan,nan,nan,nan,nan,nan,nan,nan,2.220446049250313204e-17,-3.174603174603141207e-03,nan,nan,-2.886002886002880796e-02,nan,nan,nan,nan,nan,-5.512265512265505929e-02,nan,-1.010101010101005503e-02,nan,nan,nan,nan,nan,nan,nan,nan,-4.906204906204881047e-03,nan,nan,nan,nan
nan,5.830903790087438310e-03,9.620991253644285007e-03,nan,nan,nan,nan,nan,7.288629737609264928e-03,nan,nan,nan,nan,nan,nan,nan,nan,nan,nan,nan,nan,nan,nan,nan,nan,nan,nan,nan,nan,6.413994169096137385e-03,nan,nan,nan,nan,nan,nan,nan,nan,nan,nan,-8.746355685131268921e-04,nan,nan,nan,nan,nan,-1.457725947521892971e-03,nan,-1.107871720116622091e-02,-1.632653061224493760e-02,nan,nan,nan,nan,nan,nan,nan,-7.580174927113736763e-03,nan,nan,1.457725947521826184e-03,nan,nan,nan,nan
nan,7.112375533428161659e-03,-3.982930298719766782e-03,1.479374110953060074e-02,nan,nan,nan,nan,-5.689900426742555261e-04,nan,nan,nan,nan,nan,nan,nan,nan,nan,nan,nan,nan,nan,nan,nan,nan,nan,nan,nan,nan,8.819345661450950571e-03,nan,nan,nan,nan,nan,nan,nan,nan,nan,nan,1.337126600284492886e-02,nan,nan,-2.645803698435276324e-02,nan,nan,nan,nan,nan,-6.514935988620199070e-02,nan,-5.974395448079672724e-03,nan,nan,nan,nan,nan,nan,nan,nan,9.103840682788045049e-03,nan,nan,nan,nan
nan,1.627906976744188799e-02,nan,1.133720930232560119e-02,nan,nan,nan,nan,nan,nan,nan,nan,nan,nan,nan,nan,nan,nan,nan,nan,nan,nan,nan,nan,nan,nan,nan,nan,nan,nan,nan,nan,5.232558139534893189e-03,nan,nan,nan,nan,nan,nan,3.168604651162796465e-02,4.440892098500626408e-17,nan,nan,-2.005813953488364693e-02,nan,nan,3.343023255813959427e-02,nan,nan,-5.319767441860463741e-02,nan,2.034883720930280668e-03,nan,nan,nan,nan,nan,nan,nan,nan,1.250000000000002151e-02,nan,nan,nan,nan
nan,1.617647058823534767e-02,4.705882352941159578e-03,nan,nan,nan,nan,nan,nan,nan,nan,nan,nan,nan,nan,nan,nan,nan,nan,nan,nan,nan,nan,nan,nan,nan,nan,nan,nan,1.117647058823529813e-02,nan,nan,nan,nan,nan,nan,nan,nan,nan,1.823529411764710645e-02,1.617647058823534767e-02,nan,nan,-4.264705882352937127e-02,nan,-1.264705882352936718e-02,nan,nan,nan,-6.882352941176468619e-02,nan,-1.941176470588230549e-02,nan,nan,nan,nan,nan,nan,nan,nan,1.705882352941179292e-02,nan,nan,nan,nan
nan,2.282453637660464187e-03,-1.369472182596290742e-02,nan,nan,nan,nan,5.706134094150994585e-04,-1.426533523537809687e-03,nan,nan,nan,nan,nan,nan,nan,nan,nan,nan,nan,nan,nan,nan,nan,1.112696148359485458e-02,nan,nan,nan,nan,-1.711840228245376004e-03,nan,nan,nan,nan,nan,nan,nan,nan,nan,nan,1.226818830242510858e-02,nan,nan,nan,nan,nan,nan,nan,nan,-2.830242510699002012e-01,nan,nan,nan,nan,nan,nan,nan,nan,nan,-2.798858773181170378e-01,1.997146932952908929e-03,nan,nan,nan,nan
nan,1.552511415525117434e-02,3.652968036529724485e-03,nan,nan,nan,nan,nan,1.095890410958906200e-02,nan,nan,nan,nan,nan,nan,nan,nan,nan,nan,nan,nan,nan,nan,nan,nan,nan,nan,nan,nan,-6.088280060882577793e-04,nan,nan,nan,nan,nan,nan,nan,nan,nan,nan,3.044140030441422253e-03,nan,nan,-4.018264840182646236e-02,nan,-3.044140030441067177e-04,nan,nan,nan,-1.671232876712328286e-01,nan,1.826484018264862242e-03,nan,nan,nan,nan,nan,nan,nan,nan,7.001522070015253618e-03,nan,nan,nan,nan
nan,1.117647058823527731e-02,nan,1.529411764705881395e-02,nan,nan,nan,nan,nan,nan,nan,nan,nan,nan,nan,nan,-1.235294117647056655e-02,nan,nan,nan,nan,nan,nan,nan,nan,nan,nan,nan,nan,nan,nan,nan,nan,nan,nan,nan,nan,nan,nan,6.176470588235272001e-03,-5.882352941176449473e-04,nan,nan,-3.205882352941176461e-02,nan,nan,8.529411764705851356e-03,nan,nan,-8.058823529411762721e-02,nan,-5.882352941176449690e-03,nan,nan,nan,nan,nan,nan,nan,nan,1.058823529411763095e-02,nan,nan,nan,nan
nan,2.008862629246679216e-02,nan,nan,nan,nan,nan,1.063515509601184982e-02,nan,nan,nan,nan,nan,2.274741506646971168e-02,nan,nan,nan,nan,nan,nan,nan,nan,nan,nan,3.013293943870016742e-02,nan,nan,nan,nan,2.954209748892155929e-04,nan,nan,nan,nan,2.658788774002955949e-02,nan,nan,nan,nan,nan,3.485967503692764119e-02,nan,nan,nan,nan,nan,nan,nan,nan,-1.932053175775479970e-01,nan,nan,nan,nan,nan,nan,nan,nan,nan,-2.041358936484489739e-01,1.447562776957165252e-02,nan,nan,nan,nan
nan,2.762589928057555128e-02,nan,1.151079136690651497e-02,nan,nan,nan,nan,1.755395683453242484e-02,nan,nan,nan,nan,nan,nan,nan,nan,nan,nan,2.446043165467628316e-02,nan,nan,nan,nan,nan,nan,nan,nan,nan,1.525179856115110866e-02,nan,nan,nan,nan,nan,nan,nan,nan,nan,nan,4.028776978417267923e-02,nan,nan,nan,nan,5.755395683453512707e-04,nan,nan,nan,-7.712230215827334256e-02,nan,-1.093525179856114082e-02,nan,nan,nan,nan,nan,nan,nan,nan,2.561151079136692044e-02,nan,nan,nan,nan
nan,0.000000000000000000e+00,nan,2.074074074074050249e-03,nan,nan,nan,nan,nan,nan,-4.799999999999997324e-02,nan,nan,nan,nan,nan,nan,nan,nan,nan,nan,nan,nan,2.074074074074094918e-03,nan,nan,nan,nan,nan,nan,nan,nan,nan,nan,nan,nan,nan,nan,nan,nan,-7.703703703703701326e-03,nan,nan,-2.014814814814811644e-02,nan,nan,nan,nan,nan,-6.725925925925921312e-02,nan,-3.851851851851861939e-03,nan,nan,nan,nan,nan,nan,-9.481481481481490031e-03,nan,2.370370370370378146e-03,nan,nan,nan,nan
nan,8.462623413258097077e-04,-1.692524682651619372e-02,nan,nan,-2.764456981664322605e-02,nan,nan,nan,nan,nan,nan,nan,nan,nan,nan,nan,nan,nan,-2.454160789844859331e-02,nan,nan,nan,nan,nan,nan,nan,nan,nan,8.462623413258097077e-04,nan,nan,nan,nan,nan,nan,nan,nan,nan,-6.205923836389270684e-03,5.641748942172064357e-04,nan,nan,nan,nan,nan,-1.495063469675597147e-02,nan,nan,-4.992947813822288389e-02,nan,nan,nan,nan,nan,nan,nan,nan,nan,nan,1.410437235543016143e-03,nan,nan,nan,nan
nan,6.423357664233586735e-03,nan,nan,nan,nan,nan,1.459854014598582772e-03,nan,nan,nan,nan,nan,6.131386861313892558e-03,nan,nan,nan,nan,nan,nan,nan,nan,nan,nan,2.919708029197165653e-04,nan,nan,nan,nan,-3.795620437956137485e-03,nan,nan,nan,nan,nan,nan,nan,nan,nan,6.423357664233608419e-03,-2.335766423357621500e-03,nan,nan,nan,nan,nan,-1.459854014598471750e-03,nan,nan,-7.591240875912341757e-03,nan,nan,nan,nan,nan,nan,nan,nan,nan,nan,7.007299270072997639e-03,nan,nan,nan,nan
nan,1.231671554252198285e-02,nan,1.114369501466274705e-02,nan,nan,nan,nan,1.378299120234602847e-02,nan,nan,nan,nan,nan,nan,nan,nan,nan,nan,nan,nan,nan,nan,nan,nan,nan,nan,nan,nan,9.384164222873891611e-03,nan,nan,nan,nan,nan,nan,nan,nan,nan,nan,2.287390029325511026e-02,nan,nan,-2.346041055718472990e-02,nan,nan,nan,nan,5.073313782991197701e-02,-6.950146627565986779e-02,nan,-1.173020527859236451e-03,nan,nan,nan,nan,nan,nan,nan,nan,9.677419354838701429e-03,nan,nan,nan,nan
nan,2.895125553914323913e-02,-4.440892098500626408e-17,nan,nan,nan,nan,2.363367799113733764e-02,nan,nan,nan,nan,nan,3.810930576070894332e-02,nan,nan,nan,nan,nan,nan,nan,nan,nan,nan,3.604135893648443417e-02,nan,nan,nan,nan,1.152141802067940812e-02,nan,nan,nan,nan,nan,nan,nan,nan,nan,nan,4.224519940915801020e-02,nan,nan,nan,nan,nan,nan,nan,nan,-2.100443131462333690e-01,nan,nan,nan,nan,nan,nan,nan,nan,nan,-2.124076809453470938e-01,3.072378138847853268e-02,nan,nan,nan,nan
nan,1.058823529411772116e-02,nan,8.235294117647118384e-03,nan,2.941176470588313750e-03,nan,nan,nan,nan,nan,nan,nan,nan,nan,nan,nan,nan,nan,nan,nan,nan,nan,nan,1.970588235294121887e-02,nan,nan,nan,nan,8.823529411765118190e-04,nan,nan,nan,nan,nan,nan,nan,nan,nan,nan,3.529411764705958805e-03,nan,nan,nan,nan,7.647058823529495446e-03,nan,nan,nan,-6.264705882352936128e-02,nan,-1.352941176470583498e-02,nan,nan,nan,nan,nan,nan,nan,nan,8.529411764705962379e-03,nan,nan,nan,nan
nan,5.908419497784311858e-04,nan,-1.802067946824226219e-02,nan,nan,nan,nan,nan,nan,nan,nan,nan,6.794682422451958637e-03,nan,nan,nan,nan,nan,nan,nan,nan,nan,nan,nan,nan,nan,nan,nan,nan,nan,nan,0.000000000000000000e+00,nan,nan,nan,nan,nan,nan,1.004431314623333016e-02,-4.135893648449040852e-03,nan,nan,nan,nan,nan,-2.363367799113746861e-03,nan,nan,-2.924667651403252064e-02,nan,-2.067946824224520252e-02,nan,nan,nan,nan,nan,nan,nan,nan,5.908419497784311858e-04,nan,nan,nan,nan
nan,1.255474452554741251e-02,nan,1.722627737226276740e-02,nan,nan,1.839416058394158920e-02,nan,nan,nan,nan,nan,nan,nan,nan,nan,nan,nan,nan,nan,nan,nan,nan,2.802919708029196627e-02,nan,nan,nan,nan,nan,-4.379562043795614742e-03,nan,nan,nan,nan,nan,nan,nan,nan,nan,nan,-2.043795620437971559e-03,nan,nan,-2.919708029197081237e-02,nan,nan,nan,nan,nan,-6.131386861313870007e-02,nan,-1.751824817518232713e-03,nan,nan,nan,nan,nan,nan,nan,nan,1.051094890510948475e-02,nan,nan,nan,nan
nan,2.185628742514966749e-02,nan,nan,nan,nan,nan,6.287425149700575852e-03,nan,nan,nan,nan,nan,2.994011976047905588e-02,nan,nan,nan,nan,nan,nan,nan,nan,nan,nan,4.910179640718563554e-02,nan,nan,nan,nan,-2.994011976048316153e-04,nan,nan,nan,nan,2.724550898203592642e-02,nan,nan,nan,nan,nan,3.532934131736527317e-02,nan,nan,nan,nan,nan,nan,nan,nan,-1.685628742514970191e-01,nan,nan,nan,nan,nan,nan,nan,nan,nan,-1.799401197604790503e-01,2.125748502994011593e-02,nan,nan,nan,nan
nan,1.832061068702284159e-03,nan,6.106870229007244511e-04,nan,nan,nan,nan,nan,nan,nan,nan,nan,nan,nan,nan,nan,nan,nan,nan,nan,nan,nan,1.343511450381680225e-02,nan,nan,nan,nan,nan,nan,nan,nan,nan,nan,nan,nan,nan,nan,nan,nan,3.358778625954172807e-03,1.587786259541983450e-02,nan,-8.244274809160323167e-03,nan,nan,nan,nan,nan,-2.687022900763360450e-02,nan,-2.442748091603075180e-03,nan,nan,nan,nan,nan,nan,3.969465648854942144e-03,nan,4.274809160305337655e-03,nan,nan,nan,nan
nan,2.994186046511633156e-02,1.627906976744188799e-02,nan,nan,nan,-5.813953488372103785e-04,nan,4.098837209302328560e-02,nan,nan,nan,nan,nan,nan,nan,nan,nan,nan,nan,nan,nan,nan,nan,nan,nan,nan,nan,nan,6.686046511627919027e-03,nan,nan,nan,nan,nan,nan,nan,nan,nan,nan,1.337209302325583805e-02,nan,nan,nan,nan,nan,2.558139534883725405e-02,nan,nan,-4.912790697674416368e-02,nan,-2.412790697674411719e-02,nan,nan,nan,nan,nan,nan,nan,nan,2.732558139534888714e-02,nan,nan,nan,nan
nan,3.193033381712595629e-03,nan,nan,nan,nan,nan,1.741654571843209752e-03,nan,nan,nan,nan,nan,3.483309143686485858e-03,nan,nan,nan,nan,nan,nan,nan,nan,nan,nan,nan,nan,nan,nan,nan,-2.322206095790990861e-03,nan,nan,nan,nan,1.741654571843209752e-03,nan,nan,nan,nan,2.612481857764858972e-03,1.161103047895495431e-03,nan,nan,nan,nan,nan,-2.031930333817144434e-03,nan,nan,-6.966618287373016818e-03,nan,nan,nan,nan,nan,nan,nan,nan,nan,nan,4.354136429608091059e-03,nan,nan,nan,nan
nan,6.060606060606032845e-03,8.658008658008365267e-04,nan,nan,nan,nan,nan,1.731601731601717289e-03,nan,nan,nan,nan,nan,nan,nan,nan,nan,nan,nan,nan,nan,nan,nan,nan,nan,nan,nan,nan,2.308802308802304463e-03,nan,nan,nan,nan,nan,nan,nan,nan,nan,8.946608946608947469e-03,-1.731601731601739623e-03,nan,nan,nan,nan,nan,8.946608946608947469e-03,nan,-1.702741702741707858e-02,-3.059163059163059334e-02,nan,nan,nan,nan,nan,nan,nan,nan,nan,nan,5.772005772005761592e-03,nan,nan,nan,nan
nan,1.162790697674409568e-02,nan,nan,nan,nan,nan,4.941860465116176653e-03,nan,nan,nan,nan,nan,5.813953488371992329e-03,nan,nan,nan,nan,nan,nan,nan,nan,nan,nan,-1.627906976744188799e-02,nan,nan,nan,nan,-1.744186046511630919e-03,nan,nan,nan,nan,nan,1.104651162790688465e-02,nan,nan,nan,nan,-6.686046511627919027e-03,nan,nan,nan,nan,nan,nan,nan,nan,-1.744186046511631005e-02,nan,nan,nan,nan,1.744186046511564349e-03,nan,nan,nan,nan,nan,1.046511627906967536e-02,nan,nan,nan,nan
nan,-1.991465149359883391e-03,-1.621621621621618242e-02,nan,nan,nan,nan,-1.081081081081078886e-02,-1.650071123755330119e-02,nan,nan,nan,nan,nan,nan,nan,nan,nan,nan,nan,nan,nan,nan,nan,nan,nan,nan,nan,nan,-3.982930298719766782e-03,nan,nan,nan,nan,nan,nan,nan,nan,nan,nan,-5.120910384068278268e-03,nan,nan,nan,nan,nan,-1.109530583214790589e-02,nan,-1.934566145092459985e-02,-4.153627311522045673e-02,nan,nan,nan,nan,nan,nan,nan,nan,nan,nan,-8.534850640113500041e-04,nan,nan,nan,nan
nan,5.908419497784311858e-03,nan,2.363367799113724743e-03,nan,2.333825701624814286e-02,nan,nan,nan,nan,nan,nan,nan,nan,nan,nan,nan,nan,nan,2.038404726735596612e-02,nan,nan,nan,nan,nan,nan,nan,nan,nan,-5.612998522895118816e-03,nan,nan,nan,nan,nan,nan,nan,nan,nan,nan,1.181683899556862372e-03,nan,nan,-4.697193500738550132e-02,nan,nan,nan,nan,nan,-1.069423929098965997e-01,nan,-5.317577548005924908e-03,nan,nan,nan,nan,nan,nan,nan,nan,7.976366322008843560e-03,nan,nan,nan,nan
nan,6.946454413892922015e-03,nan,-1.157742402315478127e-02,nan,nan,nan,nan,nan,nan,nan,nan,nan,2.981186685962376043e-02,nan,nan,nan,nan,nan,nan,nan,nan,nan,nan,nan,nan,nan,nan,nan,nan,nan,nan,nan,nan,nan,nan,nan,nan,nan,1.244573082489150960e-02,1.157742402315497989e-03,nan,nan,-3.531114327062223612e-02,nan,nan,1.534008683068022183e-02,nan,nan,-4.312590448625175377e-02,nan,-3.039073806078145326e-02,nan,nan,nan,nan,nan,nan,nan,nan,7.235890014471823943e-03,nan,nan,nan,nan
nan,7.204610951008638339e-03,nan,-8.357348703170019294e-03,nan,nan,nan,nan,nan,nan,nan,nan,5.187319884726204755e-03,9.510086455331422800e-03,nan,nan,nan,nan,nan,nan,nan,nan,nan,nan,nan,nan,nan,nan,nan,nan,nan,nan,nan,nan,nan,nan,nan,nan,nan,nan,3.746397694524517159e-03,nan,nan,-3.170028818443802049e-02,nan,nan,8.645533141210304034e-04,nan,nan,-5.734870317002882523e-02,nan,-1.412103746397697090e-02,nan,nan,nan,nan,nan,nan,nan,nan,1.152737752161381302e-02,nan,nan,nan,nan
nan,7.246376811594146608e-03,nan,-2.028985507246416822e-03,nan,nan,nan,nan,nan,nan,nan,nan,nan,nan,nan,nan,nan,nan,nan,-5.217391304347884610e-03,nan,nan,nan,nan,-1.739130434782643021e-03,nan,nan,nan,nan,-3.768115942029037942e-03,nan,nan,nan,nan,nan,nan,nan,nan,nan,nan,2.028985507246350468e-03,nan,nan,nan,nan,nan,nan,nan,nan,-5.449275362318846405e-02,nan,-9.855072463768155266e-03,-8.695652173913437366e-04,nan,nan,nan,nan,nan,nan,nan,7.826086956521694643e-03,nan,nan,nan,nan
nan,-4.457652303120340775e-03,nan,3.268945022288249902e-03,nan,nan,nan,nan,nan,nan,nan,nan,nan,nan,nan,nan,nan,nan,nan,nan,nan,nan,nan,8.023774145616613396e-03,nan,nan,nan,nan,nan,nan,nan,nan,nan,nan,nan,nan,nan,nan,nan,nan,5.943536404160454367e-04,5.349182763744408931e-03,nan,-9.806835066864860728e-03,nan,nan,nan,nan,nan,-1.842496285289751956e-02,nan,-1.485884101040113592e-03,nan,nan,nan,nan,nan,nan,2.080237741456159029e-03,nan,-5.349182763744431482e-03,nan,nan,nan,nan
nan,1.420118343195265684e-02,nan,nan,nan,nan,nan,7.988165680473358413e-03,nan,nan,nan,nan,nan,1.656804733727811410e-02,nan,nan,nan,nan,nan,nan,nan,nan,nan,nan,nan,nan,nan,nan,nan,-1.775147928994080804e-03,nan,nan,nan,nan,nan,1.124260355029585955e-02,nan,nan,nan,nan,4.142011834319514647e-03,nan,nan,nan,nan,nan,nan,nan,nan,-2.837278106508875353e-01,nan,nan,nan,nan,1.213017751479290515e-02,nan,nan,nan,nan,-2.816568047337277836e-01,1.301775147928992994e-02,nan,nan,nan,nan
nan,1.123919308357346214e-02,nan,nan,nan,nan,nan,nan,nan,nan,-3.256484149855907312e-02,nan,nan,nan,nan,nan,nan,nan,nan,nan,nan,nan,nan,nan,2.449567723342934572e-02,nan,nan,nan,nan,3.170028818443748619e-03,nan,nan,nan,nan,1.239193083573484309e-02,1.613832853025933683e-02,nan,nan,nan,nan,1.786743515850142128e-02,nan,nan,nan,nan,nan,nan,nan,nan,-1.743515850144092272e-01,nan,nan,nan,nan,nan,nan,nan,nan,nan,-1.634005763688761159e-01,7.492795389048944980e-03,nan,nan,nan,nan
nan,5.865102639296182474e-03,nan,6.451612903225800374e-03,nan,nan,nan,2.346041055718472903e-03,nan,nan,nan,nan,nan,nan,nan,nan,nan,nan,nan,nan,nan,nan,nan,nan,nan,nan,nan,nan,nan,nan,nan,nan,nan,nan,nan,nan,nan,nan,nan,nan,2.932551319648091237e-03,nan,nan,-3.577712609970682550e-02,nan,-1.994134897360701902e-02,4.398826979472136856e-03,nan,nan,-7.038123167155430071e-02,nan,-1.524926686217007409e-02,nan,nan,nan,nan,nan,nan,nan,nan,4.985337243401754756e-03,nan,nan,nan,nan
nan,1.372262773722621176e-02,-6.715328467153325147e-03,1.985401459854010259e-02,nan,nan,nan,nan,nan,nan,nan,nan,nan,nan,nan,nan,nan,nan,nan,nan,nan,nan,nan,nan,nan,nan,nan,nan,nan,3.795620437956159603e-03,nan,nan,nan,nan,nan,nan,1.459854014598493867e-03,nan,nan,nan,7.007299270072930852e-03,nan,nan,nan,nan,-1.927007299270078189e-02,nan,nan,nan,-9.868613138686135877e-02,nan,-2.481751824817524099e-02,nan,nan,nan,nan,nan,nan,nan,nan,1.985401459854010259e-02,nan,nan,nan,nan
nan,1.190130624092891089e-02,nan,-2.902757619738461021e-04,nan,nan,nan,nan,3.483309143686530527e-03,nan,nan,nan,1.248185776487664711e-02,nan,nan,nan,nan,nan,nan,nan,nan,nan,nan,nan,nan,nan,nan,nan,nan,4.644412191582025957e-03,nan,nan,nan,nan,nan,nan,nan,nan,nan,nan,1.219158200290280068e-02,nan,nan,nan,nan,nan,nan,nan,5.515239477503652843e-03,-7.518142235123366490e-02,nan,-2.177068214804058627e-02,nan,nan,nan,nan,nan,nan,nan,nan,1.451378809869376986e-02,nan,nan,nan,nan
nan,1.081871345029239428e-02,nan,-2.309941520467839737e-02,nan,nan,nan,9.941520467836251207e-03,nan,nan,nan,nan,nan,nan,nan,nan,nan,nan,nan,nan,nan,nan,nan,nan,nan,nan,nan,nan,nan,-3.801169590643316450e-03,nan,nan,nan,nan,nan,nan,nan,nan,nan,1.608187134502923193e-02,-4.385964912280715389e-03,nan,nan,nan,nan,-2.397660818713451963e-02,1.783625730994149380e-02,nan,nan,-2.836257309941523502e-02,nan,nan,nan,nan,nan,nan,nan,nan,nan,nan,1.169590643274855991e-02,nan,nan,nan,nan
nan,5.081723625557201668e-02,9.806835066864749706e-03,nan,nan,nan,1.426448736998509048e-02,nan,nan,nan,nan,nan,nan,nan,nan,nan,nan,nan,nan,2.407132243684990611e-02,nan,nan,nan,nan,nan,nan,nan,nan,nan,2.377414561664181747e-03,nan,nan,1.991084695393754295e-02,nan,nan,nan,nan,nan,nan,nan,3.358098068350665738e-02,nan,nan,nan,nan,nan,nan,nan,nan,-6.359583952451708377e-02,nan,-1.961367013372958962e-02,nan,nan,nan,nan,nan,nan,nan,nan,4.873699851411587847e-02,nan,nan,nan,nan
nan,5.882352941176449473e-04,nan,-2.941176470588224845e-03,nan,nan,nan,nan,5.882352941176472241e-03,nan,nan,nan,nan,nan,nan,nan,nan,nan,nan,nan,nan,nan,nan,nan,nan,nan,nan,nan,nan,-1.764705882352934950e-03,nan,nan,nan,nan,nan,nan,nan,nan,nan,nan,5.000000000000004441e-03,nan,nan,-2.235294117647059625e-02,nan,nan,nan,nan,1.588235294117647939e-02,-7.323529411764702346e-02,nan,-6.470588235294094312e-03,nan,nan,nan,nan,nan,nan,nan,nan,2.647058823529424652e-03,nan,nan,nan,nan
nan,7.439198855507878246e-03,nan,nan,nan,nan,nan,2.575107296137346506e-03,nan,nan,nan,nan,nan,nan,nan,nan,nan,-1.258941344778254957e-02,nan,nan,nan,nan,nan,nan,-8.583690987124437469e-03,nan,nan,nan,nan,-1.430615164520720930e-03,nan,nan,nan,nan,1.144492131616625576e-03,nan,nan,nan,nan,nan,-2.288984263233206917e-03,nan,nan,nan,nan,nan,nan,nan,nan,-1.316165951359085130e-02,nan,nan,nan,nan,1.716738197424905188e-03,nan,nan,nan,nan,nan,7.725321888412040386e-03,nan,nan,nan,nan
nan,4.398826979472136856e-03,nan,1.026392961876838525e-02,nan,nan,nan,nan,nan,nan,nan,nan,nan,nan,nan,nan,-2.639296187683282113e-02,nan,nan,nan,nan,nan,nan,1.173020527859243087e-02,nan,nan,nan,nan,nan,nan,nan,nan,nan,nan,nan,nan,nan,nan,nan,nan,6.451612903225800374e-03,nan,nan,-1.642228739002931162e-02,nan,nan,6.744868035190631876e-03,nan,nan,-6.568914956011724648e-02,nan,-8.797653958944273928e-04,nan,nan,nan,nan,nan,nan,nan,nan,3.812316715542518521e-03,nan,nan,nan,nan
nan,3.219373219373220657e-02,1.253561253561255064e-02,nan,nan,nan,nan,2.279202279202279316e-02,nan,nan,nan,nan,nan,nan,nan,nan,nan,nan,nan,nan,nan,nan,nan,nan,3.247863247863249508e-02,nan,nan,nan,nan,1.538461538461539588e-02,nan,nan,nan,nan,nan,nan,nan,nan,nan,nan,3.903133903133904070e-02,nan,nan,nan,nan,nan,nan,nan,nan,-1.849002849002848725e-01,nan,nan,nan,nan,nan,nan,nan,3.076923076923077094e-02,nan,-1.877492877492877299e-01,2.478632478632478847e-02,nan,nan,nan,nan
nan,4.046242774566510998e-03,nan,-2.167630057803464697e-02,nan,-1.040462427745658669e-02,nan,nan,nan,nan,nan,nan,nan,nan,nan,nan,-4.190751445086700333e-02,nan,nan,-9.826589595375679470e-03,nan,nan,nan,nan,nan,nan,nan,nan,nan,nan,nan,nan,nan,nan,nan,nan,nan,nan,nan,4.335260115607008843e-03,-5.780346820808635261e-04,nan,nan,nan,nan,nan,-2.601156069364107641e-03,nan,nan,-5.722543352601150435e-02,nan,nan,nan,nan,nan,nan,nan,nan,nan,nan,4.913294797687895246e-03,nan,nan,nan,nan
nan,-3.534609720176717929e-03,-1.001472754050074590e-02,-4.123711340206170917e-03,nan,nan,nan,nan,-5.891016200294529881e-03,nan,nan,nan,nan,nan,nan,nan,nan,nan,nan,nan,nan,nan,nan,nan,nan,nan,nan,nan,nan,-2.061855670103085458e-03,nan,nan,nan,nan,nan,nan,nan,nan,nan,nan,1.178203240058905976e-03,nan,nan,-3.328424153166420485e-02,nan,nan,nan,nan,nan,-8.453608247422683686e-02,nan,-1.089837997054492538e-02,nan,nan,nan,nan,nan,nan,nan,nan,-4.123711340206170917e-03,nan,nan,nan,nan
nan,9.551374819102776553e-03,nan,-1.099855282199706588e-02,nan,nan,nan,nan,nan,nan,nan,nan,nan,2.489146164978295328e-02,nan,nan,nan,nan,nan,nan,nan,nan,nan,nan,nan,nan,nan,nan,nan,nan,nan,nan,nan,nan,nan,nan,nan,nan,nan,1.128798842257601118e-02,3.183791606367636275e-03,nan,nan,-4.283646888567289868e-02,nan,nan,1.476121562952246134e-02,nan,nan,-5.296671490593338888e-02,nan,-3.154848046309690485e-02,nan,nan,nan,nan,nan,nan,nan,nan,1.013024602026053531e-02,nan,nan,nan,nan
nan,8.695652173912771666e-04,nan,nan,nan,nan,nan,nan,nan,nan,nan,nan,nan,nan,nan,nan,nan,nan,nan,nan,nan,nan,nan,nan,-1.362318840579714897e-02,nan,nan,-1.739130434782665355e-03,nan,-2.898550724637738440e-03,nan,nan,nan,nan,9.565217391304291911e-03,nan,nan,nan,nan,2.898550724637627418e-03,-2.898550724637738440e-03,nan,nan,nan,nan,nan,nan,nan,nan,-8.405797101449351966e-03,nan,nan,nan,nan,nan,nan,-9.855072463768155266e-03,nan,nan,nan,-3.188405797101512458e-03,nan,nan,nan,nan
nan,-7.100591715976256428e-03,nan,-2.071005917159696175e-03,nan,nan,nan,nan,-2.751479289940823511e-02,nan,nan,nan,6.661338147750938996e-17,nan,nan,nan,nan,nan,nan,nan,nan,nan,nan,nan,nan,nan,nan,nan,nan,-3.846153846153788254e-03,nan,nan,nan,nan,nan,nan,nan,nan,nan,nan,2.071005917159807197e-03,nan,nan,-2.810650887573960116e-02,nan,nan,nan,nan,nan,-6.775147928994078306e-02,nan,-1.005917159763309796e-02,nan,nan,nan,nan,nan,nan,nan,nan,-6.508875739644914664e-03,nan,nan,nan,nan
nan,5.641748942172064574e-03,nan,2.059238363892803431e-02,nan,nan,5.077574047954858463e-03,nan,nan,nan,nan,nan,nan,nan,nan,nan,nan,nan,nan,nan,nan,nan,nan,nan,nan,nan,nan,nan,nan,-6.770098730606499346e-03,nan,nan,nan,nan,nan,nan,nan,nan,nan,nan,4.513399153737651485e-03,nan,nan,-1.777150916784209222e-02,nan,1.523272214386457366e-02,nan,nan,nan,-1.111424541607898969e-01,nan,6.488011283497874607e-03,nan,nan,nan,nan,nan,nan,nan,nan,5.923836389280667629e-03,nan,nan,nan,nan
nan,2.257597684515193562e-02,1.360347322720689700e-02,1.968162083936320084e-02,nan,nan,nan,nan,nan,nan,nan,nan,nan,nan,nan,nan,nan,nan,nan,nan,nan,nan,nan,nan,nan,nan,nan,nan,nan,7.235890014471735472e-03,nan,nan,nan,nan,nan,nan,nan,nan,nan,2.604920405209838405e-02,2.431259044862514943e-02,nan,nan,-1.360347322720696292e-02,nan,nan,nan,nan,nan,-7.091172214182347999e-02,nan,1.476121562952241797e-02,nan,nan,nan,nan,nan,nan,nan,nan,2.315484804630967355e-02,nan,nan,nan,nan
nan,1.070911722141820732e-02,nan,1.562952243125901447e-02,nan,nan,nan,nan,nan,nan,nan,nan,nan,nan,nan,nan,1.997105643994208021e-02,nan,nan,nan,nan,nan,nan,nan,nan,nan,nan,nan,nan,nan,nan,nan,nan,nan,nan,nan,nan,nan,nan,nan,9.840810419681567459e-03,nan,nan,-3.444283646888570555e-02,nan,2.026049204052093877e-02,5.209840810419618870e-03,nan,nan,-6.107091172214185182e-02,nan,-4.920405209840827965e-03,nan,nan,nan,nan,nan,nan,nan,nan,4.920405209840739494e-03,nan,nan,nan,nan
nan,8.491947291361646305e-03,nan,-1.464128843338212763e-02,nan,nan,nan,nan,nan,nan,nan,nan,1.698389458272331343e-02,nan,nan,nan,nan,nan,nan,4.392386530014636206e-03,nan,nan,nan,nan,nan,nan,nan,nan,nan,nan,nan,nan,nan,nan,nan,nan,nan,nan,nan,2.108345534407028016e-02,-1.171303074670570999e-03,nan,nan,nan,nan,nan,8.784773060029315780e-03,nan,nan,-5.358711566617859606e-02,nan,-2.430453879941431999e-02,nan,nan,nan,nan,nan,nan,nan,nan,4.099560761347010099e-03,nan,nan,nan,nan
nan,9.606986899563274215e-03,nan,-3.202328966521150819e-03,nan,nan,nan,nan,nan,nan,nan,nan,nan,nan,nan,nan,nan,nan,nan,nan,nan,nan,nan,nan,nan,nan,nan,nan,nan,-6.695778748180547350e-03,nan,nan,nan,nan,nan,nan,nan,nan,nan,1.746724890829689375e-02,-2.911208151383570591e-04,nan,nan,nan,nan,nan,1.397379912663749765e-02,nan,nan,-4.337700145560410142e-02,nan,-2.387190684133919799e-02,nan,nan,nan,nan,nan,nan,8.733624454148047889e-04,nan,1.251819505094611297e-02,nan,nan,nan,nan
nan,1.011235955056177804e-02,7.865168539325817151e-03,-1.235955056179778230e-02,nan,nan,nan,nan,1.011235955056177804e-02,nan,nan,nan,nan,nan,nan,nan,nan,nan,nan,nan,nan,nan,nan,nan,nan,nan,nan,nan,nan,2.808988764044895170e-03,nan,nan,nan,nan,nan,nan,nan,nan,nan,nan,1.376404494382021948e-02,nan,nan,nan,nan,nan,nan,nan,nan,-6.123595505617982632e-02,nan,-3.005617977528090082e-02,nan,nan,nan,nan,nan,1.067415730337075742e-02,nan,nan,1.095505617977527921e-02,nan,nan,nan,nan
nan,7.111111111111156555e-03,nan,nan,nan,nan,nan,3.259259259259295050e-03,nan,nan,nan,nan,nan,nan,nan,nan,nan,nan,nan,nan,nan,nan,nan,nan,-2.281481481481477738e-02,nan,nan,nan,nan,-3.555555555555511924e-03,nan,nan,nan,nan,-1.185185185185182524e-02,8.888888888889167955e-04,nan,nan,nan,-5.629629629629606842e-03,-1.718518518518514712e-02,nan,nan,nan,nan,nan,nan,nan,nan,-2.133333333333329446e-02,nan,nan,nan,nan,nan,nan,nan,nan,nan,nan,6.222222222222262636e-03,nan,nan,nan,nan
nan,-1.499250374812621843e-03,nan,3.898050974512723248e-03,nan,nan,nan,nan,nan,nan,nan,nan,nan,nan,nan,nan,nan,1.499250374812555273e-03,nan,nan,nan,nan,nan,nan,nan,nan,nan,nan,nan,nan,nan,nan,nan,nan,5.997001499250087086e-04,nan,nan,nan,nan,nan,2.998500749625154674e-04,nan,nan,-5.337331334332837823e-02,nan,-1.079460269865071230e-02,nan,nan,nan,-7.436281859070467681e-02,nan,-2.098950524737632634e-02,nan,nan,nan,nan,nan,nan,nan,nan,5.097451274362785334e-03,nan,nan,nan,nan
nan,-6.149341142020503873e-03,nan,1.200585651537333653e-02,nan,nan,nan,nan,nan,nan,nan,nan,nan,nan,nan,nan,nan,nan,nan,nan,nan,nan,nan,nan,4.099560761346987547e-03,nan,nan,nan,nan,-5.856515373352855214e-03,nan,nan,-2.049780380673515891e-03,nan,nan,nan,nan,nan,nan,nan,-1.054172767203514008e-02,nan,nan,-3.426061493411421133e-02,nan,nan,nan,nan,nan,-7.320644216691071793e-02,nan,-1.464128843338219441e-03,nan,nan,nan,nan,nan,nan,nan,nan,-5.563689604685251658e-03,nan,nan,nan,nan
nan,1.700288184438043457e-02,nan,-1.239193083573484309e-02,nan,nan,nan,nan,-3.746397694524472490e-03,nan,nan,nan,nan,nan,nan,nan,nan,nan,nan,1.296829971181556740e-02,nan,nan,nan,nan,nan,nan,nan,nan,nan,-5.763688760806795269e-04,nan,nan,nan,nan,nan,nan,nan,nan,nan,nan,6.340057636887652497e-03,nan,nan,nan,1.440922190201754383e-03,nan,nan,nan,nan,-7.953890489913542639e-02,nan,-2.103746397694521500e-02,nan,nan,nan,nan,nan,nan,nan,nan,1.729106628242076463e-02,nan,nan,nan,nan
nan,3.741007194244660907e-03,nan,-4.604316546762543885e-03,nan,nan,nan,nan,nan,nan,nan,nan,nan,nan,nan,nan,nan,nan,nan,nan,nan,nan,nan,1.467625899280577961e-02,8.920863309352555087e-03,nan,nan,nan,nan,nan,nan,nan,nan,nan,5.179856115107961401e-03,nan,nan,nan,nan,8.345323741007226043e-03,-3.453237410071885363e-03,nan,nan,nan,nan,nan,nan,nan,nan,-3.251798561151075795e-02,nan,-1.438848920863302662e-02,nan,nan,nan,nan,nan,nan,nan,nan,7.194244604316613056e-03,nan,nan,nan,nan
nan,9.883720930232575350e-03,nan,1.162790697674420670e-02,nan,nan,nan,4.069767441860471999e-03,-1.162790697674420757e-03,nan,nan,nan,nan,nan,nan,nan,nan,nan,nan,nan,nan,nan,nan,nan,9.883720930232575350e-03,nan,nan,nan,nan,6.976744186046523674e-03,nan,nan,nan,nan,nan,nan,nan,nan,nan,nan,2.034883720930236173e-02,nan,nan,nan,nan,nan,nan,nan,nan,-1.924418604651162990e-01,nan,nan,nan,nan,nan,nan,nan,nan,nan,-1.991279069767441512e-01,6.976744186046523674e-03,nan,nan,nan,nan
nan,1.778425655976680758e-02,8.163265306122480941e-03,1.078717201166186010e-02,nan,nan,nan,1.661807580174929841e-02,nan,nan,nan,nan,nan,nan,nan,nan,nan,nan,nan,nan,nan,nan,nan,nan,nan,nan,nan,nan,nan,1.137026239067060428e-02,nan,nan,nan,nan,nan,nan,nan,nan,nan,nan,1.720116618075806514e-02,nan,nan,-4.723032069970840852e-02,nan,nan,nan,nan,nan,-1.032069970845480855e-01,nan,-2.040816326530547811e-03,nan,nan,nan,nan,nan,nan,nan,nan,2.011661807580180511e-02,nan,nan,nan,nan
nan,-3.160919540229878508e-03,nan,-4.597701149425282088e-03,nan,nan,nan,nan,-5.747126436781613452e-03,nan,nan,nan,nan,nan,nan,nan,nan,nan,nan,nan,nan,nan,nan,1.350574712643675193e-02,nan,nan,nan,nan,nan,nan,nan,nan,nan,nan,nan,nan,nan,nan,nan,nan,4.885057471264375555e-03,nan,nan,-1.321839080459770097e-02,nan,nan,nan,nan,-4.022988505747115973e-03,-4.281609195402298618e-02,nan,-6.896551724137922265e-03,nan,nan,nan,nan,nan,nan,nan,nan,-1.436781609195381029e-03,nan,nan,nan,nan
nan,5.775075987841926488e-03,nan,-2.279635258358663277e-02,nan,nan,nan,nan,nan,nan,nan,nan,nan,2.553191489361699221e-02,nan,nan,nan,nan,nan,nan,nan,nan,nan,nan,nan,nan,nan,nan,nan,nan,nan,nan,0.000000000000000000e+00,nan,nan,nan,nan,nan,nan,1.306990881458966990e-02,-4.863221884498503123e-03,nan,nan,nan,nan,nan,1.306990881458966990e-02,nan,nan,-3.434650455927053259e-02,nan,-3.981762917933133472e-02,nan,nan,nan,nan,nan,nan,nan,nan,7.294832826747699173e-03,nan,nan,nan,nan
nan,2.259414225941425158e-02,-5.578800557879848732e-04,1.143654114365413345e-02,nan,nan,1.227336122733613255e-02,nan,nan,nan,nan,nan,nan,nan,nan,nan,nan,nan,nan,1.199442119944211724e-02,nan,nan,nan,nan,nan,nan,nan,nan,nan,-1.115760111575991864e-03,nan,nan,nan,nan,nan,nan,nan,nan,nan,nan,1.506276150627619027e-02,nan,nan,nan,nan,nan,nan,nan,nan,-6.861924686192466538e-02,nan,-1.422594142259410097e-02,nan,nan,nan,nan,nan,nan,nan,nan,2.119944211994424441e-02,nan,nan,nan,nan
nan,2.031473533619454486e-02,nan,9.155937052932739198e-03,nan,nan,nan,nan,2.002861230329042869e-02,nan,nan,nan,nan,nan,nan,nan,nan,nan,nan,nan,nan,nan,nan,nan,nan,nan,nan,nan,nan,3.147353361945648235e-03,nan,nan,nan,nan,nan,nan,nan,nan,nan,nan,2.031473533619456567e-02,nan,nan,-1.716738197424894086e-02,nan,nan,nan,nan,2.861230329041488524e-02,-6.323319027181688312e-02,nan,1.030042918454936521e-02,nan,nan,nan,nan,nan,nan,nan,nan,1.773962804005722177e-02,nan,nan,nan,nan
nan,3.206997084548102086e-03,nan,6.997084548104992585e-03,nan,nan,nan,nan,nan,nan,nan,nan,nan,nan,nan,nan,nan,nan,nan,nan,nan,nan,nan,nan,1.749271137026242595e-02,nan,nan,nan,nan,nan,nan,nan,nan,nan,nan,nan,nan,nan,nan,nan,4.081632653061273430e-03,nan,nan,-2.653061224489792341e-02,nan,-9.912536443148645821e-03,nan,-4.373177842565567457e-03,nan,-7.784256559766762618e-02,nan,-8.746355685131157465e-03,nan,nan,nan,nan,nan,nan,nan,nan,3.498542274052529686e-03,nan,nan,nan,nan
nan,4.166666666666651864e-03,nan,nan,nan,3.571428571428558740e-03,nan,nan,nan,nan,nan,nan,5.952380952380953785e-03,nan,nan,nan,nan,nan,nan,-3.869047619047605302e-03,nan,nan,nan,nan,-2.976190476190465617e-03,nan,nan,nan,nan,-8.928571428571396851e-04,nan,nan,nan,nan,nan,nan,nan,nan,nan,2.678571428571419055e-03,-9.821428571428536536e-03,nan,nan,nan,nan,nan,nan,nan,nan,-1.934523809523804733e-02,nan,nan,nan,nan,nan,nan,nan,nan,nan,nan,5.952380952380975469e-03,nan,nan,nan,nan
nan,-4.440892098500626408e-17,nan,3.030303030302494705e-04,nan,1.212121212121175474e-03,nan,nan,nan,nan,nan,nan,nan,nan,nan,nan,nan,nan,nan,nan,nan,nan,nan,nan,nan,nan,nan,nan,nan,nan,nan,nan,nan,nan,nan,nan,nan,nan,nan,5.454545454545401198e-03,-4.242424242424313978e-03,1.363636363636358019e-02,nan,-2.666666666666672736e-02,nan,nan,nan,nan,nan,-5.606060606060612322e-02,nan,-1.484848484848488859e-02,nan,nan,nan,nan,nan,nan,nan,nan,1.212121212121197809e-03,nan,nan,nan,nan
nan,2.647058823529402534e-03,nan,nan,nan,nan,nan,nan,nan,nan,-3.705882352941178987e-02,nan,nan,nan,nan,nan,nan,1.647058823529405983e-02,nan,nan,nan,nan,nan,nan,2.382352941176466704e-02,nan,nan,nan,nan,8.823529411764674752e-04,nan,nan,nan,nan,1.294117647058818862e-02,nan,nan,nan,nan,nan,2.852941176470586912e-02,nan,nan,nan,nan,nan,nan,nan,nan,-1.358823529411765096e-01,nan,nan,nan,nan,nan,nan,nan,nan,nan,-1.291176470588235314e-01,0.000000000000000000e+00,nan,nan,nan,nan
nan,1.789321789321784983e-02,nan,1.327561327561321836e-02,nan,nan,1.645021645021642678e-02,nan,nan,nan,nan,nan,nan,nan,nan,nan,nan,nan,nan,nan,nan,nan,nan,nan,nan,nan,nan,nan,nan,2.597402597402554032e-03,nan,nan,nan,nan,8.080808080808021820e-03,nan,nan,nan,nan,nan,9.235209235209174486e-03,nan,nan,nan,nan,-2.886002886003380397e-04,nan,nan,nan,-1.064935064935065012e-01,nan,-1.154401154401158910e-02,nan,nan,nan,nan,nan,nan,nan,nan,1.616161616161613385e-02,nan,nan,nan,nan
nan,1.518248175182483964e-02,9.343065693430685492e-03,-5.547445255474392316e-03,nan,nan,nan,nan,9.051094890510990448e-03,nan,nan,nan,nan,nan,nan,nan,nan,nan,nan,nan,nan,nan,nan,nan,nan,nan,nan,nan,nan,2.919708029197143426e-03,nan,nan,nan,nan,nan,nan,nan,nan,nan,nan,9.343065693430685492e-03,nan,nan,nan,nan,nan,nan,nan,9.635036496350423904e-03,-4.875912408759121991e-02,nan,-2.510948905109482501e-02,nan,nan,nan,nan,nan,nan,nan,nan,1.518248175182486046e-02,nan,nan,nan,nan
