nan,nan,nan,nan,nan,nan,nan,nan,nan,nan,1.305301645338208527e-01,nan,nan,nan,nan,nan,nan,2.998171846435100305e-02,nan,nan,nan,nan,nan,nan,nan,3.327239488116999488e-02,nan,nan,1.418647166361974299e-01,1.166361974405849961e-01,nan,nan,9.396709323583181395e-02,nan,1.937842778793417292e-02,nan,nan,nan,nan,nan,1.027422303473491672e-01,nan,7.678244972577694116e-02,nan,nan,nan,nan,nan,nan,nan,nan,nan,nan,nan,nan,8.263254113345519514e-02,nan,nan,nan,nan,nan,nan,nan,nan,nan
nan,nan,nan,nan,nan,nan,nan,nan,nan,nan,1.377049180327868938e-01,nan,nan,nan,nan,nan,nan,1.457194899817850810e-02,nan,nan,nan,nan,nan,nan,nan,3.205828779599273481e-02,nan,nan,1.442622950819672512e-01,1.387978142076503052e-01,nan,nan,2.987249544626597794e-02,nan,5.100182149362519728e-03,nan,nan,nan,nan,nan,7.504553734061934767e-02,nan,-2.550091074681204353e-03,nan,nan,nan,nan,nan,nan,nan,nan,nan,nan,nan,nan,1.092896174863388359e-01,nan,nan,nan,nan,nan,nan,nan,nan,nan
nan,nan,nan,nan,nan,nan,nan,nan,nan,nan,5.275142314990516335e-02,nan,nan,nan,nan,nan,nan,3.567362428842506261e-02,nan,nan,nan,nan,nan,nan,nan,4.781783681214422932e-02,nan,nan,1.115749525616698684e-01,-4.933586337760864637e-03,nan,nan,1.024667931688807467e-02,nan,2.922201138519927438e-02,nan,nan,nan,nan,nan,-2.542694497153696886e-02,nan,nan,nan,nan,nan,nan,nan,nan,3.453510436432640635e-02,nan,nan,nan,nan,nan,2.352941176470592019e-02,nan,nan,nan,nan,nan,nan,nan,nan,nan
nan,nan,nan,nan,nan,nan,nan,nan,nan,nan,-2.120658135283368800e-02,nan,nan,nan,nan,nan,nan,nan,nan,nan,nan,nan,nan,nan,nan,4.204753199268733421e-02,4.021937842778733688e-03,nan,-3.546617915904941298e-02,-6.946983546617957819e-03,nan,nan,1.389396709323578206e-02,nan,2.449725776965259311e-02,nan,nan,nan,nan,nan,-5.850091407678293005e-03,nan,4.387568555758614153e-03,nan,nan,nan,nan,nan,nan,nan,nan,nan,nan,nan,nan,1.462522851919523161e-03,nan,nan,nan,nan,nan,nan,nan,nan,nan
nan,nan,nan,nan,nan,nan,nan,nan,nan,nan,-9.541284403669702402e-03,nan,nan,nan,nan,nan,nan,2.385321100917434795e-02,nan,nan,nan,nan,nan,nan,nan,5.247706422018352107e-02,1.247706422018350983e-02,nan,1.831192660550458873e-01,-1.577981651376143477e-02,nan,nan,2.458715596330278766e-02,nan,2.678899082568810680e-02,nan,nan,nan,nan,nan,-9.541284403669724953e-03,nan,nan,nan,nan,nan,nan,nan,nan,nan,nan,nan,nan,nan,nan,1.478899082568807533e-01,nan,nan,nan,nan,nan,nan,nan,nan,nan
nan,nan,nan,nan,nan,nan,nan,nan,nan,nan,-2.941176470588235947e-02,nan,nan,nan,nan,nan,nan,7.720588235294090218e-03,nan,nan,-2.316176470588238168e-02,nan,nan,nan,nan,1.360294117647053991e-02,nan,nan,-1.801470588235298820e-02,-9.926470588235369874e-03,nan,nan,3.308823529411752951e-03,nan,9.926470588235258852e-03,nan,nan,nan,nan,nan,-1.764705882352946009e-02,nan,nan,nan,nan,nan,nan,nan,nan,nan,nan,nan,nan,nan,nan,-1.323529411764712282e-02,nan,nan,nan,nan,nan,nan,nan,nan,nan
nan,nan,nan,nan,nan,nan,nan,nan,nan,nan,1.588342440801457922e-01,nan,nan,nan,nan,nan,nan,2.768670309653920025e-02,nan,nan,nan,nan,nan,nan,nan,3.606557377049184054e-02,6.921675774134827819e-03,nan,1.726775956284153646e-01,-1.056466302367937635e-02,nan,nan,1.067395264116575981e-01,nan,3.132969034608383552e-02,nan,nan,nan,nan,nan,3.642987249544926915e-04,nan,nan,nan,nan,nan,nan,nan,nan,nan,nan,nan,nan,nan,nan,1.479052823315119003e-01,nan,nan,nan,nan,nan,nan,nan,nan,nan
nan,nan,nan,nan,nan,nan,nan,nan,nan,nan,2.032085561497326553e-02,nan,nan,nan,nan,nan,nan,-1.215686274509804043e-01,nan,nan,nan,nan,nan,nan,-1.005347593582887750e-01,-4.919786096256684171e-02,nan,nan,3.101604278074867466e-02,1.568627450980393176e-02,nan,nan,3.565062388591999751e-04,nan,-8.912655971479500894e-02,nan,nan,nan,nan,nan,6.773618538324433121e-03,nan,nan,nan,nan,nan,nan,nan,nan,nan,nan,nan,nan,nan,nan,-2.245989304812832238e-02,nan,nan,nan,nan,nan,nan,nan,nan,nan
nan,nan,nan,nan,nan,nan,nan,nan,nan,nan,1.436265709156193671e-01,nan,nan,nan,nan,nan,nan,5.385996409335703020e-03,nan,nan,nan,nan,nan,nan,nan,3.842010771992818846e-02,nan,nan,1.626570915619389157e-01,4.524236983842008092e-02,nan,nan,1.134649910233393177e-01,nan,2.298025134649910386e-02,nan,nan,nan,nan,nan,-1.005385996409338158e-02,nan,-6.104129263913860189e-03,nan,nan,nan,nan,nan,nan,nan,nan,nan,nan,nan,nan,3.518850987432675659e-02,nan,nan,nan,nan,nan,nan,nan,nan,nan
nan,nan,nan,nan,nan,nan,nan,nan,nan,nan,1.755027422303475498e-02,nan,nan,nan,nan,nan,nan,nan,nan,nan,1.535648994515541668e-02,nan,nan,nan,-2.486288848263249612e-02,-1.462522851919534437e-03,nan,nan,-2.961608775137107921e-02,nan,nan,nan,-5.082266910420474293e-02,nan,-2.193784277879307076e-03,nan,nan,nan,nan,nan,-1.901279707495425603e-02,nan,nan,nan,nan,nan,nan,nan,nan,1.974405850091410716e-02,nan,nan,nan,nan,nan,-1.828153564899448469e-02,nan,nan,nan,nan,nan,nan,nan,nan,nan
nan,nan,nan,nan,nan,nan,nan,nan,nan,nan,8.455882352941201940e-03,nan,nan,nan,nan,nan,nan,-1.102941176470587925e-01,nan,nan,nan,nan,nan,nan,nan,-8.198529411764703123e-02,nan,nan,1.727941176470589729e-02,9.926470588235314363e-03,nan,nan,3.676470588235392187e-04,nan,-9.889705882352939348e-02,nan,nan,nan,nan,nan,3.308823529411764226e-03,nan,-1.102941176470584317e-03,nan,nan,nan,nan,nan,nan,nan,nan,nan,nan,nan,nan,-2.095588235294114712e-02,nan,nan,nan,nan,nan,nan,nan,nan,nan
nan,nan,nan,nan,nan,nan,nan,nan,nan,nan,8.767605633802816323e-02,nan,nan,nan,nan,nan,nan,1.302816901408450009e-02,nan,nan,nan,nan,nan,nan,nan,3.309859154929577219e-02,nan,nan,1.088028169014084723e-01,9.436619718309857685e-02,nan,nan,4.542253521126761451e-02,nan,1.549295774647887515e-02,nan,nan,nan,nan,nan,-1.302816901408450009e-02,nan,-1.197183098591552211e-02,nan,nan,nan,nan,nan,nan,nan,nan,nan,nan,nan,nan,5.809859154929579439e-02,nan,nan,nan,nan,nan,nan,nan,nan,nan
nan,nan,nan,nan,nan,nan,nan,nan,nan,nan,-4.236983842010775408e-02,nan,nan,nan,nan,nan,nan,1.831238779174144612e-02,nan,nan,-4.165170556552964115e-02,nan,nan,nan,nan,4.308797127468579069e-02,nan,nan,1.141831238779174029e-01,-8.976660682226222585e-03,nan,nan,-1.543985637342908460e-02,nan,2.405745062836623857e-02,nan,nan,nan,nan,nan,-1.436265709156194816e-02,nan,nan,nan,nan,nan,nan,nan,nan,nan,nan,nan,nan,nan,nan,8.258527827648109651e-03,nan,nan,nan,nan,nan,nan,nan,nan,nan
nan,nan,nan,nan,nan,nan,nan,nan,nan,nan,1.067615658362985886e-02,nan,nan,nan,nan,nan,nan,-1.708185053380783247e-01,nan,nan,nan,nan,nan,nan,nan,-1.580071174377224164e-01,9.964412811387868968e-03,nan,3.558718861209962669e-02,-3.914590747330993006e-03,nan,nan,-3.558718861210286130e-04,nan,-1.644128113879003705e-01,nan,nan,nan,nan,nan,-1.110320284697509097e-01,nan,nan,nan,nan,nan,nan,nan,nan,nan,nan,nan,nan,nan,nan,1.779359430604979947e-02,nan,nan,nan,nan,nan,nan,nan,nan,nan
nan,nan,nan,nan,nan,nan,nan,nan,nan,nan,1.117318435754188766e-03,nan,nan,nan,nan,nan,nan,-9.906890130353820934e-02,nan,nan,nan,nan,nan,nan,-1.232774674115456326e-01,2.122905027932958655e-02,nan,nan,1.675977653631283149e-02,3.538175046554931091e-02,nan,nan,2.011173184357539778e-02,nan,-5.549348230912476421e-02,nan,nan,nan,nan,nan,6.703910614525132594e-03,nan,nan,nan,nan,nan,nan,nan,nan,nan,nan,nan,nan,nan,nan,-7.448789571694624731e-03,nan,nan,nan,nan,nan,nan,nan,nan,nan
nan,nan,nan,nan,nan,nan,nan,nan,nan,nan,1.798130841121495238e-01,nan,nan,nan,nan,nan,nan,3.102803738317758825e-02,nan,nan,nan,nan,nan,nan,nan,4.560747663551398962e-02,1.506542056074766101e-01,nan,1.951401869158878311e-01,1.749532710280373715e-01,nan,nan,1.514018691588784882e-01,nan,2.616822429906540126e-02,nan,nan,nan,nan,nan,6.728971962616792091e-03,nan,nan,nan,nan,nan,nan,nan,nan,nan,nan,nan,nan,nan,nan,1.424299065420560617e-01,nan,nan,nan,nan,nan,nan,nan,nan,nan
nan,nan,nan,nan,nan,nan,nan,nan,nan,nan,3.688969258589513966e-02,nan,nan,nan,nan,nan,nan,-2.350813743218804763e-02,nan,nan,nan,nan,nan,nan,-3.942133815551535081e-02,2.061482820976493630e-02,nan,nan,5.207956600361664939e-02,2.459312839059676209e-02,nan,nan,-1.446654611211561957e-03,nan,-1.193490054249547391e-02,nan,nan,nan,nan,nan,1.844484629294756983e-02,nan,nan,nan,nan,nan,nan,nan,nan,nan,nan,nan,nan,nan,nan,2.025316455696204304e-02,nan,nan,nan,nan,nan,nan,nan,nan,nan
nan,nan,nan,nan,nan,nan,nan,nan,nan,nan,-8.363636363636416798e-03,nan,nan,nan,nan,nan,nan,1.127272727272723464e-02,nan,nan,nan,nan,nan,nan,nan,3.672727272727267789e-02,1.603636363636363193e-01,nan,2.054545454545454730e-01,nan,nan,nan,5.236363636363633445e-02,nan,1.672727272727270176e-02,nan,nan,nan,nan,nan,-7.272727272727319558e-03,nan,-1.818181818181829890e-03,nan,nan,nan,nan,nan,nan,nan,nan,nan,nan,nan,nan,1.807272727272727086e-01,nan,nan,nan,nan,nan,nan,nan,nan,nan
nan,nan,nan,nan,nan,nan,nan,nan,nan,nan,-1.801125703564734198e-02,nan,nan,nan,nan,nan,nan,2.251407129455862237e-03,nan,nan,nan,nan,nan,nan,nan,2.138836772983110368e-02,-3.752345215760177874e-04,nan,2.123827392120075097e-01,-1.463414634146347273e-02,nan,nan,1.013133208255156958e-02,nan,1.500938086303937880e-02,nan,nan,nan,nan,nan,-7.879924953095685664e-03,nan,nan,nan,nan,nan,nan,nan,nan,nan,nan,nan,nan,nan,nan,3.789868667917443978e-02,nan,nan,nan,nan,nan,nan,nan,nan,nan
nan,nan,nan,nan,nan,nan,nan,nan,nan,nan,1.054545454545456964e-02,nan,nan,nan,nan,nan,nan,-1.563636363636361493e-02,nan,nan,nan,nan,nan,nan,-2.327272727272725744e-02,-1.381818181818179544e-02,nan,nan,-7.272727272727097731e-04,nan,nan,nan,5.018181818181820242e-02,nan,5.454545454545478393e-03,nan,nan,nan,nan,nan,1.563636363636364962e-02,nan,nan,nan,nan,nan,nan,nan,nan,2.036363636363638235e-02,nan,nan,nan,nan,nan,5.818181818181833442e-03,nan,nan,nan,nan,nan,nan,nan,nan,nan
nan,nan,nan,nan,nan,nan,nan,nan,nan,nan,1.090909090909091272e-01,nan,nan,nan,nan,nan,nan,1.490909090909091697e-02,nan,nan,nan,nan,nan,nan,nan,3.709090909090910493e-02,nan,nan,1.247272727272727560e-01,1.007272727272727486e-01,nan,nan,7.600000000000003975e-02,nan,2.400000000000004213e-02,nan,nan,nan,nan,nan,7.200000000000002232e-02,nan,1.745454545454546563e-02,nan,nan,nan,nan,nan,nan,nan,nan,nan,nan,nan,nan,7.563636363636366822e-02,nan,nan,nan,nan,nan,nan,nan,nan,nan
nan,nan,nan,nan,nan,nan,nan,nan,nan,nan,-1.466165413533835303e-02,nan,nan,nan,1.503759398496229416e-03,nan,nan,nan,nan,nan,nan,nan,nan,nan,nan,7.443609022556389732e-02,7.518796992481169630e-03,nan,6.917293233082708048e-02,nan,nan,nan,-2.631578947368429233e-03,nan,5.977443609022557031e-02,nan,nan,nan,nan,nan,-1.503759398496229416e-03,nan,-8.270676691729317298e-03,nan,nan,nan,nan,nan,nan,nan,nan,nan,nan,nan,nan,1.033834586466165495e-01,nan,nan,nan,nan,nan,nan,nan,nan,nan
nan,nan,nan,nan,nan,nan,nan,nan,nan,nan,1.068391866913123989e-01,nan,nan,nan,nan,nan,nan,1.626617375231056289e-02,nan,nan,8.133086876155272427e-02,nan,nan,nan,nan,3.770794824399265055e-02,nan,nan,1.378927911275416029e-01,-8.133086876155238079e-03,nan,nan,9.316081330868766774e-02,nan,3.253234750462112579e-02,nan,nan,nan,nan,nan,-9.981515711645050012e-03,nan,nan,nan,nan,nan,nan,nan,nan,nan,nan,nan,nan,nan,nan,3.548983364140486513e-02,nan,nan,nan,nan,nan,nan,nan,nan,nan
nan,nan,nan,nan,nan,nan,nan,nan,nan,nan,1.062388591800356163e-01,nan,nan,nan,nan,nan,nan,6.417112299465200023e-03,nan,nan,nan,nan,nan,nan,nan,5.169340463458107354e-02,nan,nan,1.418894830659536144e-01,1.108734402852049605e-01,nan,nan,8.057040998217462890e-02,nan,1.711229946524060047e-02,nan,nan,nan,nan,nan,1.426024955436713294e-02,nan,3.565062388591222378e-04,nan,nan,nan,nan,nan,nan,nan,nan,nan,nan,nan,nan,1.051693404634580775e-01,nan,nan,nan,nan,nan,nan,nan,nan,nan
nan,nan,nan,nan,nan,nan,nan,nan,nan,nan,8.451730418943537160e-02,nan,nan,nan,nan,nan,nan,1.420765027322406018e-02,nan,nan,nan,nan,nan,nan,nan,2.914389799635704742e-02,nan,nan,1.183970856102003893e-01,8.451730418943537160e-02,nan,nan,1.457194899817881861e-03,nan,2.185792349726778383e-02,nan,nan,nan,nan,nan,7.868852459016398293e-02,nan,-9.471766848816010054e-03,nan,nan,nan,nan,nan,nan,nan,nan,nan,nan,nan,nan,4.699453551912571164e-02,nan,nan,nan,nan,nan,nan,nan,nan,nan
nan,nan,nan,nan,nan,nan,nan,nan,nan,nan,1.234119782214156691e-01,nan,nan,nan,nan,nan,nan,1.996370235934668072e-02,nan,nan,4.029038112522688453e-02,nan,nan,nan,nan,4.283121597096188615e-02,nan,nan,1.582577132486388538e-01,nan,nan,nan,1.197822141560804868e-02,nan,1.161524500907447008e-02,nan,nan,nan,nan,nan,-2.395644283121598633e-02,nan,-4.718693284936459342e-03,nan,nan,nan,nan,nan,nan,nan,nan,nan,nan,nan,nan,1.560798548094375314e-02,nan,nan,nan,nan,nan,nan,nan,nan,nan
nan,nan,nan,nan,nan,nan,nan,nan,nan,nan,-4.206500956022962354e-03,nan,nan,nan,nan,nan,nan,-1.315487571701720870e-01,nan,nan,nan,nan,nan,nan,5.736137667304008585e-03,-2.217973231357555156e-02,nan,nan,3.059273422562136698e-03,-3.059273422562158815e-03,nan,nan,9.177820267686409225e-03,nan,-9.674952198852775076e-02,nan,nan,nan,nan,nan,-1.376673040152967022e-02,nan,nan,nan,nan,nan,nan,nan,nan,nan,nan,nan,nan,nan,nan,-2.753346080305929533e-02,nan,nan,nan,nan,nan,nan,nan,nan,nan
nan,nan,nan,nan,nan,nan,nan,nan,nan,nan,-3.074265975820382815e-02,nan,nan,nan,nan,nan,nan,1.865284974093259912e-02,nan,nan,nan,nan,nan,nan,nan,3.868739205526768032e-02,2.763385146804808908e-03,nan,1.395509499136441678e-01,-2.452504317789294674e-02,nan,nan,1.105354058721931196e-02,nan,2.210708117443864820e-02,nan,nan,nan,nan,nan,-1.450777202072544084e-02,nan,nan,nan,nan,nan,nan,nan,nan,nan,nan,nan,nan,nan,nan,5.319516407599304830e-02,nan,nan,nan,nan,nan,nan,nan,nan,nan
nan,nan,nan,nan,nan,nan,nan,nan,nan,nan,-4.497257769652649589e-02,nan,nan,nan,nan,nan,nan,1.572212065813530929e-02,nan,nan,nan,nan,nan,nan,nan,4.277879341864718882e-02,nan,nan,7.312614259597827009e-03,-1.755027422303472376e-02,nan,nan,-2.303473491773304696e-02,nan,2.120658135283367413e-02,nan,nan,nan,nan,nan,-2.522851919561239914e-02,nan,nan,nan,nan,nan,nan,nan,nan,-3.912248628884822110e-02,nan,nan,nan,nan,nan,-7.312614259597794049e-03,nan,nan,nan,nan,nan,nan,nan,nan,nan
nan,nan,nan,nan,nan,nan,nan,nan,nan,nan,5.768500948766604880e-02,nan,nan,nan,nan,nan,nan,1.024667931688807467e-02,nan,nan,nan,nan,nan,nan,nan,4.516129032258067028e-02,nan,nan,1.506641366223909206e-01,3.339658444022770845e-02,nan,nan,-1.138519924098679902e-03,nan,1.442125237191653822e-02,nan,nan,nan,nan,nan,8.425047438330171556e-02,nan,-1.897533206831103535e-03,nan,nan,nan,nan,nan,nan,nan,nan,nan,nan,nan,nan,7.855787476280837178e-02,nan,nan,nan,nan,nan,nan,nan,nan,nan
nan,nan,nan,nan,nan,nan,nan,nan,nan,nan,6.179159049360146566e-02,nan,nan,nan,nan,nan,nan,-4.021937842778766647e-03,nan,nan,5.630712979890312164e-02,nan,nan,nan,nan,-6.946983546617891032e-03,nan,nan,2.851919561243144649e-02,-3.144424131627056307e-02,nan,nan,6.361974405850091829e-02,nan,-2.559414990859221369e-03,nan,nan,nan,nan,nan,-6.471663619744055795e-02,nan,nan,nan,nan,nan,nan,nan,nan,nan,nan,nan,nan,nan,nan,2.220446049250313204e-17,nan,nan,nan,nan,nan,nan,nan,nan,nan
nan,nan,nan,nan,nan,nan,nan,nan,nan,nan,8.928571428571363891e-03,nan,nan,nan,nan,nan,nan,1.964285714285707307e-02,nan,nan,nan,nan,nan,nan,nan,5.999999999999994227e-02,nan,nan,1.142857142857142405e-01,5.999999999999995615e-02,nan,nan,7.142857142857117481e-03,nan,3.714285714285710249e-02,nan,nan,nan,nan,nan,-1.642857142857147984e-02,nan,2.857142857142847166e-03,nan,nan,nan,nan,nan,nan,nan,nan,nan,nan,nan,nan,1.999999999999992756e-02,nan,nan,nan,nan,nan,nan,nan,nan,nan
nan,nan,nan,nan,nan,nan,nan,nan,nan,nan,-1.930783242258651139e-02,nan,nan,nan,nan,nan,nan,1.493624772313297856e-02,nan,nan,nan,nan,nan,nan,nan,5.100182149362479656e-02,2.295081967213117441e-02,nan,2.040072859744991030e-01,-2.513661202185792781e-02,nan,nan,1.056466302367944400e-02,nan,3.023679417122038249e-02,nan,nan,nan,nan,nan,-1.639344262295081706e-02,nan,nan,nan,nan,nan,nan,nan,nan,nan,nan,nan,nan,nan,nan,2.040072859744992279e-02,nan,nan,nan,nan,nan,nan,nan,nan,nan
nan,nan,nan,nan,nan,nan,nan,nan,nan,nan,1.776614310645724115e-01,nan,nan,nan,nan,nan,nan,1.361256544502615837e-02,nan,nan,nan,nan,nan,nan,nan,3.979057591623032242e-02,1.643979057591622994e-01,nan,1.835951134380453542e-01,nan,nan,nan,1.567190226876090664e-01,nan,2.547993019197205417e-02,nan,nan,nan,nan,nan,3.490401396160554975e-02,nan,1.312390924956369775e-01,nan,nan,nan,nan,nan,nan,nan,nan,nan,nan,nan,nan,1.549738219895287761e-01,nan,nan,nan,nan,nan,nan,nan,nan,nan
nan,nan,nan,nan,nan,nan,nan,nan,nan,nan,9.426523297491036513e-02,nan,nan,nan,nan,nan,nan,4.229390681003579455e-02,nan,nan,nan,nan,nan,nan,nan,1.017921146953404826e-01,1.720430107526882413e-02,nan,1.749103942652329435e-01,nan,nan,nan,1.544802867383512357e-01,nan,6.487455197132614704e-02,nan,nan,nan,nan,nan,-8.960573476702538009e-03,nan,nan,nan,nan,nan,nan,nan,nan,1.469534050179209864e-02,nan,nan,nan,nan,nan,9.713261648745516452e-02,nan,nan,nan,nan,nan,nan,nan,nan,nan
nan,nan,nan,nan,nan,nan,nan,nan,nan,nan,1.324675324675325117e-01,nan,nan,nan,nan,nan,nan,2.374768089053802544e-02,nan,nan,nan,nan,nan,nan,2.968460111317283538e-03,9.350649350649352376e-02,nan,nan,1.788497217068645839e-01,1.480519480519480735e-01,nan,nan,1.298701298701298579e-01,nan,4.601113172541748675e-02,nan,nan,nan,nan,nan,1.346938775510204411e-01,nan,nan,nan,nan,nan,nan,nan,nan,nan,nan,nan,nan,nan,nan,1.157699443413729296e-01,nan,nan,nan,nan,nan,nan,nan,nan,nan
nan,nan,nan,nan,nan,nan,nan,nan,nan,nan,-2.230215827338126802e-02,nan,nan,nan,nan,nan,nan,1.366906474820144338e-02,nan,nan,nan,nan,nan,nan,nan,3.956834532374098323e-02,7.985611510791369716e-02,nan,1.615107913669064643e-01,-1.762589928057551811e-02,nan,nan,9.856115107913669682e-02,nan,2.482014388489213116e-02,nan,nan,nan,nan,nan,-9.712230215827299257e-03,nan,nan,nan,nan,nan,nan,nan,nan,nan,nan,nan,nan,nan,nan,1.266187050359712241e-01,nan,nan,nan,nan,nan,nan,nan,nan,nan
nan,nan,nan,nan,nan,nan,nan,nan,nan,nan,-3.105360443622915551e-02,nan,nan,nan,nan,nan,nan,7.393715341959649755e-04,nan,nan,-1.478743068391862384e-02,nan,nan,nan,nan,4.399260628465808537e-02,nan,nan,7.911275415896491803e-02,-3.031423290203323281e-02,nan,nan,-7.393715341958984055e-04,nan,6.654343807763462952e-03,nan,nan,nan,nan,nan,-2.809611829944538147e-02,nan,nan,nan,nan,nan,nan,nan,nan,nan,nan,nan,nan,nan,nan,4.251386321626622611e-02,nan,nan,nan,nan,nan,nan,nan,nan,nan
nan,nan,nan,nan,nan,nan,nan,nan,nan,nan,1.213358070500927671e-01,nan,nan,nan,nan,nan,nan,2.337662337662338441e-02,nan,nan,nan,nan,nan,nan,2.226345083487957233e-03,6.641929499072357634e-02,nan,nan,1.320964749536178151e-01,1.387755102040816590e-01,nan,nan,1.016697588126159457e-01,nan,4.267161410018553702e-02,nan,nan,nan,nan,nan,1.239332096474953515e-01,nan,nan,nan,nan,nan,nan,nan,nan,nan,nan,nan,nan,nan,nan,5.936920222634508443e-02,nan,nan,nan,nan,nan,nan,nan,nan,nan
nan,nan,nan,nan,nan,nan,nan,nan,nan,nan,-1.078066914498145880e-02,nan,nan,nan,nan,nan,nan,nan,nan,nan,nan,nan,nan,nan,nan,3.643122676579921976e-02,7.434944237918172764e-03,nan,1.226765799256505363e-01,-2.565055762081789453e-02,nan,nan,6.691449814126370840e-03,nan,1.672862453531596266e-02,nan,nan,nan,nan,nan,-1.189591078066922804e-02,nan,1.486988847583625749e-03,nan,nan,nan,nan,nan,nan,nan,nan,nan,nan,nan,nan,5.947955390334524681e-03,nan,nan,nan,nan,nan,nan,nan,nan,nan
nan,nan,nan,nan,nan,nan,nan,nan,nan,nan,8.411552346570394523e-02,nan,nan,nan,nan,nan,nan,2.166064981949453877e-02,nan,nan,8.664259927797832161e-02,nan,nan,nan,nan,5.703971119133573187e-02,nan,nan,1.249097472924187435e-01,nan,nan,nan,8.483754512635374723e-02,nan,2.635379061371837667e-02,nan,nan,nan,nan,nan,-2.238267148014447955e-02,nan,-1.155234657039711996e-02,nan,nan,nan,nan,nan,nan,nan,nan,nan,nan,nan,nan,6.137184115523430621e-03,nan,nan,nan,nan,nan,nan,nan,nan,nan
nan,nan,nan,nan,nan,nan,nan,nan,nan,nan,1.698324022346368589e-01,nan,nan,nan,nan,nan,nan,1.638733705772814700e-02,nan,nan,nan,nan,nan,nan,nan,2.458100558659217366e-02,1.713221601489757773e-01,nan,1.966480446927374448e-01,-4.096834264432036750e-03,nan,nan,1.184357541899441618e-01,nan,1.675977653631284189e-02,nan,nan,nan,nan,nan,2.234636871508399649e-03,nan,nan,nan,nan,nan,nan,nan,nan,nan,nan,nan,nan,nan,nan,1.497206703910614611e-01,nan,nan,nan,nan,nan,nan,nan,nan,nan
nan,nan,nan,nan,nan,nan,nan,nan,nan,nan,1.886524822695035408e-01,nan,nan,nan,nan,nan,nan,1.560283687943262408e-02,nan,nan,nan,nan,nan,nan,nan,3.475177304964540553e-02,nan,nan,1.829787234042553334e-01,1.333333333333333592e-01,nan,nan,2.234042553191490851e-02,nan,2.695035460992907181e-02,nan,nan,nan,nan,nan,2.234042553191489811e-02,nan,-6.382978723404253256e-03,nan,nan,nan,nan,nan,nan,nan,nan,nan,nan,nan,nan,1.212765957446808318e-01,nan,nan,nan,nan,nan,nan,nan,nan,nan
nan,nan,nan,nan,nan,nan,nan,nan,nan,nan,-3.941068139963162936e-02,nan,nan,nan,nan,nan,nan,4.788213627992632219e-03,nan,nan,nan,nan,nan,nan,nan,2.872928176795580546e-02,nan,nan,-2.725598526703497740e-02,-1.841620626151013740e-02,nan,nan,-1.694290976058933015e-02,nan,7.366482504604055306e-03,nan,nan,nan,nan,nan,-3.462246777163900668e-02,nan,nan,nan,nan,nan,nan,nan,nan,-3.793738489871082559e-02,nan,nan,nan,nan,nan,-1.104972375690610464e-02,nan,nan,nan,nan,nan,nan,nan,nan,nan
nan,nan,nan,nan,nan,nan,nan,nan,nan,nan,2.065217391304345965e-02,nan,nan,nan,nan,nan,nan,-1.358695652173913249e-01,nan,nan,nan,nan,nan,nan,nan,-1.119565217391304823e-01,nan,nan,4.782608695652172670e-02,3.623188405797006626e-04,nan,nan,1.304347826086954543e-02,nan,-1.213768115942028825e-01,nan,nan,nan,nan,nan,-1.050724637681160756e-02,nan,-3.623188405797117756e-04,nan,nan,nan,nan,nan,nan,nan,nan,nan,nan,nan,nan,-2.246376811594202882e-02,nan,nan,nan,nan,nan,nan,nan,nan,nan
nan,nan,nan,nan,nan,nan,nan,nan,nan,nan,-1.897810218978104174e-02,nan,nan,nan,nan,nan,nan,1.058394160583939723e-02,nan,nan,-1.459854014598540618e-02,nan,nan,nan,nan,3.941605839416056911e-02,nan,nan,7.956204379562041573e-02,-1.423357664233579865e-02,nan,nan,-1.824817518248211768e-03,nan,2.189781021897808586e-02,nan,nan,nan,nan,nan,-1.131386861313872158e-02,nan,nan,nan,nan,nan,nan,nan,nan,nan,nan,nan,nan,nan,nan,-1.094890510948907068e-02,nan,nan,nan,nan,nan,nan,nan,nan,nan
nan,nan,nan,nan,nan,nan,nan,nan,nan,nan,1.709618874773139729e-01,nan,nan,nan,nan,nan,nan,1.960072595281305702e-02,nan,nan,nan,nan,nan,nan,nan,6.098003629764063571e-02,nan,nan,2.003629764065336105e-01,1.760435571687840040e-01,nan,nan,1.390199637023593338e-01,nan,3.266787658802181721e-02,nan,nan,nan,nan,nan,6.134301270417426288e-02,nan,2.867513611615243180e-02,nan,nan,nan,nan,nan,nan,nan,nan,nan,nan,nan,nan,1.397459165154265048e-01,nan,nan,nan,nan,nan,nan,nan,nan,nan
nan,nan,nan,nan,nan,nan,nan,nan,nan,nan,1.069343065693431072e-01,nan,nan,nan,nan,nan,nan,2.335766423357667904e-02,nan,nan,1.116788321167883485e-01,nan,nan,nan,nan,6.532846715328470555e-02,nan,nan,1.503649635036496957e-01,nan,nan,nan,-1.715328467153280981e-02,nan,2.481751824817522017e-02,nan,nan,nan,nan,nan,-1.678832116788318146e-02,nan,-1.058394160583937468e-02,nan,nan,nan,nan,nan,nan,nan,nan,nan,nan,nan,nan,1.131386861313870076e-02,nan,nan,nan,nan,nan,nan,nan,nan,nan
nan,nan,nan,nan,nan,nan,nan,nan,nan,nan,-5.000000000000004441e-02,nan,nan,nan,nan,nan,nan,2.169117647058817905e-02,nan,nan,-4.264705882352948230e-02,nan,nan,nan,nan,4.448529411764701180e-02,nan,nan,9.227941176470584594e-02,nan,nan,nan,-4.779411764705932160e-03,nan,2.352941176470584386e-02,nan,nan,nan,nan,nan,-3.125000000000002082e-02,nan,-6.985294117647145029e-03,nan,nan,nan,nan,nan,nan,nan,nan,nan,nan,nan,nan,2.536764705882349480e-02,nan,nan,nan,nan,nan,nan,nan,nan,nan
nan,nan,nan,nan,nan,nan,nan,nan,nan,nan,-1.872659176029967121e-03,nan,nan,nan,nan,nan,nan,-1.273408239700366505e-02,nan,nan,nan,nan,nan,nan,nan,-2.996254681647947567e-03,1.213483146067416002e-01,nan,1.385767790262172616e-01,-1.423220973782763840e-02,nan,nan,1.273408239700377607e-02,nan,-9.737827715355784272e-03,nan,nan,nan,nan,nan,nan,nan,-3.745318352059934458e-04,nan,nan,nan,nan,nan,nan,nan,nan,nan,nan,nan,nan,1.086142322097378710e-01,nan,nan,nan,nan,nan,nan,nan,nan,nan
nan,nan,nan,nan,nan,nan,nan,nan,nan,nan,1.180076628352490636e-01,nan,nan,nan,nan,nan,nan,2.567049808429120589e-02,nan,nan,nan,nan,nan,nan,2.681992337164795879e-03,8.390804597701154166e-02,1.080459770114942791e-01,nan,1.160919540229885250e-01,nan,nan,nan,1.103448275862069367e-01,nan,4.904214559386976813e-02,nan,nan,nan,nan,nan,1.126436781609195803e-01,nan,nan,nan,nan,nan,nan,nan,nan,nan,nan,nan,nan,nan,nan,9.693486590038316586e-02,nan,nan,nan,nan,nan,nan,nan,nan,nan
nan,nan,nan,nan,nan,nan,nan,nan,nan,nan,1.027322404371584508e-01,nan,nan,nan,nan,nan,nan,1.129326047358831728e-02,nan,nan,nan,nan,nan,nan,nan,3.679417122040069821e-02,nan,nan,1.307832422586520660e-01,1.001821493624771853e-01,nan,nan,6.921675774134739348e-03,nan,1.457194899817846299e-02,nan,nan,nan,nan,nan,9.216757741347900157e-02,nan,-3.278688524590189952e-03,nan,nan,nan,nan,nan,nan,nan,nan,nan,nan,nan,nan,2.732240437158466387e-02,nan,nan,nan,nan,nan,nan,nan,nan,nan
nan,nan,nan,nan,nan,nan,nan,nan,nan,nan,1.457194899817837409e-03,nan,nan,nan,nan,nan,nan,-2.102003642987249898e-01,nan,nan,nan,nan,nan,nan,nan,-1.992714025500911257e-01,9.107468123861539588e-03,nan,2.586520947176683752e-02,-9.471766848816055157e-03,nan,nan,-1.493624772313297856e-02,nan,-2.025500910746812211e-01,nan,nan,nan,nan,nan,-1.857923497267761556e-02,nan,nan,nan,nan,nan,nan,nan,nan,nan,nan,nan,nan,nan,nan,-3.278688524590189952e-03,nan,nan,nan,nan,nan,nan,nan,nan,nan
nan,nan,nan,nan,nan,nan,nan,nan,nan,nan,6.581352833638020976e-03,nan,nan,nan,nan,nan,nan,-1.126142595978062017e-01,nan,nan,nan,nan,nan,nan,-1.177330895795246357e-01,-4.570383912248628111e-02,nan,nan,2.340036563071298120e-02,1.937842778793419374e-02,nan,nan,-3.290676416819016126e-03,nan,-8.117001828153565246e-02,nan,nan,nan,nan,nan,8.775137111517372288e-03,nan,nan,nan,nan,nan,nan,nan,nan,nan,nan,nan,nan,nan,nan,-1.462522851919562106e-02,nan,nan,nan,nan,nan,nan,nan,nan,nan
nan,nan,nan,nan,nan,nan,nan,nan,nan,nan,1.918819188191880215e-02,nan,nan,nan,nan,nan,nan,-1.298892988929889469e-01,nan,nan,nan,nan,nan,nan,-1.357933579335793561e-01,-5.387453874538746662e-02,nan,nan,1.402214022140219063e-02,2.509225092250921829e-02,nan,nan,4.428044280442788687e-03,nan,-8.892988929889299177e-02,nan,nan,nan,nan,nan,4.797047970479706609e-03,nan,nan,nan,nan,nan,nan,nan,nan,nan,nan,nan,nan,nan,nan,-1.697416974169742993e-02,nan,nan,nan,nan,nan,nan,nan,nan,nan
nan,nan,nan,nan,nan,nan,nan,nan,nan,nan,-2.745098039215692134e-02,nan,nan,nan,nan,nan,nan,2.424242424242419730e-02,nan,nan,nan,nan,nan,nan,nan,2.745098039215682073e-02,nan,nan,9.982174688057038336e-02,-1.247771836007134302e-02,nan,nan,-5.704099821746910770e-03,nan,2.067736185383241970e-02,nan,nan,nan,nan,nan,-1.354723707664888879e-02,nan,nan,nan,nan,nan,nan,nan,nan,-3.386809269162216474e-02,nan,nan,nan,nan,nan,-9.982174688057088643e-03,nan,nan,nan,nan,nan,nan,nan,nan,nan
nan,nan,nan,nan,nan,nan,nan,nan,nan,nan,1.272058823529411131e-01,nan,nan,nan,nan,nan,nan,1.874999999999993339e-02,nan,nan,nan,nan,nan,nan,nan,6.948529411764700625e-02,nan,1.264705882352940569e-01,1.555147058823528883e-01,1.231617647058822901e-01,nan,nan,9.117647058823524775e-02,nan,3.602941176470586537e-02,nan,nan,nan,nan,nan,1.213235294117640493e-02,nan,nan,nan,nan,nan,nan,nan,nan,nan,nan,nan,nan,nan,nan,6.249999999999996531e-02,nan,nan,nan,nan,nan,nan,nan,nan,nan
nan,nan,nan,nan,nan,nan,nan,nan,nan,nan,-6.096256684491979660e-02,nan,nan,nan,nan,nan,nan,nan,nan,nan,-6.024955436720146051e-02,nan,nan,nan,nan,3.636363636363634105e-02,nan,nan,-2.067736185383245440e-02,-8.199643493761144333e-03,nan,nan,-2.317290552584675561e-02,nan,2.388591800356503272e-02,nan,nan,nan,nan,nan,-2.959001782531199901e-02,nan,-6.417112299465255534e-03,nan,nan,nan,nan,nan,nan,nan,nan,nan,nan,nan,nan,-5.704099821746899494e-03,nan,nan,nan,nan,nan,nan,nan,nan,nan
nan,nan,nan,nan,nan,nan,nan,nan,nan,nan,-3.508137432188061094e-02,nan,nan,nan,nan,nan,nan,1.663652802893313826e-02,nan,nan,nan,nan,nan,nan,nan,2.169981916817365075e-02,nan,nan,1.016274864376130599e-01,-8.318264014466492801e-03,nan,nan,1.374321880650999396e-02,nan,1.591320072332735869e-02,nan,nan,nan,nan,nan,-1.157323688969251821e-02,nan,nan,nan,nan,nan,nan,nan,nan,-2.784810126582275627e-02,nan,nan,nan,nan,nan,-2.567811934900536899e-02,nan,nan,nan,nan,nan,nan,nan,nan,nan
nan,nan,nan,nan,nan,nan,nan,nan,nan,nan,-1.474820143884894054e-02,nan,nan,nan,nan,nan,nan,-8.992805755395672646e-03,nan,nan,nan,nan,nan,nan,nan,2.122302158273379341e-02,1.035971223021582704e-01,nan,1.309352517985611919e-01,nan,nan,nan,4.064748201438850295e-02,nan,1.151079136690646987e-02,nan,nan,nan,nan,nan,-1.007194244604314726e-02,nan,-7.913669064748173748e-03,nan,nan,nan,nan,nan,nan,nan,nan,nan,nan,nan,nan,1.057553956834532405e-01,nan,nan,nan,nan,nan,nan,nan,nan,nan
nan,nan,nan,nan,nan,nan,nan,nan,nan,nan,-4.126394052044612959e-02,nan,nan,nan,nan,nan,nan,nan,nan,nan,nan,nan,nan,nan,-7.806691449814162631e-03,9.256505576208176600e-02,nan,nan,8.029739776951669294e-02,-7.806691449814162631e-03,nan,nan,-8.921933085501909319e-03,nan,6.245353159851298186e-02,nan,nan,nan,nan,nan,-3.159851301115244177e-02,nan,-3.717472118959453059e-04,nan,nan,nan,nan,nan,nan,nan,nan,nan,nan,nan,nan,3.754646840148695430e-02,nan,nan,nan,nan,nan,nan,nan,nan,nan
nan,nan,nan,nan,nan,nan,nan,nan,nan,nan,-2.449725776965270413e-02,nan,nan,nan,nan,nan,nan,-1.096892138939686932e-03,nan,nan,nan,nan,nan,nan,nan,4.351005484460692546e-02,-2.559414990859276880e-03,nan,1.659963436928701408e-01,nan,nan,nan,1.462522851919545496e-03,nan,1.499085923217549111e-02,nan,nan,nan,nan,nan,-1.279707495429618404e-02,nan,-1.206581352833642137e-02,nan,nan,nan,nan,nan,nan,nan,nan,nan,nan,nan,nan,9.835466179159045585e-02,nan,nan,nan,nan,nan,nan,nan,nan,nan
nan,nan,nan,nan,nan,nan,nan,nan,nan,nan,-3.380782918149460858e-02,nan,nan,nan,nan,nan,nan,1.209964412811392886e-02,nan,nan,-3.807829181494657572e-02,nan,nan,nan,nan,2.384341637010679513e-02,3.914590747330981731e-03,nan,6.975088967971534992e-02,nan,nan,nan,-3.558718861209908720e-03,nan,2.028469750889684217e-02,nan,nan,nan,nan,nan,-1.565836298932381590e-02,nan,nan,nan,nan,nan,nan,nan,nan,nan,nan,nan,nan,nan,nan,5.338078291814973668e-03,nan,nan,nan,nan,nan,nan,nan,nan,nan
nan,nan,nan,nan,nan,nan,nan,nan,nan,nan,-3.243243243243243510e-03,nan,nan,nan,nan,nan,nan,1.261261261261260522e-02,nan,nan,nan,nan,nan,nan,6.846846846846854975e-03,-6.270270270270271451e-02,nan,nan,-2.414414414414415427e-02,nan,nan,nan,-1.009009009009008764e-02,nan,-9.621621621621620490e-02,nan,nan,nan,nan,nan,-6.846846846846843700e-03,nan,-3.963963963963967711e-03,nan,nan,nan,nan,nan,nan,nan,nan,nan,nan,nan,nan,-6.162162162162162365e-02,nan,nan,nan,nan,nan,nan,nan,nan,nan
nan,nan,nan,nan,nan,nan,nan,nan,nan,nan,-5.457875457875458608e-02,nan,nan,nan,nan,nan,nan,2.271062271062274096e-02,nan,nan,-5.641025641025643189e-02,nan,nan,nan,nan,3.846153846153847755e-02,nan,nan,1.329670329670329942e-01,-2.600732600732602595e-02,nan,nan,-2.710622710622712095e-02,nan,2.564102564102566095e-02,nan,nan,nan,nan,nan,-3.406593406593405593e-02,nan,nan,nan,nan,nan,nan,nan,nan,nan,nan,nan,nan,nan,nan,9.157509157509147527e-03,nan,nan,nan,nan,nan,nan,nan,nan,nan
nan,nan,nan,nan,nan,nan,nan,nan,nan,nan,-3.127272727272734087e-02,nan,nan,nan,nan,nan,nan,3.636363636363570875e-03,nan,nan,nan,nan,nan,nan,nan,2.945454545454542078e-02,-8.727272727272783123e-03,nan,1.450909090909090482e-01,-2.218181818181821224e-02,nan,nan,-8.363636363636416798e-03,nan,5.090909090909012322e-03,nan,nan,nan,nan,nan,-2.036363636363640664e-02,nan,nan,nan,nan,nan,nan,nan,nan,nan,nan,nan,nan,nan,nan,3.672727272727267789e-02,nan,nan,nan,nan,nan,nan,nan,nan,nan
nan,nan,nan,nan,nan,nan,nan,nan,nan,nan,1.623188405797101608e-01,nan,nan,nan,nan,nan,nan,2.644927536231884632e-02,nan,nan,nan,nan,nan,nan,nan,3.731884057971015384e-02,1.586956521739130432e-01,nan,1.894927536231884313e-01,1.641304347826086918e-01,nan,nan,1.550724637681159535e-01,nan,2.318840579710144262e-02,nan,nan,nan,nan,nan,8.333333333333348830e-03,nan,nan,nan,nan,nan,nan,nan,nan,nan,nan,nan,nan,nan,nan,1.554347826086956430e-01,nan,nan,nan,nan,nan,nan,nan,nan,nan
nan,nan,nan,nan,nan,nan,nan,nan,nan,nan,1.479052823315118448e-01,nan,nan,nan,nan,nan,nan,4.408014571948994792e-02,nan,nan,nan,nan,nan,nan,nan,1.049180327868852319e-01,nan,nan,1.653916211293260385e-01,1.253187613843351200e-01,nan,nan,1.307832422586520660e-01,nan,6.994535519125681666e-02,nan,nan,nan,nan,nan,7.431693989071039286e-02,nan,7.285974499089409306e-04,nan,nan,nan,nan,nan,nan,nan,nan,nan,nan,nan,nan,1.366120218579234824e-01,nan,nan,nan,nan,nan,nan,nan,nan,nan
nan,nan,nan,nan,nan,nan,nan,nan,nan,nan,-1.690647482014389150e-02,nan,nan,nan,nan,nan,nan,1.151079136690646987e-02,nan,nan,-9.352517985611518911e-03,nan,nan,nan,nan,3.525179856115108479e-02,nan,nan,9.316546762589926478e-02,-1.187050359712233868e-02,nan,nan,2.374100719424456635e-02,nan,1.798561151079136611e-02,nan,nan,nan,nan,nan,-1.618705035971224060e-02,nan,nan,nan,nan,nan,nan,nan,nan,nan,nan,nan,nan,nan,nan,1.151079136690646987e-02,nan,nan,nan,nan,nan,nan,nan,nan,nan
nan,nan,nan,nan,nan,nan,nan,nan,nan,nan,-5.169340463458103191e-02,nan,nan,nan,nan,nan,nan,1.212121212121217671e-02,nan,nan,-1.639928698752222275e-02,nan,nan,nan,nan,4.064171122994656576e-02,-1.568627450980388666e-02,nan,1.204991087344029072e-01,nan,nan,nan,9.126559714795012823e-02,nan,1.247771836007134302e-02,nan,nan,nan,nan,nan,-2.067736185383239889e-02,nan,nan,nan,nan,nan,nan,nan,nan,nan,nan,nan,nan,nan,nan,1.497326203208557659e-02,nan,nan,nan,nan,nan,nan,nan,nan,nan
nan,nan,nan,nan,nan,nan,nan,nan,nan,nan,1.633699633699633724e-01,nan,nan,nan,nan,nan,nan,6.227106227106204983e-03,nan,nan,1.677655677655677802e-01,nan,nan,nan,nan,3.663003663003649990e-04,nan,nan,nan,4.761904761904744987e-03,nan,nan,2.527472527472529595e-02,nan,9.157509157509124975e-03,nan,nan,nan,nan,nan,-3.296703296703284991e-03,nan,nan,nan,nan,nan,nan,nan,nan,1.714285714285714302e-01,nan,nan,nan,nan,nan,1.025641025641021997e-02,nan,nan,nan,nan,nan,nan,nan,nan,nan
nan,nan,nan,nan,nan,nan,nan,nan,nan,nan,-2.902654867256642193e-02,nan,nan,nan,nan,nan,nan,8.495575221238916078e-03,nan,nan,nan,nan,nan,nan,nan,3.999999999999996614e-02,nan,nan,1.550442477876105840e-01,-1.592920353982303291e-02,nan,nan,-1.415929203539856209e-03,nan,1.592920353982298781e-02,nan,nan,nan,nan,nan,-1.557522123893810909e-02,nan,nan,nan,nan,nan,nan,nan,nan,-2.973451327433631469e-02,nan,nan,nan,nan,nan,-7.079646017699392719e-04,nan,nan,nan,nan,nan,nan,nan,nan,nan
nan,nan,nan,nan,nan,nan,nan,nan,nan,nan,1.762773722627737905e-01,nan,nan,nan,nan,nan,nan,2.116788321167886039e-02,nan,nan,nan,nan,nan,nan,nan,4.124087591240881145e-02,nan,nan,2.098540145985401950e-01,1.817518248175182816e-01,nan,nan,1.496350364963504320e-01,nan,2.262773722627744316e-02,nan,nan,nan,nan,nan,1.686131386861314252e-01,nan,1.291970802919708561e-01,nan,nan,nan,nan,nan,nan,nan,nan,nan,nan,nan,nan,1.485401459854014949e-01,nan,nan,nan,nan,nan,nan,nan,nan,nan
nan,nan,nan,nan,nan,nan,nan,nan,nan,nan,-1.666666666666665256e-02,nan,nan,nan,nan,nan,nan,nan,nan,nan,-2.740740740740739076e-02,nan,nan,nan,nan,-4.037037037037032039e-02,nan,nan,-8.481481481481478735e-02,-5.555555555555535818e-03,nan,nan,-1.481481481481472517e-03,nan,-3.333333333333332680e-03,nan,nan,nan,nan,nan,-8.888888888888835105e-03,nan,nan,nan,nan,nan,nan,nan,nan,-3.814814814814815325e-02,nan,nan,nan,nan,nan,-6.074074074074074098e-02,nan,nan,nan,nan,nan,nan,nan,nan,nan
nan,nan,nan,nan,nan,nan,nan,nan,nan,nan,-5.162454873646202952e-02,nan,nan,nan,nan,nan,nan,nan,nan,nan,-5.631768953068587436e-02,nan,nan,nan,nan,1.877256317689536200e-02,nan,nan,5.776173285198571254e-03,-1.480144404332128794e-02,nan,nan,3.610108303249126658e-03,nan,1.263537906137187673e-02,nan,nan,nan,nan,nan,-1.877256317689526138e-02,nan,-7.220216606497853028e-04,nan,nan,nan,nan,nan,nan,nan,nan,nan,nan,nan,nan,-6.137184115523441896e-03,nan,nan,nan,nan,nan,nan,nan,nan,nan
nan,nan,nan,nan,nan,nan,nan,nan,nan,nan,9.355432780847143526e-02,nan,nan,nan,nan,nan,nan,1.104972375690604913e-02,nan,nan,nan,nan,nan,nan,nan,2.836095764272554900e-02,2.287292817679557611e-01,nan,2.500920810313075338e-01,nan,nan,nan,2.158379373848987037e-01,nan,1.252302025782685638e-02,nan,nan,nan,nan,nan,2.946593001841613189e-03,nan,2.305709023941067970e-01,nan,nan,nan,nan,nan,nan,nan,nan,nan,nan,nan,nan,2.368324125230202581e-01,nan,nan,nan,nan,nan,nan,nan,nan,nan
nan,nan,nan,nan,nan,nan,nan,nan,nan,nan,9.461966604823751625e-02,nan,nan,nan,nan,nan,nan,1.632653061224496188e-02,nan,nan,nan,nan,nan,nan,nan,2.857142857142862605e-02,nan,nan,1.395176252319109689e-01,9.721706864564010064e-02,nan,nan,8.905380333951765093e-02,nan,2.337662337662340523e-02,nan,nan,nan,nan,nan,8.608534322820039775e-02,nan,8.163265306122491349e-03,nan,nan,nan,nan,nan,nan,nan,nan,nan,nan,nan,nan,5.528756957328388733e-02,nan,nan,nan,nan,nan,nan,nan,nan,nan
nan,nan,nan,nan,nan,nan,nan,nan,nan,nan,1.494736842105263419e-01,nan,nan,nan,1.428070175438596601e-01,nan,nan,1.754385964912281645e-02,nan,nan,nan,nan,nan,nan,nan,5.614035087719295575e-02,nan,nan,1.722807017543859509e-01,nan,nan,nan,1.378947368421052366e-01,nan,3.929824561403509608e-02,nan,nan,nan,nan,nan,1.410526315789473739e-01,nan,1.428070175438596601e-01,nan,nan,nan,nan,nan,nan,nan,nan,nan,nan,nan,nan,1.431578947368420951e-01,nan,nan,nan,nan,nan,nan,nan,nan,nan
nan,nan,nan,nan,nan,nan,nan,nan,nan,nan,-1.798561151079136611e-02,nan,nan,nan,nan,nan,nan,1.258992805755398958e-02,nan,nan,nan,nan,nan,nan,nan,2.697841726618710467e-02,-2.517985611510775538e-03,nan,1.309352517985611919e-01,-9.352517985611452991e-03,nan,nan,2.050359712230218762e-02,nan,1.366906474820146419e-02,nan,nan,nan,nan,nan,-2.877697841726600987e-03,nan,nan,nan,nan,nan,nan,nan,nan,nan,nan,nan,nan,nan,nan,8.021582733812952781e-02,nan,nan,nan,nan,nan,nan,nan,nan,nan
nan,nan,nan,nan,nan,nan,nan,nan,nan,nan,1.060714285714285249e-01,nan,nan,nan,nan,nan,nan,1.392857142857137874e-02,nan,nan,nan,nan,nan,nan,nan,4.249999999999996142e-02,nan,nan,1.367857142857142327e-01,1.032142857142856751e-01,nan,nan,6.678571428571426771e-02,nan,1.428571428571423496e-02,nan,nan,nan,nan,nan,9.607142857142855763e-02,nan,1.178571428571427784e-02,nan,nan,nan,nan,nan,nan,nan,nan,nan,nan,nan,nan,8.142857142857139185e-02,nan,nan,nan,nan,nan,nan,nan,nan,nan
nan,nan,nan,nan,nan,nan,nan,nan,nan,nan,-3.462246777163906220e-02,nan,nan,nan,1.104972375690605000e-03,nan,nan,nan,nan,nan,nan,nan,nan,nan,nan,6.003683241252297936e-02,nan,nan,-2.430939226519341842e-02,-1.068139963167595921e-02,nan,nan,1.362799263351746094e-02,nan,3.499079189686915559e-02,nan,nan,nan,nan,nan,-1.473296500920817653e-02,nan,0.000000000000000000e+00,nan,nan,nan,nan,nan,nan,nan,nan,nan,nan,nan,nan,2.246777163904229921e-02,nan,nan,nan,nan,nan,nan,nan,nan,nan
nan,nan,nan,nan,nan,nan,nan,nan,nan,nan,-3.115942028985509843e-02,nan,nan,nan,nan,nan,nan,2.898550724637694205e-03,nan,nan,nan,nan,nan,nan,nan,3.188405797101447753e-02,nan,nan,1.456521739130434701e-01,-3.405797101449279524e-02,nan,nan,-2.536231884057971175e-02,nan,2.173913043478270437e-03,nan,nan,nan,nan,nan,-3.007246376811596386e-02,nan,nan,nan,nan,nan,nan,nan,nan,-3.333333333333336757e-02,nan,nan,nan,nan,nan,-7.246376811594235079e-03,nan,nan,nan,nan,nan,nan,nan,nan,nan
nan,nan,nan,nan,nan,nan,nan,nan,nan,nan,-3.754385964912274748e-02,nan,nan,nan,nan,nan,nan,1.929824561403513730e-02,nan,nan,nan,nan,nan,nan,nan,5.333333333333337839e-02,nan,nan,8.491228070175442511e-02,-1.894736842105258084e-02,nan,nan,-7.017543859649056151e-03,nan,1.789473684210531740e-02,nan,nan,nan,nan,nan,-2.315789473684206484e-02,nan,nan,nan,nan,nan,nan,nan,nan,-2.912280701754383846e-02,nan,nan,nan,nan,nan,1.122807017543863209e-02,nan,nan,nan,nan,nan,nan,nan,nan,nan
nan,nan,nan,nan,nan,nan,nan,nan,nan,nan,-2.568807339449541600e-03,nan,nan,nan,nan,nan,nan,1.651376146788990917e-02,nan,nan,nan,nan,nan,nan,-2.201834862385321310e-03,-2.099082568807339177e-01,-1.467889908256880815e-02,nan,-1.871559633027523178e-02,nan,nan,nan,-1.834862385321101019e-03,nan,-2.091743119266054884e-01,nan,nan,nan,nan,nan,-9.174311926605505096e-03,nan,nan,nan,nan,nan,nan,nan,nan,nan,nan,nan,nan,nan,nan,-6.715596330275229453e-02,nan,nan,nan,nan,nan,nan,nan,nan,nan
nan,nan,nan,nan,nan,nan,nan,nan,nan,nan,8.308270676691729972e-02,nan,nan,nan,nan,nan,nan,4.511278195488710799e-03,nan,nan,nan,nan,nan,nan,nan,5.413533834586466142e-02,nan,nan,1.048872180451128067e-01,8.458646616541352914e-02,nan,nan,-6.015037593984940215e-03,nan,2.481203007518797271e-02,nan,nan,nan,nan,nan,-1.203007518796994635e-02,nan,4.511278195488732483e-03,nan,nan,nan,nan,nan,nan,nan,nan,nan,nan,nan,nan,9.511278195488721832e-02,nan,nan,nan,nan,nan,nan,nan,nan,nan
nan,nan,nan,nan,nan,nan,nan,nan,nan,nan,1.557168784029037967e-01,nan,nan,nan,nan,nan,nan,-5.444646098003658174e-03,nan,nan,nan,nan,nan,nan,nan,4.283121597096186534e-02,1.372050816696914199e-01,nan,1.735027223230489746e-01,nan,nan,nan,1.404718693284935926e-01,nan,3.194192377495456980e-02,nan,nan,nan,nan,nan,2.722323049001811393e-02,nan,5.190562613430123318e-02,nan,nan,nan,nan,nan,nan,nan,nan,nan,nan,nan,nan,1.313974591651542456e-01,nan,nan,nan,nan,nan,nan,nan,nan,nan
nan,nan,nan,nan,nan,nan,nan,nan,nan,nan,9.625668449197844270e-03,nan,nan,nan,nan,nan,nan,-1.122994652406417160e-01,nan,nan,nan,nan,nan,nan,-1.094474153297682467e-01,-5.418894830659537476e-02,nan,nan,2.067736185383243358e-02,8.556149732620300236e-03,nan,nan,-1.069518716577544468e-03,nan,-9.269162210338682817e-02,nan,nan,nan,nan,nan,2.852049910873433267e-03,nan,nan,nan,nan,nan,nan,nan,nan,nan,nan,nan,nan,nan,nan,-4.491978609625670721e-02,nan,nan,nan,nan,nan,nan,nan,nan,nan
nan,nan,nan,nan,nan,nan,nan,nan,nan,nan,1.155234657039711371e-01,nan,nan,nan,nan,nan,nan,1.949458483754516053e-02,nan,nan,nan,nan,nan,nan,nan,3.537906137184117228e-02,nan,nan,1.288808664259927794e-01,1.252707581227436862e-01,nan,nan,8.664259927797837713e-02,nan,2.202166064981954038e-02,nan,nan,nan,nan,nan,1.108303249097473131e-01,nan,1.090252707581227665e-01,nan,nan,nan,nan,nan,nan,nan,nan,nan,nan,nan,nan,6.823104693140796817e-02,nan,nan,nan,nan,nan,nan,nan,nan,nan
nan,nan,nan,nan,nan,nan,nan,nan,nan,nan,1.916515426497277796e-01,nan,nan,nan,nan,nan,nan,2.504537205081671519e-02,nan,nan,nan,nan,nan,nan,nan,4.754990925589839407e-02,nan,nan,1.931034482758620663e-01,1.745916515426497173e-01,nan,nan,1.651542649727767986e-01,nan,3.194192377495466001e-02,nan,nan,nan,nan,nan,1.582577132486388538e-01,nan,1.655172413793103148e-01,nan,nan,nan,nan,nan,nan,nan,nan,nan,nan,nan,nan,1.284936479128857001e-01,nan,nan,nan,nan,nan,nan,nan,nan,nan
nan,nan,nan,nan,nan,nan,nan,nan,nan,nan,1.823741007194244479e-01,nan,nan,nan,nan,nan,nan,1.978417266187049162e-02,nan,nan,nan,nan,nan,nan,nan,3.776978417266185772e-02,nan,nan,1.798561151079136056e-01,1.755395683453237210e-01,nan,nan,6.402877697841721782e-02,nan,2.985611510791361806e-02,nan,nan,nan,nan,nan,5.935251798561148873e-02,nan,-4.316546762589967834e-03,nan,nan,nan,nan,nan,nan,nan,nan,nan,nan,nan,nan,1.136690647482014038e-01,nan,nan,nan,nan,nan,nan,nan,nan,nan
nan,nan,nan,nan,nan,nan,nan,nan,nan,nan,-5.197132616487458445e-02,nan,nan,nan,nan,nan,nan,1.254480286738349736e-02,nan,nan,nan,nan,nan,nan,nan,3.691756272401432865e-02,5.017921146953407616e-03,nan,1.107526881720430068e-01,-3.010752688172042488e-02,nan,nan,-1.290322580645162330e-02,nan,2.329749103942651070e-02,nan,nan,nan,nan,nan,-2.150537634408602322e-02,nan,nan,nan,nan,nan,nan,nan,nan,nan,nan,nan,nan,nan,nan,7.168458781361853206e-04,nan,nan,nan,nan,nan,nan,nan,nan,nan
nan,nan,nan,nan,nan,nan,nan,nan,nan,nan,9.624060150375939038e-02,nan,nan,nan,nan,nan,nan,1.917293233082704301e-02,nan,nan,nan,nan,nan,nan,1.127819548872155365e-03,7.368421052631576873e-02,nan,nan,1.060150375939849648e-01,9.586466165413533302e-02,nan,nan,7.105263157894735337e-02,nan,4.285714285714285060e-02,nan,nan,nan,nan,nan,8.458646616541352914e-02,nan,nan,nan,nan,nan,nan,nan,nan,nan,nan,nan,nan,nan,nan,9.248120300751880296e-02,nan,nan,nan,nan,nan,nan,nan,nan,nan
nan,nan,nan,nan,nan,nan,nan,nan,nan,nan,-1.871750433275567310e-02,nan,nan,nan,nan,nan,nan,-2.772963604852707233e-03,nan,nan,nan,nan,nan,nan,nan,2.772963604852662998e-03,1.421143847486998693e-02,nan,9.670710571923739340e-02,-1.698440207972273797e-02,nan,nan,1.143847487001732263e-02,nan,-7.279029462738351337e-03,nan,nan,nan,nan,nan,-7.972270363951516545e-03,nan,nan,nan,nan,nan,nan,nan,nan,nan,nan,nan,nan,nan,nan,5.788561525129979485e-02,nan,nan,nan,nan,nan,nan,nan,nan,nan
nan,nan,nan,nan,nan,nan,nan,nan,nan,nan,2.079566003616636627e-01,nan,nan,nan,1.113924050632911084e-01,nan,nan,3.797468354430377779e-02,nan,nan,nan,nan,nan,nan,nan,7.811934900542491511e-02,nan,nan,2.018083182640144080e-01,nan,nan,nan,1.707052441229656159e-01,nan,4.448462929475584943e-02,nan,nan,nan,nan,nan,1.913200723327305453e-01,nan,3.797468354430377779e-02,nan,nan,nan,nan,nan,nan,nan,nan,nan,nan,nan,nan,1.580470162748643381e-01,nan,nan,nan,nan,nan,nan,nan,nan,nan
nan,nan,nan,nan,nan,nan,nan,nan,nan,nan,1.123434704830053033e-01,nan,nan,nan,nan,nan,nan,2.254025044722713852e-02,nan,nan,1.094812164579606062e-01,nan,nan,nan,nan,6.332737030411443591e-02,nan,nan,1.749552772808586343e-01,-2.898032200357787344e-02,nan,nan,6.797853309481213802e-02,nan,2.790697674418600796e-02,nan,nan,nan,nan,nan,-2.075134168157426531e-02,nan,nan,nan,nan,nan,nan,nan,nan,nan,nan,nan,nan,nan,nan,2.719141323792482329e-02,nan,nan,nan,nan,nan,nan,nan,nan,nan
nan,nan,nan,nan,nan,nan,nan,nan,nan,nan,1.224489795918370927e-02,nan,nan,nan,nan,nan,nan,1.224489795918370927e-02,nan,nan,nan,nan,nan,nan,nan,4.155844155844159310e-02,nan,nan,1.398886827458256377e-01,1.354359925788497510e-01,nan,nan,2.337662337662342951e-02,nan,1.410018552875698036e-02,nan,nan,nan,nan,nan,-1.855287569573280809e-02,nan,-2.597402597402531481e-03,nan,nan,nan,nan,nan,nan,nan,nan,nan,nan,nan,nan,6.530612244897962548e-02,nan,nan,nan,nan,nan,nan,nan,nan,nan
nan,nan,nan,nan,nan,nan,nan,nan,nan,nan,8.659003831417620700e-02,nan,nan,nan,nan,nan,nan,2.375478927203060822e-02,nan,nan,9.578544061302679546e-02,nan,nan,nan,nan,4.904214559386972649e-02,nan,nan,8.582375478927201096e-02,-8.812260536398497379e-03,nan,nan,-1.149425287356353699e-03,nan,3.831417624521070431e-02,nan,nan,nan,nan,nan,-8.812260536398519931e-03,nan,nan,nan,nan,nan,nan,nan,nan,nan,nan,nan,nan,nan,nan,1.264367816091951403e-02,nan,nan,nan,nan,nan,nan,nan,nan,nan
nan,nan,nan,nan,nan,nan,nan,nan,nan,nan,1.602968460111317550e-01,nan,nan,nan,nan,nan,nan,9.647495361781111001e-03,nan,nan,nan,nan,nan,nan,nan,4.526901669758811447e-02,1.410018552875695885e-01,nan,1.784786641929499429e-01,1.521335807050092914e-01,nan,nan,1.491651205936920521e-01,nan,3.710575139146567863e-02,nan,nan,nan,nan,nan,1.120593692022263665e-01,nan,nan,nan,nan,nan,nan,nan,nan,nan,nan,nan,nan,nan,nan,1.235621521335807244e-01,nan,nan,nan,nan,nan,nan,nan,nan,nan
nan,nan,nan,nan,nan,nan,nan,nan,nan,nan,1.619217081850534146e-01,nan,nan,nan,nan,nan,nan,2.028469750889685258e-02,nan,nan,nan,nan,nan,nan,nan,6.797153024911033181e-02,1.469750889679715677e-01,nan,1.846975088967972023e-01,5.658362989323849346e-02,nan,nan,1.419928825622776558e-01,nan,3.416370106761570241e-02,nan,nan,nan,nan,nan,-1.067615658362952536e-03,nan,nan,nan,nan,nan,nan,nan,nan,nan,nan,nan,nan,nan,nan,1.284697508896797680e-01,nan,nan,nan,nan,nan,nan,nan,nan,nan
nan,nan,nan,nan,nan,nan,nan,nan,nan,nan,8.327272727272728992e-02,nan,nan,nan,nan,nan,nan,1.927272727272728511e-02,nan,nan,-1.381818181818178504e-02,nan,nan,nan,nan,3.127272727272725067e-02,nan,nan,1.272727272727272596e-01,-2.290909090909094489e-02,nan,nan,6.181818181818199767e-03,nan,2.072727272727275041e-02,nan,nan,nan,nan,nan,-1.781818181818182328e-02,nan,nan,nan,nan,nan,nan,nan,nan,nan,nan,nan,nan,nan,nan,2.145454545454545878e-02,nan,nan,nan,nan,nan,nan,nan,nan,nan
