nan,nan,nan,8.043875685557533295e-03,nan,nan,6.215722120658085000e-03,nan,nan,nan,9.506398537477100258e-03,nan,nan,nan,nan,nan,nan,nan,nan,nan,nan,nan,nan,nan,nan,nan,nan,nan,nan,-2.193784277879395981e-03,nan,nan,nan,nan,nan,nan,nan,1.096892138939664640e-02,nan,-2.193784277879395981e-03,1.096892138939642479e-03,nan,nan,nan,nan,nan,nan,nan,nan,-3.656307129799252426e-04,nan,nan,nan,nan,nan,nan,nan,nan,1.462522851919523161e-03,6.946983546617891032e-03,nan,nan,nan,nan,nan
nan,nan,nan,8.743169398907157594e-03,nan,nan,2.550091074681271140e-03,nan,nan,nan,-2.914389799635674818e-03,nan,nan,nan,nan,nan,nan,nan,nan,nan,2.185792349726822792e-03,nan,nan,nan,nan,nan,nan,nan,nan,nan,nan,nan,nan,nan,nan,nan,nan,-2.914389799635652700e-03,nan,nan,nan,nan,nan,nan,nan,nan,nan,nan,nan,-2.550091074681182235e-03,-3.642987249544260672e-04,nan,nan,1.967213114754102696e-02,nan,nan,nan,nan,6.557377049180357353e-03,3.642987249544926915e-04,nan,nan,nan,nan,nan
nan,nan,nan,nan,nan,nan,-2.277039848197315135e-03,nan,nan,nan,-6.831119544591967956e-03,nan,nan,nan,nan,nan,nan,nan,nan,nan,1.138519924098702020e-03,nan,nan,nan,-2.277039848197315135e-03,nan,nan,nan,nan,nan,nan,nan,nan,nan,nan,nan,nan,-1.518026565464869384e-03,nan,nan,-3.415559772295995253e-03,nan,nan,nan,-1.138519924098635450e-03,nan,nan,nan,nan,2.656546489563615856e-03,nan,nan,nan,nan,nan,nan,nan,nan,4.933586337760975660e-03,-1.518026565464847266e-03,nan,nan,nan,nan,nan
nan,nan,nan,nan,nan,nan,8.043875685557599214e-03,nan,nan,nan,1.243144424131623592e-02,nan,nan,5.118829981718464421e-03,nan,nan,nan,nan,nan,nan,3.290676416819016126e-03,nan,nan,nan,nan,nan,nan,nan,nan,nan,nan,nan,nan,nan,nan,nan,nan,9.872029250457025826e-03,nan,6.215722120658129235e-03,nan,nan,nan,nan,nan,nan,0.000000000000000000e+00,nan,nan,1.133455210237657197e-02,nan,nan,nan,nan,nan,nan,nan,nan,1.060329067641680931e-02,6.215722120658129235e-03,nan,nan,nan,nan,nan
nan,nan,nan,1.247706422018344218e-02,nan,nan,2.568807339449508207e-03,nan,nan,nan,2.201834862385299192e-03,nan,nan,nan,3.669724770642179921e-03,nan,nan,nan,nan,nan,nan,nan,nan,nan,-1.100917431192693832e-03,nan,nan,nan,nan,nan,nan,nan,nan,nan,nan,nan,nan,5.871559633027501231e-03,nan,-1.467889908256903063e-03,nan,nan,nan,nan,2.568807339449530325e-03,nan,nan,nan,nan,-1.467889908256925181e-03,nan,nan,nan,nan,nan,nan,nan,nan,1.211009174311925528e-02,nan,nan,nan,nan,nan,nan
nan,nan,nan,6.985294117647034007e-03,nan,nan,-7.352941176470673135e-03,nan,1.102941176470562199e-03,nan,nan,nan,nan,nan,nan,nan,nan,nan,nan,nan,nan,nan,nan,nan,-4.411764705882404054e-03,nan,nan,nan,nan,7.352941176470339851e-04,nan,nan,nan,nan,nan,nan,nan,9.926470588235258852e-03,nan,6.249999999999977796e-03,6.617647058823505901e-03,nan,nan,nan,nan,nan,nan,nan,-3.676470588235369961e-03,nan,nan,nan,nan,nan,nan,nan,nan,nan,1.617647058823523665e-02,nan,nan,nan,nan,nan,nan
nan,nan,nan,6.557377049180379905e-03,nan,nan,nan,nan,nan,nan,-5.464480874316901722e-03,nan,nan,nan,nan,nan,nan,nan,nan,nan,nan,nan,nan,nan,-8.014571948998150744e-03,nan,nan,nan,nan,nan,nan,-3.642987249544482392e-04,nan,nan,nan,nan,nan,1.420765027322406018e-02,nan,nan,-3.642987249544593631e-03,nan,nan,nan,nan,nan,nan,-7.285974499088743606e-04,nan,-3.278688524590123166e-03,nan,nan,nan,nan,nan,nan,nan,nan,2.550091074681293257e-03,-2.185792349726733887e-03,nan,nan,nan,nan,nan
nan,nan,1.782531194295922192e-03,3.743315508021392152e-02,nan,nan,nan,nan,nan,nan,-1.426024955436688878e-03,nan,nan,nan,nan,nan,nan,nan,nan,nan,2.220446049250313204e-17,nan,nan,nan,4.634581105169344184e-03,nan,nan,nan,nan,nan,nan,nan,nan,nan,nan,nan,nan,1.426024955436755448e-03,nan,nan,6.060606060606077081e-03,nan,nan,nan,nan,nan,nan,nan,nan,-2.495543672014233130e-03,nan,nan,nan,nan,nan,nan,nan,nan,2.602495543672016590e-02,3.921568627450989011e-03,nan,nan,nan,nan,nan
nan,nan,nan,nan,nan,nan,nan,nan,4.667863554757701108e-03,nan,4.308797127468633366e-03,nan,nan,nan,nan,nan,nan,nan,nan,nan,-8.258527827648043732e-03,nan,nan,nan,0.000000000000000000e+00,nan,nan,nan,nan,1.184919210053863095e-02,nan,nan,nan,nan,nan,nan,nan,4.667863554757678557e-03,nan,nan,-4.308797127468544028e-03,nan,nan,nan,nan,nan,nan,nan,nan,1.328545780969481171e-02,nan,nan,nan,nan,nan,nan,nan,nan,7.181328545780907074e-04,1.077199281867136007e-03,nan,nan,nan,nan,nan
nan,nan,nan,nan,nan,nan,nan,nan,nan,nan,2.449725776965265903e-02,nan,nan,nan,nan,nan,nan,nan,nan,nan,3.290676416818994008e-03,nan,nan,nan,nan,nan,nan,nan,nan,3.656307129798807903e-04,nan,nan,nan,nan,nan,nan,nan,3.656307129798874907e-03,nan,nan,nan,nan,nan,nan,nan,-3.656307129798807903e-04,nan,nan,nan,6.581352833638032251e-03,0.000000000000000000e+00,nan,nan,5.118829981718464421e-03,nan,nan,nan,nan,1.462522851919545496e-03,1.828153564899426178e-03,nan,nan,nan,nan,nan
nan,nan,nan,-6.249999999999977796e-03,nan,nan,-9.191176470588202640e-03,nan,nan,nan,-2.205882352941168634e-03,nan,nan,nan,nan,nan,nan,nan,nan,nan,-3.676470588235281056e-04,nan,nan,nan,-8.088235294117618324e-03,nan,nan,nan,nan,nan,nan,nan,nan,nan,nan,nan,nan,2.941176470588246963e-03,nan,-2.573529411764696739e-03,nan,nan,nan,nan,nan,nan,nan,nan,nan,-3.676470588235281056e-04,nan,nan,nan,nan,nan,nan,nan,nan,-1.838235294117640528e-03,-3.676470588235058795e-04,nan,nan,nan,nan,nan
nan,nan,nan,nan,nan,nan,8.802816901408449385e-03,nan,nan,nan,nan,nan,nan,nan,nan,nan,nan,nan,nan,nan,nan,nan,nan,nan,nan,nan,nan,nan,nan,nan,nan,nan,nan,nan,nan,nan,nan,5.985915492957727228e-03,nan,-3.521126760563486721e-04,nan,nan,nan,nan,nan,9.859154929577451654e-03,nan,nan,nan,7.746478873239382064e-03,1.021126760563379962e-02,3.521126760563353473e-03,nan,1.866197183098592532e-02,nan,nan,nan,nan,3.169014084507004638e-03,4.225352112676028157e-03,nan,nan,nan,nan,nan
nan,nan,nan,nan,nan,nan,5.745062836624792446e-03,nan,nan,nan,nan,nan,nan,nan,nan,nan,nan,nan,nan,nan,nan,nan,nan,nan,1.795332136445248940e-03,nan,nan,nan,nan,-1.436265709156181415e-03,nan,-1.436265709156181415e-03,nan,nan,nan,nan,nan,-1.795332136445226823e-03,nan,nan,3.949730700179543072e-03,nan,nan,nan,nan,nan,nan,-1.077199281867136007e-03,nan,nan,0.000000000000000000e+00,nan,nan,1.651705565529624359e-02,nan,nan,nan,nan,5.026929982046723748e-03,nan,nan,nan,nan,nan,nan
nan,nan,1.743772241992880279e-02,nan,nan,nan,nan,nan,nan,nan,1.245551601423486830e-02,nan,nan,nan,nan,nan,nan,nan,nan,nan,-2.846975088967984742e-03,nan,nan,nan,2.669039145907470267e-02,nan,nan,nan,nan,2.135231316725949742e-03,nan,nan,nan,nan,nan,nan,nan,3.558718861209908720e-03,nan,nan,1.992882562277577957e-02,nan,nan,nan,nan,nan,nan,nan,nan,7.117437722419462038e-04,nan,nan,nan,nan,nan,nan,nan,nan,3.558718861209619888e-04,1.138790035587187131e-02,nan,nan,nan,nan,nan
nan,nan,nan,nan,nan,nan,nan,nan,nan,nan,1.191806331471134683e-02,nan,nan,nan,nan,-1.117318435754199825e-03,nan,nan,nan,nan,nan,nan,nan,nan,nan,nan,nan,nan,nan,nan,nan,nan,nan,nan,nan,nan,nan,2.607076350093095844e-03,nan,nan,nan,nan,8.938547486033510125e-03,nan,nan,5.214152700186191688e-03,nan,nan,nan,1.862197392923614549e-03,-7.448789571695036294e-04,nan,nan,2.234636871508379613e-02,nan,nan,nan,nan,7.076350093109850907e-03,1.117318435754155372e-03,nan,nan,nan,nan,nan
nan,nan,nan,1.869158878504695309e-03,nan,nan,-1.869158878504695309e-03,nan,nan,nan,9.345794392523342972e-03,nan,nan,nan,nan,nan,nan,nan,nan,nan,nan,nan,nan,nan,nan,nan,nan,nan,nan,nan,nan,nan,nan,nan,nan,nan,nan,-1.495327102803734130e-03,nan,-7.476635514018781237e-04,nan,nan,nan,nan,nan,4.112149532710262893e-03,nan,nan,nan,nan,2.990654205607468259e-03,nan,nan,1.532710280373832459e-02,nan,nan,nan,nan,1.308411214953271104e-02,7.476635514018781237e-04,nan,nan,nan,nan,nan
nan,nan,nan,1.410488245931285078e-02,nan,nan,nan,nan,1.084990958408704699e-03,nan,-3.254972875226003291e-03,nan,nan,nan,nan,nan,nan,nan,nan,nan,2.531645569620266656e-03,nan,nan,nan,nan,nan,nan,nan,nan,nan,nan,nan,nan,nan,nan,nan,nan,2.220446049250313204e-17,nan,nan,nan,nan,2.893309222423123914e-03,nan,nan,-2.169981916817320493e-03,nan,nan,nan,-7.233273056057587524e-04,nan,nan,nan,nan,nan,nan,nan,nan,2.097649186256782608e-02,7.233273056057898040e-03,nan,nan,nan,nan,nan
nan,nan,nan,-1.127272727272723464e-02,nan,nan,nan,nan,nan,nan,-1.563636363636362533e-02,nan,nan,nan,nan,nan,nan,nan,nan,nan,-7.272727272727097731e-04,nan,nan,nan,-1.163636363636360097e-02,nan,nan,nan,nan,nan,nan,nan,nan,nan,nan,nan,nan,1.454545454545463998e-03,nan,nan,2.181818181818195781e-03,nan,-8.727272727272694652e-03,nan,nan,nan,nan,nan,nan,1.454545454545463998e-03,nan,nan,nan,nan,nan,nan,nan,nan,-1.090909090909075773e-03,2.909090909090927997e-03,nan,nan,nan,nan,nan
nan,nan,nan,nan,nan,nan,nan,nan,-3.752345215759733893e-04,nan,-5.628517823639755772e-03,nan,nan,nan,nan,nan,nan,nan,nan,nan,-3.377110694183826749e-03,nan,nan,nan,nan,nan,nan,nan,nan,nan,nan,nan,nan,nan,nan,nan,nan,-1.088180112570358293e-02,nan,nan,nan,nan,nan,nan,nan,-1.125703564727942394e-03,nan,nan,nan,1.500938086303937880e-02,-4.127579737335818413e-03,nan,nan,4.878048780487809211e-03,nan,nan,nan,nan,7.504690431519911225e-04,2.251407129455951141e-03,nan,nan,nan,nan,nan
nan,nan,nan,nan,nan,nan,nan,nan,nan,nan,-2.909090909090927997e-03,nan,nan,nan,nan,nan,nan,nan,nan,nan,0.000000000000000000e+00,nan,nan,nan,3.272727272727293888e-03,nan,nan,nan,nan,1.818181818181829890e-03,nan,nan,nan,nan,nan,nan,nan,4.363636363636324775e-03,nan,nan,-2.909090909090927997e-03,nan,nan,nan,nan,5.454545454545401198e-03,nan,nan,nan,4.727272727272691100e-03,nan,nan,nan,nan,nan,nan,nan,nan,1.236363636363633188e-02,-1.818181818181829890e-03,nan,nan,nan,nan,nan
nan,nan,nan,nan,nan,nan,nan,nan,nan,nan,1.090909090909097890e-03,nan,nan,nan,nan,nan,nan,nan,nan,nan,-1.454545454545463998e-03,nan,nan,nan,7.272727272727319992e-04,nan,nan,nan,nan,nan,nan,nan,nan,nan,nan,nan,nan,8.000000000000007105e-03,nan,nan,1.090909090909097890e-03,nan,0.000000000000000000e+00,nan,nan,1.818181818181829890e-03,nan,nan,nan,-7.272727272727319992e-04,nan,nan,nan,nan,nan,nan,nan,nan,2.181818181818195781e-03,1.818181818181829890e-03,nan,nan,nan,nan,nan
nan,nan,nan,nan,nan,nan,nan,nan,nan,nan,-4.887218045112784633e-03,nan,nan,nan,nan,1.127819548872155365e-03,nan,nan,nan,nan,0.000000000000000000e+00,nan,nan,nan,nan,nan,nan,nan,nan,-1.503759398496207298e-03,nan,nan,nan,nan,nan,nan,nan,1.015037593984959886e-02,nan,nan,-2.631578947368429233e-03,nan,nan,nan,nan,-7.518796992481257668e-04,nan,nan,nan,0.000000000000000000e+00,nan,nan,nan,nan,nan,nan,nan,nan,3.759398496240518245e-04,-3.759398496240518245e-04,nan,nan,nan,nan,nan
nan,nan,nan,nan,nan,nan,1.219963031423285625e-02,nan,nan,nan,1.885397412199627670e-02,nan,nan,nan,nan,nan,nan,nan,nan,nan,5.545286506469460086e-03,nan,nan,nan,1.848428835489834918e-03,nan,nan,nan,nan,nan,nan,nan,nan,nan,nan,nan,nan,1.035120147874302177e-02,nan,nan,-1.478743068391885716e-03,nan,nan,nan,3.696857670979492028e-04,nan,nan,nan,nan,-1.848428835489834918e-03,nan,nan,nan,nan,nan,nan,nan,nan,-2.218114602587828357e-03,1.737523105360441050e-02,nan,nan,nan,nan,nan
nan,nan,nan,1.283422459893044341e-02,nan,nan,1.782531194295833288e-03,nan,nan,nan,3.208556149732588736e-03,nan,nan,nan,nan,nan,nan,nan,nan,nan,0.000000000000000000e+00,nan,nan,nan,1.426024955436666544e-03,nan,nan,nan,nan,nan,nan,nan,nan,nan,nan,nan,nan,2.852049910873399874e-03,nan,nan,0.000000000000000000e+00,nan,nan,nan,nan,nan,nan,nan,nan,2.139037433155022150e-03,nan,nan,nan,nan,nan,nan,nan,nan,-2.495543672014277799e-03,6.773618538324388885e-03,nan,nan,nan,nan,nan
nan,nan,nan,1.020036429872499609e-02,nan,nan,nan,nan,nan,nan,nan,nan,nan,nan,nan,nan,nan,nan,nan,nan,nan,nan,nan,nan,nan,nan,nan,nan,nan,-1.092896174863344826e-03,nan,nan,nan,nan,nan,nan,nan,-7.285974499089231497e-03,nan,nan,-1.457194899817792957e-03,nan,nan,nan,-2.185792349726733887e-03,-3.642987249544482392e-04,nan,nan,nan,nan,3.642987249544682535e-03,nan,nan,1.056466302367942145e-02,nan,nan,nan,nan,-3.642987249544482392e-04,-7.285974499088964784e-04,nan,nan,nan,nan,nan
nan,nan,nan,7.985480943738697962e-03,nan,nan,nan,nan,nan,nan,2.540834845735040655e-03,nan,nan,nan,nan,nan,nan,nan,nan,nan,nan,nan,nan,nan,nan,nan,nan,nan,nan,4.355716878402926713e-03,nan,nan,nan,nan,nan,nan,nan,3.629764065335994161e-04,nan,nan,-3.629764065335550180e-04,nan,nan,nan,nan,nan,nan,nan,nan,2.540834845735040655e-03,-3.266787658802128465e-03,nan,nan,1.705989110707808315e-02,nan,nan,nan,nan,2.177858439201485474e-03,1.088929219600731678e-03,nan,nan,nan,nan,nan
nan,nan,-1.912045889101321450e-03,nan,nan,nan,3.824091778202642683e-04,nan,nan,nan,-4.206500956022951945e-03,nan,nan,nan,nan,nan,nan,nan,nan,nan,nan,nan,nan,nan,nan,-4.206500956022973629e-03,nan,nan,nan,nan,nan,nan,nan,nan,nan,nan,nan,-8.413001912045924707e-03,nan,nan,nan,nan,2.294455066921585826e-03,nan,nan,nan,nan,nan,nan,0.000000000000000000e+00,nan,nan,nan,nan,nan,nan,nan,7.648183556405285365e-04,-7.648183556405396821e-03,-2.676864244741850203e-03,nan,nan,nan,nan,nan
nan,nan,nan,nan,nan,nan,nan,nan,nan,nan,1.208981001727111801e-02,nan,nan,nan,nan,nan,nan,nan,nan,nan,0.000000000000000000e+00,nan,nan,nan,nan,nan,nan,nan,nan,nan,nan,0.000000000000000000e+00,nan,nan,nan,nan,nan,2.072538860103567866e-03,nan,nan,nan,nan,nan,nan,nan,2.763385146804786356e-03,nan,nan,nan,2.245250431778926872e-02,4.145077720207224203e-03,nan,nan,2.072538860103589984e-03,nan,nan,nan,nan,6.908462867012033111e-03,0.000000000000000000e+00,nan,nan,nan,nan,nan
nan,nan,nan,nan,nan,nan,nan,nan,nan,nan,0.000000000000000000e+00,nan,nan,nan,nan,nan,nan,nan,nan,nan,nan,nan,nan,nan,-5.850091407678226219e-03,nan,nan,nan,nan,nan,nan,nan,nan,nan,nan,nan,nan,-7.312614259598060329e-04,nan,nan,nan,nan,nan,nan,nan,-2.220446049250313204e-17,nan,nan,nan,8.409506398537458863e-03,1.462522851919523161e-03,1.096892138939642479e-03,nan,7.312614259597615806e-04,nan,nan,nan,nan,-2.193784277879395981e-03,7.312614259597615806e-04,nan,nan,nan,nan,nan
nan,nan,6.072106261859544322e-03,1.100569259962043064e-02,nan,nan,nan,nan,nan,nan,-7.590132827324902031e-04,nan,nan,nan,nan,nan,nan,nan,nan,nan,-2.277039848197404039e-03,nan,nan,nan,3.036053130929761319e-03,nan,nan,nan,nan,nan,nan,nan,nan,nan,nan,nan,nan,-2.220446049250313204e-17,nan,nan,1.252371916508534556e-02,nan,nan,nan,nan,nan,nan,nan,nan,-2.220446049250313204e-17,nan,nan,nan,nan,nan,nan,nan,nan,-3.795066413662295975e-03,7.590132827324236331e-04,nan,nan,nan,nan,nan
nan,nan,nan,nan,nan,nan,8.409506398537458863e-03,nan,nan,nan,1.389396709323580462e-02,nan,nan,nan,nan,nan,nan,nan,nan,nan,nan,nan,nan,nan,nan,nan,nan,nan,nan,nan,nan,-3.656307129799030164e-04,nan,nan,nan,nan,nan,-3.656307129799252426e-04,nan,6.946983546617891032e-03,nan,nan,nan,nan,nan,1.828153564899404060e-03,nan,nan,nan,3.290676416819016126e-03,-2.559414990859276880e-03,nan,nan,1.133455210237659452e-02,nan,nan,nan,nan,nan,4.753199268738561405e-03,nan,nan,nan,nan,nan
nan,nan,nan,nan,nan,nan,nan,nan,nan,nan,9.999999999999963779e-03,nan,nan,nan,-1.071428571428567579e-03,nan,nan,nan,nan,nan,nan,nan,nan,nan,nan,nan,nan,nan,nan,nan,nan,nan,nan,nan,nan,nan,nan,-3.214285714285725071e-03,nan,nan,nan,nan,nan,nan,-7.142857142857117914e-04,2.142857142857135157e-03,nan,nan,nan,-1.071428571428567579e-03,-4.642857142857170771e-03,nan,nan,1.321428571428566803e-02,nan,nan,nan,nan,-1.428571428571423583e-03,1.785714285714279370e-03,nan,nan,nan,nan,nan
nan,nan,nan,-3.642987249544593631e-03,nan,nan,nan,nan,nan,nan,-5.100182149362431257e-03,nan,nan,nan,nan,nan,nan,nan,nan,nan,nan,nan,nan,nan,-7.285974499089231497e-03,nan,nan,nan,nan,nan,nan,nan,nan,nan,nan,nan,nan,-9.107468123861539588e-03,nan,nan,nan,nan,nan,nan,nan,1.457194899817881861e-03,nan,nan,nan,3.642987249544637866e-03,-2.914389799635674818e-03,nan,nan,2.877959927140256655e-02,nan,nan,nan,nan,8.743169398907135043e-03,-5.100182149362452941e-03,nan,nan,nan,nan,nan
nan,nan,1.012216404886556731e-02,4.886561954624735367e-03,nan,nan,nan,nan,1.675392670157063030e-02,nan,8.027923211169230716e-03,nan,nan,nan,nan,nan,nan,nan,nan,nan,5.584642233856840048e-03,nan,nan,nan,nan,nan,nan,nan,nan,nan,nan,nan,nan,nan,nan,nan,nan,1.465968586387429370e-02,nan,nan,nan,nan,nan,nan,nan,nan,nan,nan,4.537521815008683027e-03,2.792321116928420024e-03,nan,nan,nan,nan,nan,nan,nan,nan,1.186736474694587498e-02,4.188481675392629819e-03,nan,nan,nan,nan,nan
nan,nan,nan,nan,nan,nan,nan,nan,-3.584229390681148322e-04,nan,1.326164874551967118e-02,nan,nan,nan,1.433691756272348307e-03,nan,nan,nan,nan,nan,3.584229390680926603e-04,nan,nan,nan,nan,nan,nan,nan,nan,0.000000000000000000e+00,nan,nan,nan,nan,nan,nan,nan,-1.075268817204344442e-03,nan,nan,nan,nan,nan,nan,-2.220446049250313204e-17,nan,nan,nan,nan,8.602150537634379104e-03,nan,nan,nan,nan,nan,nan,nan,nan,1.792114695340463193e-03,-1.075268817204344442e-03,nan,nan,nan,nan,nan
nan,nan,nan,1.521335807050094857e-02,nan,nan,7.421150278293042963e-04,nan,nan,nan,1.001855287569575204e-02,nan,nan,nan,nan,nan,nan,nan,nan,nan,7.421150278293265224e-04,nan,nan,nan,nan,nan,nan,nan,nan,nan,nan,nan,nan,nan,nan,nan,nan,2.226345083487935115e-03,nan,1.855287569573294080e-03,nan,nan,nan,nan,nan,-3.710575139146632612e-04,nan,nan,nan,4.452690166975870230e-03,nan,nan,nan,nan,nan,nan,nan,nan,1.150278293135438210e-02,6.307977736549186427e-03,nan,nan,nan,nan,nan
nan,nan,nan,4.316546762589923425e-02,nan,nan,-4.316546762589967834e-03,nan,nan,nan,-4.316546762589967834e-03,nan,nan,nan,nan,nan,nan,nan,nan,nan,nan,nan,nan,nan,nan,nan,nan,nan,nan,nan,nan,3.597122302158251017e-03,nan,nan,nan,nan,nan,-2.158273381295017310e-03,nan,-5.035971223021640415e-03,nan,nan,nan,nan,nan,nan,nan,-7.194244604316723645e-04,nan,0.000000000000000000e+00,nan,nan,nan,nan,nan,nan,nan,nan,1.762589928057551811e-02,-7.194244604316723645e-04,nan,nan,nan,nan,nan
nan,nan,nan,4.066543438077627887e-02,nan,nan,nan,nan,nan,nan,-4.066543438077685826e-03,nan,nan,nan,nan,nan,nan,nan,nan,nan,4.436229205175545691e-03,nan,nan,nan,-2.218114602587850474e-03,nan,nan,nan,nan,7.024029574861345368e-03,nan,nan,nan,nan,nan,nan,nan,3.696857670979492028e-04,nan,nan,5.175600739371488332e-03,nan,nan,nan,nan,nan,nan,nan,nan,1.515711645101660600e-02,nan,3.142329020332712552e-02,nan,nan,nan,nan,nan,nan,7.024029574861323684e-03,nan,nan,nan,nan,nan,nan
nan,nan,nan,nan,nan,nan,nan,nan,nan,nan,nan,nan,nan,nan,nan,nan,nan,nan,nan,nan,nan,nan,nan,nan,nan,nan,nan,nan,nan,1.855287569573316198e-03,nan,7.421150278293265224e-04,nan,nan,nan,nan,nan,0.000000000000000000e+00,nan,nan,nan,nan,2.220446049250313204e-17,nan,nan,-5.565862708719793335e-03,nan,nan,nan,1.855287569573316198e-03,1.743970315398892662e-02,nan,nan,4.267161410018558559e-02,nan,nan,nan,nan,-5.194805194805152300e-03,-1.855287569573205175e-03,nan,nan,nan,nan,nan
nan,nan,5.576208178438712623e-03,nan,nan,nan,-5.576208178438624152e-03,nan,nan,nan,-2.230483271375449574e-03,nan,nan,nan,nan,nan,nan,nan,nan,nan,7.434944237918461596e-04,nan,nan,nan,nan,nan,nan,nan,nan,1.375464684014873241e-02,nan,nan,nan,nan,nan,nan,nan,-5.576208178438624152e-03,nan,nan,-5.947955390334524681e-03,nan,nan,nan,nan,nan,nan,nan,nan,1.115241635687747122e-03,nan,nan,nan,nan,nan,nan,nan,nan,-2.602230483271372654e-03,6.691449814126437627e-03,nan,nan,nan,nan,nan
nan,nan,2.310469314079423991e-02,1.010830324909746045e-02,nan,nan,nan,nan,2.274368231046930422e-02,nan,7.581227436823101407e-03,nan,nan,nan,nan,nan,nan,nan,nan,nan,nan,nan,nan,nan,nan,nan,nan,nan,nan,nan,nan,1.444043321299659510e-03,nan,nan,nan,nan,nan,6.137184115523464448e-03,nan,nan,nan,nan,nan,nan,-1.444043321299659510e-03,nan,nan,4.693140794223826621e-03,4.332129963898934295e-03,nan,nan,nan,nan,nan,nan,nan,nan,nan,6.137184115523464448e-03,nan,nan,nan,nan,nan,nan
nan,nan,nan,7.076350093109873458e-03,nan,nan,nan,nan,nan,nan,3.724394785847318003e-03,nan,nan,nan,nan,nan,nan,nan,nan,nan,8.566108007448813497e-03,nan,nan,nan,nan,nan,nan,nan,nan,nan,nan,nan,nan,nan,nan,nan,nan,4.469273743016777614e-03,nan,nan,nan,nan,nan,nan,nan,3.351955307262599690e-03,nan,nan,nan,1.489757914338962807e-03,4.841713221601517611e-03,nan,nan,1.787709497206702025e-02,nan,nan,nan,nan,6.703910614525176830e-03,4.469273743016799298e-03,nan,nan,nan,nan,nan
nan,nan,nan,7.092198581559961074e-04,nan,nan,-2.127659574468143688e-03,nan,nan,nan,-2.127659574468143688e-03,nan,nan,nan,nan,nan,nan,nan,nan,nan,nan,nan,nan,nan,nan,nan,nan,nan,nan,nan,nan,nan,nan,nan,nan,nan,nan,1.063829787234005274e-03,nan,2.482269503546063842e-03,nan,nan,nan,nan,-2.482269503546174864e-03,-2.482269503546174864e-03,nan,nan,nan,0.000000000000000000e+00,nan,nan,nan,nan,nan,nan,nan,nan,-7.092198581560404513e-04,-2.220446049250313204e-17,nan,nan,nan,nan,nan
nan,nan,nan,-4.051565377532218189e-03,nan,nan,nan,nan,0.000000000000000000e+00,nan,nan,nan,nan,nan,nan,nan,nan,nan,nan,nan,nan,nan,nan,nan,-3.683241252302016486e-04,nan,nan,nan,nan,nan,nan,nan,nan,nan,nan,nan,nan,-4.051565377532218189e-03,nan,nan,nan,nan,nan,nan,nan,-6.629834254143629133e-03,nan,nan,nan,5.893186003683226377e-03,5.156537753222822755e-03,nan,nan,3.057090239410684834e-02,nan,nan,nan,nan,-1.841620626151008189e-03,4.419889502762420000e-03,nan,nan,nan,nan,nan
nan,nan,nan,nan,nan,nan,nan,nan,nan,nan,-2.536231884057982104e-03,nan,nan,nan,nan,nan,nan,nan,nan,nan,0.000000000000000000e+00,nan,nan,nan,2.173913043478270437e-03,nan,nan,nan,nan,2.173913043478270437e-03,nan,nan,nan,nan,nan,nan,nan,6.159420289855099644e-03,nan,nan,1.485507246376813716e-02,nan,nan,nan,nan,2.898550724637694205e-03,nan,nan,nan,3.985507246376829640e-03,nan,nan,nan,nan,nan,nan,nan,nan,1.231884057971019929e-02,1.086956521739135218e-03,nan,nan,nan,nan,nan
nan,nan,nan,2.919708029197072216e-02,nan,nan,nan,nan,nan,nan,1.167883211678830656e-02,nan,nan,nan,nan,nan,nan,nan,nan,nan,0.000000000000000000e+00,nan,nan,nan,nan,nan,nan,nan,nan,nan,nan,nan,nan,nan,nan,nan,nan,1.642335766423352883e-02,nan,nan,nan,nan,1.167883211678826319e-02,nan,nan,nan,nan,nan,nan,8.394160583941556036e-03,4.379562043795548823e-03,nan,nan,3.211678832116784260e-02,nan,nan,nan,nan,1.788321167883209079e-02,4.379562043795593058e-03,nan,nan,nan,nan,nan
nan,nan,nan,nan,nan,nan,-2.177858439201463357e-03,nan,nan,nan,7.985480943738677145e-03,nan,nan,nan,nan,nan,nan,nan,nan,nan,0.000000000000000000e+00,nan,nan,nan,-2.540834845735040655e-03,nan,nan,nan,nan,7.259528130671543799e-04,nan,nan,nan,nan,nan,nan,nan,nan,nan,nan,1.451905626134308760e-03,nan,nan,nan,nan,nan,nan,nan,nan,1.088929219600731678e-03,7.259528130671521681e-03,nan,nan,2.468239564428314006e-02,nan,nan,nan,nan,nan,1.052631578947371693e-02,nan,nan,nan,nan,nan
nan,nan,nan,2.700729927007292780e-02,nan,nan,-1.459854014598582772e-03,nan,nan,nan,1.459854014598493867e-03,nan,nan,nan,nan,nan,nan,nan,nan,nan,-1.824817518248256221e-03,nan,nan,nan,nan,1.459854014598493867e-03,nan,nan,nan,nan,nan,nan,nan,nan,7.664233576642276793e-03,nan,nan,-3.284671532846750088e-03,nan,nan,nan,nan,nan,nan,nan,nan,nan,nan,nan,5.109489051094850617e-03,nan,nan,nan,nan,nan,nan,nan,nan,1.459854014598516202e-03,3.649635036496068244e-04,nan,nan,nan,nan,nan
nan,nan,nan,1.691176470588240388e-02,nan,nan,1.838235294117640528e-03,nan,2.205882352941168634e-03,nan,1.029411764705885288e-02,nan,nan,nan,nan,nan,nan,nan,nan,nan,-2.205882352941168634e-03,nan,nan,nan,nan,nan,nan,nan,nan,nan,nan,nan,nan,nan,nan,nan,nan,2.205882352941168634e-03,nan,nan,nan,nan,nan,nan,nan,nan,nan,nan,7.720588235294157005e-03,1.139705882352943719e-02,nan,nan,nan,nan,nan,nan,nan,nan,2.058823529411768494e-02,1.360294117647065093e-02,nan,nan,nan,nan,nan
nan,nan,8.614232209737848062e-03,4.119850187265928013e-03,nan,nan,nan,nan,1.423220973782774942e-02,nan,-3.745318352059934242e-03,nan,nan,nan,nan,nan,nan,nan,nan,nan,nan,nan,nan,nan,-3.745318352059934458e-04,nan,nan,nan,nan,nan,nan,nan,nan,nan,nan,nan,nan,1.123595505617980229e-03,nan,nan,nan,nan,nan,nan,nan,nan,nan,nan,5.992509363295895133e-03,-8.988764044943841833e-03,nan,nan,nan,nan,nan,nan,nan,nan,1.872659176029967121e-03,4.119850187265928013e-03,nan,nan,nan,nan,nan
nan,nan,nan,nan,nan,nan,-1.149425287356353699e-03,nan,nan,nan,1.149425287356309246e-03,nan,nan,nan,0.000000000000000000e+00,nan,nan,nan,nan,nan,1.915708812260552563e-03,nan,nan,nan,-3.448275862068994526e-03,nan,nan,nan,nan,nan,nan,nan,nan,nan,nan,nan,nan,nan,nan,nan,0.000000000000000000e+00,nan,1.915708812260485993e-03,nan,-1.532567049808441963e-03,nan,nan,nan,nan,1.455938697318004404e-02,nan,7.662835249042209817e-04,nan,nan,nan,nan,nan,nan,nan,nan,nan,nan,nan,nan,nan
nan,nan,1.092896174863411396e-03,nan,nan,nan,nan,nan,3.642987249544593631e-03,nan,1.020036429872495098e-02,nan,nan,nan,nan,-1.092896174863411396e-03,nan,nan,nan,nan,nan,nan,nan,nan,nan,nan,nan,nan,nan,3.642987249544704653e-04,nan,nan,nan,nan,nan,nan,nan,1.785063752276867463e-02,nan,nan,4.007285974499108332e-03,nan,nan,nan,nan,nan,nan,nan,1.457194899817881861e-03,nan,nan,nan,nan,nan,nan,nan,nan,5.100182149362475492e-03,7.650273224043701963e-03,nan,nan,nan,nan,nan,nan
nan,nan,nan,-6.557377049180313118e-03,nan,nan,nan,nan,nan,nan,-9.471766848816032605e-03,nan,nan,nan,nan,0.000000000000000000e+00,nan,nan,nan,nan,-7.285974499089209813e-03,nan,nan,nan,-1.129326047358831728e-02,nan,nan,nan,nan,nan,nan,nan,nan,nan,nan,nan,nan,-1.493624772313295601e-02,nan,nan,nan,nan,nan,nan,-1.457194899817815291e-03,nan,nan,nan,nan,0.000000000000000000e+00,nan,nan,nan,nan,nan,nan,nan,nan,1.020036429872492843e-02,-1.020036429872492843e-02,nan,nan,nan,nan,nan
nan,nan,nan,nan,nan,nan,nan,nan,nan,nan,-5.118829981718442737e-03,nan,nan,nan,nan,nan,nan,nan,nan,nan,0.000000000000000000e+00,nan,nan,nan,-7.312614259597394629e-04,nan,nan,nan,nan,nan,nan,nan,nan,nan,nan,nan,nan,7.312614259598282590e-04,nan,nan,nan,nan,nan,nan,nan,nan,nan,nan,nan,1.279707495429620659e-02,3.656307129799030164e-04,2.925045703839135227e-03,nan,6.946983546617935268e-03,nan,nan,nan,nan,4.753199268738628191e-03,2.559414990859276880e-03,nan,nan,nan,nan,nan
nan,nan,nan,nan,nan,nan,nan,nan,nan,nan,1.107011070110708231e-03,nan,nan,nan,nan,nan,nan,nan,nan,nan,5.535055350553519035e-03,nan,nan,nan,nan,nan,nan,nan,nan,nan,nan,nan,nan,nan,nan,nan,nan,2.583025830258289714e-03,nan,nan,nan,nan,nan,nan,nan,0.000000000000000000e+00,nan,nan,nan,1.734317343173430448e-02,7.380073800737995890e-03,0.000000000000000000e+00,nan,2.361623616236161599e-02,nan,nan,nan,nan,-3.690036900369175971e-04,-2.952029520295185085e-03,nan,nan,nan,nan,nan
nan,nan,nan,9.269162210338710919e-03,nan,nan,0.000000000000000000e+00,nan,nan,nan,2.531194295900183328e-02,nan,nan,nan,nan,nan,nan,nan,nan,nan,nan,nan,nan,nan,nan,nan,nan,nan,nan,nan,nan,nan,nan,nan,nan,nan,nan,3.921568627451054931e-03,nan,nan,nan,nan,nan,nan,2.852049910873488778e-03,nan,nan,nan,nan,1.140819964349382154e-02,4.991087344028599833e-03,nan,nan,1.818181818181820869e-02,nan,nan,nan,nan,1.069518716577544382e-02,6.417112299465288494e-03,nan,nan,nan,nan,nan
nan,nan,nan,2.941176470588246963e-03,nan,nan,1.470588235294112422e-03,nan,nan,nan,6.250000000000044582e-03,nan,nan,nan,nan,nan,nan,nan,nan,nan,1.470588235294112422e-03,nan,nan,nan,-7.352941176470562112e-04,nan,nan,nan,nan,nan,nan,nan,nan,nan,nan,nan,nan,-1.838235294117640528e-03,nan,nan,-2.941176470588224845e-03,nan,nan,nan,nan,nan,nan,nan,nan,0.000000000000000000e+00,nan,nan,nan,nan,nan,nan,nan,nan,-1.470588235294112422e-03,1.029411764705887543e-02,nan,nan,nan,nan,nan
nan,nan,nan,nan,nan,nan,-1.426024955436688878e-03,nan,nan,nan,-2.852049910873421992e-03,nan,nan,nan,nan,nan,nan,nan,nan,nan,-1.069518716577500016e-03,nan,nan,nan,-7.843137254901932920e-03,nan,nan,nan,nan,5.704099821746910770e-03,nan,nan,nan,nan,nan,nan,nan,0.000000000000000000e+00,nan,nan,9.982174688057066092e-03,nan,nan,nan,nan,nan,nan,nan,nan,1.069518716577539871e-02,nan,nan,nan,nan,nan,nan,nan,nan,1.426024955436755448e-03,-1.782531194295833288e-03,nan,nan,nan,nan,nan
nan,nan,nan,3.001808318264009845e-02,nan,nan,-1.084990958408682581e-03,nan,nan,nan,-6.509945750452117604e-03,nan,nan,nan,nan,nan,nan,nan,nan,nan,-5.786618444846314616e-03,nan,nan,nan,-2.893309222423146032e-03,nan,nan,nan,nan,nan,nan,nan,nan,nan,nan,nan,nan,nan,nan,nan,2.893309222423123914e-03,nan,nan,nan,nan,nan,nan,nan,nan,-3.616636528029237743e-04,nan,7.594936708860733181e-03,nan,nan,nan,3.616636528028904785e-03,nan,nan,nan,-2.531645569620266656e-03,nan,nan,nan,nan,nan
nan,nan,nan,4.316546762589901047e-03,nan,nan,nan,nan,nan,nan,1.115107913669062187e-02,nan,nan,nan,nan,-1.798561151079125509e-03,nan,nan,nan,nan,nan,nan,nan,nan,-6.115107913669137578e-03,nan,nan,nan,nan,nan,nan,nan,nan,nan,nan,nan,nan,-3.956834532374120701e-03,nan,nan,-6.474820143884963027e-03,nan,nan,nan,nan,nan,nan,nan,nan,-3.237410071942448120e-03,nan,-3.597122302158273135e-03,nan,nan,nan,nan,nan,nan,2.877697841726600987e-03,1.079136690647475305e-02,nan,nan,nan,nan,nan
nan,nan,nan,nan,nan,nan,9.665427509293689559e-03,nan,nan,nan,2.453531598513010101e-02,nan,nan,nan,nan,nan,nan,nan,nan,nan,-2.973977695167251498e-03,nan,nan,nan,3.345724907063152460e-03,nan,nan,nan,nan,nan,nan,nan,nan,nan,nan,nan,nan,2.862453531598514386e-02,nan,nan,3.717472118959008536e-04,nan,nan,nan,nan,2.602230483271328419e-03,nan,nan,nan,1.858736059479548829e-03,nan,nan,nan,nan,nan,nan,nan,nan,2.007434944237918018e-02,2.230483271375449574e-03,nan,nan,nan,nan,nan
nan,nan,nan,7.312614259597615806e-04,nan,nan,-1.023765996343692884e-02,nan,nan,nan,nan,nan,nan,nan,nan,nan,nan,nan,nan,nan,nan,nan,nan,nan,nan,nan,nan,nan,nan,nan,nan,-1.462522851919589948e-03,nan,nan,nan,nan,nan,-6.215722120658173470e-03,nan,1.828153564899426178e-03,nan,nan,nan,nan,nan,-1.828153564899515082e-03,nan,nan,nan,-3.656307129799030164e-04,3.656307129798586184e-04,nan,nan,1.499085923217546856e-02,nan,nan,nan,nan,nan,-6.946983546617957819e-03,nan,nan,nan,nan,nan
nan,nan,nan,nan,nan,nan,0.000000000000000000e+00,nan,nan,nan,4.270462633451965404e-03,nan,nan,nan,nan,nan,nan,nan,nan,nan,1.779359430605009871e-03,nan,nan,nan,3.914590747330981731e-03,nan,nan,nan,nan,nan,nan,nan,nan,nan,nan,nan,nan,2.846975088967984742e-03,nan,0.000000000000000000e+00,nan,nan,nan,nan,nan,-7.117437722419905476e-04,nan,nan,nan,8.185053380782925450e-03,nan,nan,nan,nan,nan,nan,nan,nan,2.846975088967984742e-03,1.067615658362996989e-03,nan,nan,nan,nan,nan
nan,nan,nan,nan,nan,nan,-1.081081081081070039e-03,nan,nan,nan,1.405405405405399898e-02,nan,nan,nan,nan,nan,nan,nan,nan,nan,-1.441441441441426718e-03,nan,nan,nan,-2.882882882882920224e-03,-1.801801801801783398e-03,nan,nan,nan,nan,nan,nan,nan,nan,nan,nan,nan,1.441441441441404601e-03,nan,nan,0.000000000000000000e+00,nan,nan,nan,nan,nan,nan,nan,nan,4.324324324324302707e-03,nan,nan,nan,nan,nan,nan,nan,nan,-1.801801801801783398e-03,2.378378378378376290e-02,nan,nan,nan,nan,nan
nan,nan,nan,nan,nan,nan,nan,nan,nan,nan,1.831501831501824995e-03,nan,nan,nan,nan,nan,nan,nan,nan,nan,0.000000000000000000e+00,nan,nan,nan,-3.296703296703284991e-03,nan,nan,nan,nan,3.663003663003649990e-04,nan,nan,nan,nan,nan,nan,nan,0.000000000000000000e+00,nan,nan,2.564102564102554993e-03,nan,nan,nan,nan,nan,nan,nan,nan,4.395604395604379988e-03,3.663003663003649990e-04,nan,nan,nan,nan,nan,nan,nan,-1.098901098901094997e-03,-2.197802197802189994e-03,nan,nan,nan,nan,nan
nan,nan,nan,nan,nan,nan,nan,nan,nan,nan,-7.272727272727319992e-04,nan,nan,nan,1.454545454545463998e-03,nan,nan,nan,nan,nan,2.181818181818195781e-03,nan,nan,nan,3.636363636363637662e-03,nan,nan,nan,nan,nan,nan,nan,nan,nan,nan,nan,nan,1.454545454545463998e-03,nan,nan,0.000000000000000000e+00,nan,nan,nan,2.909090909090927997e-03,nan,nan,nan,nan,5.090909090909101660e-03,nan,nan,nan,nan,nan,nan,nan,nan,2.909090909090927997e-03,6.909090909090887314e-03,nan,nan,nan,nan,nan
nan,nan,nan,nan,nan,nan,5.797101449275277388e-03,nan,nan,nan,4.347826086956474087e-03,nan,nan,nan,nan,nan,nan,1.050724637681152950e-02,nan,nan,4.710144927536208739e-03,nan,nan,nan,nan,nan,nan,nan,nan,nan,nan,nan,nan,nan,2.463768115942028755e-02,nan,nan,nan,nan,nan,nan,nan,nan,nan,nan,nan,nan,nan,nan,6.159420289855011173e-03,nan,7.246376811594124057e-03,nan,nan,nan,9.420289855072394927e-03,3.260869565217405872e-03,nan,nan,9.057971014492682826e-03,nan,nan,nan,nan,nan
nan,nan,nan,5.828779599271305401e-03,nan,nan,nan,nan,3.642987249544482392e-04,nan,1.311475409836058113e-02,nan,nan,nan,nan,nan,nan,nan,nan,nan,nan,nan,nan,nan,nan,nan,nan,nan,nan,1.238615664845166275e-02,nan,nan,nan,nan,nan,nan,nan,2.367941712204002513e-02,nan,nan,1.930783242258646976e-02,nan,nan,nan,nan,nan,nan,nan,1.165755919854276693e-02,3.642987249544571513e-03,nan,nan,nan,nan,nan,nan,nan,nan,4.371584699453490326e-03,1.675774134790521813e-02,nan,nan,nan,nan,nan
nan,nan,nan,7.553956834532327483e-03,nan,nan,nan,nan,1.798561151079136611e-02,nan,nan,nan,nan,nan,nan,nan,nan,nan,nan,nan,nan,nan,nan,nan,-1.798561151079125509e-03,nan,nan,nan,nan,4.316546762589901047e-03,nan,nan,nan,nan,nan,nan,nan,-1.079136690647475262e-03,nan,nan,2.338129496402874263e-02,nan,nan,nan,-2.517985611510798090e-03,nan,nan,nan,3.417266187050358589e-02,nan,nan,nan,nan,nan,nan,nan,nan,nan,1.043165467625897271e-02,3.237410071942426002e-03,nan,nan,nan,nan,nan
nan,nan,nan,1.568627450980397686e-02,nan,nan,nan,nan,nan,nan,9.269162210338710919e-03,nan,nan,nan,nan,nan,nan,nan,nan,nan,nan,nan,nan,nan,4.991087344028577281e-03,nan,nan,nan,nan,nan,nan,nan,nan,nan,nan,nan,nan,9.269162210338710919e-03,nan,nan,nan,nan,nan,nan,nan,4.440892098500626408e-17,nan,nan,nan,1.604278074866314491e-02,9.269162210338710919e-03,nan,nan,1.996434937611411137e-02,nan,nan,nan,nan,2.281639928698757716e-02,1.176470588235301040e-02,nan,nan,nan,nan,nan
nan,nan,nan,3.736263736263738255e-02,nan,nan,-1.098901098901094997e-03,nan,nan,nan,-1.098901098901094997e-03,nan,nan,nan,nan,nan,nan,nan,nan,nan,nan,nan,nan,nan,-3.663003663003649990e-03,nan,nan,nan,nan,nan,nan,nan,nan,nan,nan,nan,nan,nan,nan,nan,1.831501831501824995e-03,nan,nan,nan,nan,nan,nan,nan,nan,-1.831501831501824995e-03,-1.831501831501824995e-03,1.428571428571434598e-02,nan,2.197802197802212112e-03,nan,nan,nan,nan,nan,-4.395604395604379988e-03,nan,nan,nan,nan,nan
nan,nan,nan,nan,nan,nan,nan,nan,nan,nan,-1.415929203539827499e-02,nan,nan,nan,nan,nan,nan,nan,nan,nan,3.539823008849252379e-04,nan,nan,nan,-4.955752212389441871e-03,nan,nan,nan,nan,-2.831858407079712418e-03,nan,nan,nan,nan,nan,nan,nan,-5.663716814159358917e-03,nan,nan,5.663716814159247895e-03,nan,nan,nan,nan,-2.123893805309773255e-03,nan,nan,nan,1.876106194690261436e-02,nan,nan,nan,nan,nan,nan,nan,nan,-4.440892098500626408e-17,-9.203539823008876491e-03,nan,nan,nan,nan,nan
nan,nan,nan,nan,nan,nan,-1.824817518248123081e-03,nan,-1.459854014598516202e-03,nan,-5.474452554744502382e-03,nan,nan,nan,nan,nan,nan,nan,nan,nan,-2.554744525547425309e-03,nan,nan,nan,-5.474452554744524066e-03,nan,nan,nan,nan,nan,nan,nan,nan,nan,nan,nan,nan,-2.554744525547425309e-03,nan,-4.379562043795614742e-03,nan,nan,nan,nan,nan,nan,nan,nan,nan,1.934306569343067356e-02,nan,nan,nan,nan,nan,nan,nan,nan,8.394160583941623691e-03,-4.014598540145941294e-03,nan,nan,nan,nan,nan
nan,nan,nan,2.888888888888885287e-02,nan,nan,nan,nan,nan,nan,-4.444444444444450512e-03,nan,nan,nan,nan,nan,nan,nan,nan,nan,0.000000000000000000e+00,nan,nan,nan,nan,nan,nan,nan,nan,-1.851851851851882280e-03,nan,nan,nan,nan,nan,nan,nan,1.481481481481461459e-03,nan,nan,nan,nan,nan,nan,nan,nan,nan,nan,nan,1.629629629629627402e-02,8.148148148148126602e-03,nan,nan,1.037037037037036313e-02,nan,nan,nan,nan,2.333333333333331705e-02,2.962962962962945035e-03,nan,nan,nan,nan,nan
nan,nan,nan,nan,nan,nan,nan,nan,9.747292418772568121e-03,nan,-4.332129963898911744e-03,nan,nan,nan,nan,nan,nan,nan,nan,nan,-1.083032490974744633e-03,nan,nan,nan,nan,nan,nan,nan,nan,7.220216606498297551e-04,nan,nan,nan,nan,nan,nan,nan,-5.054151624548719815e-03,nan,nan,nan,nan,nan,nan,nan,0.000000000000000000e+00,nan,nan,8.303249097472931162e-03,3.610108303249148776e-04,nan,nan,nan,nan,nan,nan,nan,nan,4.693140794223782386e-03,-1.805054151624574388e-03,nan,nan,nan,nan,nan
nan,nan,nan,nan,nan,nan,6.998158379373941966e-03,nan,nan,nan,8.471454880294725792e-03,nan,nan,nan,nan,nan,nan,nan,nan,nan,nan,nan,nan,nan,nan,nan,nan,nan,nan,1.104972375690627118e-03,nan,nan,nan,nan,nan,nan,nan,5.524861878453135589e-03,nan,2.209944751381254235e-03,3.683241252302105282e-03,nan,nan,nan,nan,7.734806629834345588e-03,nan,nan,nan,3.314917127071903471e-03,nan,nan,nan,nan,nan,nan,nan,nan,1.215469613259676472e-02,-3.683241252302016377e-03,nan,nan,nan,nan,nan
nan,nan,nan,8.163265306122435838e-03,nan,nan,-1.484230055658653045e-03,nan,nan,nan,-2.220446049250313204e-17,nan,nan,nan,nan,nan,nan,nan,nan,nan,2.968460111317239303e-03,nan,nan,nan,0.000000000000000000e+00,nan,nan,nan,nan,nan,nan,nan,nan,nan,nan,nan,nan,-3.339517625231947125e-03,nan,nan,1.484230055658630710e-03,nan,nan,nan,nan,nan,nan,nan,nan,-2.597402597402598268e-03,nan,nan,nan,nan,nan,nan,nan,nan,5.194805194805196535e-03,-7.421150278293265224e-04,nan,nan,nan,nan,nan
nan,nan,nan,4.210526315789486600e-03,nan,nan,nan,nan,nan,nan,9.824561403508801777e-03,nan,nan,nan,nan,nan,nan,nan,nan,nan,nan,nan,nan,nan,9.824561403508801777e-03,nan,nan,nan,nan,5.964912280701772755e-03,nan,nan,nan,nan,nan,nan,nan,7.368421052631602200e-03,nan,nan,1.263157894736846067e-02,nan,nan,nan,nan,5.263157894736858466e-03,nan,nan,nan,5.964912280701772755e-03,nan,nan,nan,nan,nan,nan,nan,nan,3.508771929824572528e-04,1.368421052631583167e-02,nan,nan,nan,nan,nan
nan,nan,nan,nan,nan,nan,8.633093525179869748e-03,nan,nan,nan,nan,nan,nan,nan,nan,nan,nan,nan,nan,nan,nan,nan,nan,nan,nan,nan,nan,nan,nan,nan,nan,0.000000000000000000e+00,nan,nan,nan,nan,nan,-1.079136690647475262e-03,nan,-2.517985611510775538e-03,nan,nan,nan,nan,nan,1.798561151079125509e-03,nan,nan,nan,1.690647482014389150e-02,3.597122302158251234e-04,nan,nan,1.726618705035971521e-02,nan,nan,nan,nan,-1.798561151079125509e-03,-2.877697841726600987e-03,nan,nan,nan,nan,nan
nan,nan,nan,nan,nan,nan,-4.999999999999981889e-03,nan,nan,nan,2.142857142857179827e-03,nan,nan,nan,nan,nan,nan,nan,nan,nan,nan,nan,nan,nan,-8.928571428571396851e-03,nan,nan,nan,nan,-3.214285714285702953e-03,nan,nan,nan,nan,1.071428571428612031e-03,nan,nan,9.642857142857220315e-03,nan,nan,7.142857142857783614e-04,nan,-3.571428571428114434e-04,nan,nan,nan,nan,nan,nan,-8.571428571428540630e-03,nan,nan,nan,nan,nan,nan,nan,nan,2.142857142857146346e-02,nan,nan,nan,nan,nan,nan
nan,nan,nan,nan,nan,nan,nan,nan,nan,nan,1.841620626151008189e-03,nan,nan,nan,nan,nan,nan,nan,nan,nan,0.000000000000000000e+00,nan,nan,nan,4.419889502762420000e-03,nan,nan,nan,nan,nan,nan,nan,nan,nan,nan,nan,nan,2.209944751381210000e-03,nan,nan,1.841620626151008189e-03,nan,nan,nan,nan,3.683241252302016486e-04,nan,nan,nan,-1.104972375690605000e-03,nan,nan,nan,nan,nan,-3.683241252302016486e-04,nan,nan,1.141804788213625008e-02,0.000000000000000000e+00,nan,nan,nan,nan,nan
nan,nan,nan,-4.710144927536252975e-03,nan,nan,nan,nan,nan,nan,-5.797101449275365859e-03,nan,nan,nan,nan,nan,nan,nan,nan,nan,nan,nan,nan,nan,nan,nan,nan,nan,nan,nan,nan,1.449275362318847103e-03,nan,nan,nan,nan,nan,-4.347826086956540874e-03,nan,nan,nan,nan,nan,nan,nan,nan,nan,7.246376811594235513e-04,nan,2.427536231884057719e-02,1.847826086956518704e-02,nan,nan,2.282608695652172878e-02,nan,nan,nan,nan,6.521739130434789193e-03,8.333333333333326279e-03,nan,nan,nan,nan,nan
nan,nan,nan,7.719298245614058911e-03,nan,nan,2.456140350877200444e-03,nan,nan,nan,1.403508771929829011e-03,nan,nan,nan,nan,nan,nan,nan,nan,nan,0.000000000000000000e+00,nan,nan,nan,nan,nan,nan,nan,nan,-1.754385964912286155e-03,nan,nan,nan,nan,nan,nan,nan,9.473684210526323382e-03,nan,nan,3.508771929824572311e-03,nan,nan,nan,nan,nan,nan,nan,nan,1.403508771929829011e-03,nan,nan,nan,nan,nan,nan,nan,nan,1.754385964912286155e-03,0.000000000000000000e+00,nan,nan,nan,nan,nan
nan,nan,1.577981651376143477e-02,nan,nan,nan,nan,nan,1.981651376146784799e-02,nan,nan,nan,nan,nan,nan,nan,nan,nan,nan,nan,nan,nan,nan,nan,nan,nan,nan,nan,nan,3.669724770641868972e-04,nan,nan,nan,nan,nan,nan,nan,1.834862385321067626e-03,nan,nan,1.100917431192627262e-03,nan,nan,nan,nan,2.568807339449508207e-03,nan,nan,1.247706422018346473e-02,2.642201834862383317e-02,nan,nan,nan,nan,nan,nan,nan,nan,-1.100917431192693832e-03,1.467889908256858611e-03,nan,nan,nan,nan,nan
nan,nan,9.022556390977464966e-03,nan,nan,nan,nan,nan,1.090225563909772398e-02,nan,3.759398496240606933e-03,nan,nan,nan,nan,-7.518796992481257668e-04,nan,nan,nan,nan,2.631578947368407115e-03,nan,nan,nan,3.759398496240518245e-04,nan,nan,nan,nan,nan,nan,nan,nan,nan,nan,nan,nan,nan,nan,nan,nan,nan,nan,nan,2.255639097744332848e-03,nan,nan,nan,1.203007518796992380e-02,7.894736842105221780e-03,nan,nan,nan,nan,nan,nan,nan,nan,nan,7.518796992481036490e-04,nan,nan,nan,nan,nan
nan,nan,nan,nan,nan,nan,1.016333938294009497e-02,nan,-3.629764065335771899e-04,nan,1.197822141560793766e-02,nan,nan,nan,nan,nan,nan,nan,nan,nan,-3.629764065335772116e-03,nan,nan,nan,nan,nan,nan,nan,nan,nan,nan,nan,nan,nan,nan,nan,nan,nan,nan,1.088929219600731678e-03,nan,nan,nan,nan,nan,2.903811252268617520e-03,nan,nan,nan,1.270417422867509138e-02,8.711433756805808323e-03,nan,nan,1.597096188747728490e-02,nan,nan,nan,nan,nan,9.074410163339407739e-03,nan,nan,nan,nan,nan
nan,nan,nan,5.846702317290548845e-02,nan,nan,nan,nan,nan,nan,2.495543672014211012e-03,nan,nan,nan,nan,nan,nan,nan,nan,nan,nan,nan,nan,nan,nan,nan,nan,nan,nan,nan,nan,nan,nan,nan,nan,nan,nan,9.269162210338643265e-03,nan,nan,nan,nan,nan,nan,nan,3.565062388591755480e-03,nan,nan,nan,-3.208556149732655523e-03,7.130124777183332718e-04,3.850267379679139790e-02,nan,1.354723707664879859e-02,nan,nan,nan,nan,2.317290552584665500e-02,-4.634581105169388419e-03,nan,nan,nan,nan,nan
nan,nan,nan,1.299638989169682457e-02,nan,nan,nan,nan,nan,nan,-3.610108303248704795e-04,nan,nan,nan,nan,nan,nan,nan,nan,nan,-7.220216606497631851e-04,nan,nan,nan,nan,nan,nan,nan,nan,nan,nan,nan,nan,nan,nan,nan,nan,1.046931407942242043e-02,nan,nan,nan,nan,nan,nan,nan,1.444043321299659510e-03,nan,nan,nan,1.985559566787011704e-02,2.220446049250313204e-17,nan,nan,0.000000000000000000e+00,nan,nan,nan,nan,5.054151624548764050e-03,2.527075812274426261e-03,nan,nan,nan,nan,nan
nan,nan,nan,2.976406533575319882e-02,nan,nan,nan,nan,nan,nan,7.259528130671544233e-03,nan,nan,nan,0.000000000000000000e+00,nan,nan,nan,nan,nan,-1.451905626134308760e-03,nan,nan,nan,nan,nan,nan,nan,nan,nan,nan,nan,nan,nan,nan,nan,nan,0.000000000000000000e+00,nan,nan,nan,nan,nan,nan,0.000000000000000000e+00,-3.266787658802172700e-03,nan,nan,nan,2.649727767695102612e-02,nan,nan,nan,nan,nan,nan,nan,nan,2.177858439201454249e-02,9.800362976406563204e-03,nan,nan,nan,nan,nan
nan,nan,nan,nan,nan,nan,0.000000000000000000e+00,nan,nan,nan,-5.395683453237464997e-03,nan,nan,nan,nan,nan,nan,nan,nan,nan,1.438848920863300494e-03,nan,nan,nan,-4.676258992805837518e-03,nan,nan,nan,nan,nan,nan,nan,nan,nan,7.194244604316502468e-04,nan,nan,2.877697841726600987e-03,nan,nan,nan,nan,nan,nan,-4.676258992805837518e-03,nan,nan,nan,nan,-4.316546762589990385e-03,nan,nan,nan,nan,nan,nan,nan,nan,-5.395683453237487548e-03,-1.115107913669068952e-02,nan,nan,nan,nan,nan
nan,nan,nan,7.526881720430145251e-03,nan,nan,nan,nan,nan,nan,2.186379928315416304e-02,nan,nan,nan,nan,nan,nan,nan,nan,nan,1.792114695340507645e-03,nan,nan,nan,nan,nan,nan,nan,nan,nan,nan,nan,nan,nan,nan,nan,nan,2.114695340501793197e-02,nan,nan,nan,nan,nan,nan,nan,2.867383512544807635e-03,nan,nan,nan,1.111111111111116011e-02,1.792114695340503092e-02,nan,nan,2.939068100358423891e-02,nan,nan,nan,nan,6.451612903225822926e-03,1.218637992831543906e-02,nan,nan,nan,nan,nan
nan,nan,nan,4.511278195488710799e-03,nan,nan,nan,nan,-4.511278195488776718e-03,nan,9.774436090225546714e-03,nan,nan,nan,nan,nan,nan,nan,nan,nan,nan,nan,nan,nan,nan,nan,nan,nan,nan,-1.503759398496273868e-03,nan,nan,nan,nan,nan,nan,nan,6.766917293233065331e-03,nan,nan,-6.015037593984984450e-03,nan,nan,nan,nan,-3.759398496240739965e-04,nan,nan,nan,-3.759398496240629051e-03,nan,nan,nan,nan,nan,nan,nan,nan,1.691729323308268501e-02,-1.879699248120347919e-03,nan,nan,nan,nan,nan
nan,nan,nan,nan,nan,nan,nan,nan,nan,nan,nan,nan,nan,nan,nan,nan,nan,nan,nan,nan,nan,nan,nan,nan,nan,nan,nan,nan,nan,5.892547660312020055e-03,nan,nan,nan,nan,nan,nan,nan,1.386481802426353617e-03,nan,nan,3.119584055459312388e-03,nan,nan,nan,nan,1.039861351819759694e-02,nan,nan,nan,1.351819757365686422e-02,9.358752166377848694e-03,1.074523396880420166e-02,nan,2.461005199306762897e-02,nan,nan,nan,nan,6.239168110918602225e-03,-1.386481802426331499e-03,nan,nan,nan,nan,nan
nan,nan,nan,nan,nan,nan,nan,nan,nan,nan,7.233273056057587524e-04,nan,nan,nan,nan,nan,nan,nan,nan,nan,nan,nan,nan,nan,7.233273056057832121e-03,nan,nan,nan,nan,6.509945750452073368e-03,nan,-1.446654611211606409e-03,nan,nan,nan,nan,nan,-7.233273056057876356e-03,nan,nan,5.786618444846269513e-03,nan,nan,nan,nan,nan,nan,1.808318264014418999e-03,nan,-1.808318264014485786e-03,nan,nan,nan,nan,nan,nan,nan,nan,-1.084990958408682581e-03,3.978300180831806712e-03,nan,nan,nan,nan,nan
nan,nan,nan,nan,nan,nan,nan,nan,nan,nan,nan,nan,nan,nan,0.000000000000000000e+00,nan,nan,nan,nan,nan,nan,nan,nan,nan,nan,nan,nan,nan,nan,1.431127012522370647e-03,nan,nan,nan,nan,nan,nan,nan,4.651162790697704712e-03,nan,nan,6.797853309481261333e-03,nan,nan,nan,-2.146690518783467283e-03,1.073345259391800212e-03,nan,nan,nan,nan,3.112701252236140664e-02,nan,nan,5.116279069767446647e-02,nan,nan,nan,nan,-7.155635062611409797e-04,1.574239713774601077e-02,nan,nan,nan,nan,nan
nan,nan,nan,6.679035250463849147e-03,nan,nan,nan,nan,nan,nan,1.001855287569575204e-02,nan,nan,nan,nan,nan,nan,nan,nan,nan,1.855287569573316198e-03,nan,nan,nan,nan,nan,nan,nan,nan,7.421150278293265224e-04,nan,nan,nan,nan,nan,nan,nan,4.823747680890555500e-03,nan,nan,nan,nan,nan,nan,nan,nan,nan,nan,nan,4.452690166975914465e-03,1.855287569573287401e-02,nan,nan,1.743970315398888499e-02,nan,nan,nan,nan,1.855287569573316198e-03,1.706864564007424395e-02,nan,nan,nan,nan,nan
nan,nan,nan,nan,nan,nan,nan,nan,nan,nan,-1.532567049808464298e-03,nan,nan,nan,nan,nan,nan,nan,nan,nan,3.831417624520883189e-04,nan,nan,nan,-3.448275862068994526e-03,nan,nan,nan,nan,nan,nan,nan,nan,nan,nan,nan,nan,-3.831417624521327170e-04,nan,nan,nan,nan,nan,nan,nan,-3.831417624521105125e-03,nan,nan,nan,-7.662835249042654340e-04,3.831417624521016221e-03,nan,nan,2.145593869731794376e-02,nan,nan,nan,nan,-4.214559386973215291e-03,0.000000000000000000e+00,nan,nan,nan,nan,nan
nan,nan,nan,2.671614100185528556e-02,nan,nan,nan,nan,nan,nan,-7.421150278293042963e-04,nan,nan,nan,nan,nan,nan,nan,nan,nan,-3.710575139146632612e-04,nan,nan,nan,nan,nan,nan,nan,nan,-1.484230055658653045e-03,nan,-1.484230055658653045e-03,nan,nan,nan,nan,nan,-1.113172541743989675e-03,nan,nan,nan,nan,nan,nan,nan,-1.484230055658653045e-03,nan,nan,nan,-1.484230055658653045e-03,nan,nan,nan,nan,nan,nan,nan,nan,1.150278293135436128e-02,-1.113172541743989675e-03,nan,nan,nan,nan,nan
nan,nan,nan,2.384341637010682982e-02,nan,nan,nan,nan,nan,nan,-1.387900355871880473e-02,nan,nan,nan,0.000000000000000000e+00,nan,nan,nan,nan,nan,-3.558718861209619888e-04,nan,nan,nan,nan,nan,nan,nan,nan,nan,nan,nan,nan,nan,nan,nan,nan,-8.185053380782857796e-03,nan,nan,nan,nan,nan,nan,-3.202846975088924179e-03,-2.135231316725949742e-03,nan,nan,nan,-1.779359430604965419e-03,nan,nan,nan,nan,nan,nan,nan,nan,9.252669039145965807e-03,-2.491103202846933849e-03,nan,nan,nan,nan,nan
nan,nan,nan,6.654545454545453265e-02,nan,nan,nan,nan,nan,nan,-7.636363636363663332e-03,nan,nan,nan,4.363636363636391562e-03,-3.636363636363659996e-04,nan,nan,nan,nan,-3.636363636363659996e-04,nan,nan,nan,-5.090909090909123344e-03,nan,nan,nan,nan,nan,nan,nan,nan,nan,nan,nan,nan,-2.220446049250313204e-17,nan,nan,nan,nan,nan,nan,nan,nan,nan,nan,nan,-9.454545454545448119e-03,nan,2.909090909090907701e-02,nan,nan,nan,nan,nan,nan,1.818181818181829890e-03,nan,nan,nan,nan,nan,nan
