nan,nan,nan,nan,nan,nan,nan,nan,nan,nan,-4.753199268738561405e-03,nan,nan,nan,2.220446049250313204e-17,nan,nan,nan,nan,nan,nan,nan,nan,nan,-1.352833638025592242e-02,3.656307129798941260e-03,nan,-1.243144424131621337e-02,nan,nan,nan,nan,1.828153564899470630e-03,nan,4.387568555758725175e-03,nan,nan,nan,nan,nan,-3.290676416819007105e-02,nan,0.000000000000000000e+00,nan,nan,nan,nan,nan,nan,nan,nan,nan,nan,nan,nan,-3.656307129798586184e-04,nan,nan,nan,nan,nan
nan,nan,nan,nan,nan,nan,nan,nan,nan,nan,-1.275045537340619914e-02,nan,nan,nan,nan,nan,nan,-4.371584699453557113e-03,nan,nan,nan,nan,nan,nan,-2.513661202185795210e-02,-5.100182149362475492e-03,nan,-1.894353369763206521e-02,nan,-4.007285974499064096e-03,nan,nan,-5.464480874316945958e-03,nan,-4.007285974499108332e-03,nan,nan,nan,nan,nan,-7.285974499089254049e-03,nan,nan,nan,nan,nan,nan,nan,nan,nan,nan,nan,nan,nan,nan,-4.735883424408027578e-03,nan,nan,nan,nan,nan
nan,nan,nan,nan,nan,nan,nan,nan,nan,nan,nan,nan,nan,nan,0.000000000000000000e+00,nan,nan,-9.487666034155628481e-03,nan,nan,nan,nan,nan,nan,-2.618595825426945842e-02,-9.487666034155628481e-03,nan,-1.518026565464898267e-02,nan,nan,nan,nan,-7.210626185958269110e-03,nan,-4.554079696394697056e-03,nan,nan,nan,nan,nan,-1.290322580645162330e-02,nan,0.000000000000000000e+00,nan,nan,nan,nan,nan,nan,nan,nan,nan,nan,nan,nan,-1.138519924098702020e-03,nan,nan,nan,nan,nan
nan,nan,nan,nan,nan,nan,nan,nan,nan,nan,-8.409506398537524782e-03,nan,nan,nan,0.000000000000000000e+00,nan,nan,nan,nan,nan,nan,nan,nan,nan,-6.215722120658196022e-03,3.290676416818971890e-03,nan,-7.678244972577763852e-03,nan,nan,nan,nan,6.946983546617891032e-03,nan,5.484460694698300651e-03,nan,nan,nan,nan,nan,-2.559414990859254328e-03,nan,0.000000000000000000e+00,nan,nan,nan,nan,nan,nan,nan,nan,nan,nan,nan,nan,-3.290676416819060361e-03,nan,nan,nan,nan,nan
nan,nan,nan,nan,nan,nan,nan,nan,nan,nan,-3.669724770642179921e-03,nan,nan,nan,nan,nan,nan,-4.036697247706366384e-03,nan,nan,nan,nan,nan,nan,-2.165137614678895941e-02,-1.100917431192627262e-03,nan,-1.100917431192656101e-02,nan,nan,nan,nan,5.504587155963336018e-03,nan,-9.541284403669702402e-03,nan,nan,nan,nan,nan,-5.504587155963247547e-03,nan,nan,nan,nan,nan,nan,nan,nan,nan,nan,-3.669724770642179921e-03,nan,nan,nan,4.770642201834896304e-03,nan,nan,nan,nan,nan
nan,nan,nan,nan,nan,nan,nan,nan,nan,nan,-1.102941176470595419e-02,nan,nan,nan,nan,nan,nan,3.308823529411752951e-03,nan,nan,nan,nan,nan,nan,-2.794117647058824705e-02,4.411764705882337267e-03,nan,-5.147058823529416030e-03,nan,-7.352941176470628899e-03,nan,nan,4.044117647058809162e-03,nan,-2.941176470588246963e-03,nan,nan,nan,nan,nan,-1.066176470588242609e-02,nan,nan,nan,nan,nan,nan,nan,nan,nan,nan,nan,nan,nan,nan,-3.308823529411752951e-03,nan,nan,nan,nan,nan
nan,nan,nan,nan,nan,nan,nan,nan,nan,nan,3.278688524590145283e-03,nan,nan,nan,-3.642987249544704653e-04,nan,nan,nan,nan,nan,nan,nan,nan,nan,-1.566484517304189694e-02,-1.457194899817881861e-03,nan,-1.821493624772374444e-03,nan,nan,nan,nan,4.735883424407982475e-03,nan,-2.185792349726844910e-03,nan,nan,nan,nan,nan,-8.014571948998194112e-03,nan,0.000000000000000000e+00,nan,nan,nan,nan,nan,nan,nan,nan,nan,nan,nan,nan,1.821493624772263422e-03,nan,nan,nan,nan,nan
nan,nan,nan,nan,nan,nan,nan,nan,nan,nan,-2.852049910873421992e-03,nan,nan,nan,nan,nan,nan,-7.130124777183577747e-03,nan,nan,nan,nan,nan,nan,-8.556149732620310644e-03,-7.486631016042766609e-03,nan,-3.565062388591777598e-03,nan,nan,nan,nan,3.921568627450966460e-03,nan,-1.176470588235289938e-02,nan,nan,nan,nan,nan,-8.556149732620288093e-03,nan,nan,nan,nan,nan,nan,nan,nan,nan,nan,-8.556149732620288093e-03,nan,nan,nan,3.565062388592110882e-04,nan,nan,nan,nan,nan
nan,nan,nan,nan,nan,nan,nan,nan,nan,nan,-3.231597845601408454e-03,nan,nan,nan,-7.181328545780907074e-04,nan,nan,nan,nan,nan,nan,nan,nan,nan,-6.822262118491883784e-03,1.436265709156197071e-02,nan,-1.077199281867140604e-02,nan,nan,nan,nan,1.113105924596051802e-02,nan,9.694793536804335518e-03,nan,nan,nan,nan,nan,-8.976660682226179216e-03,nan,0.000000000000000000e+00,nan,nan,nan,nan,nan,nan,nan,nan,nan,nan,nan,nan,-2.872531418312362830e-03,nan,nan,nan,nan,nan
nan,nan,nan,nan,nan,nan,nan,nan,nan,nan,-3.656307129798919142e-03,nan,nan,nan,nan,nan,nan,-3.290676416819038243e-03,nan,nan,nan,nan,nan,nan,-1.352833638025594497e-02,7.312614259597838067e-04,nan,-1.974405850091407594e-02,nan,nan,nan,nan,7.312614259597615806e-04,nan,6.581352833637988016e-03,nan,nan,nan,nan,nan,-1.755027422303476886e-02,nan,nan,nan,nan,nan,nan,nan,nan,nan,nan,nan,nan,nan,nan,-1.608775137111517761e-02,-3.546617915904939217e-02,nan,nan,nan,nan
nan,nan,nan,nan,nan,nan,nan,nan,nan,nan,-5.514705882352921584e-03,nan,nan,nan,0.000000000000000000e+00,nan,nan,nan,nan,nan,nan,nan,nan,nan,-3.051470588235292297e-02,1.102941176470595419e-02,nan,-1.985294117647051770e-02,nan,nan,nan,nan,1.470588235294112422e-03,nan,1.838235294117662646e-03,nan,nan,nan,nan,nan,-2.941176470588224845e-03,nan,0.000000000000000000e+00,nan,nan,nan,nan,nan,nan,nan,nan,nan,nan,nan,nan,-4.044117647058809162e-03,nan,nan,nan,nan,nan
nan,nan,nan,nan,nan,nan,nan,nan,nan,nan,-3.521126760563419826e-03,nan,nan,nan,nan,nan,nan,1.408450704225328119e-03,nan,nan,nan,nan,nan,nan,-5.633802816901423496e-03,7.394366197183055781e-03,nan,-8.098591549295796818e-03,nan,nan,nan,nan,2.816901408450678355e-03,nan,3.873239436619701874e-03,nan,nan,nan,nan,nan,-1.161971830985914986e-02,nan,nan,nan,nan,nan,nan,nan,nan,nan,nan,nan,nan,nan,nan,-8.450704225352123969e-03,-2.781690140845070186e-02,nan,nan,nan,nan
nan,nan,nan,nan,nan,nan,nan,nan,nan,nan,-7.899461400359042776e-03,nan,nan,nan,nan,nan,nan,-8.617594254937133158e-03,nan,nan,nan,nan,nan,nan,-1.328545780969478916e-02,-8.258527827648087100e-03,nan,-1.220825852782765272e-02,nan,nan,nan,nan,2.872531418312407499e-03,nan,-8.617594254937133158e-03,nan,nan,nan,nan,nan,-1.005385996409335903e-02,nan,nan,nan,nan,nan,nan,nan,nan,nan,nan,nan,nan,nan,nan,-4.308797127468566579e-03,-1.938958707360858430e-02,nan,nan,nan,nan
nan,nan,nan,nan,nan,nan,nan,nan,nan,nan,-3.558718861209952955e-03,nan,nan,nan,0.000000000000000000e+00,nan,nan,nan,nan,nan,nan,nan,nan,nan,-2.811387900355872757e-02,6.761565836298943921e-03,nan,-7.117437722419928461e-03,nan,nan,nan,nan,6.049822064056953157e-03,nan,2.135231316725993977e-03,nan,nan,nan,nan,nan,-7.829181494661918359e-03,nan,0.000000000000000000e+00,nan,nan,nan,nan,nan,nan,nan,nan,nan,nan,nan,nan,3.914590747330959179e-03,nan,nan,nan,nan,nan
nan,nan,nan,nan,nan,nan,nan,nan,nan,nan,-1.005586592178768848e-02,nan,nan,nan,nan,nan,nan,8.193668528864073500e-03,nan,nan,nan,nan,nan,nan,-2.011173184357544289e-02,4.469273743016755063e-03,nan,-1.154562383612662765e-02,nan,3.724394785847850997e-04,nan,nan,-1.862197392923636884e-03,nan,3.724394785847628736e-04,nan,nan,nan,nan,nan,-3.724394785847184755e-04,nan,nan,nan,nan,nan,nan,nan,nan,nan,nan,nan,nan,nan,nan,-4.096834264431992514e-03,nan,nan,nan,nan,nan
nan,nan,nan,nan,nan,nan,nan,nan,nan,nan,-6.728971962616769539e-03,nan,nan,nan,nan,nan,nan,-6.728971962616769539e-03,nan,nan,nan,nan,nan,nan,-1.383177570093450069e-02,-4.112149532710241209e-03,-1.495327102803689677e-03,-1.869158878504666513e-02,nan,nan,nan,nan,4.440892098500626408e-17,nan,-6.355140186915830477e-03,nan,nan,nan,nan,nan,-9.719626168224216115e-03,nan,nan,nan,nan,nan,nan,nan,nan,nan,nan,nan,nan,nan,nan,-6.728971962616769539e-03,nan,nan,nan,nan,nan
nan,nan,nan,nan,nan,nan,nan,nan,nan,nan,-6.871609403254930193e-03,nan,nan,nan,nan,nan,nan,3.616636528029016024e-04,nan,nan,nan,nan,nan,nan,-6.871609403254952744e-03,2.893309222423190268e-03,nan,2.220446049250313204e-17,nan,-6.509945750452073368e-03,nan,nan,8.318264014466603823e-03,nan,3.978300180831872632e-03,nan,nan,nan,nan,nan,-9.764918625678076225e-03,nan,nan,nan,nan,nan,nan,nan,nan,nan,nan,nan,nan,nan,nan,-7.956600361663613424e-03,nan,nan,nan,nan,nan
nan,nan,nan,nan,nan,nan,nan,nan,nan,nan,-1.599999999999999339e-02,nan,nan,nan,nan,nan,nan,5.818181818181855994e-03,nan,nan,nan,nan,nan,nan,-2.799999999999993466e-02,-6.545454545454520989e-03,nan,-8.727272727272694652e-03,nan,1.090909090909097890e-03,nan,nan,2.545454545454561672e-03,nan,-3.999999999999981001e-03,nan,nan,nan,nan,nan,-7.272727272727097731e-04,nan,nan,nan,nan,nan,nan,nan,nan,nan,nan,nan,nan,nan,nan,-3.636363636363437735e-04,nan,nan,nan,nan,nan
nan,nan,nan,nan,nan,nan,nan,nan,nan,nan,-1.313320825515955706e-02,nan,nan,nan,nan,nan,nan,-3.752345215759888934e-03,nan,nan,nan,nan,nan,nan,-1.801125703564736627e-02,6.754221388367698600e-03,-1.500938086303960127e-03,-1.651031894934340549e-02,nan,nan,nan,nan,6.003752345215729487e-03,nan,3.377110694183849300e-03,nan,nan,nan,nan,nan,-1.876172607879931370e-02,nan,nan,nan,nan,nan,nan,nan,nan,nan,nan,nan,nan,nan,nan,-4.878048780487853446e-03,nan,nan,nan,nan,nan
nan,nan,nan,nan,nan,nan,nan,nan,nan,nan,nan,nan,nan,nan,7.272727272727319992e-04,nan,nan,3.636363636363659779e-03,nan,nan,nan,nan,nan,nan,-1.818181818181818787e-02,1.454545454545463998e-03,nan,-9.818181818181814444e-03,nan,nan,nan,nan,1.454545454545463998e-03,nan,0.000000000000000000e+00,nan,nan,nan,nan,nan,-1.163636363636362178e-02,nan,1.090909090909097890e-03,nan,nan,nan,nan,nan,nan,nan,nan,nan,nan,nan,nan,-4.363636363636369878e-03,nan,nan,nan,nan,nan
nan,nan,nan,nan,nan,nan,nan,nan,nan,nan,-7.636363636363619097e-03,nan,nan,nan,nan,nan,nan,-7.636363636363640781e-03,nan,nan,nan,nan,nan,nan,-2.799999999999995895e-02,-8.727272727272717204e-03,nan,-2.799999999999995895e-02,nan,0.000000000000000000e+00,nan,nan,-1.090909090909075773e-03,nan,-2.181818181818195781e-03,nan,nan,nan,nan,nan,-4.727272727272757886e-03,nan,nan,nan,nan,nan,nan,nan,nan,nan,nan,nan,nan,nan,nan,-3.272727272727293888e-03,nan,nan,nan,nan,nan
nan,nan,nan,nan,nan,nan,nan,nan,nan,nan,nan,nan,nan,nan,-1.127819548872155365e-03,nan,nan,-7.142857142857073245e-03,nan,nan,nan,nan,nan,nan,-3.157894736842099814e-02,-3.759398496240540146e-03,nan,-4.135338345864636098e-03,nan,nan,nan,nan,1.879699248120347919e-03,nan,-7.894736842105221780e-03,nan,nan,nan,nan,nan,-9.774436090225524162e-03,nan,-1.127819548872155365e-03,nan,nan,nan,nan,nan,nan,nan,nan,nan,nan,nan,nan,-1.315789473684205770e-02,nan,nan,nan,nan,nan
8.133086876155281447e-03,nan,nan,nan,nan,nan,nan,nan,nan,nan,6.284658040665492065e-03,nan,nan,nan,nan,nan,nan,-5.545286506469437535e-03,nan,nan,nan,nan,nan,nan,-1.478743068391818929e-03,5.175600739371599354e-03,nan,-6.654343807763374481e-03,nan,nan,nan,nan,2.957486136783771431e-03,nan,-2.218114602587739452e-03,nan,nan,nan,nan,nan,-7.393715341958761794e-04,nan,nan,nan,nan,nan,nan,nan,nan,nan,nan,nan,nan,nan,nan,2.957486136783793549e-03,nan,nan,nan,nan,nan
nan,nan,nan,nan,nan,nan,nan,nan,nan,nan,nan,nan,nan,nan,0.000000000000000000e+00,nan,nan,-5.347593582887744459e-03,nan,nan,nan,nan,nan,nan,-1.889483065953656560e-02,-5.704099821746933321e-03,nan,-4.278074866310199557e-03,nan,nan,nan,nan,-1.069518716577566586e-03,nan,7.130124777182889279e-04,nan,nan,nan,nan,nan,-1.461675579322641028e-02,nan,-3.565062388591888620e-04,nan,nan,nan,nan,nan,nan,nan,nan,nan,nan,nan,nan,-3.565062388592332601e-04,nan,nan,nan,nan,nan
nan,nan,nan,nan,nan,nan,nan,nan,nan,nan,-7.285974499088743606e-04,nan,nan,nan,nan,nan,nan,-3.278688524590123166e-03,nan,nan,nan,nan,nan,nan,-7.650273224043701963e-03,-7.285974499089231497e-03,nan,-6.921675774134761032e-03,nan,nan,nan,nan,-4.371584699453512010e-03,nan,-1.457194899817815291e-03,nan,nan,nan,nan,nan,-6.921675774134783583e-03,nan,nan,nan,nan,nan,nan,nan,nan,nan,nan,4.735883424408071814e-03,nan,nan,nan,-3.278688524590123166e-03,nan,nan,nan,nan,nan
nan,nan,nan,nan,nan,nan,nan,nan,nan,nan,nan,nan,nan,nan,3.629764065335771899e-04,nan,nan,1.088929219600725043e-02,nan,nan,nan,nan,nan,nan,-8.348457350272254010e-03,6.170598911070812771e-03,nan,1.524500907441015372e-02,nan,nan,nan,nan,1.088929219600729380e-02,nan,1.088929219600727125e-02,nan,nan,nan,nan,nan,-1.814882032667886058e-03,nan,0.000000000000000000e+00,nan,nan,nan,nan,nan,nan,nan,nan,nan,nan,nan,nan,2.177858439201463357e-03,nan,nan,nan,nan,nan
nan,nan,nan,nan,nan,nan,nan,nan,nan,nan,nan,nan,nan,nan,0.000000000000000000e+00,nan,nan,-9.942638623326982214e-03,nan,nan,nan,nan,nan,nan,-2.217973231357552727e-02,-7.265774378585087775e-03,nan,-1.529636711281072772e-02,nan,nan,nan,nan,-3.059273422562158815e-03,nan,-6.500956022944559889e-03,nan,nan,nan,nan,nan,-6.883365200764846384e-03,nan,0.000000000000000000e+00,nan,nan,nan,nan,nan,nan,nan,nan,nan,nan,nan,nan,-4.206500956022951945e-03,nan,nan,nan,nan,nan
nan,nan,nan,nan,nan,nan,nan,nan,nan,nan,-7.253886010362720418e-03,nan,nan,nan,nan,nan,nan,-6.908462867012121582e-03,nan,nan,nan,nan,nan,nan,-1.934369602763388180e-02,-6.908462867012144133e-03,nan,-1.347150259067357927e-02,nan,nan,nan,nan,6.908462867011965890e-04,nan,-3.799654576856670470e-03,nan,nan,nan,nan,nan,-2.072538860103632224e-02,nan,nan,nan,nan,nan,nan,nan,nan,nan,nan,-1.381692573402437630e-03,nan,nan,nan,-1.381692573402415513e-03,nan,nan,nan,nan,nan
nan,nan,nan,nan,nan,nan,nan,nan,nan,nan,-8.043875685557578398e-03,nan,nan,nan,nan,nan,nan,-5.850091407678248770e-03,nan,nan,nan,nan,nan,nan,-1.572212065813527460e-02,-9.140767824497242344e-03,nan,-2.120658135283364290e-02,nan,nan,nan,nan,2.193784277879373863e-03,nan,-5.118829981718420186e-03,nan,nan,nan,nan,nan,-8.409506398537458863e-03,nan,nan,nan,nan,nan,nan,nan,nan,nan,nan,1.462522851919567613e-03,nan,nan,nan,2.220446049250313204e-17,nan,nan,nan,nan,nan
nan,nan,nan,nan,nan,3.795066413662118165e-04,nan,nan,nan,nan,nan,nan,nan,nan,0.000000000000000000e+00,nan,nan,-7.210626185958290794e-03,nan,nan,nan,nan,nan,nan,nan,-2.277039848197381922e-03,nan,-2.960151802656552089e-02,nan,nan,nan,nan,-3.036053130929827672e-03,nan,-8.728652751423182296e-03,nan,nan,nan,nan,nan,-1.328273244781788022e-02,nan,-7.590132827324680854e-04,nan,nan,nan,nan,nan,nan,nan,nan,nan,nan,nan,nan,-2.220446049250313204e-17,nan,nan,nan,nan,nan
nan,nan,nan,nan,nan,nan,nan,nan,nan,nan,nan,nan,nan,nan,0.000000000000000000e+00,nan,nan,-7.312614259598060329e-04,nan,nan,nan,nan,nan,nan,-1.755027422303474458e-02,-1.462522851919589948e-03,nan,-1.864716636197443281e-02,nan,nan,nan,nan,-6.215722120658173470e-03,nan,-1.096892138939709049e-03,nan,nan,nan,nan,nan,-1.462522851919565402e-02,nan,0.000000000000000000e+00,nan,nan,nan,nan,nan,nan,nan,nan,nan,nan,nan,nan,-2.925045703839157345e-03,nan,nan,nan,nan,nan
nan,nan,nan,nan,nan,nan,nan,nan,nan,nan,-2.499999999999990945e-03,nan,nan,nan,nan,nan,nan,-1.035714285714286510e-02,nan,nan,nan,nan,nan,nan,-1.607142857142862535e-02,-1.000000000000000888e-02,nan,-1.500000000000005843e-02,nan,nan,nan,nan,-7.142857142857117914e-04,nan,-6.071428571428549685e-03,nan,nan,nan,nan,nan,-1.428571428571434598e-02,nan,nan,nan,nan,nan,nan,nan,nan,nan,nan,nan,nan,nan,nan,-4.999999999999981889e-03,-2.178571428571431795e-02,nan,nan,nan,nan
nan,nan,nan,nan,nan,nan,nan,nan,nan,nan,-8.378870673952643761e-03,nan,nan,nan,0.000000000000000000e+00,nan,nan,nan,nan,nan,nan,nan,nan,nan,-1.639344262295083787e-02,1.020036429872492843e-02,nan,-1.821493624772307874e-03,nan,nan,nan,nan,3.642987249544593631e-03,nan,1.092896174863384681e-02,nan,nan,nan,nan,nan,-8.743169398907114226e-03,nan,-7.285974499089409306e-04,nan,nan,nan,nan,nan,nan,nan,nan,nan,nan,nan,nan,3.642987249544704653e-04,nan,nan,nan,nan,nan
nan,nan,nan,nan,nan,nan,nan,nan,nan,nan,nan,nan,nan,nan,0.000000000000000000e+00,nan,nan,-3.141361256544517033e-03,nan,nan,nan,nan,nan,nan,-1.221640488656194901e-02,-2.094240837696359579e-03,nan,-6.980802792321161299e-03,nan,nan,nan,nan,-1.047120418848157455e-03,nan,-1.745200698080284687e-03,nan,nan,nan,nan,nan,-6.980802792321161299e-03,nan,-1.047120418848157455e-03,nan,nan,nan,nan,nan,nan,nan,nan,nan,nan,nan,nan,4.188481675392629819e-03,nan,nan,nan,nan,nan
nan,nan,nan,nan,nan,nan,nan,nan,nan,nan,-1.003584229390674931e-02,nan,nan,nan,nan,nan,nan,-3.225806451612855952e-03,nan,nan,nan,nan,nan,nan,-2.724014336917561854e-02,-3.584229390680948504e-03,nan,-1.684587813620066349e-02,nan,nan,nan,nan,1.792114695340552098e-03,nan,1.792114695340552098e-03,nan,nan,nan,nan,nan,-1.039426523297484230e-02,nan,nan,nan,nan,nan,nan,nan,nan,nan,nan,nan,nan,nan,nan,-6.451612903225778690e-03,-2.150537634408595730e-02,nan,nan,nan,nan
nan,nan,nan,nan,nan,nan,nan,nan,nan,nan,-6.307977736549119641e-03,nan,nan,nan,nan,nan,nan,-2.226345083487890446e-03,nan,nan,nan,nan,nan,nan,-1.892393320964746994e-02,-3.710575139146188089e-04,nan,-1.150278293135433873e-02,nan,nan,nan,nan,7.792207792207839039e-03,nan,-3.710575139146521373e-03,nan,nan,nan,nan,nan,-1.892393320964744913e-02,nan,nan,nan,nan,nan,nan,nan,nan,nan,nan,nan,nan,nan,nan,-4.823747680890511265e-03,-2.634508348794060290e-02,nan,nan,nan,nan
nan,nan,nan,nan,nan,nan,nan,nan,nan,nan,-2.877697841726623105e-03,nan,nan,nan,nan,nan,nan,-6.474820143884918791e-03,nan,nan,nan,nan,nan,nan,-1.690647482014389150e-02,-3.956834532374142385e-03,nan,-1.366906474820146419e-02,nan,-4.676258992805793283e-03,nan,nan,7.194244604316502468e-04,nan,-8.992805755395738565e-03,nan,nan,nan,nan,nan,-7.553956834532438505e-03,nan,nan,nan,nan,nan,nan,nan,nan,nan,nan,nan,nan,nan,nan,-3.597122302158472953e-04,nan,nan,nan,nan,nan
nan,nan,nan,nan,nan,nan,nan,nan,nan,nan,-3.327171903881742752e-03,nan,nan,nan,nan,nan,nan,-2.587800369685799677e-03,nan,nan,nan,nan,nan,nan,-2.661737523105362976e-02,-6.654343807763441268e-03,nan,-2.033271719038822617e-02,nan,nan,nan,nan,7.763401109057266325e-03,nan,-3.327171903881764869e-03,nan,nan,nan,nan,nan,-5.175600739371599354e-03,nan,nan,nan,nan,nan,nan,nan,nan,nan,nan,nan,nan,nan,nan,-2.957486136783771431e-03,-2.550831792975976134e-02,nan,nan,nan,nan
nan,nan,nan,nan,nan,nan,nan,nan,nan,nan,-1.076066790352510003e-02,nan,nan,nan,nan,nan,nan,-4.452690166975937017e-03,nan,nan,nan,nan,nan,nan,-3.710575139146632395e-03,-6.307977736549208111e-03,nan,-1.298701298701303644e-02,nan,nan,nan,nan,3.710575139145966370e-04,nan,-4.823747680890578052e-03,nan,nan,nan,nan,nan,-5.936920222634545392e-03,nan,nan,nan,nan,nan,nan,nan,nan,nan,nan,nan,nan,nan,nan,-3.710575139146632395e-03,-2.448979591836741854e-02,nan,nan,nan,nan
nan,nan,nan,nan,nan,nan,nan,nan,nan,nan,-1.412639405204458784e-02,nan,nan,nan,1.486988847583670201e-03,nan,nan,nan,nan,nan,nan,nan,nan,nan,-2.304832713754647461e-02,8.921933085501865951e-03,nan,-3.345724907063174578e-03,nan,nan,nan,nan,3.717472118959141893e-03,nan,1.115241635687733678e-02,nan,nan,nan,nan,nan,-1.858736059479553296e-02,nan,3.717472118959230798e-04,nan,nan,nan,nan,nan,nan,nan,nan,nan,nan,nan,nan,-1.486988847583603415e-03,nan,nan,nan,nan,nan
nan,nan,nan,nan,nan,nan,nan,nan,nan,nan,-1.119133574007220508e-02,nan,nan,nan,-3.610108303249148776e-04,nan,nan,nan,nan,nan,nan,nan,nan,nan,-2.779783393501804659e-02,-7.220216606498186529e-03,nan,-2.346570397111911316e-02,nan,nan,nan,nan,-1.444043321299615058e-03,nan,-8.664259927797823488e-03,nan,nan,nan,nan,nan,-2.021660649819490008e-02,nan,1.805054151624574388e-03,nan,nan,nan,nan,nan,nan,nan,nan,nan,nan,nan,nan,-1.444043321299637393e-03,nan,nan,nan,nan,nan
nan,nan,nan,nan,nan,nan,nan,nan,nan,nan,5.214152700186191688e-03,nan,nan,nan,3.724394785847184755e-04,nan,nan,nan,nan,nan,nan,nan,nan,nan,-2.383612662942278387e-02,3.351955307262555021e-03,nan,-2.085661080074494717e-02,nan,nan,nan,nan,2.607076350093095844e-03,nan,4.469273743016732511e-03,nan,nan,nan,nan,nan,-2.532588454376167794e-02,nan,1.489757914338873902e-03,nan,nan,nan,nan,nan,nan,nan,nan,nan,nan,nan,nan,2.607076350093073727e-03,nan,nan,nan,nan,nan
nan,nan,nan,nan,nan,nan,nan,nan,nan,nan,1.773049645390045725e-03,nan,nan,nan,nan,nan,nan,2.482269503546063842e-03,nan,nan,nan,nan,nan,nan,-5.319148936170203963e-03,1.418439716312058785e-03,nan,1.773049645390067843e-03,nan,-3.546099290780091451e-03,nan,nan,1.063829787234027392e-03,nan,2.127659574468099453e-03,nan,nan,nan,nan,nan,-4.964539007092194471e-03,nan,nan,nan,nan,nan,nan,nan,nan,nan,nan,nan,nan,nan,nan,-1.418439716312058785e-03,nan,nan,nan,nan,nan
nan,nan,nan,nan,nan,nan,nan,nan,nan,nan,-1.289134438305716834e-02,nan,nan,nan,nan,nan,nan,-4.419889502762508471e-03,nan,nan,nan,nan,nan,nan,-1.178637200736656378e-02,-2.209944751381254235e-03,nan,-1.731123388581958661e-02,nan,nan,nan,nan,2.578268876611389260e-03,nan,-7.734806629834345588e-03,nan,nan,nan,nan,nan,-9.944751381215555588e-03,nan,nan,nan,nan,nan,nan,nan,nan,nan,nan,-3.683241252302083164e-03,nan,nan,nan,-2.209944751381232118e-03,nan,nan,nan,nan,nan
nan,nan,nan,nan,nan,nan,nan,nan,nan,nan,nan,nan,nan,nan,0.000000000000000000e+00,nan,nan,3.623188405797028635e-03,nan,nan,nan,nan,nan,nan,-1.123188405797106472e-02,2.173913043478204084e-03,nan,-8.695652173913081748e-03,nan,nan,nan,nan,4.347826086956429852e-03,nan,3.623188405797028635e-03,nan,nan,nan,nan,nan,-4.710144927536252975e-03,nan,0.000000000000000000e+00,nan,nan,nan,nan,nan,nan,nan,nan,nan,nan,nan,nan,6.884057971014411956e-03,nan,nan,nan,nan,nan
nan,nan,nan,nan,nan,nan,nan,nan,nan,nan,-5.474452554744502382e-03,nan,nan,nan,nan,nan,nan,3.649635036496512224e-04,nan,nan,nan,nan,nan,nan,-1.678832116788320228e-02,4.744525547445266507e-03,nan,-4.379562043795614742e-03,nan,nan,nan,nan,7.299270072992691816e-03,nan,6.569343065693455941e-03,nan,nan,nan,nan,nan,0.000000000000000000e+00,nan,nan,nan,nan,nan,nan,nan,nan,nan,nan,-2.189781021897774411e-03,nan,nan,nan,3.649635036496357184e-03,nan,nan,nan,nan,nan
nan,nan,nan,nan,nan,nan,nan,nan,nan,nan,-5.444646098003658174e-03,nan,nan,nan,3.629764065335771899e-04,nan,nan,7.985480943738609491e-03,nan,nan,nan,nan,nan,nan,nan,1.197822141560793766e-02,nan,-1.488203266787664278e-02,nan,nan,nan,nan,3.992740471869283062e-03,nan,3.629764065335727881e-03,nan,nan,nan,nan,nan,-7.259528130671544233e-03,nan,1.088929219600731678e-03,nan,nan,nan,nan,nan,nan,nan,nan,nan,nan,nan,nan,2.177858439201441239e-03,nan,nan,nan,nan,nan
nan,nan,nan,nan,nan,nan,nan,nan,nan,nan,-1.277372262773726098e-02,nan,nan,nan,nan,nan,nan,-1.131386861313870076e-02,nan,nan,nan,nan,nan,nan,-3.211678832116789117e-02,-9.854014598540183911e-03,nan,-1.715328467153285491e-02,nan,-4.744525547445288191e-03,nan,nan,1.824817518248145198e-03,nan,-1.204379562043798001e-02,nan,nan,nan,nan,nan,-8.759124087591297139e-03,nan,nan,nan,nan,nan,nan,nan,nan,nan,nan,nan,nan,nan,nan,-6.204379562043805044e-03,nan,nan,nan,nan,nan
nan,nan,nan,nan,nan,nan,nan,nan,nan,nan,3.308823529411775068e-03,nan,nan,nan,nan,nan,nan,6.985294117647100794e-03,nan,nan,nan,nan,nan,nan,-8.455882352941146429e-03,4.411764705882381503e-03,nan,-4.044117647058809162e-03,nan,nan,nan,nan,2.205882352941168634e-03,nan,4.411764705882359819e-03,nan,nan,nan,nan,nan,-1.764705882352934907e-02,nan,nan,nan,nan,nan,nan,nan,nan,nan,nan,nan,nan,nan,nan,-2.205882352941168634e-03,-2.022058823529404581e-02,nan,nan,nan,nan
nan,nan,nan,6.741573033707881808e-03,nan,1.498127340823973783e-03,nan,nan,nan,nan,nan,nan,nan,nan,7.490636704119868917e-04,nan,nan,nan,nan,nan,nan,nan,nan,nan,nan,-4.868913857677847901e-03,nan,-5.617977528089879158e-02,nan,nan,nan,nan,-2.621722846441909560e-03,nan,-2.621722846441909560e-03,nan,nan,nan,nan,nan,-7.116104868913808792e-03,nan,-7.490636704119868917e-04,nan,nan,nan,nan,nan,nan,nan,nan,nan,nan,nan,nan,-2.322097378277148197e-02,nan,nan,nan,nan,nan
nan,nan,nan,nan,nan,nan,nan,nan,nan,nan,-3.831417624521016221e-03,nan,nan,nan,nan,nan,nan,3.831417624521549431e-04,nan,nan,nan,nan,nan,nan,-1.532567049808422101e-02,7.662835249042654340e-04,nan,-6.130268199233679383e-03,nan,-1.149425287356265011e-03,nan,nan,3.448275862068994526e-03,nan,-7.279693486590010747e-03,nan,nan,nan,nan,nan,-6.130268199233656831e-03,nan,nan,nan,nan,nan,nan,nan,nan,nan,nan,nan,nan,nan,nan,-3.831417624520439208e-04,nan,nan,nan,nan,nan
nan,nan,nan,nan,nan,nan,nan,nan,nan,nan,nan,nan,nan,nan,0.000000000000000000e+00,nan,nan,-1.821493624772330209e-03,nan,nan,nan,nan,nan,nan,-6.557377049180357353e-03,-1.821493624772330209e-03,nan,-6.921675774134783583e-03,nan,nan,nan,nan,5.100182149362475492e-03,nan,-2.550091074681249022e-03,nan,nan,nan,nan,nan,-1.639344262295083787e-02,nan,0.000000000000000000e+00,nan,nan,nan,nan,nan,nan,nan,nan,nan,nan,nan,nan,1.092896174863366944e-03,nan,nan,nan,nan,nan
nan,nan,nan,nan,nan,nan,nan,nan,nan,nan,-1.092896174863366944e-03,nan,nan,nan,nan,nan,nan,7.285974499089231497e-03,nan,nan,nan,nan,nan,nan,-1.347905282331516262e-02,8.378870673952643761e-03,nan,-4.371584699453534562e-03,nan,nan,nan,nan,3.642987249544637866e-03,nan,8.378870673952664577e-03,nan,nan,nan,nan,nan,-3.642987249544637866e-03,nan,nan,nan,nan,nan,nan,nan,nan,nan,nan,nan,nan,nan,nan,1.457194899817837409e-03,-1.857923497267759474e-02,nan,nan,nan,nan
nan,nan,nan,nan,nan,nan,nan,nan,nan,nan,-1.170018281535651836e-02,nan,nan,nan,nan,nan,nan,3.656307129798807903e-04,nan,nan,nan,nan,nan,nan,-2.230347349177332766e-02,-2.925045703839113109e-03,nan,-1.572212065813531970e-02,nan,-5.850091407678226219e-03,nan,nan,7.312614259597838067e-04,nan,-8.043875685557578398e-03,nan,nan,nan,nan,nan,-1.060329067641683186e-02,nan,nan,nan,nan,nan,nan,nan,nan,nan,nan,nan,nan,nan,nan,-6.581352833638032251e-03,nan,nan,nan,nan,nan
nan,nan,nan,nan,nan,nan,nan,nan,nan,nan,-6.273062730627332328e-03,nan,nan,nan,nan,nan,nan,7.380073800737907419e-04,nan,nan,nan,nan,nan,nan,-4.797047970479706609e-03,-3.321033210332125125e-03,nan,-1.845018450184503570e-02,nan,nan,nan,nan,-3.690036900368953710e-04,nan,7.380073800737907419e-04,nan,nan,nan,nan,nan,-1.143911439114391262e-02,nan,nan,nan,nan,nan,nan,nan,nan,nan,nan,nan,nan,nan,nan,-1.070110701107012188e-02,-2.730627306273063562e-02,nan,nan,nan,nan
nan,nan,nan,nan,nan,nan,nan,nan,nan,nan,nan,nan,nan,nan,0.000000000000000000e+00,nan,nan,-5.704099821746799748e-03,nan,nan,nan,nan,nan,nan,-1.568627450980386584e-02,3.565062388591844385e-03,nan,-7.486631016042744058e-03,nan,nan,nan,nan,5.704099821746933321e-03,nan,-1.782531194295877740e-03,nan,nan,nan,nan,nan,-1.782531194295893309e-02,nan,-3.565062388591666359e-04,nan,nan,nan,nan,nan,nan,nan,nan,nan,nan,nan,nan,-9.269162210338643265e-03,nan,nan,nan,nan,nan
nan,nan,nan,nan,nan,nan,nan,nan,nan,nan,-5.882352941176449690e-03,nan,nan,nan,nan,nan,nan,6.250000000000022031e-03,nan,nan,nan,nan,nan,nan,-1.249999999999995559e-02,4.044117647058809162e-03,nan,-9.558823529411730746e-03,nan,nan,nan,nan,1.102941176470584317e-03,nan,8.088235294117684243e-03,nan,nan,nan,nan,nan,-1.323529411764701180e-02,nan,nan,nan,nan,nan,nan,nan,nan,nan,nan,nan,nan,nan,nan,-3.676470588235281056e-03,-3.198529411764705621e-02,nan,nan,nan,nan
nan,nan,nan,nan,nan,nan,nan,nan,nan,nan,-9.269162210338643265e-03,nan,nan,nan,0.000000000000000000e+00,nan,nan,nan,nan,nan,nan,nan,nan,nan,-2.174688057040992037e-02,2.139037433155133172e-03,nan,-1.711229946524057619e-02,nan,nan,nan,nan,5.347593582887744459e-03,nan,3.921568627451010695e-03,nan,nan,nan,nan,nan,-1.212121212121206569e-02,nan,0.000000000000000000e+00,nan,nan,nan,nan,nan,nan,nan,nan,nan,nan,nan,nan,-1.212121212121208824e-02,nan,nan,nan,nan,nan
nan,nan,nan,nan,nan,nan,nan,nan,nan,nan,-7.233273056057809786e-04,nan,nan,nan,nan,nan,nan,2.531645569620244538e-03,nan,nan,nan,nan,nan,nan,-2.386980108499097211e-02,6.148282097649171440e-03,nan,-3.978300180831850948e-03,nan,0.000000000000000000e+00,nan,nan,1.446654611211584075e-03,nan,-3.616636528029016024e-04,nan,nan,nan,nan,nan,-5.063291139240489076e-03,nan,nan,nan,nan,nan,nan,nan,nan,nan,nan,nan,nan,nan,nan,4.701627486437631384e-03,nan,nan,nan,nan,nan
nan,nan,nan,nan,nan,nan,nan,nan,nan,nan,nan,nan,nan,nan,-2.158273381295039428e-03,nan,nan,-4.440892098500626408e-17,nan,nan,nan,nan,nan,nan,-2.841726618705040647e-02,-3.237410071942492355e-03,nan,-1.618705035971226142e-02,nan,nan,nan,nan,7.194244604316502034e-03,nan,1.438848920863278159e-03,nan,nan,nan,nan,nan,-9.712230215827389462e-03,nan,-2.158273381295061546e-03,nan,nan,nan,nan,nan,nan,nan,nan,nan,nan,nan,nan,-6.834532374100787608e-03,nan,nan,nan,nan,nan
nan,nan,nan,nan,nan,nan,nan,nan,nan,nan,-5.947955390334502997e-03,nan,nan,nan,nan,nan,nan,4.089219330855065407e-03,nan,nan,nan,nan,nan,nan,-1.115241635687727086e-02,1.486988847583647867e-03,nan,-7.063197026022249685e-03,nan,-4.089219330854931833e-03,nan,nan,7.063197026022339023e-03,nan,3.717472118959674779e-04,nan,nan,nan,nan,nan,-5.576208178438601601e-03,nan,nan,nan,nan,nan,nan,nan,nan,nan,nan,nan,nan,nan,nan,-3.717472118959030871e-03,nan,nan,nan,nan,nan
nan,nan,nan,nan,nan,nan,nan,nan,nan,nan,-8.775137111517339328e-03,nan,nan,nan,nan,nan,nan,-2.193784277879307076e-03,nan,nan,nan,nan,nan,nan,-1.425959780621570763e-02,3.290676416819060361e-03,nan,-4.387568555758658388e-03,nan,nan,nan,nan,5.118829981718464421e-03,nan,-2.925045703839113109e-03,nan,nan,nan,nan,nan,-4.753199268738539721e-03,nan,nan,nan,nan,nan,nan,nan,nan,nan,nan,nan,nan,nan,nan,-5.118829981718464421e-03,-2.230347349177328603e-02,nan,nan,nan,nan
nan,nan,nan,nan,nan,nan,nan,nan,nan,nan,-6.761565836298921370e-03,nan,nan,nan,nan,nan,nan,6.405693950177959381e-03,nan,nan,nan,nan,nan,nan,2.491103202847000202e-03,1.103202846975088677e-02,nan,-3.914590747330914944e-03,nan,nan,nan,nan,1.174377224199287841e-02,nan,9.964412811387912336e-03,nan,nan,nan,nan,nan,-1.103202846975086596e-02,nan,nan,nan,nan,nan,nan,nan,nan,nan,nan,nan,nan,nan,nan,-1.067615658362952536e-03,-2.170818505338074564e-02,nan,nan,nan,nan
nan,nan,nan,nan,nan,nan,nan,nan,nan,nan,-1.261261261261261736e-02,nan,nan,nan,0.000000000000000000e+00,nan,nan,nan,nan,nan,nan,nan,nan,nan,-2.378378378378376290e-02,1.081081081081070039e-03,nan,-2.090090090090090946e-02,nan,nan,nan,nan,7.207207207207355854e-04,nan,-7.207207207207355854e-04,nan,nan,nan,nan,nan,-1.009009009009009805e-02,nan,-3.603603603603566796e-04,nan,nan,nan,nan,nan,nan,nan,nan,nan,nan,nan,nan,-7.927927927927912871e-03,nan,nan,nan,nan,nan
nan,nan,nan,nan,nan,nan,nan,nan,nan,nan,-1.355311355311350496e-02,nan,nan,nan,nan,nan,nan,-5.860805860805839984e-03,nan,nan,nan,nan,nan,nan,-1.538461538461532996e-02,2.197802197802256781e-03,nan,-1.794871794871788495e-02,nan,nan,nan,nan,7.326007326007299980e-04,nan,-7.326007326007299980e-04,nan,nan,nan,nan,nan,-1.794871794871788495e-02,nan,nan,nan,nan,nan,nan,nan,nan,nan,nan,nan,nan,nan,nan,-1.428571428571423496e-02,-3.553113553113551593e-02,nan,nan,nan,nan
nan,nan,nan,nan,nan,nan,nan,nan,nan,nan,-8.727272727272783123e-03,nan,nan,nan,nan,nan,nan,-4.000000000000026104e-03,nan,nan,nan,nan,nan,nan,-1.345454545454554188e-02,-1.818181818181852007e-03,nan,-1.309090909090917555e-02,nan,nan,nan,nan,3.636363636362993754e-04,nan,-5.818181818181855994e-03,nan,nan,nan,nan,nan,-1.272727272727280923e-02,nan,nan,nan,nan,nan,nan,nan,nan,nan,nan,-6.545454545454587776e-03,nan,nan,nan,-2.181818181818240450e-03,nan,nan,nan,nan,nan
nan,nan,nan,nan,nan,nan,nan,nan,nan,nan,6.521739130434744958e-03,nan,nan,nan,nan,nan,nan,3.985507246376762854e-03,nan,nan,nan,nan,nan,nan,-2.282608695652179470e-02,5.434782608695609522e-03,-7.246376811594235079e-03,-2.065217391304352557e-02,nan,nan,nan,nan,2.898550724637671654e-03,nan,1.268115942028980037e-02,nan,nan,nan,nan,nan,-1.811594202898554259e-02,nan,nan,nan,nan,nan,nan,nan,nan,nan,nan,nan,nan,nan,nan,-4.710144927536252975e-03,nan,nan,nan,nan,nan
nan,nan,nan,nan,nan,nan,nan,nan,nan,nan,nan,nan,nan,nan,0.000000000000000000e+00,nan,nan,1.821493624772285757e-03,nan,nan,nan,nan,nan,nan,-1.639344262295081706e-02,3.642987249544260672e-04,nan,-9.107468123861584691e-03,nan,nan,nan,nan,-7.285974499089631568e-04,nan,-2.914389799635741605e-03,nan,nan,nan,nan,nan,-1.384335154826958972e-02,nan,0.000000000000000000e+00,nan,nan,nan,nan,nan,nan,nan,nan,nan,nan,nan,nan,1.092896174863344826e-03,nan,nan,nan,nan,nan
nan,nan,nan,nan,nan,nan,nan,nan,nan,nan,-8.273381294964044300e-03,nan,nan,nan,3.597122302158251234e-04,nan,nan,nan,nan,nan,nan,nan,nan,nan,-1.726618705035971521e-02,-2.517985611510798090e-03,nan,-1.258992805755398958e-02,nan,nan,nan,nan,4.316546762589901047e-03,nan,2.877697841726600987e-03,nan,nan,nan,nan,nan,-3.669064748201437964e-02,nan,1.798561151079125509e-03,nan,nan,nan,nan,nan,nan,nan,nan,nan,nan,nan,nan,-7.194244604316524586e-03,nan,nan,nan,nan,nan
nan,nan,nan,nan,nan,nan,nan,nan,nan,nan,-9.982174688057020989e-03,nan,nan,nan,nan,nan,nan,-4.634581105169366735e-03,nan,nan,nan,nan,nan,nan,-1.675579322638145324e-02,2.852049910873466661e-03,nan,-7.130124777183577747e-03,nan,nan,nan,nan,4.634581105169344184e-03,nan,4.991087344028510495e-03,nan,nan,nan,nan,nan,-1.033868092691623240e-02,nan,nan,nan,nan,nan,nan,nan,nan,nan,nan,nan,nan,nan,nan,-1.069518716577544468e-03,-2.424242424242424240e-02,nan,nan,nan,nan
nan,nan,nan,nan,nan,nan,nan,nan,nan,nan,-1.098901098901094997e-02,nan,nan,nan,nan,nan,nan,-8.424908424908394977e-03,nan,nan,nan,nan,nan,nan,-1.721611721611715495e-02,-1.355311355311350496e-02,nan,-1.318681318681313996e-02,nan,-2.197802197802189994e-03,nan,nan,-6.593406593406569982e-03,nan,-1.245421245421240997e-02,nan,nan,nan,nan,nan,-2.197802197802189994e-03,nan,nan,nan,nan,nan,nan,nan,nan,nan,nan,nan,nan,nan,nan,-5.128205128205109986e-03,nan,nan,nan,nan,nan
nan,nan,nan,nan,nan,nan,nan,nan,nan,nan,-4.247787610619458039e-03,nan,nan,nan,nan,nan,nan,-2.477876106194676267e-03,nan,nan,nan,nan,nan,nan,-1.238938053097342687e-02,-1.769911504424759221e-03,nan,-7.079646017698725934e-04,nan,nan,nan,nan,1.061946902654886627e-03,nan,2.831858407079668183e-03,nan,nan,nan,nan,nan,-1.203539823008847875e-02,nan,nan,nan,nan,nan,nan,nan,nan,nan,nan,nan,nan,nan,nan,-3.539823008849474098e-04,-1.699115044247787726e-02,nan,nan,nan,nan
nan,nan,nan,nan,nan,nan,nan,nan,nan,nan,-1.277372262773717251e-02,nan,nan,nan,nan,nan,nan,3.284671532846750088e-03,nan,nan,nan,nan,nan,nan,-1.678832116788315718e-02,4.379562043795659845e-03,nan,-1.496350364963499116e-02,nan,-1.459854014598516202e-03,nan,nan,1.824817518248234103e-03,nan,1.459854014598582772e-03,nan,nan,nan,nan,nan,-8.394160583941601139e-03,nan,nan,nan,nan,nan,nan,nan,nan,nan,nan,nan,nan,nan,nan,-5.839416058394153279e-03,nan,nan,nan,nan,nan
nan,nan,nan,nan,nan,nan,nan,nan,nan,nan,-4.074074074074074577e-03,nan,nan,nan,nan,nan,nan,2.962962962962967153e-03,nan,nan,nan,nan,nan,nan,-1.703703703703702763e-02,1.481481481481461459e-03,-1.851851851851882280e-03,-1.740740740740742698e-02,nan,nan,nan,nan,8.518518518518503405e-03,nan,2.220446049250313204e-17,nan,nan,nan,nan,nan,2.962962962962945035e-03,nan,nan,nan,nan,nan,nan,nan,nan,nan,nan,nan,nan,nan,nan,1.111111111111107207e-03,nan,nan,nan,nan,nan
nan,nan,nan,nan,nan,nan,nan,nan,nan,nan,-6.859205776173315887e-03,nan,nan,nan,nan,nan,nan,-2.888086642599296903e-03,nan,nan,nan,nan,nan,nan,-1.299638989169677947e-02,-6.661338147750938996e-17,nan,-1.083032490974731275e-02,nan,nan,nan,nan,-3.610108303249592756e-04,nan,-4.332129963898955979e-03,nan,nan,nan,nan,nan,-1.010830324909750555e-02,nan,nan,nan,nan,nan,nan,nan,nan,nan,nan,-3.971119133574063653e-03,nan,nan,nan,3.610108303248704795e-04,nan,nan,nan,nan,nan
nan,nan,nan,nan,nan,nan,nan,nan,nan,nan,-1.620626151012887275e-02,nan,nan,nan,-2.209944751381210000e-03,nan,nan,nan,nan,nan,nan,nan,nan,nan,-2.688766114180478686e-02,2.578268876611411378e-03,nan,-1.731123388581947559e-02,nan,nan,nan,nan,4.419889502762420000e-03,nan,-1.473296500920806594e-03,nan,nan,nan,nan,nan,-1.952117863720068819e-02,nan,-3.683241252302016486e-04,nan,nan,nan,nan,nan,nan,nan,nan,nan,nan,nan,nan,-1.473296500920806551e-02,nan,nan,nan,nan,nan
nan,nan,nan,nan,nan,nan,nan,nan,nan,nan,-2.968460111317239303e-03,nan,nan,nan,nan,nan,nan,-3.339517625231902456e-03,nan,nan,nan,nan,nan,nan,-1.929499072356215608e-02,-2.968460111317239303e-03,nan,-8.905380333951740460e-03,nan,-5.565862708719837570e-03,nan,nan,1.113172541743989675e-03,nan,-6.307977736549186427e-03,nan,nan,nan,nan,nan,-7.421150278293153768e-03,nan,nan,nan,nan,nan,nan,nan,nan,nan,nan,nan,nan,nan,nan,2.597402597402620385e-03,nan,nan,nan,nan,nan
nan,nan,nan,nan,nan,nan,nan,nan,nan,nan,nan,nan,nan,nan,0.000000000000000000e+00,nan,nan,-5.263157894736858466e-03,nan,nan,nan,nan,nan,nan,-1.614035087719303124e-02,-4.210526315789486600e-03,nan,-3.859649122807029455e-03,nan,nan,nan,nan,-3.508771929824572528e-04,nan,-1.403508771929829011e-03,nan,nan,nan,nan,nan,-1.649122807017549056e-02,nan,0.000000000000000000e+00,nan,nan,nan,nan,nan,nan,nan,nan,nan,nan,nan,nan,-2.456140350877200444e-03,nan,nan,nan,nan,nan
nan,nan,nan,nan,nan,nan,nan,nan,nan,nan,nan,nan,nan,nan,0.000000000000000000e+00,nan,nan,-3.956834532374120701e-03,nan,nan,nan,nan,nan,nan,-1.438848920863311509e-02,-4.676258992805770731e-03,nan,-1.043165467625903862e-02,nan,nan,nan,nan,2.517985611510775538e-03,nan,-3.956834532374098150e-03,nan,nan,nan,nan,nan,-1.438848920863311509e-02,nan,0.000000000000000000e+00,nan,nan,nan,nan,nan,nan,nan,nan,nan,nan,nan,nan,-3.956834532374076466e-03,nan,nan,nan,nan,nan
nan,nan,nan,nan,nan,nan,nan,nan,nan,nan,5.714285714285782802e-03,nan,nan,nan,nan,nan,nan,3.928571428571480881e-03,nan,nan,nan,nan,nan,nan,-5.357142857142838110e-03,1.785714285714301488e-03,nan,-3.214285714285702953e-03,nan,nan,nan,nan,-7.142857142857117914e-04,nan,2.142857142857201944e-03,nan,nan,nan,nan,nan,-7.857142857142829923e-03,nan,nan,nan,nan,nan,nan,nan,nan,nan,nan,nan,nan,nan,nan,-3.928571428571414961e-03,-9.285714285714253072e-03,nan,nan,nan,nan
nan,nan,nan,nan,nan,nan,nan,nan,nan,nan,nan,nan,nan,nan,3.683241252302016486e-04,nan,nan,-3.683241252302016486e-04,nan,nan,nan,nan,nan,nan,-2.578268876611411464e-02,3.683241252302016377e-03,nan,-5.524861878453024566e-03,nan,nan,nan,nan,5.156537753222822755e-03,nan,1.473296500920806594e-03,nan,nan,nan,nan,nan,-4.051565377532218189e-03,nan,-7.366482504604032972e-04,nan,nan,nan,nan,nan,nan,nan,nan,nan,nan,nan,nan,3.683241252302016486e-04,nan,nan,nan,nan,nan
nan,nan,nan,nan,nan,nan,nan,nan,nan,nan,-7.971014492753591626e-03,nan,nan,nan,nan,nan,nan,-4.710144927536230423e-03,nan,nan,nan,nan,nan,nan,-1.195652173913037616e-02,-5.434782608695653758e-03,nan,-1.666666666666662827e-02,nan,nan,nan,nan,3.623188405797117756e-04,nan,-1.449275362318847103e-03,nan,nan,nan,nan,nan,-1.956521739130432508e-02,nan,nan,nan,nan,nan,nan,nan,nan,nan,nan,nan,nan,nan,nan,-5.797101449275388410e-03,-2.898550724637682929e-02,nan,nan,nan,nan
nan,nan,nan,nan,nan,nan,nan,nan,nan,nan,-1.403508771929829011e-03,nan,nan,nan,nan,nan,nan,-6.315789473684230333e-03,nan,nan,nan,nan,nan,nan,-1.894736842105262248e-02,-7.017543859649144622e-03,nan,-1.122807017543863209e-02,nan,nan,nan,nan,7.017543859649145056e-04,nan,-7.017543859649144622e-03,nan,nan,nan,nan,nan,-8.771929824561430777e-03,nan,nan,nan,nan,nan,nan,nan,nan,nan,nan,-4.912280701754400888e-03,nan,nan,nan,-7.017543859649145056e-04,nan,nan,nan,nan,nan
nan,nan,nan,nan,nan,nan,nan,nan,nan,nan,2.935779816513739340e-03,nan,nan,nan,nan,nan,nan,1.100917431192658356e-02,nan,nan,nan,nan,nan,nan,-9.908256880733979505e-03,1.174311926605504583e-02,nan,-6.238532110091776599e-03,nan,nan,nan,nan,8.073394495412822974e-03,nan,7.706422018348590974e-03,nan,nan,nan,nan,nan,2.568807339449508207e-03,nan,nan,nan,nan,nan,nan,nan,nan,nan,nan,nan,nan,nan,nan,1.137614678899081556e-02,-7.339449541284426629e-03,nan,nan,nan,nan
nan,nan,nan,nan,nan,nan,nan,nan,nan,nan,-1.090225563909779163e-02,nan,nan,nan,nan,nan,nan,-1.127819548872244270e-03,nan,nan,nan,nan,nan,nan,-6.766917293233110434e-03,3.759398496240295984e-04,nan,-7.518796992481235550e-03,nan,2.255639097744310730e-03,nan,nan,5.263157894736791680e-03,nan,-3.759398496240962226e-04,nan,nan,nan,nan,nan,2.631578947368384998e-03,nan,nan,nan,nan,nan,nan,nan,nan,nan,nan,nan,nan,nan,nan,-2.255639097744421753e-03,nan,nan,nan,nan,nan
nan,nan,nan,nan,nan,nan,nan,nan,nan,nan,nan,nan,nan,nan,0.000000000000000000e+00,nan,nan,-5.444646098003635623e-03,nan,nan,nan,nan,nan,nan,-1.306715063520869080e-02,-3.992740471869348981e-03,nan,-1.125226860254084985e-02,nan,nan,nan,nan,-2.540834845735040655e-03,nan,-2.903811252268617520e-03,nan,nan,nan,nan,nan,-3.992740471869348981e-03,nan,0.000000000000000000e+00,nan,nan,nan,nan,nan,nan,nan,nan,nan,nan,nan,nan,2.177858439201463357e-03,nan,nan,nan,nan,nan
nan,nan,nan,nan,nan,nan,nan,nan,nan,nan,1.069518716577588704e-03,nan,nan,nan,nan,nan,nan,1.069518716577566586e-03,nan,nan,nan,nan,nan,nan,-1.782531194295895391e-02,-2.852049910873377756e-03,nan,-1.782531194295895391e-02,nan,nan,nan,nan,8.912655971479544609e-03,nan,2.139037433155111054e-03,nan,nan,nan,nan,nan,-1.853832442067733163e-02,nan,nan,nan,nan,nan,nan,nan,nan,nan,nan,nan,nan,nan,nan,-5.347593582887655121e-03,-3.529411764705876753e-02,nan,nan,nan,nan
nan,nan,nan,nan,nan,nan,nan,nan,nan,nan,nan,nan,nan,nan,-7.220216606498075290e-04,nan,nan,1.083032490974766750e-03,nan,nan,nan,nan,nan,nan,-1.624548736462090234e-02,6.859205776173315887e-03,nan,-1.444043321299635051e-02,nan,nan,nan,nan,1.083032490974766750e-03,nan,2.888086642599319021e-03,nan,nan,nan,nan,nan,-4.332129963898890060e-03,nan,-7.220216606498297551e-04,nan,nan,nan,nan,nan,nan,nan,nan,nan,nan,nan,nan,1.083032490974722515e-03,nan,nan,nan,nan,nan
nan,nan,nan,nan,nan,nan,nan,nan,nan,nan,2.177858439201463357e-03,nan,nan,nan,nan,nan,nan,-1.814882032667863940e-03,nan,nan,nan,nan,nan,nan,-1.052631578947362846e-02,1.088929219600731678e-03,nan,-1.524500907441013117e-02,nan,nan,nan,nan,2.177858439201463357e-03,nan,2.903811252268617520e-03,nan,nan,nan,nan,nan,-1.778584392014517096e-02,nan,nan,nan,nan,nan,nan,nan,nan,nan,nan,nan,nan,nan,nan,-5.081669691470014523e-03,-2.758620689655166824e-02,nan,nan,nan,nan
nan,nan,nan,nan,nan,nan,nan,nan,nan,nan,-2.517985611510775538e-03,nan,nan,nan,nan,nan,nan,5.755395683453223658e-03,nan,nan,nan,nan,nan,nan,-7.553956834532327483e-03,7.194244604316546270e-03,nan,-1.618705035971224060e-02,nan,nan,nan,nan,5.035971223021551077e-03,nan,4.316546762589945282e-03,nan,nan,nan,nan,nan,-1.330935251798564048e-02,nan,nan,nan,nan,nan,nan,nan,nan,nan,nan,nan,nan,nan,nan,-6.474820143884852004e-03,-2.230215827338126802e-02,nan,nan,nan,nan
nan,nan,nan,nan,nan,nan,nan,nan,nan,nan,nan,nan,nan,nan,0.000000000000000000e+00,nan,nan,-2.508960573476715084e-03,nan,nan,nan,nan,nan,nan,-1.577060931899641055e-02,3.942652329749085291e-03,nan,-8.602150537634401656e-03,nan,nan,nan,nan,2.150537634408600414e-03,nan,-1.433691756272414877e-03,nan,nan,nan,nan,nan,-2.222222222222218838e-02,nan,0.000000000000000000e+00,nan,nan,nan,nan,nan,nan,nan,nan,nan,nan,nan,nan,-2.867383512544785518e-03,nan,nan,nan,nan,nan
nan,nan,nan,nan,nan,nan,nan,nan,nan,nan,-1.879699248120303423e-02,nan,nan,nan,nan,nan,nan,-2.631578947368451351e-03,nan,nan,nan,nan,nan,nan,-1.428571428571432343e-02,-5.639097744360910616e-03,nan,-4.511278195488755034e-03,nan,-1.879699248120370036e-03,nan,nan,4.887218045112740397e-03,nan,-1.503759398496273868e-03,nan,nan,nan,nan,nan,-4.887218045112784633e-03,nan,nan,nan,nan,nan,nan,nan,nan,nan,nan,nan,nan,nan,nan,-4.440892098500626408e-17,nan,nan,nan,nan,nan
nan,nan,nan,nan,nan,nan,nan,nan,nan,nan,-2.426343154246079960e-03,nan,nan,nan,nan,nan,nan,-6.585788561525141027e-03,nan,nan,nan,nan,nan,nan,-1.629116117850952852e-02,-6.932409012131724065e-03,nan,-1.629116117850950424e-02,nan,nan,nan,nan,-5.892547660311953268e-03,nan,-7.972270363951473177e-03,nan,nan,nan,nan,nan,-1.247833622183709343e-02,nan,nan,nan,nan,nan,nan,nan,nan,nan,nan,-2.079722703639519474e-03,nan,nan,nan,-3.119584055459268153e-03,nan,nan,nan,nan,nan
nan,nan,nan,nan,nan,nan,nan,nan,nan,nan,nan,nan,nan,nan,0.000000000000000000e+00,nan,nan,4.339963833634752008e-03,nan,nan,nan,nan,nan,nan,-1.772151898734173475e-02,7.233273056058032047e-04,nan,-3.616636528028904785e-03,nan,nan,nan,nan,6.148282097649193992e-03,nan,-3.616636528028571501e-04,nan,nan,nan,nan,nan,2.169981916817365162e-03,nan,0.000000000000000000e+00,nan,nan,nan,nan,nan,nan,nan,nan,nan,nan,nan,nan,3.616636528029237743e-04,nan,nan,nan,nan,nan
nan,nan,nan,nan,nan,nan,nan,nan,nan,nan,-4.293381037567112375e-03,nan,nan,nan,nan,nan,nan,2.504472271914104289e-03,nan,nan,nan,nan,nan,nan,-4.440892098500626408e-17,3.935599284436430700e-03,nan,-4.651162790697704712e-03,nan,nan,nan,nan,-3.577817531305926618e-04,nan,2.146690518783511518e-03,nan,nan,nan,nan,nan,-8.228980322003632414e-03,nan,nan,nan,nan,nan,nan,nan,nan,nan,nan,nan,nan,nan,nan,0.000000000000000000e+00,-2.110912343470485592e-02,nan,nan,nan,nan
nan,nan,nan,nan,nan,nan,nan,nan,nan,nan,-1.410018552875691444e-02,nan,nan,nan,nan,nan,nan,2.968460111317283538e-03,nan,nan,nan,nan,nan,nan,-4.823747680890511265e-03,5.194805194805263322e-03,nan,-1.038961038961034797e-02,nan,nan,nan,nan,7.050092764378512733e-03,nan,1.484230055658675163e-03,nan,nan,nan,nan,nan,-1.001855287569568612e-02,nan,nan,nan,nan,nan,nan,nan,nan,nan,nan,-5.194805194805129749e-03,nan,nan,nan,2.226345083488001468e-03,nan,nan,nan,nan,nan
nan,nan,nan,nan,nan,nan,nan,nan,nan,nan,-7.662835249042209817e-04,nan,nan,nan,nan,nan,nan,-3.065134099616883927e-03,nan,nan,nan,nan,nan,nan,-1.762452107279697394e-02,2.681992337164751210e-03,nan,-1.187739463601535962e-02,nan,-8.045977011494297865e-03,nan,nan,7.279693486590010747e-03,nan,-5.363984674329547522e-03,nan,nan,nan,nan,nan,-7.662835249042210251e-03,nan,nan,nan,nan,nan,nan,nan,nan,nan,nan,nan,nan,nan,nan,-1.915708812260552563e-03,nan,nan,nan,nan,nan
nan,nan,nan,nan,nan,nan,nan,nan,nan,nan,-2.597402597402576150e-03,nan,nan,nan,nan,nan,nan,3.710575139146854331e-04,nan,nan,nan,nan,nan,nan,-1.261595547309830520e-02,9.647495361781111001e-03,nan,-2.968460111317239303e-03,nan,nan,nan,nan,4.452690166975891914e-03,nan,1.038961038961037052e-02,nan,nan,nan,nan,nan,-1.743970315398888499e-02,nan,nan,nan,nan,nan,nan,nan,nan,nan,nan,nan,nan,nan,nan,1.484230055658653045e-03,-1.632653061224489249e-02,nan,nan,nan,nan
nan,nan,nan,nan,nan,nan,nan,nan,nan,nan,-1.032028469750891943e-02,nan,nan,nan,nan,nan,nan,2.135231316725971860e-03,nan,nan,nan,nan,nan,nan,-2.455516014234875380e-02,-7.117437722419905476e-04,nan,-1.352313167259791039e-02,nan,nan,nan,nan,6.405693950177915146e-03,nan,3.558718861209842150e-04,nan,nan,nan,nan,nan,-1.209964412811392886e-02,nan,nan,nan,nan,nan,nan,nan,nan,nan,nan,nan,nan,nan,nan,-3.914590747330981731e-03,-3.416370106761568159e-02,nan,nan,nan,nan
nan,nan,nan,nan,nan,nan,nan,nan,nan,nan,-5.818181818181833442e-03,nan,nan,nan,nan,nan,nan,-5.090909090909123344e-03,nan,nan,nan,nan,nan,nan,-1.454545454545457320e-02,-2.909090909090927997e-03,nan,-2.290909090909092408e-02,nan,-2.909090909090927997e-03,nan,nan,7.272727272727319992e-04,nan,-1.090909090909097890e-03,nan,nan,nan,nan,nan,-2.909090909090927997e-03,nan,nan,nan,nan,nan,nan,nan,nan,nan,nan,nan,nan,nan,nan,0.000000000000000000e+00,nan,nan,nan,nan,nan
