nan,nan,nan,-1.516666666666666718e-01,nan,nan,nan,nan,nan,nan,nan,nan,nan,nan,nan,nan,nan,-4.000000000000000083e-02,nan,nan,nan,nan,nan,nan,-1.666666666666649643e-03,-6.166666666666666824e-02,nan,-5.166666666666665936e-02,-6.666666666666666574e-02,nan,nan,nan,-9.500000000000000111e-02,nan,-1.666666666666660702e-03,nan,nan,nan,nan,nan,nan,nan,nan,nan,nan,nan,nan,nan,nan,nan,nan,-1.833333333333332302e-02,nan,nan,nan,-6.499999999999998834e-02,nan,nan,nan,nan,nan,nan,nan,nan,nan
nan,nan,nan,-1.298245614035087314e-01,nan,nan,nan,nan,nan,nan,nan,nan,nan,nan,nan,nan,nan,-1.754385964912280604e-02,nan,nan,nan,nan,nan,nan,-5.789473684210525578e-02,-2.807017543859646747e-02,nan,nan,-1.578947368421051989e-02,-2.105263157894735754e-02,nan,nan,-1.578947368421050948e-02,nan,-1.754385964912278523e-02,nan,nan,nan,nan,nan,-4.385964912280700123e-02,nan,nan,nan,nan,nan,nan,nan,nan,nan,nan,nan,nan,nan,nan,-5.263157894736841813e-02,nan,nan,nan,nan,nan,nan,nan,nan,nan
nan,nan,nan,-6.017699115044248398e-02,nan,nan,nan,nan,nan,nan,nan,nan,nan,nan,nan,nan,nan,-8.849557522123897152e-03,nan,nan,nan,nan,nan,nan,0.000000000000000000e+00,-3.539823008849563111e-03,nan,-5.309734513274336903e-02,-1.061946902654867762e-02,nan,nan,nan,0.000000000000000000e+00,nan,-5.309734513274344883e-03,nan,nan,nan,nan,nan,nan,nan,nan,nan,nan,nan,nan,nan,nan,nan,nan,-1.415929203539824030e-02,nan,nan,nan,-2.831858407079645978e-02,nan,nan,nan,nan,nan,nan,nan,nan,nan
nan,nan,nan,-9.075630252100838624e-02,nan,nan,nan,nan,nan,nan,nan,nan,nan,nan,nan,nan,nan,5.042016806722704123e-03,nan,nan,nan,nan,nan,nan,1.008403361344538743e-02,-8.403361344537795680e-03,nan,-5.210084033613443522e-02,-2.521008403361342173e-02,nan,nan,nan,-4.873949579831930723e-02,nan,-3.529411764705879528e-02,nan,nan,nan,nan,nan,nan,nan,nan,nan,nan,nan,nan,nan,nan,nan,nan,5.042016806722704123e-03,nan,nan,nan,-2.016806722689072975e-02,nan,nan,nan,nan,nan,nan,nan,nan,nan
nan,nan,nan,nan,nan,nan,nan,nan,nan,nan,nan,nan,nan,nan,6.504065040650408233e-03,nan,nan,9.756097560975610095e-02,nan,nan,nan,nan,nan,nan,-3.902439024390243899e-02,0.000000000000000000e+00,nan,1.300813008130080606e-02,1.110223024625156602e-17,nan,nan,nan,4.878048780487831762e-03,nan,4.065040650406503975e-02,nan,nan,nan,nan,nan,nan,nan,2.113821138211384801e-02,nan,nan,nan,nan,nan,nan,nan,nan,nan,nan,nan,nan,-3.414634146341459509e-02,nan,nan,nan,nan,nan,nan,nan,nan,nan
nan,nan,nan,-4.144144144144144837e-02,nan,nan,nan,nan,nan,nan,nan,nan,nan,nan,nan,nan,nan,1.441441441441440076e-02,nan,nan,nan,nan,nan,nan,-2.342342342342345132e-02,5.405405405405383154e-03,nan,nan,-2.162162162162164364e-02,nan,nan,nan,-5.225225225225227366e-02,nan,-5.405405405405428257e-03,nan,nan,nan,nan,nan,nan,nan,-3.603603603603611032e-03,nan,nan,nan,nan,nan,nan,nan,nan,0.000000000000000000e+00,nan,nan,nan,-3.603603603603622307e-03,nan,nan,nan,nan,nan,nan,nan,nan,nan
nan,nan,nan,-6.896551724137922265e-03,nan,nan,nan,nan,nan,nan,nan,nan,nan,nan,nan,nan,nan,2.413793103448276176e-02,nan,nan,nan,nan,nan,nan,-3.448275862068950291e-03,5.172413793103469888e-03,nan,-3.103448275862067535e-02,-1.724137931034464086e-03,nan,nan,nan,1.724137931034486204e-03,nan,-2.931034482758618914e-02,nan,nan,nan,nan,nan,nan,nan,nan,nan,nan,nan,nan,nan,nan,nan,nan,5.172413793103458612e-03,nan,nan,nan,-4.482758620689653029e-02,nan,nan,nan,nan,nan,nan,nan,nan,nan
nan,nan,nan,-1.089285714285714024e-01,nan,nan,nan,nan,nan,nan,nan,nan,nan,nan,nan,nan,nan,5.357142857142860662e-03,nan,nan,nan,nan,nan,nan,-6.428571428571426549e-02,-5.357142857142856152e-02,nan,-5.178571428571426827e-02,-3.571428571428558740e-03,nan,nan,nan,-4.285714285714285060e-02,nan,-3.214285714285712581e-02,nan,nan,nan,nan,nan,nan,nan,nan,nan,nan,nan,nan,nan,nan,nan,nan,-1.071428571428569877e-02,nan,nan,nan,-7.321428571428570398e-02,nan,nan,nan,nan,nan,nan,nan,nan,nan
nan,nan,nan,-1.694915254237305867e-03,nan,nan,nan,nan,nan,nan,nan,nan,nan,nan,nan,nan,nan,2.542372881355932021e-02,nan,nan,nan,nan,nan,nan,-2.711864406779661632e-02,-6.779661016949167958e-03,nan,nan,-6.779661016949156682e-03,nan,nan,nan,1.016949152542373502e-02,nan,2.711864406779661632e-02,nan,nan,nan,nan,nan,nan,nan,0.000000000000000000e+00,nan,nan,nan,nan,nan,nan,nan,nan,-4.237288135593221539e-02,nan,nan,nan,-3.389830508474576953e-02,nan,nan,nan,nan,nan,nan,nan,nan,nan
nan,nan,nan,-2.720000000000002277e-02,nan,nan,nan,nan,nan,nan,nan,nan,nan,nan,nan,nan,nan,6.399999999999994235e-03,nan,nan,nan,nan,nan,nan,3.199999999999999373e-02,1.919999999999999485e-02,nan,nan,1.600000000000001378e-03,nan,nan,nan,-3.200000000000002755e-03,nan,6.079999999999999988e-02,nan,nan,nan,nan,nan,-4.160000000000001197e-02,nan,nan,nan,nan,nan,nan,nan,nan,nan,nan,1.759999999999999412e-02,nan,nan,nan,-1.280000000000002316e-02,nan,nan,nan,nan,nan,nan,nan,nan,nan
nan,nan,nan,-3.039999999999996178e-02,nan,nan,nan,nan,nan,nan,nan,nan,nan,nan,nan,nan,nan,1.264000000000000123e-01,nan,nan,nan,nan,nan,nan,8.000000000000007105e-03,6.400000000000002909e-02,nan,nan,-2.079999999999997476e-02,nan,nan,nan,-2.559999999999997694e-02,nan,-1.439999999999996838e-02,nan,nan,nan,nan,nan,nan,nan,6.400000000000005511e-03,nan,nan,nan,nan,nan,nan,nan,nan,3.680000000000002019e-02,nan,nan,nan,-4.639999999999995517e-02,nan,nan,nan,nan,nan,nan,nan,nan,nan
nan,nan,nan,-4.705882352941175018e-02,nan,nan,nan,nan,nan,nan,nan,nan,nan,nan,nan,nan,nan,5.882352941176473976e-02,nan,nan,nan,nan,nan,nan,-1.848739495798317270e-02,6.554621848739497492e-02,nan,nan,3.361344537815136226e-03,nan,nan,nan,-4.873949579831930723e-02,nan,3.361344537815147502e-03,nan,nan,nan,nan,nan,nan,nan,5.042016806722715398e-03,nan,nan,nan,nan,nan,nan,nan,nan,8.403361344537840782e-03,nan,nan,nan,-1.025210084033613411e-01,nan,nan,nan,nan,nan,nan,nan,nan,nan
nan,nan,nan,-3.783783783783781912e-02,nan,nan,nan,nan,nan,nan,nan,nan,nan,nan,nan,nan,nan,5.405405405405405705e-02,nan,nan,nan,nan,nan,nan,1.441441441441442331e-02,-5.045045045045044863e-02,nan,nan,-7.207207207207205757e-02,nan,nan,nan,1.801801801801801092e-02,nan,-1.981981981981982902e-02,nan,nan,nan,nan,nan,-5.045045045045044863e-02,nan,nan,nan,nan,nan,nan,nan,nan,nan,nan,1.081081081081080100e-02,nan,nan,nan,-1.117117117117116809e-01,nan,nan,nan,nan,nan,nan,nan,nan,nan
nan,nan,nan,-5.084745762711866124e-02,nan,nan,nan,nan,nan,nan,nan,nan,nan,nan,nan,nan,nan,-6.779661016949156682e-03,nan,nan,nan,nan,nan,nan,-8.474576271186463200e-03,-3.389830508474578341e-03,nan,-6.440677966101696073e-02,-1.355932203389832377e-02,nan,nan,nan,-7.627118644067797104e-02,nan,-5.593220338983052875e-02,nan,nan,nan,nan,nan,nan,nan,nan,nan,nan,nan,nan,nan,nan,nan,nan,-2.203389830508476616e-02,nan,nan,nan,-1.864406779661018781e-02,nan,nan,nan,nan,nan,nan,nan,nan,nan
nan,nan,nan,6.956521739130439377e-03,nan,nan,nan,nan,nan,nan,nan,nan,nan,nan,nan,nan,nan,1.217391304347826761e-02,nan,nan,nan,nan,nan,nan,-3.478260869565219689e-03,1.565217391304348643e-02,nan,-2.260869565217391713e-02,1.217391304347826761e-02,nan,nan,nan,-5.391304347826085530e-02,nan,-3.478260869565216046e-02,nan,nan,nan,nan,nan,nan,nan,nan,nan,nan,nan,nan,nan,nan,nan,nan,-7.478260869565216129e-02,nan,nan,nan,-5.391304347826084836e-02,nan,nan,nan,nan,nan,nan,nan,nan,nan
nan,nan,nan,-3.931623931623932922e-02,nan,nan,nan,nan,nan,nan,nan,nan,nan,nan,nan,nan,nan,0.000000000000000000e+00,nan,nan,nan,nan,nan,nan,5.299145299145299054e-02,1.880341880341881294e-02,nan,nan,-1.709401709401703329e-03,nan,nan,nan,-1.367521367521365959e-02,nan,4.444444444444443920e-02,nan,nan,nan,nan,nan,-7.008547008547007240e-02,nan,nan,nan,nan,nan,nan,nan,nan,nan,nan,6.837606837606846275e-03,nan,nan,nan,-6.153846153846154188e-02,nan,nan,nan,nan,nan,nan,nan,nan,nan
nan,nan,nan,-8.392857142857143571e-02,nan,nan,nan,nan,nan,nan,nan,nan,nan,nan,nan,nan,nan,-1.428571428571429047e-02,nan,nan,nan,nan,nan,nan,-3.035714285714284991e-02,-1.607142857142858025e-02,nan,-7.321428571428573173e-02,-4.821428571428573034e-02,nan,nan,nan,-8.750000000000002220e-02,nan,-7.142857142857145236e-02,nan,nan,nan,nan,nan,nan,nan,nan,nan,nan,nan,nan,nan,nan,nan,nan,-1.071428571428573173e-02,nan,nan,nan,-6.607142857142858650e-02,nan,nan,nan,nan,nan,nan,nan,nan,nan
nan,nan,nan,-5.045045045045045556e-02,nan,nan,nan,nan,nan,nan,nan,nan,nan,nan,nan,nan,nan,3.603603603603588914e-03,nan,nan,nan,nan,nan,nan,-7.207207207207211655e-03,-1.621621621621621712e-02,nan,-5.945945945945944888e-02,-2.342342342342342704e-02,nan,nan,nan,-7.387387387387386872e-02,nan,-1.009009009009008973e-01,nan,nan,nan,nan,nan,nan,nan,nan,nan,nan,nan,nan,nan,nan,nan,nan,-1.081081081081082182e-02,nan,nan,nan,-1.225225225225225339e-01,nan,nan,nan,nan,nan,nan,nan,nan,nan
nan,nan,nan,-4.374999999999999722e-02,nan,nan,nan,nan,nan,nan,nan,nan,nan,nan,nan,nan,nan,2.500000000000000139e-02,nan,nan,nan,nan,nan,nan,-2.343750000000000000e-02,0.000000000000000000e+00,nan,-2.656249999999999931e-02,-5.312499999999999861e-02,nan,nan,nan,3.125000000000000173e-03,nan,-8.593750000000000000e-02,nan,nan,nan,nan,nan,nan,nan,nan,nan,nan,nan,nan,nan,nan,nan,nan,3.125000000000000173e-03,nan,nan,nan,1.250000000000000069e-02,nan,nan,nan,nan,nan,nan,nan,nan,nan
nan,nan,nan,-1.365853658536585191e-01,nan,nan,nan,nan,nan,nan,nan,nan,nan,nan,nan,nan,nan,-8.130081300812996847e-03,nan,nan,nan,nan,nan,nan,-3.577235772357721666e-02,2.276422764227642448e-02,nan,nan,-8.130081300812996847e-03,nan,nan,nan,-3.577235772357723054e-02,nan,-9.430894308943087168e-02,nan,nan,nan,nan,nan,nan,nan,0.000000000000000000e+00,nan,nan,nan,nan,nan,nan,nan,nan,1.463414634146342763e-02,nan,nan,nan,-1.447154471544715437e-01,nan,nan,nan,nan,nan,nan,nan,nan,nan
nan,nan,nan,-8.275862068965515739e-02,nan,nan,nan,nan,nan,nan,nan,nan,nan,nan,6.896551724137933541e-03,nan,nan,6.896551724137933541e-03,nan,nan,nan,nan,nan,nan,-2.241379310344826514e-02,1.379310344827586708e-02,nan,nan,0.000000000000000000e+00,nan,nan,nan,-2.758620689655172376e-02,nan,-3.448275862068972408e-03,nan,nan,nan,nan,nan,nan,nan,-6.896551724137933541e-03,nan,nan,nan,nan,nan,nan,nan,nan,nan,nan,nan,nan,0.000000000000000000e+00,nan,nan,nan,nan,nan,nan,nan,nan,nan
nan,nan,nan,-2.439024390243903564e-02,nan,nan,nan,nan,nan,nan,nan,nan,nan,nan,nan,nan,nan,-8.130081300813029807e-03,nan,nan,nan,nan,nan,nan,3.739837398373981742e-02,-1.110223024625156602e-17,nan,nan,-1.138211382113821744e-02,nan,nan,nan,-1.110223024625156602e-17,nan,8.130081300812986439e-03,nan,nan,nan,nan,nan,-2.926829268292685526e-02,nan,nan,nan,nan,nan,nan,nan,nan,nan,nan,-4.878048780487820486e-03,nan,nan,nan,-1.626016260162602839e-02,nan,nan,nan,nan,nan,nan,nan,nan,nan
nan,nan,nan,-1.482142857142857151e-01,nan,nan,nan,nan,nan,nan,nan,nan,nan,nan,nan,nan,nan,3.571428571428571924e-02,nan,nan,nan,nan,nan,nan,-1.053571428571428437e-01,1.964285714285716328e-02,nan,-1.428571428571425751e-02,-1.178571428571428409e-01,nan,nan,nan,-9.821428571428571230e-02,nan,-1.071428571428571230e-01,nan,nan,nan,nan,nan,nan,nan,nan,nan,nan,nan,nan,nan,nan,nan,nan,-1.964285714285711817e-02,nan,nan,nan,-1.392857142857142627e-01,nan,nan,nan,nan,nan,nan,nan,nan,nan
nan,nan,nan,-1.042735042735042639e-01,nan,nan,nan,nan,nan,nan,nan,nan,nan,nan,nan,nan,nan,-2.222222222222220919e-02,nan,nan,nan,nan,nan,nan,-6.324786324786321745e-02,-2.905982905982903292e-02,nan,-9.230769230769228506e-02,-1.196581196581193371e-02,nan,nan,nan,-6.837606837606836907e-02,nan,-7.350427350427349293e-02,nan,nan,nan,nan,nan,nan,nan,0.000000000000000000e+00,nan,nan,nan,nan,nan,nan,nan,nan,nan,nan,nan,nan,-4.957264957264954225e-02,nan,nan,nan,nan,nan,nan,nan,nan,nan
nan,nan,nan,-8.474576271186463200e-03,nan,nan,nan,nan,nan,nan,nan,nan,nan,nan,nan,nan,nan,-3.389830508474611735e-03,nan,nan,nan,nan,nan,nan,-6.271186440677965768e-02,-6.779661016949179234e-03,nan,nan,-1.186440677966102940e-02,nan,nan,nan,5.084745762711851032e-03,nan,-1.355932203389833592e-02,nan,nan,nan,nan,nan,nan,nan,-1.016949152542375757e-02,nan,nan,nan,nan,nan,nan,nan,nan,-3.220338983050848730e-02,nan,nan,nan,-3.220338983050850118e-02,nan,nan,nan,nan,nan,nan,nan,nan,nan
nan,nan,nan,-9.833333333333331427e-02,nan,nan,nan,nan,nan,nan,nan,nan,nan,nan,nan,nan,nan,2.166666666666667782e-02,nan,nan,nan,nan,nan,nan,5.000000000000015717e-03,5.000000000000004441e-03,nan,nan,-5.333333333333330900e-02,nan,nan,nan,-8.333333333333314136e-03,nan,-3.166666666666664159e-02,nan,nan,nan,nan,nan,nan,nan,-1.666666666666664215e-02,nan,nan,nan,nan,nan,nan,nan,nan,8.333333333333348830e-03,nan,nan,nan,-9.833333333333331427e-02,nan,nan,nan,nan,nan,nan,nan,nan,nan
nan,nan,nan,nan,nan,nan,nan,nan,nan,nan,nan,nan,nan,nan,-5.357142857142871070e-03,nan,nan,8.571428571428570120e-02,nan,nan,nan,nan,nan,nan,1.071428571428568663e-02,-3.571428571428580858e-03,nan,3.035714285714282562e-02,-3.035714285714289501e-02,nan,nan,nan,-2.500000000000002220e-02,nan,-1.250000000000002151e-02,nan,nan,nan,nan,nan,nan,nan,1.071428571428569877e-02,nan,nan,nan,nan,nan,nan,nan,nan,nan,nan,nan,nan,-5.357142857142860315e-02,nan,nan,nan,nan,nan,nan,nan,nan,nan
nan,nan,nan,-2.241379310344831025e-02,nan,nan,nan,nan,nan,nan,nan,nan,nan,nan,nan,nan,nan,8.965517241379304669e-02,nan,nan,nan,nan,nan,nan,-2.413793103448280686e-02,3.793103448275857159e-02,nan,nan,-5.000000000000004441e-02,nan,nan,nan,6.896551724137878030e-03,nan,3.275862068965514073e-02,nan,nan,nan,nan,nan,nan,nan,0.000000000000000000e+00,nan,nan,nan,nan,nan,nan,nan,nan,-2.241379310344831025e-02,nan,nan,nan,-3.620689655172415478e-02,nan,nan,nan,nan,nan,nan,nan,nan,nan
nan,nan,nan,-3.859649122807016358e-02,nan,nan,nan,nan,nan,nan,nan,nan,nan,nan,nan,nan,nan,5.614035087719300432e-02,nan,nan,nan,nan,nan,nan,2.456140350877194026e-02,4.736842105263159436e-02,nan,-2.631578947368419172e-02,2.807017543859650216e-02,nan,nan,nan,1.754385964912281645e-02,nan,1.754385964912282686e-02,nan,nan,nan,nan,nan,nan,nan,nan,nan,nan,nan,nan,nan,nan,nan,nan,3.508771929824563290e-02,nan,nan,nan,3.157894736842106059e-02,nan,nan,nan,nan,nan,nan,nan,nan,nan
nan,nan,nan,-9.105691056910571179e-02,nan,nan,nan,nan,nan,nan,nan,nan,nan,nan,nan,nan,nan,1.463414634146340508e-02,nan,nan,nan,nan,nan,nan,3.739837398373983823e-02,-2.220446049250313204e-17,nan,-1.951219512195124725e-02,6.504065040650397825e-03,nan,nan,nan,-1.788617886178863609e-02,nan,3.902439024390243205e-02,nan,nan,nan,nan,nan,nan,nan,nan,nan,nan,nan,nan,nan,nan,nan,nan,0.000000000000000000e+00,nan,nan,nan,-9.756097560975628830e-03,nan,nan,nan,nan,nan,nan,nan,nan,nan
nan,nan,nan,-5.000000000000003053e-02,nan,nan,nan,nan,nan,nan,nan,nan,nan,nan,nan,nan,nan,1.499999999999996822e-02,nan,nan,nan,nan,nan,nan,4.333333333333332094e-02,-6.666666666666687044e-03,nan,-5.000000000000003053e-02,1.333333333333331858e-02,nan,nan,nan,-6.000000000000003247e-02,nan,-5.000000000000026992e-03,nan,nan,nan,nan,nan,nan,nan,nan,nan,nan,nan,nan,nan,nan,nan,nan,1.666666666666660702e-03,nan,nan,nan,-5.833333333333336201e-02,nan,nan,nan,nan,nan,nan,nan,nan,nan
nan,nan,nan,-1.612903225806450094e-03,nan,nan,nan,nan,nan,nan,nan,nan,nan,nan,nan,nan,nan,8.870967741935484319e-02,nan,nan,nan,nan,nan,nan,4.838709677419350715e-03,-1.935483870967740286e-02,nan,nan,-4.677419354838707743e-02,nan,nan,nan,1.096774193548386983e-01,nan,3.709677419354838468e-02,nan,nan,nan,nan,nan,nan,nan,-4.838709677419350715e-03,nan,nan,nan,nan,nan,nan,nan,nan,-1.451612903225805128e-02,nan,nan,nan,-3.548387096774190119e-02,nan,nan,nan,nan,nan,nan,nan,nan,nan
nan,nan,nan,-6.491228070175440734e-02,nan,nan,nan,nan,nan,nan,nan,nan,nan,nan,nan,nan,nan,6.666666666666665186e-02,nan,nan,nan,nan,nan,nan,nan,-8.771929824561420369e-03,nan,nan,-1.754385964912297214e-03,-7.017543859649133346e-03,nan,nan,8.771929824561397818e-03,nan,1.228070175438595799e-02,nan,nan,nan,nan,nan,-1.929824561403509220e-02,nan,nan,nan,nan,nan,nan,nan,nan,nan,nan,6.140350877192981421e-02,nan,nan,nan,-6.842105263157896577e-02,nan,nan,nan,nan,nan,nan,nan,nan,nan
nan,nan,nan,0.000000000000000000e+00,nan,nan,nan,nan,nan,nan,nan,nan,nan,nan,nan,nan,nan,7.863247863247861680e-02,nan,nan,nan,nan,nan,nan,nan,5.982905982905982467e-02,nan,3.589743589743591562e-02,-6.837606837606846275e-03,nan,nan,nan,-2.051282051282053015e-02,nan,-5.128205128205132537e-03,nan,nan,nan,nan,nan,nan,nan,-5.128205128205132537e-03,nan,nan,nan,nan,nan,nan,nan,nan,0.000000000000000000e+00,nan,nan,nan,-2.564102564102565054e-02,nan,nan,nan,nan,nan,nan,nan,nan,nan
nan,nan,nan,-8.396946564885493514e-02,nan,nan,nan,nan,nan,nan,nan,nan,nan,nan,nan,nan,nan,-1.221374045801525490e-02,nan,nan,nan,nan,nan,nan,-4.580152671755723798e-02,-5.954198473282440451e-02,nan,nan,-1.221374045801523235e-02,nan,nan,nan,-6.717557251908394533e-02,nan,-6.106870229007610104e-03,nan,nan,nan,nan,nan,nan,nan,-1.526717557251888648e-03,nan,nan,nan,nan,nan,nan,nan,nan,1.526717557251933101e-03,nan,nan,nan,-2.900763358778624124e-02,nan,nan,nan,nan,nan,nan,nan,nan,nan
nan,nan,nan,nan,nan,nan,nan,nan,nan,nan,nan,nan,nan,nan,nan,nan,nan,1.599999999999990319e-03,nan,nan,nan,nan,nan,nan,-2.400000000000002132e-02,-4.800000000000003916e-03,nan,-1.600000000000012437e-03,-1.440000000000001348e-02,nan,nan,nan,-4.959999999999999826e-02,nan,-6.400000000000005511e-03,nan,nan,nan,nan,nan,nan,nan,-1.760000000000001494e-02,nan,nan,nan,nan,nan,nan,nan,nan,-7.200000000000002232e-02,nan,nan,nan,-5.120000000000000245e-02,nan,nan,nan,nan,nan,nan,nan,nan,nan
nan,nan,nan,-3.464566929133858914e-02,nan,nan,nan,nan,nan,nan,nan,nan,nan,nan,nan,nan,nan,-1.417322834645668925e-02,nan,nan,nan,nan,nan,nan,nan,-1.574803149606296372e-03,nan,-1.574803149606300925e-02,-1.259842519685041608e-02,nan,nan,nan,-3.779527559055118058e-02,nan,-3.149606299212604019e-03,nan,nan,nan,nan,nan,nan,nan,-6.299212598425185487e-03,nan,nan,nan,nan,nan,nan,nan,nan,-1.574803149606296372e-03,nan,nan,nan,-8.661417322834645549e-02,nan,nan,nan,nan,nan,nan,nan,nan,nan
nan,nan,nan,-1.210084033613445520e-01,nan,nan,nan,nan,nan,nan,nan,nan,nan,nan,nan,nan,nan,0.000000000000000000e+00,nan,nan,nan,nan,nan,nan,-6.722689075630261177e-03,2.689075630252101348e-02,nan,nan,5.042016806722693714e-03,nan,nan,nan,6.722689075630261177e-03,nan,-5.882352941176469813e-02,nan,nan,nan,nan,nan,nan,nan,0.000000000000000000e+00,nan,nan,nan,nan,nan,nan,nan,nan,8.403361344537807823e-03,nan,nan,nan,-1.092436974789915693e-01,nan,nan,nan,nan,nan,nan,nan,nan,nan
nan,nan,nan,-1.248000000000000220e-01,nan,nan,nan,nan,nan,nan,nan,nan,nan,nan,nan,nan,nan,1.600000000000001421e-02,nan,nan,nan,nan,nan,nan,-8.000000000000007105e-03,-1.759999999999999412e-02,nan,nan,-3.839999999999998970e-02,nan,nan,nan,-3.200000000000002755e-03,nan,-2.880000000000000268e-02,nan,nan,nan,nan,nan,-6.560000000000000553e-02,nan,nan,nan,nan,nan,nan,nan,nan,nan,nan,-4.159999999999998421e-02,nan,nan,nan,-1.312000000000000111e-01,nan,nan,nan,nan,nan,nan,nan,nan,nan
nan,nan,nan,nan,nan,nan,nan,nan,nan,nan,nan,nan,nan,nan,nan,nan,nan,1.391304347826087875e-02,nan,nan,nan,nan,nan,nan,-1.739130434782605247e-02,3.478260869565219689e-03,nan,-1.739130434782606288e-02,3.478260869565230531e-03,nan,nan,nan,2.220446049250313204e-17,nan,3.826086956521741744e-02,nan,nan,nan,nan,nan,nan,nan,1.043478260869565820e-02,nan,nan,nan,nan,nan,nan,nan,nan,1.739130434782631962e-03,nan,nan,nan,-2.608695652173911167e-02,nan,nan,nan,nan,nan,nan,nan,nan,nan
nan,nan,nan,-5.901639344262292475e-02,nan,nan,nan,nan,nan,nan,nan,nan,nan,nan,nan,nan,nan,-8.196721311475396385e-03,nan,nan,nan,nan,nan,nan,1.110223024625156602e-17,-3.934426229508194289e-02,nan,6.557377049180346078e-03,-4.754098360655737571e-02,nan,nan,nan,-8.032786885245900288e-02,nan,-3.934426229508195677e-02,nan,nan,nan,nan,nan,nan,nan,nan,nan,nan,nan,nan,nan,nan,nan,nan,-4.098360655737702529e-02,nan,nan,nan,-8.032786885245898900e-02,nan,nan,nan,nan,nan,nan,nan,nan,nan
nan,nan,nan,-2.222222222222221960e-02,nan,nan,nan,nan,nan,nan,nan,nan,nan,nan,nan,nan,nan,6.984126984126981519e-02,nan,nan,nan,nan,nan,nan,-7.936507936507941272e-03,6.666666666666665186e-02,nan,-1.269841269841271922e-02,-5.396825396825397775e-02,-2.539682539682541762e-02,nan,nan,-6.349206349206351629e-02,nan,-7.936507936507941272e-03,nan,nan,nan,nan,nan,nan,nan,nan,nan,nan,nan,nan,nan,nan,nan,nan,nan,nan,nan,nan,-5.555555555555555941e-02,nan,nan,nan,nan,nan,nan,nan,nan,nan
nan,nan,nan,-1.015625000000000000e-01,nan,nan,nan,nan,nan,nan,nan,nan,nan,nan,nan,nan,nan,3.281250000000000139e-02,nan,nan,nan,nan,nan,nan,-1.718750000000000139e-02,1.874999999999999931e-02,nan,nan,-1.250000000000000069e-02,nan,nan,nan,-4.531249999999999861e-02,nan,-4.843750000000000139e-02,nan,nan,nan,nan,nan,nan,nan,-1.250000000000000069e-02,nan,nan,nan,nan,nan,nan,nan,nan,-6.406249999999999445e-02,nan,nan,nan,-7.812500000000000000e-02,nan,nan,nan,nan,nan,nan,nan,nan,nan
nan,nan,nan,-1.282051282051282215e-01,nan,nan,nan,nan,nan,nan,nan,nan,nan,nan,nan,nan,nan,1.709401709401703329e-03,nan,nan,nan,nan,nan,nan,1.367521367521365959e-02,3.418803418803417933e-03,nan,nan,-7.179487179487180348e-02,nan,nan,nan,-7.521367521367522402e-02,nan,-4.102564102564104642e-02,nan,nan,nan,nan,nan,-6.324786324786327296e-02,nan,nan,nan,nan,nan,nan,nan,nan,nan,nan,8.547008547008527052e-03,nan,nan,nan,-1.128205128205128221e-01,nan,nan,nan,nan,nan,nan,nan,nan,nan
nan,nan,nan,-3.361344537815123823e-02,nan,nan,nan,nan,nan,nan,nan,nan,nan,nan,nan,nan,nan,-2.857142857142856013e-02,nan,nan,nan,nan,nan,nan,-6.050420168067226212e-02,-4.201680672268905126e-02,nan,-1.025210084033613411e-01,-1.848739495798318311e-02,nan,nan,nan,-1.344537815126050639e-01,nan,-9.075630252100840012e-02,nan,nan,nan,nan,nan,nan,nan,nan,nan,nan,nan,nan,nan,nan,nan,nan,-1.008403361344537841e-01,nan,nan,nan,-5.546218487394956320e-02,nan,nan,nan,nan,nan,nan,nan,nan,nan
nan,nan,nan,nan,nan,nan,nan,nan,nan,nan,nan,nan,nan,nan,nan,nan,nan,8.166666666666666519e-02,nan,nan,nan,nan,nan,nan,-2.166666666666665700e-02,6.166666666666666824e-02,nan,2.833333333333334231e-02,-1.833333333333332302e-02,nan,nan,nan,-4.000000000000000083e-02,nan,-1.666666666666649643e-03,nan,nan,nan,nan,nan,3.000000000000000583e-02,nan,-3.333333333333321404e-03,nan,nan,nan,nan,nan,nan,nan,nan,nan,nan,nan,nan,-4.000000000000000083e-02,nan,nan,nan,nan,nan,nan,nan,nan,nan
nan,nan,nan,-1.272727272727272874e-01,nan,nan,nan,nan,nan,nan,nan,nan,nan,nan,nan,nan,nan,3.305785123966940159e-02,nan,nan,nan,nan,nan,nan,8.264462809917350397e-03,2.809917355371900280e-02,nan,-6.280991735537191922e-02,-4.958677685950414749e-02,nan,nan,nan,-1.024793388429752206e-01,nan,-7.603305785123967708e-02,nan,nan,nan,nan,nan,nan,nan,nan,nan,nan,nan,nan,nan,nan,nan,nan,-1.388429752066115963e-01,nan,nan,nan,-1.173553719008264551e-01,nan,nan,nan,nan,nan,nan,nan,nan,nan
nan,nan,nan,-6.885245901639340527e-02,nan,nan,nan,nan,nan,nan,nan,nan,nan,nan,1.639344262295083701e-03,nan,nan,6.229508196721313812e-02,nan,nan,nan,nan,nan,nan,-1.311475409836064879e-02,2.220446049250313204e-17,nan,nan,-2.131147540983608854e-02,nan,nan,nan,1.311475409836066960e-02,nan,-3.278688524590156559e-03,nan,nan,nan,nan,nan,nan,nan,-4.262295081967211463e-02,nan,nan,nan,nan,nan,nan,nan,nan,nan,nan,nan,nan,-7.540983606557374874e-02,nan,nan,nan,nan,nan,nan,nan,nan,nan
nan,nan,nan,-8.387096774193547599e-02,nan,nan,nan,nan,nan,nan,nan,nan,nan,nan,nan,nan,nan,1.110223024625156602e-17,nan,nan,nan,nan,nan,nan,-6.451612903225795170e-03,-1.096774193548386983e-01,nan,-1.096774193548386983e-01,-8.387096774193546211e-02,nan,nan,nan,-1.096774193548386983e-01,nan,-8.870967741935482931e-02,nan,nan,nan,nan,nan,nan,nan,0.000000000000000000e+00,nan,nan,nan,nan,nan,nan,nan,nan,nan,nan,nan,nan,-9.516129032258062448e-02,nan,nan,nan,nan,nan,nan,nan,nan,nan
nan,nan,nan,1.754385964912264038e-03,nan,nan,nan,nan,nan,nan,nan,nan,nan,nan,nan,nan,nan,1.754385964912280327e-01,nan,nan,nan,nan,nan,nan,2.280701754385960900e-02,1.543859649122806821e-01,nan,nan,-2.456140350877196107e-02,nan,nan,nan,7.894736842105262720e-02,nan,5.263157894736840425e-02,nan,nan,nan,nan,nan,nan,nan,-1.403508771929826669e-02,nan,nan,nan,nan,nan,nan,nan,nan,6.140350877192977952e-02,nan,nan,nan,-1.052631578947371693e-02,nan,nan,nan,nan,nan,nan,nan,nan,nan
nan,nan,nan,-5.641025641025641107e-02,nan,nan,nan,nan,nan,nan,nan,nan,nan,nan,nan,nan,nan,-4.444444444444443226e-02,nan,nan,nan,nan,nan,nan,1.367521367521369255e-02,-1.025641025641024252e-02,nan,-7.692307692307689959e-02,-1.709401709401692270e-03,nan,nan,nan,-4.444444444444443920e-02,nan,-3.418803418803416372e-02,nan,nan,nan,nan,nan,nan,nan,nan,nan,nan,nan,nan,nan,nan,nan,nan,-1.880341880341879213e-02,nan,nan,nan,-9.059829059829058173e-02,nan,nan,nan,nan,nan,nan,nan,nan,nan
nan,nan,nan,3.539823008849551835e-03,nan,nan,nan,nan,nan,nan,nan,nan,nan,nan,nan,nan,nan,8.141592920353984963e-02,nan,nan,nan,nan,nan,nan,-4.247787610619466886e-02,1.061946902654868977e-02,nan,nan,-8.672566371681411646e-02,nan,nan,nan,3.185840707964603113e-02,nan,3.008849557522125240e-02,nan,nan,nan,nan,nan,nan,nan,-1.769911504424781555e-03,nan,nan,nan,nan,nan,nan,nan,nan,-3.539823008849529717e-03,nan,nan,nan,-5.486725663716811308e-02,nan,nan,nan,nan,nan,nan,nan,nan,nan
nan,nan,nan,1.110223024625156602e-17,nan,nan,nan,nan,nan,nan,nan,nan,nan,nan,nan,nan,nan,1.587301587301592721e-03,nan,nan,nan,nan,nan,nan,1.111111111111112715e-02,-9.523809523809512526e-03,nan,-5.079365079365077973e-02,-7.936507936507918720e-03,nan,nan,nan,-1.269841269841268626e-02,nan,-7.936507936507918720e-03,nan,nan,nan,nan,nan,nan,nan,nan,nan,nan,nan,nan,nan,nan,nan,nan,-9.523809523809500382e-03,nan,nan,nan,-4.761904761904733711e-03,nan,nan,nan,nan,nan,nan,nan,nan,nan
nan,nan,nan,3.362831858407076130e-02,nan,nan,nan,nan,nan,nan,nan,nan,nan,nan,nan,nan,nan,1.044247787610619038e-01,nan,nan,nan,nan,nan,nan,1.415929203539818479e-02,9.734513274336278887e-02,nan,nan,-2.220446049250313204e-17,nan,nan,nan,-2.831858407079650489e-02,nan,6.725663716814156423e-02,nan,nan,nan,nan,nan,nan,nan,5.309734513274322332e-03,nan,nan,nan,nan,nan,nan,nan,nan,3.185840707964595481e-02,nan,nan,nan,-1.769911504424803673e-03,nan,nan,nan,nan,nan,nan,nan,nan,nan
nan,nan,nan,nan,nan,nan,nan,nan,nan,nan,nan,nan,nan,nan,nan,nan,nan,2.105263157894734366e-02,nan,nan,nan,nan,nan,nan,-3.508771929824572311e-03,3.508771929824550193e-03,nan,nan,8.771929824561385675e-03,3.508771929824550193e-03,nan,nan,0.000000000000000000e+00,nan,-1.110223024625156602e-17,nan,nan,nan,nan,nan,-1.052631578947369438e-02,nan,nan,nan,nan,nan,nan,nan,nan,nan,nan,-3.508771929824565372e-02,nan,nan,nan,-1.175438596491228116e-01,nan,nan,nan,nan,nan,nan,nan,nan,nan
nan,nan,nan,-5.600000000000001504e-02,nan,nan,nan,nan,nan,nan,nan,nan,nan,nan,nan,nan,nan,8.959999999999998521e-02,nan,nan,nan,nan,nan,nan,-2.560000000000002204e-02,2.879999999999998186e-02,nan,nan,-8.160000000000003362e-02,nan,nan,nan,3.199999999999998679e-02,nan,-1.760000000000001494e-02,nan,nan,nan,nan,nan,nan,nan,1.600000000000001378e-03,nan,nan,nan,nan,nan,nan,nan,nan,6.239999999999999020e-02,nan,nan,nan,-3.200000000000002755e-03,nan,nan,nan,nan,nan,nan,nan,nan,nan
nan,nan,nan,nan,nan,nan,nan,nan,nan,nan,nan,nan,nan,nan,-1.709401709401703329e-03,nan,nan,1.709401709401709921e-02,nan,nan,nan,nan,nan,nan,-9.743589743589743668e-02,-2.564102564102562626e-02,nan,-1.076923076923076844e-01,-4.615384615384615641e-02,nan,nan,nan,-1.145299145299145255e-01,nan,-4.273504273504272893e-02,nan,nan,nan,nan,nan,nan,nan,2.220446049250313204e-17,nan,nan,nan,nan,nan,nan,nan,nan,nan,nan,nan,nan,-8.205128205128205121e-02,nan,nan,nan,nan,nan,nan,nan,nan,nan
nan,nan,nan,-5.454545454545454974e-02,nan,nan,nan,nan,nan,nan,nan,nan,nan,nan,nan,nan,nan,3.636363636363635493e-02,nan,nan,nan,nan,nan,nan,3.801652892561983160e-02,8.264462809917350397e-03,nan,nan,3.305785123966940853e-02,nan,nan,nan,-1.487603305785124494e-02,nan,1.983471074380165414e-02,nan,nan,nan,nan,nan,-2.975206611570250376e-02,nan,nan,nan,nan,nan,nan,nan,nan,nan,nan,-6.611570247933906685e-03,nan,nan,nan,-1.110223024625156602e-17,nan,nan,nan,nan,nan,nan,nan,nan,nan
nan,nan,nan,-2.456140350877194026e-02,nan,nan,nan,nan,nan,nan,nan,nan,nan,nan,nan,nan,nan,3.859649122807016358e-02,nan,nan,nan,nan,nan,nan,1.578947368421050948e-02,1.578947368421051989e-02,nan,-2.456140350877195067e-02,1.754385964912279564e-02,nan,nan,nan,-4.561403508771930820e-02,nan,8.771929824561385675e-03,nan,nan,nan,nan,nan,nan,nan,nan,nan,nan,nan,nan,nan,nan,nan,nan,-2.105263157894737835e-02,nan,nan,nan,-2.105263157894737835e-02,nan,nan,nan,nan,nan,nan,nan,nan,nan
nan,nan,nan,-9.739130434782607149e-02,nan,nan,nan,nan,nan,nan,nan,nan,nan,nan,nan,nan,nan,-3.478260869565219689e-03,nan,nan,nan,nan,nan,nan,-7.478260869565217517e-02,-8.173913043478260587e-02,nan,-7.130434782608693900e-02,-1.565217391304347602e-02,nan,nan,nan,-1.026086956521738980e-01,nan,-1.026086956521738980e-01,nan,nan,nan,nan,nan,nan,nan,nan,nan,nan,nan,nan,nan,nan,nan,nan,-3.999999999999998002e-02,nan,nan,nan,-1.913043478260868444e-02,nan,nan,nan,nan,nan,nan,nan,nan,nan
nan,nan,nan,-1.620689655172413424e-01,nan,nan,nan,nan,nan,nan,nan,nan,nan,nan,0.000000000000000000e+00,nan,nan,2.068965517241378935e-02,nan,nan,nan,nan,nan,nan,nan,-4.137931034482757869e-02,nan,-8.965517241379310220e-02,0.000000000000000000e+00,nan,nan,nan,-1.293103448275861600e-01,nan,-6.551724137931033698e-02,nan,nan,nan,nan,nan,nan,nan,-1.896551724137930314e-02,nan,nan,nan,nan,nan,nan,nan,nan,nan,nan,nan,nan,-1.034482758620689780e-01,nan,nan,nan,nan,nan,nan,nan,nan,nan
nan,nan,nan,-3.418803418803428775e-03,nan,nan,nan,nan,nan,nan,nan,nan,nan,nan,nan,nan,nan,1.709401709401703329e-03,nan,nan,nan,nan,nan,nan,-1.709401709401709921e-02,-1.025641025641027548e-02,nan,1.709401709401703329e-03,-6.837606837606846275e-03,nan,nan,nan,-1.880341880341880254e-02,nan,-1.196581196581197881e-02,nan,nan,nan,nan,nan,nan,nan,nan,nan,nan,nan,nan,nan,nan,nan,nan,-8.547008547008549603e-03,nan,nan,nan,-8.547008547008561746e-03,nan,nan,nan,nan,nan,nan,nan,nan,nan
nan,nan,nan,3.361344537815091991e-03,nan,nan,nan,nan,nan,nan,nan,nan,nan,nan,nan,nan,nan,1.983193277310923985e-01,nan,nan,nan,nan,nan,nan,6.218487394957979142e-02,6.722689075630205666e-03,nan,nan,3.193277310924367424e-02,nan,nan,nan,1.008403361344536488e-02,nan,6.386554621848737623e-02,nan,nan,nan,nan,nan,1.344537815126045643e-02,nan,nan,nan,nan,nan,nan,nan,nan,nan,nan,4.705882352941172936e-02,nan,nan,nan,1.848739495798319352e-02,nan,nan,nan,nan,nan,nan,nan,nan,nan
nan,nan,nan,-2.880000000000001309e-02,nan,nan,nan,nan,nan,nan,nan,nan,nan,nan,nan,nan,nan,-3.360000000000000486e-02,nan,nan,nan,nan,nan,nan,1.599999999999979260e-03,-3.200000000000002755e-03,nan,nan,-4.800000000000015192e-03,nan,nan,nan,-4.800000000000003916e-03,nan,-3.040000000000001729e-02,nan,nan,nan,nan,nan,-2.080000000000001986e-02,nan,nan,nan,nan,nan,nan,nan,nan,nan,nan,-8.000000000000007105e-03,nan,nan,nan,-2.220446049250313204e-17,nan,nan,nan,nan,nan,nan,nan,nan,nan
nan,nan,nan,1.612903225806427976e-03,nan,nan,nan,nan,nan,nan,nan,nan,nan,nan,nan,nan,nan,-1.451612903225810679e-02,nan,nan,nan,nan,nan,nan,nan,-1.612903225806472428e-03,nan,-2.096774193548390716e-02,-3.225806451612922739e-03,nan,nan,nan,-1.290322580645165626e-02,nan,-4.838709677419394950e-03,nan,nan,nan,nan,nan,nan,nan,-1.110223024625156602e-17,nan,nan,nan,nan,nan,nan,nan,nan,1.129032258064513981e-02,nan,nan,nan,-2.741935483870970927e-02,nan,nan,nan,nan,nan,nan,nan,nan,nan
nan,nan,nan,-8.064516129032256453e-02,nan,nan,nan,nan,nan,nan,nan,nan,nan,nan,nan,nan,nan,9.677419354838734389e-03,nan,nan,nan,nan,nan,nan,-1.612903225806450094e-03,-4.838709677419352623e-02,nan,-3.548387096774190119e-02,1.612903225806461369e-03,nan,nan,nan,-4.032258064516125451e-02,nan,1.612903225806453650e-02,nan,nan,nan,nan,nan,nan,nan,nan,nan,nan,nan,nan,nan,nan,nan,nan,-2.741935483870966417e-02,nan,nan,nan,1.612903225806472428e-03,nan,nan,nan,nan,nan,nan,nan,nan,nan
nan,nan,nan,-1.327731092436974514e-01,nan,nan,nan,nan,nan,nan,nan,nan,nan,nan,nan,nan,nan,-6.722689075630228217e-03,nan,nan,nan,nan,nan,nan,-4.537815126050417230e-02,-1.512605042016805859e-02,nan,-7.394957983193273243e-02,-9.075630252100837236e-02,nan,nan,nan,-8.739495798319325826e-02,nan,-8.403361344537813027e-02,nan,nan,nan,nan,nan,nan,nan,nan,nan,nan,nan,nan,nan,nan,nan,nan,1.110223024625156602e-17,nan,nan,nan,-9.411764705882350035e-02,nan,nan,nan,nan,nan,nan,nan,nan,nan
nan,nan,nan,-6.833333333333332926e-02,nan,nan,nan,nan,nan,nan,nan,nan,nan,nan,nan,nan,nan,-1.666666666666671761e-03,nan,nan,nan,nan,nan,nan,-1.110223024625156602e-17,8.333333333333336687e-03,nan,4.999999999999993165e-03,-3.166666666666666241e-02,nan,nan,nan,-6.833333333333332926e-02,nan,1.000000000000000888e-02,nan,nan,nan,nan,nan,nan,nan,nan,nan,nan,nan,nan,nan,nan,nan,nan,3.333333333333321404e-03,nan,nan,nan,-5.833333333333333426e-02,nan,nan,nan,nan,nan,nan,nan,nan,nan
nan,nan,nan,-2.758620689655172376e-02,nan,nan,nan,nan,nan,nan,nan,nan,nan,nan,nan,nan,nan,1.724137931034482735e-02,nan,nan,nan,nan,nan,nan,-8.620689655172408469e-03,-1.110223024625156602e-17,nan,-2.068965517241377894e-02,1.724137931034484122e-02,nan,nan,nan,-7.241379310344826792e-02,nan,-4.310344827586205796e-02,nan,nan,nan,nan,nan,nan,nan,nan,nan,nan,nan,nan,nan,nan,nan,nan,1.206896551724137047e-02,nan,nan,nan,-5.172413793103447337e-03,nan,nan,nan,nan,nan,nan,nan,nan,nan
nan,nan,nan,-3.333333333333334675e-02,nan,nan,nan,nan,nan,nan,nan,nan,nan,nan,nan,nan,nan,-9.523809523809535077e-03,nan,nan,nan,nan,nan,nan,-1.746031746031748849e-02,-1.587301587301603780e-03,nan,nan,1.587301587301570603e-03,nan,nan,nan,1.587301587301581662e-03,nan,-8.888888888888890616e-02,nan,nan,nan,nan,nan,-6.666666666666667962e-02,nan,nan,nan,nan,nan,nan,nan,nan,nan,nan,7.936507936507930863e-03,nan,nan,nan,-1.365079365079365503e-01,nan,nan,nan,nan,nan,nan,nan,nan,nan
nan,nan,nan,-3.965517241379303698e-02,nan,nan,nan,nan,nan,nan,nan,nan,nan,nan,nan,nan,nan,5.000000000000004441e-02,nan,nan,nan,nan,nan,nan,1.034482758620691722e-02,2.758620689655175845e-02,nan,nan,-4.655172413793098180e-02,2.068965517241382404e-02,nan,nan,-1.896551724137927192e-02,nan,2.758620689655175845e-02,nan,nan,nan,nan,nan,nan,nan,nan,nan,nan,nan,nan,nan,nan,nan,nan,-5.172413793103425653e-03,nan,nan,nan,-3.275862068965509216e-02,nan,nan,nan,nan,nan,nan,nan,nan,nan
nan,nan,nan,0.000000000000000000e+00,nan,nan,nan,nan,nan,nan,nan,nan,nan,nan,nan,nan,nan,7.304347826086955708e-02,nan,nan,nan,nan,nan,nan,-1.391304347826087875e-02,-6.956521739130439377e-03,nan,-6.956521739130428102e-03,0.000000000000000000e+00,nan,nan,nan,-4.869565217391304268e-02,nan,8.695652173913048788e-03,nan,nan,nan,nan,nan,nan,nan,nan,nan,nan,nan,nan,nan,nan,nan,nan,-5.217391304347829099e-03,nan,nan,nan,-8.695652173913048788e-03,nan,nan,nan,nan,nan,nan,nan,nan,nan
nan,nan,nan,-8.780487804878051028e-02,nan,nan,nan,nan,nan,nan,nan,nan,nan,nan,nan,nan,nan,5.853658536585363420e-02,nan,nan,nan,nan,nan,nan,4.878048780487786659e-03,3.577235772357720972e-02,nan,nan,-1.073170731707317610e-01,nan,nan,nan,0.000000000000000000e+00,nan,-7.317073170731709653e-02,nan,nan,nan,nan,nan,nan,nan,-1.110223024625156602e-17,nan,nan,nan,nan,nan,nan,nan,nan,-8.130081300813009337e-02,nan,nan,nan,-1.626016260162602839e-02,nan,nan,nan,nan,nan,nan,nan,nan,nan
nan,nan,nan,-2.809917355371902709e-02,nan,nan,nan,nan,nan,nan,nan,nan,nan,nan,nan,nan,nan,-2.809917355371903749e-02,nan,nan,nan,nan,nan,nan,-6.115702479338844949e-02,-1.652892561983487730e-03,nan,nan,-2.809917355371902709e-02,nan,nan,nan,1.652892561983454554e-03,nan,-3.636363636363637575e-02,nan,nan,nan,nan,nan,nan,nan,-1.652892561983476671e-03,nan,nan,nan,nan,nan,nan,nan,nan,-1.652892561983487730e-03,nan,nan,nan,-7.438016528925621429e-02,nan,nan,nan,nan,nan,nan,nan,nan,nan
nan,nan,nan,-1.333333333333333870e-01,nan,nan,nan,nan,nan,nan,nan,nan,nan,nan,nan,nan,nan,9.756097560975585462e-03,nan,nan,nan,nan,nan,nan,-6.666666666666667962e-02,8.130081300812986439e-03,nan,nan,-1.138211382113822959e-02,nan,nan,nan,-9.756097560975640973e-03,nan,-1.121951219512195286e-01,nan,nan,nan,nan,nan,nan,nan,0.000000000000000000e+00,nan,nan,nan,nan,nan,nan,nan,nan,-8.130081300813029807e-03,nan,nan,nan,-1.495934959349593529e-01,nan,nan,nan,nan,nan,nan,nan,nan,nan
nan,nan,nan,-5.950413223140495200e-02,nan,nan,nan,nan,nan,nan,nan,nan,nan,nan,nan,nan,nan,4.793388429752069163e-02,nan,nan,nan,nan,nan,nan,4.132231404958678495e-02,-4.958677685950411973e-02,nan,3.140495867768598043e-02,-5.289256198347106613e-02,nan,nan,nan,-5.454545454545452893e-02,nan,-2.644628099173552613e-02,nan,nan,nan,nan,nan,nan,nan,nan,nan,nan,nan,nan,nan,nan,nan,nan,1.818181818181819828e-02,nan,nan,nan,-3.966942148760329440e-02,nan,nan,nan,nan,nan,nan,nan,nan,nan
nan,nan,nan,-8.062015503875970268e-02,nan,nan,nan,nan,nan,nan,nan,nan,nan,nan,nan,nan,nan,2.945736434108523621e-02,nan,nan,nan,nan,nan,nan,-1.860465116279073211e-02,2.325581395348835789e-02,nan,nan,-7.751937984496149077e-03,nan,nan,nan,-1.550387596899226519e-02,nan,4.806201550387595445e-02,nan,nan,nan,nan,nan,nan,nan,-1.550387596899227604e-03,nan,nan,nan,nan,nan,nan,nan,nan,-9.302325581395366055e-03,nan,nan,nan,-1.550387596899226519e-02,nan,nan,nan,nan,nan,nan,nan,nan,nan
nan,nan,nan,-3.839999999999997582e-02,nan,nan,nan,nan,nan,nan,nan,nan,nan,nan,nan,nan,nan,-1.599999999999979260e-03,nan,nan,nan,nan,nan,nan,-4.799999999999982232e-03,-3.200000000000002755e-03,nan,-5.599999999999998035e-02,-1.600000000000001378e-03,nan,nan,nan,-2.079999999999997476e-02,nan,-5.919999999999998874e-02,nan,nan,nan,nan,nan,nan,nan,nan,nan,nan,nan,nan,nan,nan,nan,nan,0.000000000000000000e+00,nan,nan,nan,-2.399999999999996581e-02,nan,nan,nan,nan,nan,nan,nan,nan,nan
nan,nan,nan,-1.264000000000000123e-01,nan,nan,nan,nan,nan,nan,nan,nan,nan,nan,nan,nan,nan,-1.120000000000002070e-02,nan,nan,nan,nan,nan,nan,-3.200000000000024873e-03,-4.800000000000026468e-03,nan,nan,4.799999999999970957e-03,nan,nan,nan,-1.600000000000012437e-03,nan,1.599999999999979260e-03,nan,nan,nan,nan,nan,-8.800000000000002265e-02,nan,nan,nan,nan,nan,nan,nan,nan,nan,nan,-3.200000000000014031e-03,nan,nan,nan,-1.248000000000000637e-01,nan,nan,nan,nan,nan,nan,nan,nan,nan
nan,nan,nan,-1.094017094017094155e-01,nan,nan,nan,nan,nan,nan,nan,nan,nan,nan,nan,nan,nan,3.418803418803428775e-03,nan,nan,nan,nan,nan,nan,-2.051282051282051627e-02,-2.393162393162393681e-02,nan,nan,-5.982905982905983855e-02,nan,nan,nan,0.000000000000000000e+00,nan,0.000000000000000000e+00,nan,nan,nan,nan,nan,-9.572649572649571947e-02,nan,nan,nan,nan,nan,nan,nan,nan,nan,nan,-1.880341880341879213e-02,nan,nan,nan,-1.145299145299145255e-01,nan,nan,nan,nan,nan,nan,nan,nan,nan
nan,nan,nan,9.677419354838711837e-03,nan,nan,nan,nan,nan,nan,nan,nan,nan,nan,nan,nan,nan,2.419354838709677352e-02,nan,nan,nan,nan,nan,nan,-1.451612903225805128e-02,1.935483870967742367e-02,nan,1.612903225806451221e-02,-8.064516129032250902e-03,nan,nan,nan,-2.741935483870966417e-02,nan,-1.612903225806451221e-02,nan,nan,nan,nan,nan,nan,nan,nan,nan,nan,nan,nan,nan,nan,nan,nan,-4.838709677419350715e-03,nan,nan,nan,1.290322580645161289e-02,nan,nan,nan,nan,nan,nan,nan,nan,nan
nan,nan,nan,9.756097560975618421e-03,nan,nan,nan,nan,nan,nan,nan,nan,nan,nan,nan,nan,nan,1.138211382113821744e-02,nan,nan,nan,nan,nan,nan,0.000000000000000000e+00,1.300813008130081647e-02,nan,-4.065040650406502587e-02,-1.626016260162599456e-03,nan,nan,nan,-1.788617886178860486e-02,nan,1.788617886178863609e-02,nan,nan,nan,nan,nan,nan,nan,nan,nan,nan,nan,nan,nan,nan,nan,nan,1.788617886178863609e-02,nan,nan,nan,-1.300813008130080606e-02,nan,nan,nan,nan,nan,nan,nan,nan,nan
nan,nan,nan,-1.220338983050847786e-01,nan,nan,nan,nan,nan,nan,nan,nan,nan,nan,nan,nan,nan,-3.389830508474576259e-02,nan,nan,nan,nan,nan,nan,-4.237288135593220151e-02,-5.254237288135593653e-02,nan,nan,-5.084745762711864042e-02,nan,nan,nan,-1.135593220338983189e-01,nan,-1.186440677966101899e-02,nan,nan,nan,nan,nan,nan,nan,-1.355932203389830296e-02,nan,nan,nan,nan,nan,nan,nan,nan,-1.000000000000000056e-01,nan,nan,nan,-1.542372881355932313e-01,nan,nan,nan,nan,nan,nan,nan,nan,nan
nan,nan,nan,-1.855855855855856051e-01,nan,nan,nan,nan,nan,nan,nan,nan,nan,nan,nan,nan,nan,-2.882882882882883274e-02,nan,nan,nan,nan,nan,nan,-2.882882882882883274e-02,-2.162162162162163323e-02,nan,nan,-1.261261261261261736e-02,nan,nan,nan,3.603603603603611032e-03,nan,-5.765765765765764467e-02,nan,nan,nan,nan,nan,nan,nan,-1.801801801801794457e-03,nan,nan,nan,nan,nan,nan,nan,nan,-1.459459459459459540e-01,nan,nan,nan,-1.657657657657657657e-01,nan,nan,nan,nan,nan,nan,nan,nan,nan
nan,nan,nan,-2.051282051282050586e-02,nan,nan,nan,nan,nan,nan,nan,nan,nan,nan,nan,nan,nan,2.564102564102565054e-02,nan,nan,nan,nan,nan,nan,-8.547008547008527052e-03,1.880341880341881294e-02,nan,-3.418803418803395382e-03,1.196581196581197881e-02,nan,nan,nan,-1.538461538461537506e-02,nan,3.418803418803428775e-03,nan,nan,nan,nan,nan,nan,nan,nan,nan,nan,nan,nan,nan,nan,nan,nan,2.905982905982906761e-02,nan,nan,nan,8.547008547008561746e-03,nan,nan,nan,nan,nan,nan,nan,nan,nan
nan,nan,nan,-1.180327868852459466e-01,nan,nan,nan,nan,nan,nan,nan,nan,nan,nan,nan,nan,nan,6.229508196721309649e-02,nan,nan,nan,nan,nan,nan,0.000000000000000000e+00,3.606557377049177809e-02,nan,nan,-5.081967213114759602e-02,nan,nan,nan,2.622950819672128370e-02,nan,-6.557377049180346078e-03,nan,nan,nan,nan,nan,nan,nan,3.278688524590134441e-03,nan,nan,nan,nan,nan,nan,nan,nan,4.262295081967210075e-02,nan,nan,nan,-6.557377049180329598e-02,nan,nan,nan,nan,nan,nan,nan,nan,nan
nan,nan,nan,nan,nan,nan,nan,nan,nan,nan,nan,nan,nan,nan,nan,nan,nan,-6.611570247933895410e-03,nan,nan,nan,nan,nan,nan,-8.099173553719009322e-02,-2.314049586776861789e-02,nan,0.000000000000000000e+00,-1.404958677685950730e-01,-1.652892561983473202e-02,nan,nan,-1.057851239669421739e-01,nan,-4.628099173553721496e-02,nan,nan,nan,nan,nan,8.264462809917338254e-03,nan,nan,nan,nan,nan,nan,nan,nan,nan,nan,nan,nan,nan,nan,-1.272727272727272874e-01,nan,nan,nan,nan,nan,nan,nan,nan,nan
nan,nan,nan,0.000000000000000000e+00,nan,nan,nan,nan,nan,nan,nan,nan,nan,nan,nan,nan,nan,1.118644067796609881e-01,nan,nan,nan,nan,nan,nan,-8.474576271186440649e-03,4.406779661016946292e-02,nan,nan,3.389830508474567065e-03,nan,nan,nan,1.355932203389826826e-02,nan,2.542372881355932021e-02,nan,nan,nan,nan,nan,nan,nan,-1.694915254237283533e-03,nan,nan,nan,nan,nan,nan,nan,nan,0.000000000000000000e+00,nan,nan,nan,-1.525423728813559733e-02,nan,nan,nan,nan,nan,nan,nan,nan,nan
nan,nan,nan,nan,nan,nan,nan,nan,nan,nan,nan,nan,nan,nan,-6.666666666666654084e-03,nan,nan,8.666666666666668351e-02,nan,nan,nan,nan,nan,nan,-3.333333333333331205e-02,3.166666666666669017e-02,nan,6.500000000000002998e-02,-3.333333333333321404e-03,nan,nan,nan,-3.166666666666664159e-02,nan,-3.333333333333310562e-03,nan,nan,nan,nan,nan,nan,nan,-9.999999999999986330e-03,nan,nan,nan,nan,nan,nan,nan,nan,nan,nan,nan,nan,-2.333333333333331705e-02,nan,nan,nan,nan,nan,nan,nan,nan,nan
nan,nan,nan,-6.260869565217390409e-02,nan,nan,nan,nan,nan,nan,nan,nan,nan,nan,nan,nan,nan,2.434782608695653522e-02,nan,nan,nan,nan,nan,nan,1.043478260869565820e-02,1.391304347826087875e-02,nan,0.000000000000000000e+00,6.956521739130439377e-03,nan,nan,nan,-6.782608695652174446e-02,nan,-1.565217391304348643e-02,nan,nan,nan,nan,nan,nan,nan,nan,nan,nan,nan,nan,nan,nan,nan,nan,5.217391304347829099e-03,nan,nan,nan,-3.478260869565218127e-02,nan,nan,nan,nan,nan,nan,nan,nan,nan
nan,nan,nan,-1.769911504424792614e-03,nan,nan,nan,nan,nan,nan,nan,nan,nan,nan,nan,nan,nan,2.831858407079642509e-02,nan,nan,nan,nan,nan,nan,0.000000000000000000e+00,2.477876106194689537e-02,nan,5.309734513274311056e-03,-1.769911504424780471e-02,nan,nan,nan,-1.061946902654867519e-01,nan,3.539823008849529717e-03,nan,nan,nan,nan,nan,nan,nan,nan,nan,nan,nan,nan,nan,nan,nan,nan,0.000000000000000000e+00,nan,nan,nan,-1.769911504424780471e-02,nan,nan,nan,nan,nan,nan,nan,nan,nan
nan,nan,nan,-1.724137931034481694e-02,nan,nan,nan,nan,nan,nan,nan,nan,nan,nan,1.551724137931034288e-02,nan,nan,1.068965517241378949e-01,nan,nan,nan,nan,nan,nan,nan,5.344827586206896131e-02,nan,nan,-2.758620689655175845e-02,nan,nan,nan,1.551724137931034288e-02,nan,1.724137931034482735e-02,nan,nan,nan,nan,nan,nan,nan,1.724137931034481694e-02,nan,nan,nan,nan,nan,nan,nan,nan,-3.448275862068972408e-03,nan,nan,nan,-1.206896551724139302e-02,nan,nan,nan,nan,nan,nan,nan,nan,nan
nan,nan,nan,-1.562500000000000087e-03,nan,nan,nan,nan,nan,nan,nan,nan,nan,nan,nan,nan,nan,1.562500000000000087e-03,nan,nan,nan,nan,nan,nan,1.250000000000000069e-02,0.000000000000000000e+00,nan,-4.687500000000000000e-02,-7.812500000000000000e-03,nan,nan,nan,-2.968749999999999861e-02,nan,1.093749999999999931e-02,nan,nan,nan,nan,nan,nan,nan,nan,nan,nan,nan,nan,nan,nan,nan,nan,1.093749999999999931e-02,nan,nan,nan,4.687499999999999827e-03,nan,nan,nan,nan,nan,nan,nan,nan,nan
nan,nan,nan,-1.849999999999999978e-01,nan,nan,nan,nan,nan,nan,nan,nan,nan,nan,nan,nan,nan,-3.166666666666666241e-02,nan,nan,nan,nan,nan,nan,-2.833333333333334231e-02,-5.666666666666666380e-02,nan,nan,-1.666666666666660702e-03,nan,nan,nan,-8.166666666666666519e-02,nan,-7.499999999999999722e-02,nan,nan,nan,nan,nan,nan,nan,0.000000000000000000e+00,nan,nan,nan,nan,nan,nan,nan,nan,-1.833333333333333343e-02,nan,nan,nan,-1.449999999999999623e-01,nan,nan,nan,nan,nan,nan,nan,nan,nan
nan,nan,nan,-4.479999999999997179e-02,nan,nan,nan,nan,nan,nan,nan,nan,nan,nan,nan,nan,nan,3.200000000000024873e-03,nan,nan,nan,nan,nan,nan,-2.079999999999997476e-02,3.200000000000014031e-03,nan,nan,-2.559999999999996653e-02,nan,nan,nan,2.220446049250313204e-17,nan,-6.719999999999998197e-02,nan,nan,nan,nan,nan,nan,nan,-3.199999999999969362e-03,nan,nan,nan,nan,nan,nan,nan,nan,-6.399999999999972551e-03,nan,nan,nan,-5.119999999999998164e-02,nan,nan,nan,nan,nan,nan,nan,nan,nan
nan,nan,nan,-1.228070175438591462e-02,nan,nan,nan,nan,nan,nan,nan,nan,nan,nan,nan,nan,nan,1.456140350877193623e-01,nan,nan,nan,nan,nan,nan,4.035087719298250525e-02,9.122807017543867192e-02,nan,nan,-1.228070175438593717e-02,2.982456140350881954e-02,nan,nan,7.192982456140357972e-02,nan,2.105263157894742346e-02,nan,nan,nan,nan,nan,nan,nan,nan,nan,nan,nan,nan,nan,nan,nan,nan,4.440892098500626408e-17,nan,nan,nan,-1.929824561403505750e-02,nan,nan,nan,nan,nan,nan,nan,nan,nan
nan,nan,nan,nan,nan,nan,nan,nan,nan,nan,nan,nan,nan,nan,-3.571428571428547465e-03,nan,nan,9.107142857142856707e-02,nan,nan,nan,nan,nan,nan,3.035714285714287072e-02,6.607142857142857262e-02,nan,4.464285714285715079e-02,2.220446049250313204e-17,nan,nan,nan,-2.678571428571425647e-02,nan,1.250000000000001110e-02,nan,nan,nan,nan,nan,nan,nan,1.785714285714301488e-03,nan,nan,nan,nan,nan,nan,nan,nan,nan,nan,nan,nan,-1.071428571428568663e-02,nan,nan,nan,nan,nan,nan,nan,nan,nan
nan,nan,nan,1.709401709401710961e-02,nan,nan,nan,nan,nan,nan,nan,nan,nan,nan,nan,nan,nan,3.760683760683762589e-02,nan,nan,nan,nan,nan,nan,4.102564102564106030e-02,2.564102564102567136e-02,nan,1.196581196581198922e-02,5.128205128205132537e-03,nan,nan,nan,-2.393162393162391252e-02,nan,-2.735042735042732959e-02,nan,nan,nan,nan,nan,nan,nan,nan,nan,nan,nan,nan,nan,nan,nan,nan,-2.735042735042731918e-02,nan,nan,nan,-4.786324786324783892e-02,nan,nan,nan,nan,nan,nan,nan,nan,nan
nan,nan,nan,-4.462809917355370359e-02,nan,nan,nan,nan,nan,nan,nan,nan,nan,nan,nan,nan,nan,1.652892561983472161e-02,nan,nan,nan,nan,nan,nan,nan,3.305785123966953343e-03,nan,-5.454545454545452893e-02,-3.305785123966919949e-03,nan,nan,nan,-7.107438016528924707e-02,nan,-7.272727272727270986e-02,nan,nan,nan,nan,nan,nan,nan,3.305785123966953343e-03,nan,nan,nan,nan,nan,nan,nan,nan,3.305785123966953343e-03,nan,nan,nan,-5.950413223140495200e-02,nan,nan,nan,nan,nan,nan,nan,nan,nan
nan,nan,nan,-3.252032520325221030e-03,nan,nan,nan,nan,nan,nan,nan,nan,nan,nan,nan,nan,nan,1.626016260162600410e-02,nan,nan,nan,nan,nan,nan,3.739837398373983129e-02,3.252032520325187637e-03,nan,nan,1.626016260162599456e-03,nan,nan,nan,-3.252032520325198912e-03,nan,-1.626016260162610515e-03,nan,nan,nan,nan,nan,-8.943089430894310410e-02,nan,nan,nan,nan,nan,nan,nan,nan,nan,nan,-6.504065040650419509e-03,nan,nan,nan,-1.105691056910569348e-01,nan,nan,nan,nan,nan,nan,nan,nan,nan
