nan,nan,nan,nan,nan,nan,nan,nan,nan,nan,nan,nan,nan,nan,-8.474576271186639925e-04,0.000000000000000000e+00,0.000000000000000000e+00,nan,nan,nan,nan,nan,nan,nan,nan,-5.932203389830493015e-03,2.796610169491524703e-02,nan,-5.423728813559321182e-02,nan,nan,nan,0.000000000000000000e+00,nan,nan,nan,nan,nan,nan,nan,nan,nan,nan,0.000000000000000000e+00,nan,0.000000000000000000e+00,nan,8.474576271186440649e-03,nan,nan,nan,nan,nan,nan,nan,2.542372881355903398e-03,nan,nan,nan,nan,nan,nan,nan,nan,nan
nan,nan,nan,nan,nan,nan,nan,nan,nan,nan,nan,nan,nan,nan,3.414634146341462284e-02,nan,0.000000000000000000e+00,1.626016260162599369e-02,nan,nan,nan,nan,nan,nan,nan,3.170731707317071824e-02,2.439024390243882488e-03,nan,-1.780487804878048697e-01,nan,nan,nan,4.065040650406470668e-03,nan,nan,nan,nan,nan,nan,nan,nan,nan,nan,0.000000000000000000e+00,nan,0.000000000000000000e+00,nan,1.951219512195123684e-02,nan,nan,nan,nan,nan,nan,nan,-1.902439024390244204e-01,nan,nan,nan,nan,nan,nan,nan,nan,nan
nan,nan,nan,nan,nan,nan,nan,nan,nan,nan,nan,nan,nan,nan,4.081632653061250879e-03,nan,0.000000000000000000e+00,nan,nan,nan,nan,nan,nan,nan,nan,2.448979591836764058e-03,1.632653061224509372e-03,nan,1.632653061224531490e-03,nan,nan,nan,4.897959183673483881e-03,nan,nan,nan,nan,nan,nan,nan,nan,nan,nan,0.000000000000000000e+00,nan,0.000000000000000000e+00,nan,nan,nan,nan,nan,nan,nan,nan,nan,7.020408163265311197e-02,nan,nan,nan,nan,nan,nan,nan,nan,nan
nan,nan,nan,nan,nan,nan,nan,nan,nan,nan,nan,nan,nan,nan,-9.448818897637756981e-03,nan,0.000000000000000000e+00,1.322834645669291598e-01,nan,nan,nan,nan,nan,nan,nan,1.370078740157480435e-01,4.881889763779530267e-02,nan,-7.637795275590548993e-02,nan,nan,nan,1.653543307086614567e-01,nan,1.314960629921259894e-01,nan,nan,nan,nan,nan,nan,nan,nan,0.000000000000000000e+00,nan,0.000000000000000000e+00,nan,nan,nan,nan,nan,nan,nan,nan,nan,-7.322834645669289155e-02,nan,nan,nan,nan,nan,nan,nan,nan,nan
nan,nan,nan,nan,nan,nan,nan,nan,nan,nan,nan,nan,nan,nan,5.959183673469383574e-02,nan,0.000000000000000000e+00,nan,nan,nan,nan,nan,nan,nan,nan,3.020408163265304521e-02,1.551020408163261699e-02,nan,nan,nan,nan,7.918367346938773310e-02,-3.265306122448996626e-03,nan,nan,nan,nan,nan,nan,nan,nan,nan,nan,0.000000000000000000e+00,nan,0.000000000000000000e+00,nan,1.028571428571428276e-01,nan,nan,nan,nan,nan,nan,nan,-8.979591836734701626e-02,nan,nan,nan,nan,nan,nan,nan,nan,nan
nan,nan,nan,nan,nan,nan,nan,nan,nan,nan,nan,nan,nan,nan,1.639344262295074767e-02,nan,0.000000000000000000e+00,nan,nan,nan,nan,nan,nan,nan,nan,-8.196721311475752437e-04,2.131147540983600180e-02,nan,6.229508196721308261e-02,nan,nan,nan,-8.196721311475530175e-04,nan,nan,nan,nan,nan,nan,nan,nan,nan,nan,0.000000000000000000e+00,nan,0.000000000000000000e+00,nan,nan,nan,nan,nan,nan,nan,nan,nan,-1.229508196721316136e-02,nan,nan,nan,nan,nan,nan,nan,nan,nan
nan,nan,nan,nan,nan,nan,nan,nan,nan,nan,nan,nan,nan,nan,3.100775193798444018e-02,nan,0.000000000000000000e+00,nan,nan,nan,nan,nan,nan,nan,nan,-4.031007751937989297e-02,nan,nan,nan,nan,nan,nan,-2.945736434108532295e-02,nan,-4.651162790697680599e-02,nan,nan,nan,nan,nan,nan,nan,nan,0.000000000000000000e+00,nan,0.000000000000000000e+00,nan,nan,nan,nan,nan,nan,nan,nan,nan,2.170542635658907413e-02,nan,nan,nan,nan,nan,nan,nan,nan,nan
nan,nan,nan,nan,nan,nan,nan,nan,nan,nan,nan,nan,nan,nan,-3.279999999999996113e-02,nan,0.000000000000000000e+00,nan,nan,nan,nan,nan,nan,nan,nan,1.680000000000003713e-02,-8.319999999999996843e-02,nan,nan,nan,nan,5.280000000000004828e-02,-2.399999999999979840e-03,nan,nan,nan,nan,nan,nan,nan,nan,nan,nan,0.000000000000000000e+00,nan,0.000000000000000000e+00,nan,7.200000000000006395e-02,nan,nan,nan,nan,nan,nan,nan,nan,nan,nan,nan,nan,nan,nan,nan,nan,nan
nan,nan,nan,nan,nan,nan,nan,nan,nan,nan,nan,nan,nan,nan,1.297709923664119858e-02,nan,0.000000000000000000e+00,nan,nan,nan,nan,nan,nan,nan,nan,8.396946564885498371e-03,2.137404580152669695e-02,nan,-4.885496183206106124e-02,nan,nan,nan,1.526717557251888648e-03,nan,nan,nan,nan,nan,nan,nan,nan,nan,nan,0.000000000000000000e+00,nan,0.000000000000000000e+00,nan,nan,nan,nan,nan,nan,nan,-1.526717557251908684e-02,nan,3.435114503816794063e-02,nan,nan,nan,nan,nan,nan,nan,nan,nan
nan,nan,nan,nan,nan,nan,nan,nan,nan,nan,nan,nan,nan,nan,-9.961685823754872979e-03,nan,0.000000000000000000e+00,6.896551724137878030e-03,nan,nan,nan,nan,nan,nan,nan,1.532567049808426438e-02,nan,nan,nan,3.831417624521016221e-03,nan,nan,5.363984674329480735e-03,nan,nan,nan,nan,nan,nan,nan,nan,nan,nan,0.000000000000000000e+00,nan,0.000000000000000000e+00,nan,nan,nan,nan,nan,nan,nan,nan,nan,-2.375478927203069496e-02,nan,nan,nan,nan,nan,nan,nan,nan,nan
nan,nan,nan,nan,nan,nan,nan,nan,nan,nan,nan,nan,nan,nan,-6.225680933852140511e-03,nan,0.000000000000000000e+00,nan,nan,nan,nan,nan,nan,nan,nan,9.338521400778199491e-03,nan,nan,-2.645914396887159153e-02,nan,nan,nan,0.000000000000000000e+00,nan,nan,nan,nan,nan,nan,nan,nan,nan,nan,0.000000000000000000e+00,nan,0.000000000000000000e+00,nan,2.879377431906615659e-02,nan,nan,nan,nan,nan,nan,nan,1.634241245136185475e-02,nan,nan,nan,nan,nan,nan,nan,nan,nan
nan,nan,nan,nan,nan,nan,nan,nan,nan,nan,nan,nan,nan,nan,-2.213438735177861855e-02,-3.557312252964421606e-02,0.000000000000000000e+00,nan,nan,nan,nan,nan,nan,nan,nan,-2.292490118577068456e-02,-3.162055335968361192e-03,nan,-9.881422924901181459e-02,nan,nan,nan,-2.055335968379441366e-02,nan,nan,nan,nan,nan,nan,nan,nan,nan,nan,0.000000000000000000e+00,nan,0.000000000000000000e+00,nan,nan,nan,nan,nan,nan,nan,-4.584980237154145932e-02,nan,-2.055335968379441366e-02,nan,nan,nan,nan,nan,nan,nan,nan,nan
nan,nan,nan,nan,nan,nan,nan,nan,nan,nan,nan,nan,nan,nan,-1.133603238866398577e-02,8.097165991902466114e-04,0.000000000000000000e+00,nan,nan,nan,nan,nan,nan,nan,nan,-4.858299595141768283e-03,-6.477732793522305958e-03,nan,-1.376518218623485820e-02,nan,nan,nan,1.619433198380559793e-03,nan,nan,nan,nan,nan,nan,nan,nan,nan,nan,0.000000000000000000e+00,nan,0.000000000000000000e+00,nan,nan,nan,nan,nan,nan,nan,nan,nan,-2.186234817813769229e-02,nan,nan,nan,nan,nan,nan,nan,nan,nan
nan,nan,nan,nan,nan,nan,nan,nan,nan,nan,nan,nan,nan,nan,nan,nan,0.000000000000000000e+00,9.160305343511487147e-03,nan,nan,nan,nan,nan,nan,nan,-2.290076335877855307e-03,3.587786259541990430e-02,nan,-2.496183206106869501e-01,nan,nan,nan,1.526717557251955435e-03,nan,nan,nan,nan,nan,nan,nan,nan,nan,nan,0.000000000000000000e+00,nan,0.000000000000000000e+00,nan,nan,nan,nan,nan,nan,nan,nan,nan,-2.870229007633587903e-01,nan,nan,nan,nan,nan,nan,nan,nan,nan
nan,nan,nan,nan,nan,nan,nan,nan,nan,nan,nan,nan,nan,nan,4.471544715447151042e-02,nan,0.000000000000000000e+00,nan,nan,nan,nan,nan,nan,nan,nan,6.504065040650375273e-03,9.756097560975595870e-03,nan,nan,nan,nan,nan,-8.130081300813163164e-04,nan,nan,nan,nan,nan,nan,nan,nan,nan,nan,0.000000000000000000e+00,nan,0.000000000000000000e+00,nan,nan,nan,nan,nan,nan,nan,nan,nan,1.626016260162594859e-02,nan,nan,nan,nan,nan,nan,nan,nan,nan
nan,nan,nan,nan,nan,nan,nan,nan,nan,nan,nan,nan,nan,nan,1.603375527426165181e-02,nan,0.000000000000000000e+00,nan,nan,nan,nan,nan,nan,nan,nan,-5.907172995780585190e-03,8.438818565400963301e-04,nan,-1.814345991561180926e-01,nan,nan,2.953586497890299187e-02,8.438818565401184479e-04,nan,nan,nan,nan,nan,nan,nan,nan,nan,nan,0.000000000000000000e+00,nan,0.000000000000000000e+00,nan,1.434599156118148214e-02,nan,nan,nan,nan,nan,nan,nan,-1.848101265822784389e-01,nan,nan,nan,nan,nan,nan,nan,nan,nan
nan,nan,nan,nan,nan,nan,nan,nan,nan,nan,nan,nan,nan,nan,nan,nan,0.000000000000000000e+00,nan,nan,nan,nan,nan,nan,nan,nan,-7.905138339920902979e-04,-8.695652173912993277e-03,nan,-8.695652173913037686e-02,nan,nan,1.976284584980243439e-02,3.952569169960562512e-03,nan,nan,nan,nan,nan,nan,nan,nan,nan,nan,0.000000000000000000e+00,nan,0.000000000000000000e+00,nan,3.952569169960518276e-03,nan,nan,nan,nan,nan,nan,nan,-5.533596837944661229e-02,nan,nan,nan,nan,nan,nan,nan,nan,nan
nan,nan,nan,nan,nan,nan,nan,nan,nan,nan,nan,nan,nan,nan,3.629032258064521926e-02,nan,0.000000000000000000e+00,nan,nan,nan,nan,nan,nan,nan,nan,-1.612903225806427976e-03,-4.193548387096770330e-02,nan,nan,nan,nan,4.677419354838711907e-02,-3.145161290322577574e-02,nan,-2.741935483870965376e-02,nan,nan,nan,nan,nan,nan,nan,nan,0.000000000000000000e+00,nan,0.000000000000000000e+00,nan,8.064516129032262004e-02,nan,nan,nan,nan,nan,nan,nan,-1.443548387096773855e-01,nan,nan,nan,nan,nan,nan,nan,nan,nan
nan,nan,nan,nan,nan,nan,nan,nan,nan,nan,nan,nan,nan,nan,4.440892098500626408e-17,nan,0.000000000000000000e+00,3.023255813953493881e-02,nan,nan,nan,nan,nan,nan,nan,3.023255813953491453e-02,-7.209302325581390392e-02,nan,nan,nan,nan,nan,2.325581395348841340e-02,nan,3.875968992248068901e-03,nan,nan,nan,nan,nan,nan,nan,nan,0.000000000000000000e+00,nan,0.000000000000000000e+00,nan,nan,nan,nan,nan,nan,nan,nan,nan,-9.767441860465111980e-02,nan,nan,nan,nan,nan,nan,nan,nan,nan
nan,nan,nan,nan,nan,nan,nan,nan,nan,nan,nan,nan,nan,nan,1.004184100418407076e-02,nan,0.000000000000000000e+00,nan,nan,nan,nan,nan,nan,nan,nan,3.347280334728019828e-03,-7.531380753138083861e-03,nan,-5.941422594142257985e-02,nan,nan,nan,4.184100418409997246e-03,nan,nan,nan,nan,nan,nan,nan,nan,nan,nan,0.000000000000000000e+00,nan,0.000000000000000000e+00,nan,nan,nan,nan,nan,nan,nan,-3.682008368200839765e-02,nan,1.338912133891210186e-02,nan,nan,nan,nan,nan,nan,nan,nan,nan
nan,nan,nan,nan,nan,nan,nan,nan,nan,nan,nan,nan,nan,nan,7.031250000000000173e-03,nan,0.000000000000000000e+00,nan,nan,nan,nan,nan,nan,nan,nan,3.906250000000000000e-03,2.187499999999999861e-02,nan,-7.968749999999999445e-02,nan,nan,nan,7.812500000000000434e-04,nan,nan,nan,nan,nan,nan,nan,nan,nan,nan,0.000000000000000000e+00,nan,0.000000000000000000e+00,nan,nan,nan,nan,nan,nan,nan,nan,nan,3.828125000000000278e-02,nan,nan,nan,nan,nan,nan,nan,nan,nan
nan,nan,nan,nan,nan,nan,nan,nan,nan,nan,nan,nan,nan,nan,2.834645669291333686e-02,nan,0.000000000000000000e+00,2.125984251968500091e-02,nan,nan,nan,nan,nan,nan,nan,1.889763779527555559e-02,3.149606299212592830e-02,nan,-1.771653543307086798e-01,nan,nan,nan,0.000000000000000000e+00,nan,1.338582677165351884e-02,nan,nan,nan,nan,nan,nan,nan,nan,0.000000000000000000e+00,nan,0.000000000000000000e+00,nan,nan,nan,nan,nan,nan,nan,nan,nan,-1.795275590551181355e-01,nan,nan,nan,nan,nan,nan,nan,nan,nan
nan,nan,nan,nan,nan,nan,nan,nan,nan,nan,nan,nan,nan,nan,3.906250000000000000e-03,nan,0.000000000000000000e+00,nan,nan,nan,nan,nan,nan,nan,nan,7.031250000000000173e-03,0.000000000000000000e+00,nan,-3.125000000000000000e-02,nan,nan,nan,2.343749999999999913e-03,nan,nan,nan,nan,nan,nan,nan,nan,nan,nan,0.000000000000000000e+00,nan,0.000000000000000000e+00,nan,nan,nan,nan,nan,nan,nan,nan,nan,1.640625000000000069e-02,nan,nan,nan,nan,nan,nan,nan,nan,nan
nan,nan,nan,nan,nan,nan,nan,nan,nan,nan,nan,nan,nan,nan,2.384615384615385025e-02,nan,0.000000000000000000e+00,nan,nan,nan,nan,nan,nan,nan,nan,8.461538461538520295e-03,6.153846153846198944e-03,nan,-9.615384615384611755e-02,nan,nan,nan,1.230769230769235278e-02,nan,3.846153846153854607e-03,nan,nan,nan,nan,nan,nan,nan,nan,0.000000000000000000e+00,nan,0.000000000000000000e+00,nan,nan,nan,nan,nan,nan,nan,nan,nan,-1.592307692307692313e-01,nan,nan,nan,nan,nan,nan,nan,nan,nan
nan,nan,nan,nan,nan,nan,nan,nan,nan,nan,nan,nan,nan,nan,-1.145038167938929909e-02,nan,0.000000000000000000e+00,nan,nan,nan,nan,nan,nan,nan,nan,-8.396946564885477554e-03,-7.633587786259443241e-04,nan,-5.877862595419845043e-02,nan,nan,nan,1.526717557251955435e-03,nan,nan,nan,nan,nan,nan,nan,nan,nan,nan,0.000000000000000000e+00,nan,0.000000000000000000e+00,nan,3.816793893129810742e-03,nan,nan,nan,nan,nan,nan,nan,7.633587786259887764e-04,nan,nan,nan,nan,nan,nan,nan,nan,nan
nan,nan,nan,nan,nan,nan,nan,nan,nan,nan,nan,nan,nan,nan,4.410646387832695137e-02,nan,0.000000000000000000e+00,nan,nan,nan,nan,nan,nan,nan,nan,1.520912547528512418e-02,5.931558935361209983e-02,nan,9.049429657794673398e-02,nan,nan,nan,3.041825095056993698e-03,nan,nan,nan,nan,nan,nan,nan,nan,nan,nan,0.000000000000000000e+00,nan,0.000000000000000000e+00,nan,nan,nan,nan,nan,nan,nan,nan,nan,9.049429657794670623e-02,nan,nan,nan,nan,nan,nan,nan,nan,nan
nan,nan,nan,nan,nan,nan,nan,nan,nan,nan,nan,nan,nan,nan,nan,7.905138339921125240e-04,0.000000000000000000e+00,4.743083003952608574e-03,nan,nan,nan,nan,nan,nan,nan,1.581027667984202714e-03,-6.324110671936722383e-03,nan,-5.612648221343872340e-02,nan,nan,nan,-9.486166007905106126e-03,nan,nan,nan,nan,nan,nan,nan,nan,nan,nan,0.000000000000000000e+00,nan,0.000000000000000000e+00,nan,nan,nan,nan,nan,nan,nan,nan,nan,-5.770750988142288318e-02,nan,nan,nan,nan,nan,nan,nan,nan,nan
nan,nan,nan,nan,nan,nan,nan,nan,nan,nan,nan,nan,nan,nan,8.870967741935475298e-03,3.225806451612900187e-03,0.000000000000000000e+00,nan,nan,nan,nan,nan,nan,nan,nan,0.000000000000000000e+00,1.935483870967744796e-02,nan,-3.387096774193547322e-02,nan,nan,nan,-2.419354838709675357e-03,nan,nan,nan,nan,nan,nan,nan,nan,nan,nan,0.000000000000000000e+00,nan,0.000000000000000000e+00,nan,1.693548387096775049e-02,nan,nan,nan,nan,nan,nan,nan,2.500000000000004302e-02,nan,nan,nan,nan,nan,nan,nan,nan,nan
nan,nan,nan,nan,nan,nan,nan,nan,nan,nan,nan,nan,nan,nan,2.086330935251799051e-02,2.158273381294972641e-03,0.000000000000000000e+00,nan,nan,nan,nan,nan,nan,nan,nan,1.007194244604316981e-02,2.086330935251799051e-02,nan,-2.517985611510791324e-02,nan,nan,nan,2.877697841726623105e-03,nan,nan,nan,nan,nan,nan,nan,nan,nan,nan,0.000000000000000000e+00,nan,0.000000000000000000e+00,nan,nan,nan,nan,nan,nan,nan,nan,nan,3.237410071942448120e-02,nan,nan,nan,nan,nan,nan,nan,nan,nan
nan,nan,nan,nan,nan,nan,nan,nan,nan,nan,nan,nan,nan,nan,-8.064516129032296005e-03,nan,0.000000000000000000e+00,nan,nan,nan,nan,nan,nan,nan,nan,-6.451612903225800374e-03,1.370967741935482688e-02,nan,-1.991935483870967971e-01,nan,nan,nan,-1.451612903225807383e-02,nan,-2.500000000000002220e-02,nan,nan,nan,nan,nan,nan,nan,nan,0.000000000000000000e+00,nan,0.000000000000000000e+00,nan,nan,nan,nan,nan,nan,nan,nan,nan,-1.088709677419354982e-01,nan,nan,nan,nan,nan,nan,nan,nan,nan
nan,nan,nan,nan,nan,nan,nan,nan,nan,nan,nan,nan,nan,nan,nan,nan,0.000000000000000000e+00,nan,nan,nan,nan,nan,nan,nan,nan,-2.439024390243882488e-03,-1.544715447154467770e-02,nan,-2.886178861788617489e-01,nan,nan,2.764227642276426838e-02,8.130081300812940902e-04,nan,nan,nan,nan,nan,nan,nan,nan,nan,nan,0.000000000000000000e+00,nan,0.000000000000000000e+00,nan,1.219512195121952303e-02,nan,nan,nan,nan,nan,nan,nan,-2.284552845528455001e-01,nan,nan,nan,nan,nan,nan,nan,nan,nan
nan,nan,nan,nan,nan,nan,nan,nan,nan,nan,nan,nan,nan,nan,-2.489959839357425153e-02,-1.124497991967867740e-02,0.000000000000000000e+00,nan,nan,nan,nan,nan,nan,nan,nan,-8.032128514056191201e-03,3.212851405622518721e-03,nan,-1.919678714859437696e-01,nan,nan,nan,-9.638554216867456850e-03,nan,-2.971887550200800338e-02,nan,nan,nan,nan,nan,nan,nan,nan,0.000000000000000000e+00,nan,0.000000000000000000e+00,nan,nan,nan,nan,nan,nan,nan,-3.694779116465860686e-02,nan,-1.614457831325301351e-01,nan,nan,nan,nan,nan,nan,nan,nan,nan
nan,nan,nan,nan,nan,nan,nan,nan,nan,nan,nan,nan,nan,nan,4.780876494023904300e-02,nan,0.000000000000000000e+00,nan,nan,nan,nan,nan,nan,nan,nan,1.593625498007967753e-02,-4.780876494023899789e-03,nan,-1.721115537848605659e-01,nan,nan,9.561752988047799579e-03,-2.390438247011949895e-03,nan,nan,nan,nan,nan,nan,nan,nan,nan,nan,0.000000000000000000e+00,nan,0.000000000000000000e+00,nan,nan,nan,nan,nan,nan,nan,nan,nan,nan,nan,nan,nan,nan,nan,nan,nan,nan,nan
nan,nan,nan,nan,nan,nan,nan,nan,nan,nan,nan,nan,nan,nan,3.149606299212596994e-02,nan,0.000000000000000000e+00,1.062992125984251607e-01,nan,nan,nan,nan,nan,nan,nan,8.582677165354328508e-02,7.874015748031481859e-04,nan,nan,nan,nan,nan,2.519685039370076624e-02,nan,5.748031496062990658e-02,nan,nan,nan,nan,nan,nan,nan,nan,0.000000000000000000e+00,nan,0.000000000000000000e+00,nan,nan,nan,nan,nan,nan,nan,nan,nan,2.283464566929132092e-02,nan,nan,nan,nan,nan,nan,nan,nan,nan
nan,nan,nan,nan,nan,nan,nan,nan,nan,nan,nan,nan,nan,nan,4.838709677419350715e-03,nan,0.000000000000000000e+00,-2.741935483870965376e-02,nan,nan,nan,nan,nan,nan,nan,-2.661290322580642936e-02,5.645161290322575978e-03,nan,nan,nan,nan,nan,-1.532258064516127741e-02,nan,nan,nan,nan,nan,nan,nan,nan,nan,nan,0.000000000000000000e+00,nan,0.000000000000000000e+00,nan,nan,nan,nan,nan,nan,nan,nan,nan,8.629032258064514571e-02,nan,nan,nan,nan,nan,nan,nan,nan,nan
nan,nan,nan,nan,nan,nan,nan,nan,nan,nan,nan,nan,nan,nan,-9.534883720930235895e-02,nan,0.000000000000000000e+00,3.100775193798433089e-03,nan,nan,nan,nan,nan,nan,nan,-1.550387596899227604e-03,2.945736434108524662e-02,nan,-2.325581395348837732e-01,nan,nan,nan,7.751937984496138018e-04,nan,-6.976744186046523674e-03,nan,nan,nan,nan,nan,nan,nan,nan,0.000000000000000000e+00,nan,0.000000000000000000e+00,nan,nan,nan,nan,nan,nan,nan,nan,nan,-2.310077519379845623e-01,nan,nan,nan,nan,nan,nan,nan,nan,nan
nan,nan,nan,nan,nan,nan,nan,nan,nan,nan,nan,nan,nan,nan,5.173745173745181170e-02,nan,0.000000000000000000e+00,1.019305019305019877e-01,nan,nan,nan,nan,nan,nan,nan,8.262548262548267963e-02,nan,nan,nan,nan,nan,nan,3.166023166023170660e-02,nan,5.019305019305024540e-02,nan,nan,nan,nan,nan,nan,nan,nan,0.000000000000000000e+00,nan,0.000000000000000000e+00,nan,-5.868725868725863798e-02,nan,nan,nan,nan,nan,nan,nan,-2.857142857142853584e-02,nan,nan,nan,nan,nan,nan,nan,nan,nan
nan,nan,nan,nan,nan,nan,nan,nan,nan,nan,nan,nan,nan,nan,3.212851405622529997e-03,1.204819277108437614e-02,0.000000000000000000e+00,5.140562248995987626e-02,nan,nan,nan,nan,nan,nan,nan,5.140562248995985545e-02,-5.381526104417664463e-02,nan,nan,nan,nan,nan,2.650602409638558310e-02,nan,3.293172690763057631e-02,nan,nan,nan,nan,nan,nan,nan,nan,0.000000000000000000e+00,nan,0.000000000000000000e+00,nan,nan,nan,nan,nan,nan,nan,nan,nan,-6.907630522088348268e-02,nan,nan,nan,nan,nan,nan,nan,nan,nan
nan,nan,nan,nan,nan,nan,nan,nan,nan,nan,nan,nan,nan,nan,1.867704280155641980e-02,nan,0.000000000000000000e+00,-4.669260700389088470e-03,nan,nan,nan,nan,nan,nan,nan,3.112840466926081098e-03,-3.579766536964978929e-02,nan,nan,nan,nan,nan,7.782101167315591973e-04,nan,nan,nan,nan,nan,nan,nan,nan,nan,nan,0.000000000000000000e+00,nan,0.000000000000000000e+00,nan,2.879377431906617740e-02,nan,nan,nan,nan,nan,nan,nan,-1.089494163424122898e-02,nan,nan,nan,nan,nan,nan,nan,nan,nan
nan,nan,nan,nan,nan,nan,nan,nan,nan,nan,nan,nan,nan,nan,-1.759999999999992820e-02,nan,0.000000000000000000e+00,nan,nan,nan,nan,nan,nan,nan,nan,-1.439999999999992328e-02,-1.199999999999994474e-02,nan,3.520000000000004375e-02,nan,nan,nan,0.000000000000000000e+00,nan,nan,nan,nan,nan,nan,nan,nan,nan,nan,0.000000000000000000e+00,nan,0.000000000000000000e+00,nan,nan,nan,nan,nan,nan,nan,nan,nan,3.200000000000001454e-02,nan,nan,nan,nan,nan,nan,nan,nan,nan
nan,nan,nan,nan,nan,nan,nan,nan,nan,nan,nan,nan,nan,nan,1.119999999999994264e-02,nan,0.000000000000000000e+00,nan,nan,nan,nan,nan,nan,nan,nan,-1.040000000000000993e-02,-1.200000000000003321e-02,nan,-6.880000000000005556e-02,nan,nan,9.599999999999941913e-03,0.000000000000000000e+00,nan,nan,nan,nan,nan,nan,nan,nan,nan,nan,0.000000000000000000e+00,nan,0.000000000000000000e+00,nan,nan,nan,nan,nan,nan,nan,nan,nan,4.799999999999995243e-02,nan,nan,nan,nan,nan,nan,nan,nan,nan
nan,nan,nan,nan,nan,nan,nan,nan,nan,nan,nan,nan,nan,nan,-3.481781376518220533e-02,0.000000000000000000e+00,0.000000000000000000e+00,nan,nan,nan,nan,nan,nan,nan,nan,-2.429149797570850748e-03,-7.287449392712574796e-03,nan,-5.101214574898784576e-02,nan,nan,nan,4.858299595141701496e-03,nan,nan,nan,nan,nan,nan,nan,nan,nan,nan,0.000000000000000000e+00,nan,0.000000000000000000e+00,nan,nan,nan,nan,nan,nan,nan,nan,nan,1.862348178137650592e-02,nan,nan,nan,nan,nan,nan,nan,nan,nan
nan,nan,nan,nan,nan,nan,nan,nan,nan,nan,nan,nan,nan,nan,nan,nan,0.000000000000000000e+00,8.988764044943841833e-03,nan,nan,nan,nan,nan,nan,nan,1.273408239700377607e-02,8.988764044943841833e-03,nan,-1.235955056179774969e-01,nan,nan,nan,2.397003745318358053e-02,nan,nan,nan,nan,nan,nan,nan,nan,nan,nan,0.000000000000000000e+00,nan,0.000000000000000000e+00,nan,8.988764044943841833e-03,nan,nan,nan,nan,nan,nan,nan,-2.172284644194756587e-01,nan,nan,nan,nan,nan,nan,nan,nan,nan
nan,nan,nan,nan,nan,nan,nan,nan,nan,nan,nan,nan,nan,nan,5.657370517928293069e-02,nan,0.000000000000000000e+00,nan,nan,nan,nan,nan,nan,nan,nan,2.310756972111558533e-02,-1.195219123505975034e-02,nan,nan,nan,nan,-1.274900398406368998e-02,1.593625498007966669e-03,nan,nan,nan,nan,nan,nan,nan,nan,nan,nan,0.000000000000000000e+00,nan,0.000000000000000000e+00,nan,5.498007968127496120e-02,nan,nan,nan,nan,nan,nan,nan,-1.171314741035856255e-01,nan,nan,nan,nan,nan,nan,nan,nan,nan
nan,nan,nan,nan,nan,nan,nan,nan,nan,nan,nan,nan,nan,nan,1.316872427983537507e-02,nan,0.000000000000000000e+00,8.230452674897104429e-03,nan,nan,nan,nan,nan,nan,nan,1.069958847736622934e-02,-9.218106995884778332e-02,nan,nan,nan,nan,nan,-6.584362139917710084e-03,nan,-5.761316872428002070e-03,nan,nan,nan,nan,nan,nan,nan,nan,0.000000000000000000e+00,nan,0.000000000000000000e+00,nan,nan,nan,nan,nan,nan,nan,nan,nan,-1.012345679012345984e-01,nan,nan,nan,nan,nan,nan,nan,nan,nan
nan,nan,nan,nan,nan,nan,nan,nan,nan,nan,nan,nan,nan,nan,nan,nan,0.000000000000000000e+00,2.063492063492062753e-02,nan,nan,nan,nan,nan,nan,nan,2.539682539682539680e-02,-1.039682539682539736e-01,nan,nan,nan,nan,nan,1.587301587301581662e-03,nan,1.666666666666665256e-02,nan,nan,nan,nan,nan,nan,nan,nan,0.000000000000000000e+00,nan,0.000000000000000000e+00,nan,nan,nan,nan,nan,nan,nan,nan,nan,-1.357142857142857317e-01,nan,nan,nan,nan,nan,nan,nan,nan,nan
nan,nan,nan,nan,nan,nan,nan,nan,nan,nan,nan,nan,nan,nan,3.861003861003897523e-03,-3.861003861003831170e-03,0.000000000000000000e+00,nan,nan,nan,nan,nan,nan,nan,nan,-2.316602316602289595e-03,4.633204633204635048e-02,nan,1.544401544401563476e-03,nan,nan,nan,-7.722007722007262270e-04,nan,nan,nan,nan,nan,nan,nan,nan,nan,nan,0.000000000000000000e+00,nan,0.000000000000000000e+00,nan,nan,nan,nan,nan,nan,nan,nan,nan,2.934362934362939532e-02,nan,nan,nan,nan,nan,nan,nan,nan,nan
nan,nan,nan,nan,nan,nan,nan,nan,nan,nan,nan,nan,nan,nan,1.619433198380566472e-02,nan,0.000000000000000000e+00,7.287449392712549989e-02,nan,nan,nan,nan,nan,nan,nan,1.020242914979756915e-01,-2.429149797570828630e-03,nan,nan,nan,nan,nan,4.615384615384614253e-02,nan,6.396761133603239002e-02,nan,nan,nan,nan,nan,nan,nan,nan,0.000000000000000000e+00,nan,0.000000000000000000e+00,nan,nan,nan,nan,nan,nan,nan,nan,nan,8.097165991903132898e-04,nan,nan,nan,nan,nan,nan,nan,nan,nan
nan,nan,nan,nan,nan,nan,nan,nan,nan,nan,nan,nan,nan,nan,-1.904761904761900076e-02,nan,0.000000000000000000e+00,nan,nan,nan,nan,nan,nan,nan,nan,-1.507936507936502579e-02,-7.142857142857094929e-03,nan,3.174603174603240954e-03,nan,nan,nan,-3.174603174603141207e-03,nan,nan,nan,nan,nan,nan,nan,nan,nan,nan,0.000000000000000000e+00,nan,0.000000000000000000e+00,nan,nan,nan,nan,nan,nan,nan,nan,nan,-8.730158730158699143e-03,nan,nan,nan,nan,nan,nan,nan,nan,nan
nan,nan,nan,nan,nan,nan,nan,nan,nan,nan,nan,nan,nan,nan,-4.749999999999996586e-02,nan,0.000000000000000000e+00,nan,nan,nan,nan,nan,nan,nan,nan,-1.333333333333328562e-02,5.000000000000071228e-03,nan,-4.416666666666664576e-02,nan,nan,nan,-1.666666666666662827e-02,nan,nan,nan,nan,nan,nan,nan,nan,nan,nan,0.000000000000000000e+00,nan,0.000000000000000000e+00,nan,nan,nan,nan,nan,nan,nan,nan,nan,-4.999999999999981889e-03,nan,nan,nan,nan,nan,nan,nan,nan,nan
nan,nan,nan,nan,nan,nan,nan,nan,nan,nan,nan,nan,nan,nan,-1.652892561983510065e-03,nan,0.000000000000000000e+00,4.132231404958675025e-02,nan,nan,nan,nan,nan,nan,nan,1.404958677685947885e-02,-4.380165289256203465e-02,nan,nan,nan,nan,nan,4.628099173553714557e-02,nan,1.652892561983467651e-02,nan,nan,nan,nan,nan,nan,nan,nan,0.000000000000000000e+00,nan,0.000000000000000000e+00,nan,nan,nan,nan,nan,nan,nan,nan,nan,-3.801652892561986630e-02,nan,nan,nan,nan,nan,nan,nan,nan,nan
nan,nan,nan,nan,nan,nan,nan,nan,nan,nan,nan,nan,nan,nan,4.048582995951455210e-03,-1.538461538461532996e-02,0.000000000000000000e+00,nan,nan,nan,nan,nan,nan,nan,nan,4.858299595141724048e-03,4.858299595141768283e-03,nan,-1.530364372469635026e-01,nan,nan,nan,-1.619433198380515557e-03,nan,2.429149797570895417e-03,nan,nan,nan,nan,nan,nan,nan,nan,0.000000000000000000e+00,nan,0.000000000000000000e+00,nan,nan,nan,nan,nan,nan,nan,nan,nan,-1.149797570850201733e-01,nan,nan,nan,nan,nan,nan,nan,nan,nan
nan,nan,nan,nan,nan,nan,nan,nan,nan,nan,nan,nan,nan,nan,-2.370370370370371640e-02,nan,0.000000000000000000e+00,nan,nan,nan,nan,nan,nan,nan,nan,6.666666666666687044e-03,8.888888888888901024e-03,nan,-7.999999999999998779e-02,nan,nan,nan,-6.666666666666642808e-03,nan,nan,nan,nan,nan,nan,nan,nan,nan,nan,0.000000000000000000e+00,nan,0.000000000000000000e+00,nan,1.777777777777780205e-02,nan,nan,nan,nan,nan,nan,nan,5.185185185185225802e-03,nan,nan,nan,nan,nan,nan,nan,nan,nan
nan,nan,nan,nan,nan,nan,nan,nan,nan,nan,nan,nan,nan,nan,8.211382113821141804e-02,nan,0.000000000000000000e+00,5.691056910569103518e-03,nan,nan,nan,nan,nan,nan,nan,0.000000000000000000e+00,nan,nan,nan,nan,nan,1.365853658536585746e-01,8.130081300813007256e-03,nan,nan,nan,nan,nan,nan,nan,nan,nan,nan,0.000000000000000000e+00,nan,0.000000000000000000e+00,nan,3.577235772357725135e-02,nan,nan,nan,nan,nan,nan,nan,nan,nan,nan,nan,nan,nan,nan,nan,nan,nan
nan,nan,nan,nan,nan,nan,nan,nan,nan,nan,nan,nan,nan,nan,-5.691056910569059282e-03,nan,0.000000000000000000e+00,4.715447154471550523e-02,nan,nan,nan,nan,nan,nan,nan,4.715447154471550523e-02,-4.959349593495931963e-02,nan,nan,nan,nan,nan,2.764227642276428920e-02,nan,4.390243902439026208e-02,nan,nan,nan,nan,nan,nan,nan,nan,0.000000000000000000e+00,nan,0.000000000000000000e+00,nan,nan,nan,nan,nan,nan,nan,nan,nan,-5.447154471544712884e-02,nan,nan,nan,nan,nan,nan,nan,nan,nan
nan,nan,nan,nan,nan,nan,nan,nan,nan,nan,nan,nan,nan,nan,4.597701149425348008e-03,nan,0.000000000000000000e+00,-6.896551724137878030e-03,nan,nan,nan,nan,nan,nan,nan,-8.429118773946298743e-03,2.298850574712649891e-02,nan,-9.118773946360148042e-02,nan,nan,nan,2.220446049250313204e-17,nan,-3.831417624521038338e-03,nan,nan,nan,nan,nan,nan,nan,nan,0.000000000000000000e+00,nan,0.000000000000000000e+00,nan,nan,nan,nan,nan,nan,nan,nan,nan,-1.555555555555555025e-01,nan,nan,nan,nan,nan,nan,nan,nan,nan
nan,nan,nan,nan,nan,nan,nan,nan,nan,nan,nan,nan,nan,nan,-2.352941176470646576e-03,nan,0.000000000000000000e+00,nan,nan,nan,nan,nan,nan,nan,nan,1.568627450980364336e-03,-2.220446049250313204e-17,nan,-5.568627450980394300e-02,nan,nan,nan,1.568627450980386671e-03,nan,nan,nan,nan,nan,nan,nan,nan,nan,nan,0.000000000000000000e+00,nan,0.000000000000000000e+00,nan,-4.705882352941226365e-03,nan,nan,nan,nan,nan,nan,nan,3.294117647058818210e-02,nan,nan,nan,nan,nan,nan,nan,nan,nan
nan,nan,nan,nan,nan,nan,nan,nan,nan,nan,nan,nan,nan,nan,1.333333333333333072e-02,1.882352941176472852e-02,0.000000000000000000e+00,nan,nan,nan,nan,nan,nan,nan,nan,1.333333333333335327e-02,5.411764705882353421e-02,nan,nan,nan,nan,nan,3.137254901960795459e-03,nan,nan,nan,nan,nan,nan,nan,nan,nan,nan,0.000000000000000000e+00,nan,0.000000000000000000e+00,nan,5.333333333333336451e-02,nan,nan,nan,nan,nan,nan,nan,8.862745098039215286e-02,nan,nan,nan,nan,nan,nan,nan,nan,nan
nan,nan,nan,nan,nan,nan,nan,nan,nan,nan,nan,nan,nan,nan,-1.478599221789889118e-02,nan,0.000000000000000000e+00,-5.447470817120714237e-03,nan,nan,nan,nan,nan,nan,nan,-2.334630350194588470e-03,-3.891050583657591766e-02,nan,-2.000000000000000944e-01,nan,nan,nan,-3.112840466926125767e-03,nan,nan,nan,nan,nan,nan,nan,nan,nan,nan,0.000000000000000000e+00,nan,0.000000000000000000e+00,nan,nan,nan,nan,nan,nan,nan,nan,nan,-2.070038910505837271e-01,nan,nan,nan,nan,nan,nan,nan,nan,nan
nan,nan,nan,nan,nan,nan,nan,nan,nan,nan,nan,nan,nan,nan,0.000000000000000000e+00,nan,0.000000000000000000e+00,nan,nan,nan,nan,nan,nan,nan,nan,8.000000000000006889e-04,1.120000000000001029e-02,nan,-7.840000000000006686e-02,nan,nan,nan,4.800000000000003916e-03,nan,1.600000000000001378e-03,nan,nan,nan,nan,nan,nan,nan,nan,0.000000000000000000e+00,nan,0.000000000000000000e+00,nan,nan,nan,nan,nan,nan,nan,nan,nan,-8.720000000000001361e-02,nan,nan,nan,nan,nan,nan,nan,nan,nan
nan,nan,nan,nan,nan,nan,nan,nan,nan,nan,nan,nan,nan,nan,-1.322314049586772490e-02,nan,0.000000000000000000e+00,nan,nan,nan,nan,nan,nan,nan,nan,-2.314049586776856238e-02,6.611570247933906685e-03,nan,6.611570247933887257e-02,nan,nan,nan,-1.652892561983465613e-03,nan,nan,nan,nan,nan,nan,nan,nan,nan,nan,0.000000000000000000e+00,nan,0.000000000000000000e+00,nan,4.132231404958708158e-03,nan,nan,nan,nan,nan,nan,nan,1.239669421487608024e-02,nan,nan,nan,nan,nan,nan,nan,nan,nan
nan,nan,nan,nan,nan,nan,nan,nan,nan,nan,nan,nan,nan,nan,-9.836065573770503070e-03,nan,0.000000000000000000e+00,6.065573770491801409e-02,nan,nan,nan,nan,nan,nan,nan,8.032786885245901676e-02,-3.606557377049179891e-02,nan,nan,nan,nan,nan,5.983606557377048329e-02,nan,8.770491803278687715e-02,nan,nan,nan,nan,nan,nan,nan,nan,0.000000000000000000e+00,nan,0.000000000000000000e+00,nan,nan,nan,nan,nan,nan,nan,nan,nan,-5.901639344262297332e-02,nan,nan,nan,nan,nan,nan,nan,nan,nan
nan,nan,nan,nan,nan,nan,nan,nan,nan,nan,nan,nan,nan,nan,5.250965250965251852e-02,nan,0.000000000000000000e+00,3.166023166023168578e-02,nan,nan,nan,nan,nan,nan,nan,2.239382239382246148e-02,5.328185328185328778e-02,nan,-1.637065637065636681e-01,nan,nan,nan,9.266409266409269402e-03,nan,nan,nan,nan,nan,nan,nan,nan,nan,nan,0.000000000000000000e+00,nan,0.000000000000000000e+00,nan,nan,nan,nan,nan,nan,nan,nan,nan,-1.320463320463320100e-01,nan,nan,nan,nan,nan,nan,nan,nan,nan
nan,nan,nan,nan,nan,nan,nan,nan,nan,nan,nan,nan,nan,nan,2.615384615384612824e-02,nan,0.000000000000000000e+00,-4.615384615384619110e-02,nan,nan,nan,nan,nan,nan,nan,-4.615384615384619110e-02,nan,nan,nan,nan,nan,nan,-3.000000000000004746e-02,nan,nan,nan,nan,nan,nan,nan,nan,nan,nan,0.000000000000000000e+00,nan,0.000000000000000000e+00,nan,nan,nan,nan,nan,nan,nan,nan,nan,3.769230769230764999e-02,nan,nan,nan,nan,nan,nan,nan,nan,nan
nan,nan,nan,nan,nan,nan,nan,nan,nan,nan,nan,nan,nan,nan,1.532258064516127741e-02,nan,0.000000000000000000e+00,4.274193548387093117e-02,nan,nan,nan,nan,nan,nan,nan,3.145161290322577574e-02,-1.129032258064515196e-02,nan,nan,nan,nan,nan,2.177419354838707605e-02,nan,nan,nan,nan,nan,nan,nan,nan,nan,nan,0.000000000000000000e+00,nan,0.000000000000000000e+00,nan,nan,nan,nan,nan,nan,nan,nan,nan,2.499999999999997710e-02,nan,nan,nan,nan,nan,nan,nan,nan,nan
nan,nan,nan,nan,nan,nan,nan,nan,nan,nan,nan,nan,nan,nan,-5.970149253731360690e-03,nan,0.000000000000000000e+00,nan,nan,nan,nan,nan,nan,nan,nan,8.208955223880588098e-03,1.865671641791046692e-02,nan,-1.268656716417910710e-02,nan,nan,nan,8.208955223880608915e-03,nan,nan,nan,nan,nan,nan,nan,nan,nan,nan,0.000000000000000000e+00,nan,0.000000000000000000e+00,nan,nan,nan,nan,nan,nan,nan,nan,nan,2.985074626865658227e-03,nan,nan,nan,nan,nan,nan,nan,nan,nan
nan,nan,nan,nan,nan,nan,nan,nan,nan,nan,nan,nan,nan,nan,2.531645569620222420e-03,nan,0.000000000000000000e+00,nan,nan,nan,nan,nan,nan,nan,nan,-4.219409282700458882e-03,2.784810126582275627e-02,nan,1.518987341772151146e-02,nan,nan,nan,-2.220446049250313204e-17,nan,nan,nan,nan,nan,nan,nan,nan,nan,nan,0.000000000000000000e+00,nan,0.000000000000000000e+00,nan,nan,nan,nan,nan,nan,nan,nan,nan,3.797468354430375698e-02,nan,nan,nan,nan,nan,nan,nan,nan,nan
nan,nan,nan,nan,nan,nan,nan,nan,nan,nan,nan,nan,nan,nan,-1.590909090909098378e-02,nan,0.000000000000000000e+00,-2.121212121212128279e-02,nan,nan,nan,nan,nan,nan,nan,-1.363636363636371376e-02,-7.575757575757613264e-03,nan,nan,nan,nan,nan,-6.060606060606122183e-03,nan,nan,nan,nan,nan,nan,nan,nan,nan,nan,0.000000000000000000e+00,nan,0.000000000000000000e+00,nan,nan,nan,nan,nan,nan,nan,nan,nan,-2.727272727272731651e-02,nan,nan,nan,nan,nan,nan,nan,nan,nan
nan,nan,nan,nan,nan,nan,nan,nan,nan,nan,nan,nan,nan,nan,-1.712062256809343541e-02,-1.089494163424129490e-02,0.000000000000000000e+00,nan,nan,nan,nan,nan,nan,nan,nan,-6.225680933852162195e-03,-2.568093385214011842e-02,nan,-6.848249027237358899e-02,nan,nan,nan,-7.782101167315591973e-04,nan,nan,nan,nan,nan,nan,nan,nan,nan,nan,0.000000000000000000e+00,nan,0.000000000000000000e+00,nan,nan,nan,nan,nan,nan,nan,nan,nan,-7.392996108949419221e-02,nan,nan,nan,nan,nan,nan,nan,nan,nan
nan,nan,nan,nan,nan,nan,nan,nan,nan,nan,nan,nan,nan,nan,5.577689243027883666e-03,nan,0.000000000000000000e+00,nan,nan,nan,nan,nan,6.374501992031866675e-03,nan,nan,1.593625498007966669e-03,-3.187250996015933337e-03,nan,-1.027888446215139695e-01,nan,nan,nan,-7.968127490039833343e-04,2.390438247011949895e-03,nan,nan,nan,nan,nan,nan,nan,nan,nan,0.000000000000000000e+00,nan,0.000000000000000000e+00,nan,nan,nan,nan,nan,nan,nan,nan,nan,-8.446215139442234121e-02,nan,nan,nan,nan,nan,nan,nan,nan,nan
nan,nan,nan,nan,nan,nan,nan,nan,nan,nan,nan,nan,nan,nan,4.000000000000003553e-03,nan,0.000000000000000000e+00,-8.800000000000007469e-03,nan,nan,nan,nan,nan,nan,nan,8.000000000000006889e-04,1.120000000000001029e-02,nan,nan,nan,nan,nan,-1.600000000000001378e-03,nan,nan,nan,nan,nan,nan,nan,nan,nan,nan,0.000000000000000000e+00,nan,0.000000000000000000e+00,nan,nan,nan,nan,nan,nan,nan,nan,nan,4.560000000000001552e-02,nan,nan,nan,nan,nan,nan,nan,nan,nan
nan,nan,nan,nan,nan,nan,nan,nan,nan,nan,nan,nan,nan,nan,2.983870967741932695e-02,nan,0.000000000000000000e+00,1.129032258064515196e-02,nan,nan,nan,nan,nan,nan,nan,3.225806451612878070e-03,2.338709677419352831e-02,nan,-1.048387096774193727e-01,nan,nan,nan,2.419354838709675357e-03,nan,nan,nan,nan,nan,nan,nan,nan,nan,nan,0.000000000000000000e+00,nan,0.000000000000000000e+00,nan,nan,nan,nan,nan,nan,nan,nan,nan,-6.532258064516134610e-02,nan,nan,nan,nan,nan,nan,nan,nan,nan
nan,nan,nan,nan,nan,nan,nan,nan,nan,nan,nan,nan,nan,nan,7.200000000000006742e-03,nan,0.000000000000000000e+00,nan,nan,nan,nan,nan,nan,nan,nan,0.000000000000000000e+00,8.000000000000007105e-03,nan,-1.032000000000000001e-01,nan,nan,nan,-2.400000000000001958e-03,nan,1.680000000000001631e-02,nan,nan,nan,nan,nan,nan,nan,nan,0.000000000000000000e+00,nan,0.000000000000000000e+00,nan,nan,nan,nan,nan,nan,nan,nan,nan,-1.559999999999999720e-01,nan,nan,nan,nan,nan,nan,nan,nan,nan
nan,nan,nan,nan,nan,nan,nan,nan,nan,nan,nan,nan,nan,nan,-1.478599221789880271e-02,nan,0.000000000000000000e+00,2.220446049250313204e-17,nan,nan,nan,nan,nan,nan,nan,-7.782101167314925188e-04,-1.322957198443575066e-02,nan,-9.338521400778203307e-02,nan,nan,nan,7.782101167315369711e-04,nan,nan,nan,nan,nan,nan,nan,nan,nan,nan,0.000000000000000000e+00,nan,0.000000000000000000e+00,nan,nan,nan,nan,nan,nan,nan,nan,nan,-1.587548638132295353e-01,nan,nan,nan,nan,nan,nan,nan,nan,nan
nan,nan,nan,nan,nan,nan,nan,nan,nan,nan,nan,nan,nan,nan,-2.971887550200802419e-02,-2.168674698795178962e-02,0.000000000000000000e+00,nan,nan,nan,nan,nan,nan,nan,nan,-3.212851405622485328e-03,1.526104417670681723e-02,nan,-4.497991967871482061e-02,nan,nan,nan,1.606425702811264998e-03,nan,nan,nan,nan,nan,nan,nan,nan,nan,nan,0.000000000000000000e+00,nan,0.000000000000000000e+00,nan,nan,nan,nan,nan,nan,nan,nan,nan,1.767068273092371397e-02,nan,nan,nan,nan,nan,nan,nan,nan,nan
nan,nan,nan,nan,nan,nan,nan,nan,nan,nan,nan,nan,nan,nan,1.333333333333330817e-02,nan,0.000000000000000000e+00,4.470588235294115087e-02,nan,nan,nan,nan,nan,nan,nan,3.843137254901960592e-02,-1.490196078431371696e-02,nan,nan,nan,nan,nan,3.294117647058823067e-02,nan,1.725490196078429544e-02,nan,nan,nan,nan,nan,nan,nan,nan,0.000000000000000000e+00,nan,0.000000000000000000e+00,nan,nan,nan,nan,nan,nan,nan,nan,nan,-3.215686274509803322e-02,nan,nan,nan,nan,nan,nan,nan,nan,nan
nan,nan,nan,nan,nan,nan,nan,nan,nan,nan,nan,nan,nan,nan,1.632653061224496188e-02,nan,0.000000000000000000e+00,nan,nan,nan,nan,nan,nan,nan,nan,1.306122448979596395e-02,1.142857142857152050e-02,nan,-1.028571428571427998e-01,nan,nan,nan,1.061224489795926582e-02,nan,1.632653061224493760e-02,nan,nan,nan,nan,nan,nan,nan,nan,0.000000000000000000e+00,nan,0.000000000000000000e+00,nan,nan,nan,nan,nan,nan,nan,nan,nan,-1.730612244897958840e-01,nan,nan,nan,nan,nan,nan,nan,nan,nan
nan,nan,nan,nan,nan,nan,nan,nan,nan,nan,nan,nan,nan,nan,1.162790697674420670e-02,nan,0.000000000000000000e+00,nan,nan,nan,nan,nan,nan,nan,nan,3.875968992248068901e-03,3.100775193798453039e-02,nan,-1.635658914728682078e-01,nan,nan,nan,3.100775193798455207e-03,nan,nan,nan,nan,nan,nan,nan,nan,nan,nan,0.000000000000000000e+00,nan,0.000000000000000000e+00,nan,3.720930232558141565e-02,nan,nan,nan,nan,nan,nan,nan,7.751937984496137801e-03,nan,nan,nan,nan,nan,nan,nan,nan,nan
nan,nan,nan,nan,nan,nan,nan,nan,nan,nan,nan,nan,nan,nan,1.509433962264150608e-02,nan,0.000000000000000000e+00,1.433962264150943043e-02,nan,nan,nan,nan,nan,nan,nan,-7.547169811320753041e-03,3.396226415094338869e-02,nan,-6.867924528301885823e-02,nan,nan,6.188679245283017216e-02,-7.547169811320753258e-04,nan,nan,nan,nan,nan,nan,nan,nan,nan,nan,0.000000000000000000e+00,nan,0.000000000000000000e+00,nan,nan,nan,nan,nan,nan,nan,nan,nan,3.773584905660376521e-03,nan,nan,nan,nan,nan,nan,nan,nan,nan
nan,nan,nan,nan,nan,nan,nan,nan,nan,nan,nan,nan,nan,nan,5.645161290322575978e-03,nan,0.000000000000000000e+00,8.870967741935475298e-03,nan,nan,nan,nan,nan,nan,nan,8.870967741935475298e-03,5.725806451612898418e-02,nan,-1.548387096774194449e-01,nan,nan,nan,4.838709677419350715e-03,nan,-2.419354838709697475e-03,nan,nan,nan,nan,nan,nan,nan,nan,0.000000000000000000e+00,nan,0.000000000000000000e+00,nan,nan,nan,nan,nan,nan,nan,nan,nan,-2.048387096774194061e-01,nan,nan,nan,nan,nan,nan,nan,nan,nan
nan,nan,nan,nan,nan,nan,nan,nan,nan,nan,nan,nan,nan,nan,2.061068702290074287e-02,nan,0.000000000000000000e+00,1.145038167938932164e-02,nan,nan,nan,nan,nan,nan,nan,8.396946564885477554e-03,-1.068702290076337623e-02,nan,-9.465648854961834779e-02,nan,nan,nan,1.450381679389314317e-02,nan,nan,nan,nan,nan,nan,nan,nan,nan,nan,0.000000000000000000e+00,nan,0.000000000000000000e+00,nan,nan,nan,nan,nan,nan,nan,nan,nan,-1.755725190839696470e-02,nan,nan,nan,nan,nan,nan,nan,nan,nan
nan,nan,nan,nan,nan,nan,nan,nan,nan,nan,nan,nan,nan,nan,7.722007722007929054e-04,-7.722007722007706793e-04,0.000000000000000000e+00,nan,nan,nan,nan,nan,nan,nan,nan,1.544401544401541359e-03,-1.467181467181464215e-02,nan,-1.938223938223938014e-01,nan,nan,2.702702702702703894e-02,2.316602316602312146e-03,nan,nan,nan,nan,nan,nan,nan,nan,nan,nan,0.000000000000000000e+00,nan,0.000000000000000000e+00,nan,3.166023166023170660e-02,nan,nan,nan,nan,nan,nan,nan,-1.235521235521235273e-01,nan,nan,nan,nan,nan,nan,nan,nan,nan
nan,nan,nan,nan,nan,nan,nan,nan,nan,nan,nan,nan,nan,nan,-1.031746031746025825e-02,nan,0.000000000000000000e+00,3.174603174603176509e-02,nan,nan,nan,nan,nan,nan,nan,2.301587301587304513e-02,nan,nan,-2.285714285714285643e-01,nan,nan,nan,1.587301587301581662e-03,nan,nan,nan,nan,nan,nan,nan,nan,nan,nan,0.000000000000000000e+00,nan,0.000000000000000000e+00,nan,nan,nan,nan,nan,nan,nan,nan,nan,-1.365079365079364671e-01,nan,nan,nan,nan,nan,nan,nan,nan,nan
nan,nan,nan,nan,nan,nan,nan,nan,nan,nan,nan,nan,nan,nan,2.439024390243948841e-03,nan,0.000000000000000000e+00,3.414634146341464366e-02,nan,nan,nan,nan,nan,nan,nan,3.983739837398377059e-02,-5.121951219512192732e-02,nan,nan,nan,nan,nan,-1.626016260162566063e-03,nan,1.219512195121956813e-02,nan,nan,nan,nan,nan,nan,nan,nan,0.000000000000000000e+00,nan,0.000000000000000000e+00,nan,nan,nan,nan,nan,nan,nan,nan,nan,-6.016260162601623496e-02,nan,nan,nan,nan,nan,nan,nan,nan,nan
nan,nan,nan,nan,nan,nan,nan,nan,nan,nan,nan,nan,nan,nan,1.154811715481171702e-01,nan,0.000000000000000000e+00,nan,nan,nan,nan,nan,nan,nan,nan,6.861924686192469314e-02,8.368200836820060412e-03,nan,nan,nan,nan,1.958158995815899583e-01,-4.100418410041841571e-02,nan,nan,nan,nan,nan,nan,nan,nan,nan,nan,0.000000000000000000e+00,nan,0.000000000000000000e+00,nan,1.841004184100418217e-01,nan,nan,nan,nan,nan,nan,nan,2.092050209205022909e-02,nan,nan,nan,nan,nan,nan,nan,nan,nan
nan,nan,nan,nan,nan,nan,nan,nan,nan,nan,nan,nan,nan,nan,1.327800829875516210e-02,nan,0.000000000000000000e+00,nan,nan,nan,nan,nan,nan,nan,nan,8.298755186721962218e-04,1.659751037344392444e-03,nan,-2.182572614107884112e-01,nan,nan,2.323651452282153931e-02,8.298755186721962218e-04,nan,nan,nan,nan,nan,nan,nan,nan,nan,nan,0.000000000000000000e+00,nan,0.000000000000000000e+00,nan,4.149377593360981109e-03,nan,nan,nan,nan,nan,nan,nan,-1.385892116182572686e-01,nan,nan,nan,nan,nan,nan,nan,nan,nan
nan,nan,nan,nan,nan,nan,nan,nan,nan,nan,nan,nan,nan,nan,2.076923076923076206e-02,nan,0.000000000000000000e+00,2.615384615384617334e-02,nan,nan,nan,nan,nan,nan,nan,-3.076923076923066078e-03,-1.538461538461555157e-03,nan,nan,nan,nan,1.300000000000000044e-01,-6.923076923076920686e-03,nan,nan,nan,nan,nan,nan,nan,nan,nan,nan,0.000000000000000000e+00,nan,0.000000000000000000e+00,nan,8.076923076923077371e-02,nan,nan,nan,nan,nan,nan,nan,-8.692307692307690847e-02,nan,nan,nan,nan,nan,nan,nan,nan,nan
nan,nan,nan,nan,nan,nan,nan,nan,nan,nan,nan,nan,nan,nan,8.870967741935454481e-03,nan,0.000000000000000000e+00,nan,nan,nan,nan,nan,nan,nan,nan,1.612903225806450094e-03,4.032258064516125451e-03,nan,4.516129032258060783e-02,nan,nan,nan,5.645161290322575978e-03,nan,nan,nan,nan,nan,nan,nan,nan,nan,nan,0.000000000000000000e+00,nan,0.000000000000000000e+00,nan,nan,nan,nan,nan,nan,nan,nan,nan,-6.451612903225867161e-03,nan,nan,nan,nan,nan,nan,nan,nan,nan
nan,nan,nan,nan,nan,nan,nan,nan,nan,nan,nan,nan,nan,nan,-2.448979591836719823e-03,nan,0.000000000000000000e+00,nan,nan,nan,nan,nan,nan,nan,nan,9.795918367346945210e-03,4.000000000000001471e-02,nan,-3.591836734693874128e-02,nan,nan,nan,1.632653061224487254e-03,nan,-8.163265306122102338e-04,nan,nan,nan,nan,nan,nan,nan,nan,0.000000000000000000e+00,nan,0.000000000000000000e+00,nan,nan,nan,nan,nan,nan,nan,nan,nan,8.000000000000004330e-02,nan,nan,nan,nan,nan,nan,nan,nan,nan
nan,nan,nan,nan,nan,nan,nan,nan,nan,nan,nan,nan,nan,nan,2.934362934362937450e-02,9.266409266409269402e-03,0.000000000000000000e+00,nan,nan,nan,nan,nan,nan,nan,nan,2.220446049250313204e-17,4.710424710424711975e-02,nan,4.092664092664095865e-02,nan,nan,nan,1.544401544401563476e-03,nan,nan,nan,nan,nan,nan,nan,nan,nan,nan,0.000000000000000000e+00,nan,0.000000000000000000e+00,nan,nan,nan,nan,nan,nan,nan,nan,nan,3.552123552123558070e-02,nan,nan,nan,nan,nan,nan,nan,nan,nan
nan,nan,nan,nan,nan,nan,nan,nan,nan,nan,nan,nan,nan,nan,-7.692307692307664979e-03,nan,0.000000000000000000e+00,-3.076923076923043961e-03,nan,nan,nan,nan,nan,nan,nan,-1.307692307692303116e-02,3.307692307692311484e-02,nan,-1.299999999999999767e-01,nan,nan,nan,-6.153846153846132157e-03,nan,-2.307692307692277116e-03,nan,nan,nan,nan,nan,nan,nan,nan,0.000000000000000000e+00,nan,0.000000000000000000e+00,nan,nan,nan,nan,nan,nan,nan,nan,nan,-1.353846153846153810e-01,nan,nan,nan,nan,nan,nan,nan,nan,nan
nan,nan,nan,nan,nan,nan,nan,nan,nan,nan,nan,nan,nan,nan,-9.848484848484839044e-03,nan,0.000000000000000000e+00,-5.303030303030298147e-03,nan,nan,nan,nan,nan,nan,nan,-2.272727272727270882e-03,-1.969696969696970237e-02,nan,-1.151515151515151575e-01,nan,nan,nan,-7.575757575757569246e-04,nan,nan,nan,nan,nan,nan,nan,nan,nan,nan,0.000000000000000000e+00,nan,0.000000000000000000e+00,nan,-2.272727272727270882e-03,nan,nan,nan,nan,nan,nan,nan,-4.545454545454563448e-03,nan,nan,nan,nan,nan,nan,nan,nan,nan
nan,nan,nan,nan,nan,nan,nan,nan,nan,nan,nan,nan,nan,nan,1.697416974169738829e-02,nan,0.000000000000000000e+00,2.730627306273059052e-02,nan,nan,nan,nan,nan,nan,nan,3.690036900369005057e-02,nan,nan,nan,nan,nan,nan,2.952029520295200785e-02,nan,2.730627306273059052e-02,nan,nan,nan,nan,nan,nan,nan,nan,0.000000000000000000e+00,nan,0.000000000000000000e+00,nan,nan,nan,nan,nan,nan,nan,nan,nan,-1.254612546125464211e-02,nan,nan,nan,nan,nan,nan,nan,nan,nan
nan,nan,nan,nan,nan,nan,nan,nan,nan,nan,nan,nan,nan,nan,3.622047244094490914e-02,nan,0.000000000000000000e+00,nan,nan,nan,nan,nan,nan,nan,nan,0.000000000000000000e+00,-2.362204724409444449e-03,nan,nan,nan,nan,nan,-7.874015748031481859e-04,nan,nan,nan,nan,nan,nan,nan,nan,nan,nan,0.000000000000000000e+00,nan,0.000000000000000000e+00,nan,2.519685039370076624e-02,nan,nan,nan,nan,nan,nan,nan,3.858267716535435099e-02,nan,nan,nan,nan,nan,nan,nan,nan,nan
nan,nan,nan,nan,nan,nan,nan,nan,nan,nan,nan,nan,nan,nan,3.579766536964976847e-02,nan,0.000000000000000000e+00,nan,nan,nan,nan,nan,nan,nan,nan,2.723735408560306118e-02,nan,nan,nan,nan,nan,1.478599221789878015e-02,-5.447470817120714237e-03,nan,nan,nan,nan,nan,nan,nan,nan,nan,nan,0.000000000000000000e+00,nan,0.000000000000000000e+00,nan,8.171206225680929802e-02,nan,nan,nan,nan,nan,nan,nan,-1.712062256809339100e-01,nan,nan,nan,nan,nan,nan,nan,nan,nan
nan,nan,nan,nan,nan,nan,nan,nan,nan,nan,nan,nan,nan,nan,-1.327800829875520547e-02,6.639004149377592326e-03,0.000000000000000000e+00,-1.742738589211618658e-02,nan,nan,nan,nan,nan,nan,nan,-1.410788381742742424e-02,4.149377593360958558e-03,nan,nan,nan,nan,nan,1.576763485477177332e-02,nan,nan,nan,nan,nan,nan,nan,nan,nan,nan,0.000000000000000000e+00,nan,0.000000000000000000e+00,nan,nan,nan,nan,nan,nan,nan,nan,nan,-1.493775933609959791e-02,nan,nan,nan,nan,nan,nan,nan,nan,nan
nan,nan,nan,nan,nan,nan,nan,nan,nan,nan,nan,nan,nan,nan,1.992031872509962900e-02,nan,0.000000000000000000e+00,nan,nan,nan,nan,nan,nan,nan,nan,2.549800796812751180e-02,-3.107569721115534950e-02,nan,nan,nan,nan,8.924302788844624967e-02,0.000000000000000000e+00,nan,nan,nan,nan,nan,nan,nan,nan,nan,nan,0.000000000000000000e+00,nan,0.000000000000000000e+00,nan,9.003984063745022748e-02,nan,nan,nan,nan,nan,nan,nan,-9.163346613545815533e-02,nan,nan,nan,nan,nan,nan,nan,nan,nan
nan,nan,nan,nan,nan,nan,nan,nan,nan,nan,nan,nan,nan,nan,-2.498054474708171768e-01,nan,0.000000000000000000e+00,-1.167315175097280965e-02,nan,nan,nan,nan,nan,nan,nan,-2.178988326848252388e-02,1.945525291828788944e-02,nan,-2.692607003891051010e-01,nan,nan,nan,-1.400778210116737643e-02,nan,-2.879377431906622251e-02,nan,nan,nan,nan,nan,nan,nan,nan,0.000000000000000000e+00,nan,0.000000000000000000e+00,nan,nan,nan,nan,nan,nan,nan,nan,nan,-2.568093385214008650e-01,nan,nan,nan,nan,nan,nan,nan,nan,nan
nan,nan,nan,nan,nan,nan,nan,nan,nan,nan,nan,nan,nan,nan,2.583025830258305414e-02,nan,0.000000000000000000e+00,-1.992619926199255126e-02,nan,nan,nan,nan,nan,nan,nan,-1.549815498154978252e-02,nan,nan,nan,nan,nan,nan,-2.140221402214017438e-02,nan,nan,nan,nan,nan,nan,nan,nan,nan,nan,0.000000000000000000e+00,nan,0.000000000000000000e+00,nan,nan,nan,nan,nan,nan,nan,nan,nan,5.682656826568268510e-02,nan,nan,nan,nan,nan,nan,nan,nan,nan
nan,nan,nan,nan,nan,nan,nan,nan,nan,nan,nan,nan,nan,nan,1.647058823529405983e-02,nan,0.000000000000000000e+00,2.588235294117640153e-02,nan,nan,nan,nan,nan,nan,nan,9.411764705882319157e-03,4.549019607843132057e-02,nan,-9.960784313725494499e-02,nan,nan,nan,7.843137254901933354e-04,nan,6.274509803921524131e-03,nan,nan,nan,nan,nan,nan,nan,nan,0.000000000000000000e+00,nan,0.000000000000000000e+00,nan,nan,nan,nan,nan,nan,nan,nan,nan,-1.615686274509804399e-01,nan,nan,nan,nan,nan,nan,nan,nan,nan
