nan,nan,nan,nan,nan,nan,-1.271186440677962715e-02,nan,nan,nan,2.033898305084749086e-02,nan,nan,nan,nan,nan,nan,nan,nan,nan,-7.627118644067776114e-03,nan,nan,nan,nan,-8.474576271186418097e-03,nan,nan,nan,nan,nan,nan,nan,nan,nan,-8.474576271186417663e-04,nan,4.237288135593209049e-03,nan,nan,nan,nan,nan,nan,nan,nan,nan,nan,nan,2.542372881355925516e-03,nan,nan,nan,nan,-5.084745762711851032e-03,nan,nan,-4.237288135593209049e-03,nan,2.118644067796613545e-02,nan,nan,nan,nan,nan
nan,nan,nan,nan,nan,nan,-3.252032520325176361e-03,nan,nan,nan,-1.138211382113816193e-02,nan,nan,nan,nan,nan,nan,nan,nan,nan,-7.317073170731647029e-03,nan,nan,nan,nan,-3.252032520325176361e-03,nan,nan,nan,nan,nan,nan,nan,nan,nan,8.130081300813163164e-04,nan,nan,nan,nan,nan,nan,nan,nan,nan,nan,nan,nan,nan,1.626016260162632633e-03,nan,nan,nan,nan,-3.252032520325154243e-03,nan,nan,0.000000000000000000e+00,-8.130081300812963888e-03,1.626016260162632633e-03,nan,nan,nan,nan,nan
nan,nan,nan,nan,nan,nan,0.000000000000000000e+00,nan,nan,nan,2.612244897959181689e-02,nan,nan,nan,nan,nan,nan,nan,nan,nan,1.061224489795913398e-02,nan,nan,nan,nan,-4.081632653061273430e-03,nan,nan,nan,nan,nan,nan,nan,nan,nan,-3.265306122449018744e-03,nan,-4.081632653061229195e-03,nan,nan,nan,nan,nan,nan,nan,nan,nan,nan,nan,3.183673469387753030e-02,nan,nan,nan,nan,-5.714285714285738567e-03,nan,nan,-8.163265306122546860e-04,nan,7.102040816326526951e-02,nan,nan,nan,nan,nan
nan,nan,nan,nan,nan,nan,5.511811023622148649e-03,nan,nan,nan,7.874015748031704121e-04,nan,nan,nan,nan,nan,nan,nan,nan,nan,-3.937007874015741038e-03,nan,nan,nan,nan,0.000000000000000000e+00,nan,nan,nan,nan,nan,nan,nan,nan,nan,-3.149606299212592744e-03,nan,nan,nan,nan,nan,nan,nan,nan,nan,nan,nan,nan,nan,1.102362204724418628e-02,nan,nan,nan,nan,3.937007874015829509e-03,nan,nan,3.149606299212681648e-03,8.661417322834740959e-03,-3.149606299212592744e-03,nan,nan,nan,nan,nan
nan,nan,nan,nan,nan,nan,1.632653061224509372e-03,nan,nan,nan,1.714285714285712636e-02,nan,nan,nan,nan,nan,nan,nan,nan,nan,0.000000000000000000e+00,nan,nan,nan,nan,-3.265306122448951957e-03,nan,nan,nan,nan,nan,nan,nan,nan,nan,2.448979591836764058e-03,nan,0.000000000000000000e+00,nan,nan,nan,nan,nan,nan,nan,nan,nan,nan,nan,3.510204081632650741e-02,nan,nan,nan,nan,0.000000000000000000e+00,nan,nan,0.000000000000000000e+00,nan,5.877551020408162963e-02,nan,nan,nan,nan,nan
nan,nan,nan,nan,nan,nan,2.459016393442592374e-03,nan,nan,nan,6.557377049180246331e-03,nan,nan,nan,nan,nan,nan,nan,nan,nan,-2.459016393442659161e-03,nan,nan,nan,nan,4.918032786885184748e-03,nan,nan,nan,nan,nan,nan,nan,nan,nan,8.196721311475307914e-04,nan,8.196721311475307914e-04,nan,nan,nan,nan,nan,nan,nan,nan,nan,nan,nan,4.918032786885242341e-02,nan,nan,nan,nan,4.098360655737653957e-03,nan,nan,0.000000000000000000e+00,nan,5.081967213114748499e-02,nan,nan,nan,nan,nan
nan,nan,nan,nan,nan,nan,2.325581395348841514e-03,nan,nan,nan,-3.100775193798455207e-03,nan,nan,nan,nan,nan,nan,nan,nan,nan,7.751937984496137801e-03,nan,nan,nan,nan,1.550387596899227604e-03,nan,nan,nan,nan,nan,nan,nan,nan,nan,3.875968992248068901e-03,nan,-2.325581395348841514e-03,nan,nan,nan,nan,nan,nan,nan,nan,nan,nan,nan,2.170542635658909841e-02,nan,nan,nan,nan,3.875968992248068901e-03,nan,nan,3.875968992248068901e-03,nan,1.395348837209302653e-02,nan,nan,nan,nan,nan
nan,nan,nan,nan,nan,nan,0.000000000000000000e+00,nan,nan,nan,1.039999999999989891e-02,nan,nan,nan,nan,nan,nan,nan,nan,nan,0.000000000000000000e+00,nan,nan,nan,nan,7.999999999999784627e-04,nan,nan,nan,nan,nan,nan,nan,nan,nan,6.399999999999894489e-03,nan,nan,nan,nan,nan,nan,nan,nan,nan,nan,nan,nan,nan,7.199999999999939955e-03,nan,nan,nan,nan,9.599999999999896810e-03,nan,nan,4.799999999999892894e-03,5.599999999999894125e-03,2.959999999999991457e-02,nan,nan,nan,nan,nan
nan,nan,nan,nan,nan,nan,3.053435114503777296e-03,nan,nan,nan,2.824427480916027328e-02,nan,nan,nan,nan,nan,nan,nan,nan,nan,7.633587786259487910e-03,nan,nan,nan,nan,7.633587786259443241e-04,nan,nan,nan,nan,nan,nan,nan,nan,nan,7.633587786259443241e-04,nan,nan,nan,nan,nan,nan,nan,nan,nan,nan,nan,nan,nan,5.954198473282439064e-02,nan,nan,nan,nan,-3.053435114503866201e-03,nan,nan,-3.816793893129832860e-03,-2.220446049250313204e-17,5.038167938931292777e-02,nan,nan,nan,nan,nan
nan,nan,nan,nan,nan,nan,1.149425287356322690e-02,nan,nan,nan,1.532567049808464298e-03,nan,nan,nan,nan,nan,nan,nan,nan,nan,-3.831417624521038338e-03,nan,nan,nan,nan,-1.532567049808397728e-03,nan,nan,nan,nan,nan,nan,nan,nan,nan,-9.195402298850541625e-03,nan,-9.195402298850541625e-03,nan,nan,nan,nan,nan,nan,nan,nan,nan,nan,nan,1.149425287356324946e-02,nan,nan,nan,nan,nan,nan,nan,-5.363984674329436500e-03,-1.302681992337162420e-02,-2.298850574712596375e-03,nan,nan,nan,nan,nan
nan,nan,nan,nan,nan,nan,7.782101167315147450e-03,nan,nan,nan,1.400778210116728796e-02,nan,nan,nan,nan,nan,nan,nan,nan,nan,-3.112840466926058980e-03,nan,nan,nan,nan,7.782101167315147450e-04,nan,nan,nan,nan,nan,nan,nan,nan,nan,1.556420233463029490e-03,nan,nan,nan,nan,nan,nan,nan,nan,nan,nan,nan,nan,nan,5.447470817120603215e-03,nan,nan,nan,nan,0.000000000000000000e+00,nan,nan,-7.782101167315147450e-04,0.000000000000000000e+00,5.447470817120603215e-03,nan,nan,nan,nan,nan
nan,nan,nan,nan,nan,nan,4.743083003952652810e-03,nan,nan,nan,2.529644268774711158e-02,nan,nan,nan,nan,nan,nan,nan,nan,nan,-7.905138339920902979e-04,nan,nan,nan,nan,2.220446049250313204e-17,nan,nan,nan,nan,nan,nan,nan,nan,nan,nan,nan,4.110671936758900774e-02,nan,nan,nan,nan,nan,nan,nan,nan,nan,nan,nan,2.371541501976359798e-03,nan,nan,nan,nan,5.533596837944743108e-03,nan,nan,0.000000000000000000e+00,-7.905138339920680718e-04,0.000000000000000000e+00,nan,nan,nan,nan,nan
nan,nan,nan,nan,nan,nan,0.000000000000000000e+00,nan,nan,nan,8.097165991902821949e-03,nan,nan,nan,nan,nan,nan,nan,nan,nan,0.000000000000000000e+00,nan,nan,nan,nan,-3.238866396761164255e-03,nan,nan,nan,nan,nan,nan,nan,nan,nan,4.858299595141724048e-03,nan,nan,nan,nan,nan,nan,nan,nan,nan,nan,nan,nan,nan,-5.668016194331992885e-03,nan,nan,nan,nan,8.097165991902910637e-04,nan,nan,-8.097165991902910637e-04,0.000000000000000000e+00,4.048582995951432659e-03,nan,nan,nan,nan,nan
nan,nan,nan,nan,nan,nan,-1.603053435114500797e-02,nan,nan,nan,1.679389312977104184e-02,nan,nan,nan,nan,nan,nan,nan,nan,nan,-3.053435114503799848e-03,nan,nan,nan,nan,-6.106870229007621380e-03,nan,nan,nan,nan,nan,nan,nan,nan,nan,nan,nan,-4.580152671755710614e-03,nan,nan,nan,nan,nan,nan,nan,nan,nan,nan,nan,2.366412213740458695e-02,nan,nan,nan,nan,-4.580152671755688062e-03,nan,nan,-3.053435114503777296e-03,-7.633587786259443241e-04,3.358778625954199348e-02,nan,nan,nan,nan,nan
nan,nan,nan,nan,nan,nan,-8.130081300812940902e-04,nan,nan,nan,8.943089430894345798e-03,nan,nan,nan,nan,nan,nan,nan,nan,nan,0.000000000000000000e+00,nan,nan,nan,nan,0.000000000000000000e+00,nan,nan,nan,nan,nan,nan,nan,nan,nan,4.065040650406470668e-03,nan,nan,nan,nan,nan,nan,nan,nan,nan,nan,nan,nan,nan,-4.065040650406470668e-03,nan,nan,nan,nan,2.439024390243882488e-03,nan,nan,0.000000000000000000e+00,8.130081300813052358e-03,2.357723577235772833e-02,nan,nan,nan,nan,nan
nan,nan,nan,nan,nan,nan,1.181434599156114783e-02,nan,nan,nan,8.438818565400851845e-03,nan,nan,nan,nan,nan,nan,nan,nan,nan,0.000000000000000000e+00,nan,nan,nan,nan,0.000000000000000000e+00,nan,nan,nan,nan,nan,nan,nan,nan,nan,0.000000000000000000e+00,nan,7.594936708860755732e-03,nan,nan,nan,nan,nan,nan,nan,nan,nan,nan,nan,-5.907172995780629425e-03,nan,nan,nan,nan,-2.531645569620310891e-03,nan,nan,3.375527426160296416e-03,nan,8.438818565400851845e-03,nan,nan,nan,nan,nan
nan,nan,nan,nan,nan,nan,0.000000000000000000e+00,nan,nan,nan,1.581027667984191698e-02,nan,nan,nan,nan,nan,nan,nan,nan,nan,-1.581027667984180596e-03,nan,nan,nan,nan,-3.952569169960451489e-03,nan,nan,nan,nan,nan,nan,nan,nan,nan,nan,nan,-7.905138339920902979e-04,nan,nan,nan,nan,nan,nan,nan,nan,nan,nan,nan,7.905138339920968898e-03,nan,nan,nan,nan,0.000000000000000000e+00,nan,nan,0.000000000000000000e+00,-4.743083003952541787e-03,2.371541501976291016e-02,nan,nan,nan,nan,nan
nan,nan,nan,nan,nan,nan,-3.225806451612900187e-03,nan,nan,nan,2.419354838709675357e-03,nan,nan,nan,nan,nan,nan,nan,nan,nan,0.000000000000000000e+00,nan,nan,nan,nan,0.000000000000000000e+00,nan,nan,nan,nan,nan,nan,nan,nan,nan,nan,nan,-4.032258064516125451e-03,nan,0.000000000000000000e+00,nan,nan,nan,nan,nan,nan,nan,nan,nan,-2.419354838709675357e-03,nan,nan,nan,nan,4.032258064516125451e-03,nan,nan,-7.258064516129025638e-03,nan,3.225806451612900187e-03,nan,nan,nan,nan,nan
nan,nan,nan,nan,nan,nan,0.000000000000000000e+00,nan,nan,nan,1.550387596899218713e-02,nan,nan,nan,nan,nan,nan,nan,nan,nan,-3.100775193798455207e-03,nan,nan,nan,nan,6.201550387596910414e-03,nan,nan,nan,nan,nan,nan,nan,nan,nan,-2.325581395348841514e-03,nan,-1.550387596899227604e-03,nan,nan,nan,nan,nan,nan,nan,nan,nan,nan,nan,1.472868217054257300e-02,nan,nan,nan,nan,2.325581395348841514e-03,nan,nan,7.751937984496138018e-04,nan,3.875968992248068901e-03,nan,nan,nan,nan,nan
nan,nan,nan,nan,nan,nan,0.000000000000000000e+00,nan,nan,nan,2.092050209205022909e-02,nan,nan,nan,nan,nan,nan,nan,nan,nan,4.184100418410108269e-03,nan,nan,nan,nan,-1.673640167363976737e-03,nan,nan,nan,nan,nan,nan,nan,nan,nan,-8.368200836819772014e-04,nan,nan,nan,7.531380753138106413e-03,nan,nan,nan,nan,nan,nan,nan,nan,nan,1.338912133891214697e-02,nan,nan,nan,nan,4.184100418410085717e-03,nan,nan,1.673640167364043307e-03,nan,8.368200836820105515e-03,nan,nan,nan,nan,nan
nan,nan,nan,nan,nan,nan,0.000000000000000000e+00,nan,nan,nan,1.640625000000000069e-02,nan,nan,nan,nan,nan,nan,nan,nan,nan,7.812500000000000000e-03,nan,nan,nan,nan,0.000000000000000000e+00,nan,nan,nan,nan,nan,nan,nan,nan,nan,0.000000000000000000e+00,nan,nan,nan,nan,nan,nan,nan,nan,nan,nan,nan,nan,nan,1.015625000000000035e-02,nan,nan,nan,nan,-1.562500000000000087e-03,nan,nan,0.000000000000000000e+00,-6.250000000000000347e-03,1.328124999999999965e-02,nan,nan,nan,nan,nan
nan,nan,nan,nan,nan,nan,2.047244094488196581e-02,nan,nan,nan,8.661417322834652488e-03,nan,nan,nan,nan,nan,nan,nan,nan,nan,9.448818897637822900e-03,nan,nan,nan,nan,3.937007874015741038e-03,nan,nan,nan,nan,nan,nan,nan,nan,nan,7.086614173228334215e-03,nan,1.102362204724411862e-02,nan,nan,nan,nan,nan,nan,nan,nan,nan,nan,nan,2.047244094488196581e-02,nan,nan,nan,nan,-7.086614173228334215e-03,nan,nan,0.000000000000000000e+00,nan,3.307086614173233852e-02,nan,nan,nan,nan,nan
nan,nan,nan,nan,nan,nan,0.000000000000000000e+00,nan,nan,nan,7.812500000000000434e-04,nan,nan,nan,nan,nan,nan,nan,nan,nan,-5.468749999999999653e-03,nan,nan,nan,nan,-6.250000000000000347e-03,nan,nan,nan,nan,nan,nan,nan,nan,nan,7.812500000000000434e-04,nan,nan,nan,nan,nan,nan,nan,nan,nan,nan,nan,nan,nan,-7.812500000000000000e-03,nan,nan,nan,nan,-1.562500000000000087e-03,nan,nan,-3.125000000000000173e-03,-7.812500000000000434e-04,7.812500000000000434e-04,nan,nan,nan,nan,nan
nan,nan,nan,nan,nan,nan,9.230769230769198669e-03,nan,nan,nan,6.923076923076898134e-03,nan,nan,nan,nan,nan,nan,nan,nan,nan,0.000000000000000000e+00,nan,nan,nan,nan,9.230769230769198669e-03,nan,nan,nan,nan,nan,nan,nan,nan,nan,0.000000000000000000e+00,nan,7.692307692307665196e-04,nan,nan,nan,nan,nan,nan,nan,nan,nan,nan,nan,2.615384615384614905e-02,nan,nan,nan,nan,1.538461538461533039e-03,nan,nan,0.000000000000000000e+00,nan,1.999999999999999695e-02,nan,nan,nan,nan,nan
nan,nan,nan,nan,nan,nan,2.290076335877877425e-03,nan,nan,nan,3.053435114503819797e-02,nan,nan,nan,nan,nan,nan,nan,nan,nan,2.290076335877899542e-03,nan,nan,nan,nan,-1.526717557251888648e-03,nan,nan,nan,nan,nan,nan,nan,nan,nan,nan,nan,6.870229007633610156e-03,nan,nan,nan,nan,nan,nan,nan,nan,nan,nan,nan,3.816793893129770410e-02,nan,nan,nan,nan,-3.053435114503799848e-03,nan,nan,0.000000000000000000e+00,2.290076335877899542e-03,4.045801526717555940e-02,nan,nan,nan,nan,nan
nan,nan,nan,nan,nan,nan,0.000000000000000000e+00,nan,nan,nan,9.885931558935356911e-03,nan,nan,nan,nan,nan,nan,nan,nan,nan,-7.604562737642650127e-04,nan,nan,nan,nan,0.000000000000000000e+00,nan,nan,nan,nan,nan,nan,nan,nan,nan,3.802281368821325280e-03,nan,nan,nan,nan,nan,nan,nan,nan,nan,nan,nan,nan,nan,-6.083650190114054182e-03,nan,nan,nan,nan,0.000000000000000000e+00,nan,nan,0.000000000000000000e+00,3.802281368821303163e-03,3.802281368821325280e-03,nan,nan,nan,nan,nan
nan,nan,nan,nan,nan,nan,0.000000000000000000e+00,nan,nan,nan,-3.952569169960495725e-03,nan,nan,nan,nan,nan,nan,nan,nan,nan,-6.324110671936789170e-03,nan,nan,nan,nan,1.581027667984180596e-03,nan,nan,nan,nan,nan,nan,nan,nan,nan,nan,nan,-7.905138339920968898e-03,nan,nan,nan,nan,nan,nan,nan,nan,nan,nan,nan,2.292490118577072966e-02,nan,nan,nan,nan,-3.952569169960451489e-03,nan,nan,-1.343873517786564609e-02,0.000000000000000000e+00,-1.581027667984202714e-03,nan,nan,nan,nan,nan
nan,nan,nan,nan,nan,nan,0.000000000000000000e+00,nan,nan,nan,7.258064516129025638e-03,nan,nan,nan,nan,nan,nan,nan,nan,nan,-4.838709677419350715e-03,nan,nan,nan,nan,4.032258064516125451e-03,nan,nan,nan,nan,nan,nan,nan,nan,nan,-4.838709677419350715e-03,nan,5.645161290322575978e-03,nan,nan,nan,nan,nan,nan,nan,nan,nan,nan,nan,2.177419354838707605e-02,nan,nan,nan,nan,0.000000000000000000e+00,nan,nan,-4.032258064516125451e-03,nan,6.451612903225800374e-03,nan,nan,nan,nan,nan
nan,nan,nan,nan,nan,nan,9.352517985611452991e-03,nan,nan,nan,-7.913669064748263954e-03,nan,nan,nan,nan,nan,nan,nan,nan,nan,0.000000000000000000e+00,nan,nan,nan,nan,-7.194244604316723645e-04,nan,nan,nan,nan,nan,nan,nan,nan,nan,nan,nan,-7.194244604316723645e-04,nan,nan,nan,nan,nan,nan,nan,nan,nan,nan,nan,1.654676258992802268e-02,nan,nan,nan,nan,-5.035971223021662099e-03,nan,nan,-9.352517985611564014e-03,2.805755395683446826e-02,4.316546762589925507e-02,nan,nan,nan,nan,nan
nan,nan,nan,nan,nan,nan,0.000000000000000000e+00,nan,nan,nan,2.661290322580642936e-02,nan,nan,nan,nan,nan,nan,nan,nan,nan,9.677419354838701429e-03,nan,nan,nan,nan,8.064516129032250902e-03,nan,nan,nan,nan,nan,nan,nan,nan,nan,1.774193548387095060e-02,nan,nan,nan,nan,nan,nan,nan,nan,nan,nan,nan,nan,nan,8.870967741935475298e-03,nan,nan,nan,nan,6.451612903225800374e-03,nan,nan,0.000000000000000000e+00,2.096774193548385165e-02,5.645161290322575978e-03,nan,nan,nan,nan,nan
nan,nan,nan,nan,nan,nan,6.504065040650419509e-03,nan,nan,nan,1.544715447154472107e-02,nan,nan,nan,nan,nan,nan,nan,nan,nan,1.300813008130083902e-02,nan,nan,nan,nan,-3.252032520325176361e-03,nan,nan,nan,nan,nan,nan,nan,nan,nan,7.317073170731713816e-03,nan,-3.252032520325176361e-03,nan,nan,nan,nan,nan,nan,nan,nan,nan,nan,nan,3.739837398373983823e-02,nan,nan,nan,nan,3.252032520325176361e-03,nan,nan,4.878048780487809211e-03,nan,5.365853658536585968e-02,nan,nan,nan,nan,nan
nan,nan,nan,nan,nan,nan,-3.212851405622529997e-03,nan,nan,nan,-8.032128514056547253e-04,nan,nan,nan,nan,nan,nan,nan,nan,nan,5.622489959839316147e-03,nan,nan,nan,nan,5.622489959839316147e-03,nan,nan,nan,nan,nan,nan,nan,nan,nan,1.526104417670679468e-02,nan,2.409638554216830819e-03,nan,nan,nan,nan,nan,nan,nan,nan,nan,nan,nan,7.228915662650580928e-03,nan,nan,nan,nan,-1.606425702811287116e-03,nan,nan,3.212851405622441092e-03,nan,4.016064257028073917e-03,nan,nan,nan,nan,nan
nan,nan,nan,nan,nan,nan,0.000000000000000000e+00,nan,nan,nan,3.266932270916331899e-02,nan,nan,nan,nan,nan,nan,nan,nan,nan,1.593625498007966669e-03,nan,nan,nan,nan,0.000000000000000000e+00,nan,nan,nan,nan,nan,nan,nan,nan,nan,-6.374501992031866675e-03,nan,2.709163346613543272e-02,nan,nan,nan,nan,nan,nan,nan,nan,nan,nan,nan,7.968127490039833343e-04,nan,nan,nan,nan,3.984063745019916780e-03,nan,nan,0.000000000000000000e+00,nan,2.231075697211153466e-02,nan,nan,nan,nan,nan
nan,nan,nan,nan,nan,nan,3.149606299212681648e-03,nan,nan,nan,2.362204724409453643e-02,nan,nan,nan,nan,nan,nan,nan,nan,nan,1.574803149606340824e-03,nan,nan,nan,nan,0.000000000000000000e+00,nan,nan,nan,nan,nan,nan,nan,nan,nan,nan,nan,1.181102362204733414e-02,nan,nan,nan,nan,nan,nan,nan,nan,nan,nan,nan,-2.362204724409444449e-03,nan,nan,nan,nan,-7.874015748031481859e-04,nan,nan,3.937007874015852060e-03,-9.448818897637777797e-03,7.086614173228422686e-03,nan,nan,nan,nan,nan
nan,nan,nan,nan,nan,nan,1.612903225806450094e-03,nan,nan,nan,7.258064516129025638e-03,nan,nan,nan,nan,nan,nan,nan,nan,nan,8.064516129032250468e-04,nan,nan,nan,nan,0.000000000000000000e+00,nan,nan,nan,nan,nan,nan,nan,nan,nan,-8.064516129032250468e-04,nan,nan,nan,nan,nan,nan,nan,nan,nan,nan,nan,nan,nan,0.000000000000000000e+00,nan,nan,nan,nan,-8.064516129032250468e-04,nan,nan,0.000000000000000000e+00,-8.064516129032250468e-04,7.258064516129025638e-03,nan,nan,nan,nan,nan
nan,nan,nan,nan,nan,nan,-2.325581395348841514e-03,nan,nan,nan,2.480620155038753064e-02,nan,nan,nan,nan,nan,nan,nan,nan,nan,1.085271317829448155e-02,nan,nan,nan,nan,-2.325581395348841514e-03,nan,nan,nan,nan,nan,nan,nan,nan,nan,-3.100775193798455207e-03,nan,nan,nan,nan,nan,nan,nan,nan,nan,nan,nan,nan,nan,2.713178294573637128e-02,nan,nan,nan,nan,5.426356589147252052e-03,nan,nan,7.751937984496138018e-04,8.527131782945684274e-03,2.945736434108521193e-02,nan,nan,nan,nan,nan
nan,nan,nan,nan,nan,nan,1.158301158301167089e-02,nan,nan,nan,3.861003861003853288e-03,nan,nan,nan,nan,nan,nan,nan,nan,nan,6.177606177606232221e-03,nan,nan,nan,nan,7.722007722007706793e-04,nan,nan,nan,nan,nan,nan,nan,nan,nan,-3.861003861003853288e-03,nan,nan,nan,nan,nan,nan,nan,nan,nan,nan,nan,nan,nan,4.478764478764481194e-02,nan,nan,nan,nan,3.861003861003853288e-03,nan,nan,0.000000000000000000e+00,5.405405405405461217e-03,4.092664092664095865e-02,nan,nan,nan,nan,nan
nan,nan,nan,nan,nan,nan,8.032128514055880469e-04,nan,nan,nan,1.847389558232932424e-02,nan,nan,nan,nan,nan,nan,nan,nan,nan,8.032128514056547253e-04,nan,nan,nan,nan,1.606425702811264998e-03,nan,nan,nan,nan,nan,nan,nan,nan,nan,7.228915662650647715e-03,nan,2.409638554216875055e-03,nan,nan,nan,nan,nan,nan,nan,nan,nan,nan,nan,2.168674698795178962e-02,nan,nan,nan,nan,-6.425702811244993207e-03,nan,nan,7.228915662650626031e-03,nan,1.124497991967874332e-02,nan,nan,nan,nan,nan
nan,nan,nan,nan,nan,nan,-3.112840466926058980e-03,nan,nan,nan,6.225680933852117960e-03,nan,nan,nan,nan,nan,nan,nan,nan,nan,-1.556420233463029490e-03,nan,nan,nan,nan,-2.334630350194566353e-03,nan,nan,nan,nan,nan,nan,nan,nan,nan,-1.400778210116737643e-02,nan,nan,nan,nan,nan,nan,nan,nan,nan,nan,nan,nan,nan,2.023346303501940419e-02,nan,nan,nan,nan,-3.891050583657573725e-03,nan,nan,-5.447470817120647450e-03,-1.245136186770434694e-02,3.112840466926036862e-03,nan,nan,nan,nan,nan
nan,nan,nan,nan,nan,nan,1.600000000000001378e-03,nan,nan,nan,3.200000000000002755e-03,nan,nan,nan,nan,nan,nan,nan,nan,nan,3.200000000000002755e-03,nan,nan,nan,nan,8.000000000000006889e-04,nan,nan,nan,nan,nan,nan,nan,nan,nan,8.000000000000006889e-04,nan,nan,nan,nan,nan,nan,nan,nan,nan,nan,nan,nan,nan,2.960000000000002560e-02,nan,nan,nan,nan,2.400000000000001958e-03,nan,nan,4.000000000000003553e-03,0.000000000000000000e+00,2.400000000000002132e-02,nan,nan,nan,nan,nan
nan,nan,nan,nan,nan,nan,8.000000000000007105e-03,nan,nan,nan,1.600000000000001378e-03,nan,nan,nan,nan,nan,nan,nan,nan,nan,1.040000000000000993e-02,nan,nan,nan,nan,3.200000000000002755e-03,nan,nan,nan,nan,nan,nan,nan,nan,nan,4.000000000000003553e-03,nan,nan,nan,nan,nan,nan,nan,nan,nan,nan,nan,nan,nan,3.120000000000002632e-02,nan,nan,nan,nan,3.200000000000002755e-03,nan,nan,5.600000000000005147e-03,5.600000000000005147e-03,1.840000000000001704e-02,nan,nan,nan,nan,nan
nan,nan,nan,nan,nan,nan,-8.906882591093179258e-03,nan,nan,nan,5.668016194331948650e-03,nan,nan,nan,nan,nan,nan,nan,nan,nan,-2.429149797570895417e-03,nan,nan,nan,nan,-8.097165991902887869e-03,nan,nan,nan,nan,nan,nan,nan,nan,nan,-2.220446049250313204e-17,nan,-2.220446049250313204e-17,nan,nan,nan,nan,nan,nan,nan,nan,nan,nan,nan,1.133603238866394067e-02,nan,nan,nan,nan,7.287449392712508009e-03,nan,nan,-1.376518218623488075e-02,nan,4.858299595141657261e-03,nan,nan,nan,nan,nan
nan,nan,nan,nan,nan,nan,-8.988764044943753362e-03,nan,nan,nan,-1.797752808988757264e-02,nan,nan,nan,nan,nan,nan,nan,nan,nan,-1.123595505617969170e-02,nan,nan,nan,nan,0.000000000000000000e+00,nan,nan,nan,nan,nan,nan,nan,nan,nan,nan,nan,-3.745318352059934242e-03,nan,nan,nan,nan,nan,nan,nan,nan,nan,nan,nan,9.737827715355829375e-03,nan,nan,nan,nan,0.000000000000000000e+00,nan,nan,-3.745318352059934242e-03,-5.243445692883841672e-03,-8.239700374531788371e-03,nan,nan,nan,nan,nan
nan,nan,nan,nan,nan,nan,6.374501992031866675e-03,nan,nan,nan,1.752988047808763314e-02,nan,nan,nan,nan,nan,nan,nan,nan,nan,3.984063745019916780e-03,nan,nan,nan,nan,1.115537848605576733e-02,nan,nan,nan,nan,nan,nan,nan,nan,nan,7.968127490039833343e-04,nan,3.984063745019916780e-03,nan,nan,nan,nan,nan,nan,nan,nan,nan,nan,nan,1.752988047808763314e-02,nan,nan,nan,nan,3.984063745019916780e-03,nan,nan,7.968127490039833560e-03,nan,1.115537848605576733e-02,nan,nan,nan,nan,nan
nan,nan,nan,nan,nan,nan,6.584362139917665849e-03,nan,nan,nan,3.374485596707814394e-02,nan,nan,nan,nan,nan,nan,nan,nan,nan,6.584362139917665849e-03,nan,nan,nan,nan,-1.646090534979438580e-03,nan,nan,nan,nan,nan,nan,nan,nan,nan,-2.469135802469124476e-03,nan,1.810699588477362315e-02,nan,nan,nan,nan,nan,nan,nan,nan,nan,nan,nan,1.646090534979422967e-02,nan,nan,nan,nan,7.407407407407373863e-03,nan,nan,0.000000000000000000e+00,nan,7.407407407407373863e-03,nan,nan,nan,nan,nan
nan,9.523809523809489974e-03,nan,nan,nan,nan,3.412698412698411676e-02,nan,nan,nan,-2.380952380952394611e-03,nan,nan,nan,nan,nan,nan,nan,nan,nan,1.587301587301581662e-03,nan,nan,nan,nan,1.587301587301581662e-03,nan,nan,nan,nan,nan,nan,nan,nan,nan,nan,nan,8.730158730158699143e-03,nan,nan,nan,nan,nan,nan,nan,nan,nan,nan,nan,-3.174603174603163325e-03,nan,nan,nan,nan,2.380952380952372494e-03,nan,nan,7.142857142857117481e-03,nan,-3.174603174603163325e-03,nan,nan,nan,nan,nan
nan,nan,nan,nan,nan,nan,-6.949806949807046594e-03,nan,nan,nan,2.239382239382235046e-02,nan,nan,nan,nan,nan,nan,nan,nan,nan,1.544401544401519024e-03,nan,nan,nan,nan,-7.722007722007929054e-04,nan,nan,nan,nan,nan,nan,nan,nan,nan,2.471042471042466174e-02,nan,3.088803088803082717e-03,nan,nan,nan,nan,nan,nan,nan,nan,nan,nan,nan,2.393822393822388900e-02,nan,nan,nan,nan,-4.633204633204712763e-03,nan,nan,-2.220446049250313204e-17,nan,1.698841698841693088e-02,nan,nan,nan,nan,nan
nan,nan,nan,nan,nan,nan,-5.668016194331926098e-03,nan,nan,nan,-8.906882591093090787e-03,nan,nan,nan,nan,nan,nan,nan,nan,nan,-8.906882591093090787e-03,nan,nan,nan,nan,4.048582995951432659e-03,nan,nan,nan,nan,nan,nan,nan,nan,nan,-8.097165991902799398e-03,nan,nan,nan,nan,nan,nan,nan,nan,nan,nan,nan,nan,nan,1.943319838056683027e-02,nan,nan,nan,nan,0.000000000000000000e+00,nan,nan,8.097165991902910637e-04,-8.097165991902799398e-03,-4.048582995951366739e-03,nan,nan,nan,nan,nan
nan,nan,nan,nan,nan,nan,0.000000000000000000e+00,nan,nan,nan,3.492063492063497698e-02,nan,nan,nan,nan,nan,nan,nan,nan,nan,6.349206349206415120e-03,nan,nan,nan,nan,7.936507936508130573e-04,nan,nan,nan,nan,nan,nan,nan,nan,nan,0.000000000000000000e+00,nan,9.523809523809600996e-03,nan,nan,nan,nan,nan,nan,nan,nan,nan,nan,nan,1.825396825396830014e-02,nan,nan,nan,nan,0.000000000000000000e+00,nan,nan,2.380952380952439280e-03,nan,2.063492063492067263e-02,nan,nan,nan,nan,nan
nan,nan,nan,nan,nan,nan,3.333333333333343522e-03,nan,nan,nan,1.916666666666671029e-02,nan,nan,nan,nan,nan,nan,nan,nan,nan,5.000000000000004441e-03,nan,nan,nan,nan,4.166666666666651864e-03,nan,nan,nan,nan,nan,nan,nan,nan,nan,1.666666666666660702e-03,nan,-8.333333333333303511e-04,nan,nan,nan,nan,nan,nan,nan,nan,nan,nan,nan,4.500000000000003997e-02,nan,nan,nan,nan,-8.333333333333303511e-04,nan,nan,0.000000000000000000e+00,nan,3.250000000000001499e-02,nan,nan,nan,nan,nan
nan,nan,nan,nan,nan,nan,-1.652892561983465613e-03,nan,nan,nan,1.157024793388432629e-02,nan,nan,nan,nan,nan,nan,nan,nan,nan,5.785123966942129319e-03,nan,nan,nan,nan,2.479338842975198527e-03,nan,nan,nan,nan,nan,nan,nan,nan,nan,-9.917355371900794109e-03,nan,-1.652892561983465613e-03,nan,-2.479338842975198527e-03,nan,nan,nan,nan,nan,nan,nan,nan,nan,3.305785123966931225e-03,nan,nan,nan,nan,nan,nan,nan,8.264462809917350397e-03,nan,1.322314049586776827e-02,nan,nan,nan,nan,nan
nan,nan,nan,nan,nan,nan,-6.477732793522261723e-03,nan,nan,nan,1.619433198380559793e-03,nan,nan,nan,nan,nan,nan,nan,nan,nan,1.619433198380559793e-03,nan,nan,nan,nan,2.429149797570873300e-03,nan,nan,nan,nan,nan,nan,nan,nan,nan,0.000000000000000000e+00,nan,-1.133603238866398577e-02,nan,nan,nan,nan,nan,nan,nan,nan,nan,nan,nan,3.076923076923079176e-02,nan,nan,nan,nan,0.000000000000000000e+00,nan,nan,0.000000000000000000e+00,nan,1.619433198380537675e-03,nan,nan,nan,nan,nan
nan,nan,nan,nan,nan,nan,0.000000000000000000e+00,nan,nan,nan,3.259259259259254804e-02,nan,nan,nan,nan,nan,nan,nan,nan,nan,7.407407407407307293e-04,nan,nan,nan,nan,5.185185185185159015e-03,nan,nan,nan,nan,nan,nan,nan,nan,nan,7.407407407407395547e-03,nan,-4.440892098500626408e-17,nan,nan,nan,nan,nan,nan,nan,nan,nan,nan,nan,5.185185185185181567e-03,nan,nan,nan,nan,7.407407407407307293e-04,nan,nan,2.222222222222192296e-03,nan,1.259259259259257711e-02,nan,nan,nan,nan,nan
nan,nan,nan,nan,nan,nan,8.130081300813007256e-03,nan,nan,nan,2.113821138211384801e-02,nan,nan,nan,nan,nan,nan,nan,nan,nan,5.691056910569103518e-03,nan,nan,nan,nan,0.000000000000000000e+00,nan,nan,nan,nan,nan,nan,nan,nan,nan,0.000000000000000000e+00,nan,1.788617886178864996e-02,nan,nan,nan,nan,nan,nan,nan,nan,nan,nan,nan,1.869918699186994340e-02,nan,nan,nan,nan,3.252032520325176361e-03,nan,nan,-2.439024390243904605e-03,nan,2.357723577235775261e-02,nan,nan,nan,nan,nan
nan,nan,nan,nan,nan,nan,-5.691056910569125202e-03,nan,nan,nan,2.439024390243882488e-03,nan,nan,nan,nan,nan,nan,nan,nan,nan,2.439024390243882488e-03,nan,nan,nan,nan,0.000000000000000000e+00,nan,nan,nan,nan,nan,nan,nan,nan,nan,-8.943089430894324982e-03,nan,0.000000000000000000e+00,nan,nan,nan,nan,nan,nan,nan,nan,nan,nan,nan,1.951219512195121603e-02,nan,nan,nan,nan,0.000000000000000000e+00,nan,nan,0.000000000000000000e+00,nan,1.626016260162599369e-02,nan,nan,nan,nan,nan
nan,nan,nan,nan,nan,nan,1.532567049808464298e-03,nan,nan,nan,1.532567049808441963e-03,nan,nan,nan,nan,nan,nan,nan,nan,nan,0.000000000000000000e+00,nan,nan,nan,nan,7.662835249042209817e-04,nan,nan,nan,nan,nan,nan,nan,nan,nan,-3.831417624521016221e-03,nan,nan,nan,nan,nan,nan,nan,nan,nan,nan,nan,nan,nan,0.000000000000000000e+00,nan,nan,nan,nan,2.220446049250313204e-17,nan,nan,-3.831417624521038338e-03,1.302681992337169012e-02,-3.065134099616817574e-03,nan,nan,nan,nan,nan
nan,nan,nan,nan,nan,nan,-6.274509803921546683e-03,nan,nan,nan,1.803921568627455535e-02,nan,nan,nan,nan,nan,nan,nan,nan,nan,-1.568627450980386671e-03,nan,nan,nan,nan,0.000000000000000000e+00,nan,nan,nan,nan,nan,nan,nan,nan,nan,nan,nan,0.000000000000000000e+00,nan,nan,nan,nan,nan,nan,nan,nan,nan,nan,nan,7.843137254902043942e-03,nan,nan,nan,nan,5.490196078431397800e-03,nan,nan,7.843137254902376792e-04,7.843137254902154531e-04,7.058823529411828272e-03,nan,nan,nan,nan,nan
nan,nan,nan,nan,nan,nan,-3.137254901960773341e-03,nan,nan,nan,3.607843137254899968e-02,nan,nan,nan,nan,nan,nan,nan,nan,nan,7.058823529411739801e-03,nan,nan,nan,nan,-3.921568627450966460e-03,nan,nan,nan,nan,nan,nan,nan,nan,nan,0.000000000000000000e+00,nan,3.137254901960773341e-03,nan,nan,nan,nan,nan,nan,nan,nan,nan,nan,nan,1.568627450980393176e-02,nan,nan,nan,nan,3.921568627450966460e-03,nan,nan,0.000000000000000000e+00,nan,5.411764705882353421e-02,nan,nan,nan,nan,nan
nan,nan,nan,nan,nan,nan,-3.891050583657573725e-03,nan,nan,nan,1.322957198443586169e-02,nan,nan,nan,nan,nan,nan,nan,nan,nan,-6.225680933852117960e-03,nan,nan,nan,nan,7.003891050583743727e-03,nan,nan,nan,nan,nan,nan,nan,nan,nan,4.669260700389155257e-03,nan,-3.112840466926058980e-03,nan,nan,nan,nan,nan,nan,nan,nan,nan,nan,nan,7.003891050583743727e-03,nan,nan,nan,nan,3.891050583657662629e-03,nan,nan,-3.891050583657573725e-03,nan,2.334630350194555337e-02,nan,nan,nan,nan,nan
nan,nan,nan,nan,nan,nan,-1.040000000000000993e-02,nan,nan,nan,1.040000000000000993e-02,nan,nan,nan,nan,nan,nan,nan,nan,nan,-5.600000000000005147e-03,nan,nan,nan,nan,-4.800000000000003916e-03,nan,nan,nan,nan,nan,nan,nan,nan,nan,1.600000000000001378e-03,nan,2.400000000000001958e-03,nan,nan,nan,nan,nan,nan,nan,nan,nan,nan,nan,-1.200000000000001066e-02,nan,nan,nan,nan,0.000000000000000000e+00,nan,nan,0.000000000000000000e+00,nan,3.200000000000002755e-03,nan,nan,nan,nan,nan
nan,nan,nan,nan,nan,nan,0.000000000000000000e+00,nan,nan,nan,1.735537190082647729e-02,nan,nan,nan,nan,nan,nan,nan,nan,nan,0.000000000000000000e+00,nan,nan,nan,nan,6.611570247933862450e-03,nan,nan,nan,nan,nan,nan,nan,nan,nan,0.000000000000000000e+00,nan,nan,nan,nan,nan,nan,nan,nan,nan,nan,nan,nan,nan,9.090909090909083529e-03,nan,nan,nan,nan,8.264462809917328063e-04,nan,nan,2.479338842975198527e-03,3.305785123966931225e-03,1.487603305785127963e-02,nan,nan,nan,nan,nan
nan,nan,nan,nan,nan,nan,6.557377049180357353e-03,nan,nan,nan,1.803278688524589946e-02,nan,nan,nan,nan,nan,nan,nan,nan,nan,7.377049180327888145e-03,nan,nan,nan,nan,2.459016393442659161e-03,nan,nan,nan,nan,nan,nan,nan,nan,nan,0.000000000000000000e+00,nan,1.065573770491801131e-02,nan,nan,nan,nan,nan,nan,nan,nan,nan,nan,nan,9.836065573770480519e-03,nan,nan,nan,nan,7.377049180327888145e-03,nan,nan,6.557377049180357353e-03,nan,1.721311475409836866e-02,nan,nan,nan,nan,nan
nan,nan,nan,nan,nan,nan,1.467181467181466470e-02,nan,nan,nan,0.000000000000000000e+00,nan,nan,nan,nan,nan,nan,nan,nan,nan,-2.316602316602312146e-03,nan,nan,nan,nan,0.000000000000000000e+00,nan,nan,nan,nan,nan,nan,nan,nan,nan,0.000000000000000000e+00,nan,8.494208494208477581e-03,nan,nan,nan,nan,nan,nan,nan,nan,nan,nan,nan,3.088803088803082717e-03,nan,nan,nan,nan,8.494208494208477581e-03,nan,nan,-2.316602316602312146e-03,nan,1.621621621621618242e-02,nan,nan,nan,nan,nan
nan,nan,nan,nan,nan,nan,-4.615384615384599334e-03,nan,nan,nan,-1.076923076923073062e-02,nan,nan,nan,nan,nan,nan,nan,nan,nan,3.846153846153832490e-03,nan,nan,nan,nan,-1.538461538461533039e-03,nan,nan,nan,nan,nan,nan,nan,nan,nan,3.076923076923066078e-03,nan,-9.999999999999963779e-03,nan,nan,nan,nan,nan,nan,nan,nan,nan,nan,nan,3.846153846153845673e-02,nan,nan,nan,nan,0.000000000000000000e+00,nan,nan,-1.538461538461533039e-03,nan,5.846153846153849531e-02,nan,nan,nan,nan,nan
nan,nan,nan,nan,nan,nan,-2.419354838709675357e-03,nan,nan,nan,1.290322580645160075e-02,nan,nan,nan,nan,nan,nan,nan,nan,nan,8.064516129032250468e-04,nan,nan,nan,nan,2.419354838709675357e-03,nan,nan,nan,nan,nan,nan,nan,nan,nan,1.532258064516127741e-02,nan,nan,nan,nan,nan,nan,nan,nan,nan,nan,nan,nan,nan,3.387096774193545240e-02,nan,nan,nan,nan,2.419354838709675357e-03,nan,nan,0.000000000000000000e+00,-8.064516129032250468e-04,6.451612903225800374e-03,nan,nan,nan,nan,nan
nan,nan,nan,nan,nan,nan,0.000000000000000000e+00,nan,nan,nan,4.477611940298507204e-02,nan,nan,nan,nan,nan,nan,nan,nan,nan,4.477611940298475632e-03,nan,nan,nan,nan,8.955223880597018918e-03,nan,nan,nan,nan,nan,nan,nan,nan,nan,7.462686567164178095e-03,nan,7.462686567164089190e-04,nan,nan,nan,nan,nan,nan,nan,nan,nan,nan,nan,3.731343283582089221e-02,nan,nan,nan,nan,4.477611940298475632e-03,nan,nan,7.462686567164089190e-04,nan,3.656716417910448047e-02,nan,nan,nan,nan,nan
nan,nan,nan,nan,nan,nan,-8.438818565400874397e-03,nan,nan,nan,2.025316455696202222e-02,nan,nan,nan,nan,nan,nan,nan,nan,nan,-1.687763713080192660e-03,nan,nan,nan,nan,-1.687763713080192660e-03,nan,nan,nan,nan,nan,nan,nan,nan,nan,-5.907172995780607741e-03,nan,-9.282700421940948826e-03,nan,nan,nan,nan,nan,nan,nan,nan,nan,nan,nan,1.181434599156117038e-02,nan,nan,nan,nan,nan,nan,nan,-4.219409282700481434e-03,-8.438818565401184479e-04,1.350210970464134005e-02,nan,nan,nan,nan,nan
nan,nan,nan,nan,nan,nan,1.515151515151513849e-03,nan,nan,nan,7.575757575757569029e-03,nan,nan,nan,nan,nan,nan,nan,nan,nan,-3.787878787878784514e-03,nan,nan,nan,nan,-7.575757575757569246e-04,nan,nan,nan,nan,nan,nan,nan,nan,nan,nan,nan,-1.666666666666665256e-02,nan,nan,nan,nan,nan,nan,nan,nan,nan,nan,nan,4.924242424242419869e-02,nan,nan,nan,nan,0.000000000000000000e+00,nan,nan,3.030303030303027698e-03,-1.363636363636362356e-02,4.090909090909087414e-02,nan,nan,nan,nan,nan
nan,nan,nan,nan,nan,nan,3.891050583657573725e-03,nan,nan,nan,4.669260700389111021e-03,nan,nan,nan,nan,nan,nan,nan,nan,nan,8.560311284046773217e-03,nan,nan,nan,nan,7.782101167315147450e-04,nan,nan,nan,nan,nan,nan,nan,nan,nan,9.338521400778265411e-03,nan,nan,nan,nan,nan,nan,nan,nan,nan,nan,nan,nan,nan,9.338521400778287962e-03,nan,nan,nan,nan,3.112840466926058980e-03,nan,nan,1.556420233463029490e-03,3.112840466926103215e-03,2.568093385214009761e-02,nan,nan,nan,nan,nan
nan,nan,nan,nan,nan,nan,0.000000000000000000e+00,nan,nan,nan,1.673306772908365186e-02,nan,nan,nan,nan,nan,nan,nan,nan,nan,4.780876494023899789e-03,nan,nan,nan,nan,0.000000000000000000e+00,nan,nan,nan,nan,nan,nan,nan,nan,nan,1.513944223107568411e-02,nan,0.000000000000000000e+00,nan,nan,nan,nan,nan,nan,nan,nan,nan,nan,nan,1.035856573705178432e-02,nan,nan,nan,nan,0.000000000000000000e+00,nan,nan,0.000000000000000000e+00,nan,2.151394422310754992e-02,nan,nan,nan,nan,nan
nan,nan,nan,nan,nan,nan,-3.200000000000002755e-03,nan,nan,nan,5.600000000000005147e-03,nan,nan,nan,nan,nan,nan,nan,nan,nan,-1.040000000000000993e-02,nan,nan,nan,nan,1.280000000000001102e-02,nan,nan,nan,nan,nan,nan,nan,nan,nan,nan,nan,-2.400000000000001958e-03,nan,nan,nan,nan,nan,nan,nan,nan,nan,nan,nan,4.400000000000003908e-02,nan,nan,nan,nan,-1.600000000000001378e-03,nan,nan,2.400000000000001958e-03,-8.000000000000006889e-04,2.960000000000002560e-02,nan,nan,nan,nan,nan
nan,nan,nan,nan,nan,nan,-6.451612903225800374e-03,nan,nan,nan,4.677419354838705662e-02,nan,nan,nan,nan,nan,nan,nan,nan,nan,0.000000000000000000e+00,nan,nan,nan,nan,-4.032258064516125451e-03,nan,nan,nan,nan,nan,nan,nan,nan,nan,0.000000000000000000e+00,nan,1.854838709677417846e-02,nan,nan,nan,nan,nan,nan,nan,nan,nan,nan,nan,-1.612903225806450094e-03,nan,nan,nan,nan,8.064516129032250468e-04,nan,nan,-8.064516129032250468e-04,nan,3.467741935483868027e-02,nan,nan,nan,nan,nan
nan,nan,nan,nan,nan,nan,-1.600000000000001378e-03,nan,nan,nan,2.320000000000001922e-02,nan,nan,nan,nan,nan,nan,nan,nan,nan,-8.000000000000007105e-03,nan,nan,nan,nan,0.000000000000000000e+00,nan,nan,nan,nan,nan,nan,nan,nan,nan,0.000000000000000000e+00,nan,nan,nan,nan,nan,nan,nan,nan,nan,nan,nan,nan,nan,9.600000000000007833e-03,nan,nan,nan,nan,-6.400000000000005511e-03,nan,nan,-5.600000000000005147e-03,-4.000000000000003553e-03,-6.400000000000005511e-03,nan,nan,nan,nan,nan
nan,nan,nan,nan,nan,nan,0.000000000000000000e+00,nan,nan,nan,5.447470817120603215e-03,nan,nan,nan,nan,nan,nan,nan,nan,nan,1.556420233463029490e-03,nan,nan,nan,nan,0.000000000000000000e+00,nan,nan,nan,nan,nan,nan,nan,nan,nan,-7.782101167315147450e-04,nan,1.322957198443577322e-02,nan,nan,nan,nan,nan,nan,nan,nan,nan,nan,nan,2.568093385214005250e-02,nan,nan,nan,nan,2.023346303501938337e-02,nan,nan,7.782101167315147450e-04,nan,7.782101167314925188e-04,nan,nan,nan,nan,nan
nan,nan,nan,nan,nan,nan,1.606425702811220546e-03,nan,nan,nan,3.052208835341358936e-02,nan,nan,nan,nan,nan,nan,nan,nan,nan,1.124497991967865484e-02,nan,nan,nan,nan,0.000000000000000000e+00,nan,nan,nan,nan,nan,nan,nan,nan,nan,-8.032128514056324992e-04,nan,1.365461847389553077e-02,nan,nan,nan,nan,nan,nan,nan,nan,nan,nan,nan,8.835341365461801474e-03,nan,nan,nan,nan,0.000000000000000000e+00,nan,nan,2.409638554216830819e-03,nan,2.409638554216862044e-02,nan,nan,nan,nan,nan
nan,nan,nan,nan,nan,nan,1.568627450980386671e-03,nan,nan,nan,1.019607843137251314e-02,nan,nan,nan,nan,nan,nan,nan,nan,nan,7.843137254901933354e-04,nan,nan,nan,nan,-3.137254901960773341e-03,nan,nan,nan,nan,nan,nan,nan,nan,nan,7.843137254901933354e-04,nan,nan,nan,nan,nan,nan,nan,nan,nan,nan,nan,nan,nan,2.352941176470579789e-03,nan,nan,nan,nan,3.921568627450966460e-03,nan,nan,0.000000000000000000e+00,0.000000000000000000e+00,1.411764705882350215e-02,nan,nan,nan,nan,nan
nan,nan,nan,nan,nan,nan,8.163265306122413287e-03,nan,nan,nan,4.081632653061184959e-03,nan,nan,nan,nan,nan,nan,nan,nan,nan,1.142857142857138866e-02,nan,nan,nan,nan,1.714285714285708126e-02,nan,nan,nan,nan,nan,nan,nan,nan,nan,-5.714285714285738567e-03,nan,nan,nan,nan,nan,nan,nan,nan,nan,nan,nan,nan,nan,1.714285714285708126e-02,nan,nan,nan,nan,-2.448979591836764058e-03,nan,nan,3.265306122448929840e-03,1.469387755102036230e-02,3.510204081632650741e-02,nan,nan,nan,nan,nan
nan,nan,nan,nan,nan,nan,0.000000000000000000e+00,nan,nan,nan,9.302325581395275850e-03,nan,nan,nan,nan,nan,nan,nan,nan,nan,-2.325581395348841514e-03,nan,nan,nan,nan,-3.100775193798455207e-03,nan,nan,nan,nan,nan,nan,nan,nan,nan,4.651162790697616241e-03,nan,7.751937984496026779e-03,nan,nan,nan,nan,nan,nan,nan,nan,nan,nan,nan,1.782945736434100523e-02,nan,nan,nan,nan,0.000000000000000000e+00,nan,nan,-2.325581395348863632e-03,nan,3.100775193798388420e-03,nan,nan,nan,nan,nan
nan,nan,nan,nan,nan,nan,-7.547169811320753258e-04,nan,nan,nan,-2.264150943396226086e-03,nan,nan,nan,nan,nan,nan,nan,nan,nan,7.547169811320753041e-03,nan,nan,nan,nan,1.056603773584905391e-02,nan,nan,nan,nan,nan,nan,nan,nan,nan,-3.773584905660376521e-03,nan,nan,nan,nan,nan,nan,nan,nan,nan,nan,nan,nan,nan,1.735849056603773130e-02,nan,nan,nan,nan,-7.547169811320753258e-04,nan,nan,9.056603773584904343e-03,1.509433962264150652e-03,5.283018867924526955e-03,nan,nan,nan,nan,nan
nan,nan,nan,nan,nan,nan,6.451612903225800374e-03,nan,nan,nan,4.032258064516125451e-03,nan,nan,nan,nan,nan,nan,nan,nan,nan,4.032258064516125451e-03,nan,nan,nan,nan,4.032258064516125451e-03,nan,nan,nan,nan,nan,nan,nan,nan,nan,0.000000000000000000e+00,nan,nan,nan,nan,nan,nan,nan,nan,nan,nan,nan,nan,nan,1.612903225806450180e-02,nan,nan,nan,nan,8.064516129032250468e-04,nan,nan,3.225806451612900187e-03,1.370967741935482688e-02,4.274193548387093117e-02,nan,nan,nan,nan,nan
nan,nan,nan,nan,nan,nan,4.580152671755754849e-03,nan,nan,nan,2.061068702290078797e-02,nan,nan,nan,nan,nan,nan,nan,nan,nan,-3.053435114503777296e-03,nan,nan,nan,nan,1.526717557251933101e-03,nan,nan,nan,nan,nan,nan,nan,nan,nan,-3.816793893129743955e-03,nan,nan,nan,nan,nan,nan,nan,nan,nan,nan,nan,nan,nan,2.977099236641227512e-02,nan,nan,nan,nan,3.053435114503866201e-03,nan,nan,3.053435114503866201e-03,9.160305343511509699e-03,2.137404580152675246e-02,nan,nan,nan,nan,nan
nan,nan,nan,nan,nan,nan,1.467181467181464215e-02,nan,nan,nan,4.633204633204624293e-03,nan,nan,nan,nan,nan,nan,nan,nan,nan,0.000000000000000000e+00,nan,nan,nan,nan,-6.177606177606165434e-03,nan,nan,nan,nan,nan,nan,nan,nan,nan,nan,nan,6.177606177606165434e-03,nan,nan,nan,nan,nan,nan,nan,nan,nan,nan,nan,-6.949806949806935572e-03,nan,nan,nan,nan,-2.316602316602312146e-03,nan,nan,-3.861003861003853288e-03,-3.861003861003853288e-03,2.239382239382235046e-02,nan,nan,nan,nan,nan
nan,nan,nan,nan,nan,nan,0.000000000000000000e+00,nan,nan,nan,1.825396825396823422e-02,nan,nan,nan,nan,nan,nan,nan,nan,nan,4.761904761904744987e-03,nan,nan,nan,nan,0.000000000000000000e+00,nan,nan,nan,nan,nan,nan,nan,nan,nan,0.000000000000000000e+00,nan,-4.761904761904744987e-03,nan,nan,nan,nan,nan,nan,nan,nan,nan,nan,nan,4.920634920634918419e-02,nan,nan,nan,nan,-7.936507936507908312e-04,nan,nan,-5.555555555555535818e-03,nan,6.746031746031741494e-02,nan,nan,nan,nan,nan
nan,nan,nan,nan,nan,nan,-2.439024390243882488e-03,nan,nan,nan,1.463414634146345018e-02,nan,nan,nan,nan,nan,nan,nan,nan,nan,2.220446049250313204e-17,nan,nan,nan,nan,6.504065040650463744e-03,nan,nan,nan,nan,nan,nan,nan,nan,nan,-8.130081300812719725e-04,nan,0.000000000000000000e+00,nan,nan,nan,nan,nan,nan,nan,nan,nan,nan,nan,3.008130081300814870e-02,nan,nan,nan,nan,-4.065040650406470668e-03,nan,nan,3.252032520325265266e-03,nan,1.300813008130086157e-02,nan,nan,nan,nan,nan
nan,nan,nan,nan,nan,nan,0.000000000000000000e+00,nan,nan,nan,1.255230125523012531e-02,nan,nan,nan,nan,nan,nan,nan,nan,nan,3.347280334728086615e-03,nan,nan,nan,nan,2.510460251046064961e-03,nan,nan,nan,nan,nan,nan,nan,nan,nan,1.338912133891212441e-02,nan,0.000000000000000000e+00,nan,nan,nan,nan,nan,nan,nan,nan,nan,nan,nan,2.510460251046064961e-03,nan,nan,nan,nan,0.000000000000000000e+00,nan,nan,5.857740585774107341e-03,nan,1.757322175732221187e-02,nan,nan,nan,nan,nan
nan,nan,nan,nan,nan,nan,-2.489626556016588665e-03,nan,nan,nan,-4.979253112033177331e-03,nan,nan,nan,nan,nan,nan,nan,nan,nan,-2.489626556016588665e-03,nan,nan,nan,nan,-4.149377593360981109e-03,nan,nan,nan,nan,nan,nan,nan,nan,nan,-1.078838174273855088e-02,nan,-7.468879668049765996e-03,nan,0.000000000000000000e+00,nan,nan,nan,nan,nan,nan,nan,nan,nan,3.402489626556015612e-02,nan,nan,nan,nan,nan,nan,nan,-4.149377593360981109e-03,nan,9.128630705394158440e-03,nan,nan,nan,nan,nan
nan,nan,nan,nan,nan,nan,1.538461538461577491e-03,nan,nan,nan,7.692307692307753450e-03,nan,nan,nan,nan,nan,nan,nan,nan,nan,2.307692307692366020e-03,nan,nan,nan,nan,1.538461538461577491e-03,nan,nan,nan,nan,nan,nan,nan,nan,nan,0.000000000000000000e+00,nan,1.384615384615390729e-02,nan,nan,nan,nan,nan,nan,nan,nan,nan,nan,nan,6.615384615384620193e-02,nan,nan,nan,nan,0.000000000000000000e+00,nan,nan,6.153846153846220628e-03,nan,5.076923076923080952e-02,nan,nan,nan,nan,nan
nan,nan,nan,nan,nan,nan,8.064516129032250902e-03,nan,nan,nan,2.096774193548385165e-02,nan,nan,nan,nan,nan,nan,nan,nan,nan,-1.612903225806450094e-03,nan,nan,nan,nan,5.645161290322575978e-03,nan,nan,nan,nan,nan,nan,nan,nan,nan,0.000000000000000000e+00,nan,1.129032258064515196e-02,nan,nan,nan,nan,nan,nan,nan,nan,nan,nan,nan,3.467741935483868027e-02,nan,nan,nan,nan,0.000000000000000000e+00,nan,nan,0.000000000000000000e+00,nan,1.370967741935482688e-02,nan,nan,nan,nan,nan
nan,nan,nan,nan,nan,nan,-8.163265306122324599e-04,nan,nan,nan,-1.632653061224442802e-03,nan,nan,nan,nan,nan,nan,nan,nan,nan,-1.632653061224442802e-03,nan,nan,nan,nan,1.632653061224531490e-03,nan,nan,nan,nan,nan,nan,nan,nan,nan,nan,nan,-8.163265306122102338e-04,nan,nan,nan,nan,nan,nan,nan,nan,nan,nan,nan,1.061224489795926582e-02,nan,nan,nan,nan,-2.448979591836697271e-03,nan,nan,0.000000000000000000e+00,0.000000000000000000e+00,6.530612244898014937e-03,nan,nan,nan,nan,nan
nan,nan,nan,nan,nan,nan,0.000000000000000000e+00,nan,nan,nan,1.003861003861001785e-02,nan,nan,nan,nan,nan,nan,nan,nan,nan,0.000000000000000000e+00,nan,nan,nan,nan,-6.949806949807046594e-03,nan,nan,nan,nan,nan,nan,nan,nan,nan,-2.316602316602356382e-03,nan,nan,nan,6.949806949806935572e-03,nan,nan,nan,nan,nan,nan,nan,nan,nan,1.544401544401541359e-03,nan,nan,nan,nan,-7.722007722007929054e-04,nan,nan,-7.722007722007929054e-04,nan,3.088803088803060599e-03,nan,nan,nan,nan,nan
nan,nan,nan,nan,nan,nan,7.692307692307665196e-04,nan,nan,nan,2.384615384615385025e-02,nan,nan,nan,nan,nan,nan,nan,nan,nan,-3.846153846153832490e-03,nan,nan,nan,nan,0.000000000000000000e+00,nan,nan,nan,nan,nan,nan,nan,nan,nan,-3.846153846153832490e-03,nan,-9.999999999999986330e-03,nan,nan,nan,nan,nan,nan,nan,nan,nan,nan,nan,9.230769230769198669e-03,nan,nan,nan,nan,-2.307692307692299667e-03,nan,nan,-1.538461538461533039e-03,nan,5.384615384615365312e-03,nan,nan,nan,nan,nan
nan,nan,nan,nan,nan,nan,0.000000000000000000e+00,nan,nan,nan,3.484848484848481615e-02,nan,nan,nan,nan,nan,nan,nan,nan,nan,2.272727272727270882e-03,nan,nan,nan,nan,1.515151515151513849e-03,nan,nan,nan,nan,nan,nan,nan,nan,nan,2.272727272727270882e-03,nan,-2.272727272727270882e-03,nan,nan,nan,nan,nan,nan,nan,nan,nan,nan,nan,2.121212121212119259e-02,nan,nan,nan,nan,-7.575757575757569246e-04,nan,nan,1.212121212121211079e-02,nan,1.136363636363635354e-02,nan,nan,nan,nan,nan
nan,nan,nan,nan,nan,nan,6.642066420664227699e-03,nan,nan,nan,2.878228782287823792e-02,nan,nan,nan,nan,nan,nan,nan,nan,nan,3.690036900369042614e-03,nan,nan,nan,nan,4.440892098500626408e-17,nan,nan,nan,nan,nan,nan,nan,nan,nan,5.166051660516623664e-03,nan,2.952029520295229754e-03,nan,nan,nan,nan,nan,nan,nan,nan,nan,nan,nan,4.428044280442806901e-02,nan,nan,nan,nan,-1.476014760147581484e-03,nan,nan,0.000000000000000000e+00,nan,3.985239852398527599e-02,nan,nan,nan,nan,nan
nan,nan,nan,nan,nan,nan,5.511811023622037627e-03,nan,nan,nan,1.102362204724407525e-02,nan,nan,nan,nan,nan,nan,nan,nan,nan,6.299212598425185487e-03,nan,nan,nan,nan,-7.086614173228378451e-03,nan,nan,nan,nan,nan,nan,nan,nan,nan,3.937007874015741038e-03,nan,1.181102362204722311e-02,nan,nan,nan,nan,nan,nan,nan,nan,nan,nan,nan,2.362204724409422332e-03,nan,nan,nan,nan,-7.874015748031481859e-04,nan,nan,0.000000000000000000e+00,nan,1.102362204724407525e-02,nan,nan,nan,nan,nan
nan,nan,nan,nan,nan,nan,3.112840466926081098e-03,nan,nan,nan,0.000000000000000000e+00,nan,nan,nan,nan,nan,nan,nan,nan,nan,7.782101167315147450e-04,nan,nan,nan,nan,-1.556420233463029490e-03,nan,nan,nan,nan,nan,nan,nan,nan,nan,1.556420233463073942e-03,nan,nan,nan,nan,nan,nan,nan,nan,nan,nan,nan,nan,nan,-2.334630350194522117e-03,nan,nan,nan,nan,0.000000000000000000e+00,nan,nan,-7.782101167315147450e-03,-5.447470817120603215e-03,-1.556420233463007372e-03,nan,nan,nan,nan,nan
nan,nan,nan,nan,nan,nan,-1.161825726141074711e-02,nan,nan,nan,5.809128630705373553e-03,nan,nan,nan,nan,nan,nan,nan,nan,nan,-5.809128630705373553e-03,nan,nan,nan,nan,0.000000000000000000e+00,nan,nan,nan,nan,nan,nan,nan,nan,nan,-7.468879668049765996e-03,nan,7.468879668049788548e-03,nan,nan,nan,nan,nan,nan,nan,nan,nan,nan,nan,2.406639004149378064e-02,nan,nan,nan,nan,9.958506224066377213e-03,nan,nan,-4.149377593360981109e-03,nan,9.958506224066377213e-03,nan,nan,nan,nan,nan
nan,nan,nan,nan,nan,nan,3.984063745019916780e-03,nan,nan,nan,2.390438247011949895e-03,nan,nan,nan,nan,nan,nan,nan,nan,nan,3.984063745019916780e-03,nan,nan,nan,nan,-7.968127490039833343e-04,nan,nan,nan,nan,nan,nan,nan,nan,nan,0.000000000000000000e+00,nan,nan,nan,nan,nan,nan,nan,nan,nan,nan,nan,nan,nan,8.764940239043816569e-03,nan,nan,nan,nan,2.390438247011949895e-03,nan,nan,0.000000000000000000e+00,-7.968127490039833343e-04,6.374501992031866675e-03,nan,nan,nan,nan,nan
nan,nan,nan,nan,nan,nan,0.000000000000000000e+00,nan,nan,nan,1.789883268482485995e-02,nan,nan,nan,nan,nan,nan,nan,nan,nan,-7.782101167315258472e-03,nan,nan,nan,nan,-7.782101167315147450e-04,nan,nan,nan,nan,nan,nan,nan,nan,nan,-1.400778210116737643e-02,nan,-1.089494163424131745e-02,nan,nan,nan,nan,nan,nan,nan,nan,nan,nan,nan,3.268482490272370949e-02,nan,nan,nan,nan,-9.338521400778287962e-03,nan,nan,3.891050583657573725e-03,nan,-4.669260700389155257e-03,nan,nan,nan,nan,nan
nan,nan,nan,nan,nan,nan,-8.856088560885599925e-03,nan,nan,nan,-2.214022140221372226e-03,nan,nan,nan,nan,nan,nan,nan,nan,nan,-6.642066420664183464e-03,nan,nan,nan,nan,1.476014760147625936e-03,nan,nan,nan,nan,nan,nan,nan,nan,nan,-8.856088560885577374e-03,nan,-5.166051660516579429e-03,nan,nan,nan,nan,nan,nan,nan,nan,nan,nan,nan,2.287822878228791199e-02,nan,nan,nan,nan,3.690036900369042614e-03,nan,nan,-8.118081180811809183e-03,nan,1.107011070110703807e-02,nan,nan,nan,nan,nan
nan,nan,nan,nan,nan,nan,6.274509803921546683e-03,nan,nan,nan,9.411764705882319157e-03,nan,nan,nan,nan,nan,nan,nan,nan,nan,3.921568627450966460e-03,nan,nan,nan,nan,4.705882352941159578e-03,nan,nan,nan,nan,nan,nan,nan,nan,nan,5.490196078431352697e-03,nan,nan,nan,nan,nan,nan,nan,nan,nan,nan,nan,nan,nan,2.666666666666663715e-02,nan,nan,nan,nan,3.921568627450966460e-03,nan,nan,1.568627450980386671e-03,1.725490196078431973e-02,2.039215686274507139e-02,nan,nan,nan,nan,nan
