nan,nan,nan,nan,nan,nan,nan,nan,nan,nan,nan,nan,1.666666666666660702e-03,nan,nan,nan,nan,nan,nan,1.333333333333330817e-02,nan,nan,nan,nan,nan,3.999999999999996614e-02,nan,nan,-8.333333333333348830e-03,nan,nan,-2.333333333333336215e-02,nan,9.999999999999986330e-03,nan,nan,nan,nan,nan,1.666666666666638584e-03,nan,nan,nan,1.333333333333330817e-02,nan,nan,3.499999999999998945e-02,nan,nan,nan,nan,nan,nan,nan,nan,-1.666666666666669766e-02,nan,nan,nan,nan,nan,nan,nan,nan,nan
nan,nan,nan,-1.578947368421046438e-02,nan,-1.578947368421048519e-02,nan,nan,nan,nan,9.473684210526320260e-02,nan,nan,-1.578947368421046438e-02,nan,nan,nan,nan,nan,-1.228070175438591462e-02,nan,nan,nan,nan,nan,nan,-8.771929824561364858e-03,nan,nan,nan,nan,nan,nan,-1.754385964912241703e-03,nan,nan,nan,nan,nan,nan,2.280701754385972002e-02,nan,-8.771929824561364858e-03,nan,3.508771929824594429e-03,nan,nan,nan,nan,nan,nan,nan,nan,nan,nan,nan,nan,nan,nan,nan,nan,nan,nan,nan,nan
nan,nan,nan,1.415929203539825244e-02,nan,-8.849557522123907560e-03,nan,nan,nan,nan,1.132743362831858391e-01,nan,nan,1.592920353982303291e-02,-8.849557522123907560e-03,nan,2.300884955752211664e-02,nan,nan,nan,nan,nan,nan,nan,5.309734513274344883e-03,1.061946902654868977e-02,nan,nan,nan,nan,nan,nan,nan,nan,nan,nan,nan,nan,nan,nan,nan,nan,nan,nan,nan,nan,nan,nan,nan,nan,nan,3.362831858407082375e-02,nan,nan,nan,3.539823008849558861e-02,nan,nan,nan,nan,nan,nan,nan,nan,nan
nan,nan,nan,5.210084033613440052e-02,nan,nan,nan,nan,8.907563025210077368e-02,nan,nan,nan,nan,nan,nan,nan,nan,nan,nan,nan,nan,nan,nan,nan,3.025210084033607208e-02,nan,nan,5.210084033613437970e-02,4.033613445378145951e-02,1.680672268907557054e-03,nan,nan,6.722689075630205666e-03,nan,nan,nan,nan,nan,1.680672268907559136e-02,nan,8.403361344537785271e-03,nan,nan,nan,nan,nan,nan,nan,2.857142857142851503e-02,nan,nan,nan,nan,nan,nan,nan,nan,nan,nan,nan,nan,nan,nan,nan,nan
nan,nan,nan,-6.504065040650463744e-03,nan,1.626016260162599369e-02,nan,nan,nan,nan,nan,nan,1.626016260162543945e-03,nan,nan,nan,nan,3.414634146341462284e-02,nan,nan,nan,nan,nan,nan,nan,2.276422764227638978e-02,nan,1.056910569105690562e-01,6.504065040650352722e-03,nan,nan,nan,4.878048780487764975e-03,nan,nan,nan,nan,nan,nan,nan,6.504065040650401641e-02,nan,nan,nan,nan,nan,nan,nan,nan,nan,3.577235772357716115e-02,nan,nan,nan,nan,nan,nan,nan,nan,nan,nan,nan,nan,nan,nan
nan,nan,nan,nan,nan,nan,nan,nan,nan,nan,5.765765765765766548e-02,nan,nan,nan,nan,nan,nan,nan,nan,nan,nan,nan,nan,nan,3.603603603603607042e-02,nan,nan,nan,7.207207207207222063e-03,1.801801801801805603e-02,nan,7.207207207207222063e-03,-1.801801801801805516e-03,5.405405405405416981e-03,nan,nan,nan,nan,nan,nan,nan,nan,9.009009009009028013e-03,nan,nan,nan,nan,nan,nan,nan,nan,-3.603603603603566796e-03,nan,nan,nan,1.261261261261263991e-02,nan,nan,nan,nan,nan,nan,nan,nan,nan
nan,nan,nan,nan,nan,nan,nan,nan,nan,nan,nan,nan,-5.172413793103469888e-03,nan,nan,nan,nan,nan,nan,1.551724137931036543e-02,nan,nan,nan,nan,nan,nan,nan,nan,3.275862068965518237e-02,nan,nan,nan,4.310344827586207878e-02,nan,nan,nan,nan,nan,3.448275862068972408e-03,1.206896551724137047e-02,1.000000000000000056e-01,nan,nan,nan,2.241379310344826514e-02,nan,6.724137931034483706e-02,nan,-1.724137931034475145e-03,nan,nan,nan,nan,nan,nan,nan,nan,nan,nan,nan,nan,nan,nan,nan,nan
nan,nan,nan,nan,nan,nan,4.285714285714290611e-02,nan,nan,nan,1.428571428571428492e-01,nan,1.428571428571428006e-02,nan,nan,nan,nan,nan,nan,nan,nan,nan,nan,nan,nan,nan,nan,nan,nan,nan,nan,nan,3.571428571428580858e-03,nan,nan,nan,nan,nan,nan,-3.571428571428536623e-03,nan,nan,nan,nan,nan,nan,5.178571428571432378e-02,nan,1.785714285714279370e-03,nan,5.357142857142882346e-03,nan,nan,nan,nan,5.892857142857144126e-02,6.250000000000002776e-02,nan,nan,nan,nan,nan,nan,nan,nan
nan,nan,nan,nan,nan,nan,nan,nan,nan,nan,nan,nan,nan,nan,nan,nan,nan,nan,nan,nan,nan,nan,nan,nan,2.372881355932205880e-02,nan,1.694915254237327985e-03,6.949152542372885599e-02,-8.474576271186418097e-03,3.728813559322034787e-02,nan,nan,0.000000000000000000e+00,nan,nan,nan,nan,nan,nan,nan,nan,nan,nan,nan,0.000000000000000000e+00,nan,0.000000000000000000e+00,nan,nan,nan,nan,nan,nan,nan,nan,1.016949152542374543e-02,-1.525423728813557478e-02,nan,nan,nan,nan,nan,nan,nan,nan
nan,nan,nan,nan,nan,nan,nan,nan,nan,nan,nan,nan,nan,5.439999999999998309e-02,1.120000000000001029e-02,nan,nan,-4.800000000000003916e-03,nan,nan,nan,nan,nan,nan,9.600000000000007833e-03,nan,nan,7.839999999999995584e-02,5.599999999999993872e-02,nan,nan,nan,-3.200000000000002755e-03,nan,nan,nan,nan,nan,-4.800000000000003916e-03,1.600000000000001378e-03,nan,nan,2.879999999999998186e-02,nan,nan,nan,nan,nan,nan,nan,nan,nan,nan,nan,nan,nan,nan,nan,nan,nan,nan,nan,nan,nan,nan
3.039999999999998259e-02,nan,nan,nan,nan,nan,nan,nan,nan,nan,1.679999999999999827e-01,nan,8.000000000000007105e-03,4.800000000000003916e-03,-1.600000000000001421e-02,nan,nan,nan,nan,nan,nan,nan,nan,nan,nan,nan,nan,3.680000000000001326e-02,2.400000000000002132e-02,nan,nan,nan,nan,nan,1.120000000000001029e-02,nan,nan,nan,nan,nan,nan,nan,nan,nan,nan,nan,nan,nan,nan,nan,nan,6.400000000000005511e-03,nan,nan,nan,9.600000000000007833e-03,nan,nan,nan,nan,nan,nan,nan,nan,nan
nan,nan,nan,nan,nan,nan,nan,nan,nan,nan,nan,nan,-2.016806722689075057e-02,-3.025210084033609290e-02,nan,nan,nan,-2.352941176470586468e-02,nan,-8.403361344537785271e-03,nan,nan,nan,-2.857142857142856013e-02,nan,-1.848739495798317270e-02,nan,nan,nan,nan,nan,nan,6.722689075630250768e-03,nan,nan,nan,nan,nan,nan,-6.722689075630250768e-03,-3.193277310924367424e-02,nan,nan,nan,nan,nan,nan,nan,nan,nan,nan,3.361344537815158344e-03,nan,nan,nan,nan,nan,nan,nan,nan,nan,nan,nan,nan,nan
nan,nan,nan,5.405405405405350194e-03,nan,nan,nan,nan,nan,nan,nan,nan,nan,nan,nan,nan,nan,nan,nan,nan,nan,nan,nan,9.009009009008939542e-03,nan,nan,-1.801801801801849968e-03,6.486486486486478520e-02,-9.009009009009073116e-03,nan,nan,nan,3.603603603603566796e-03,nan,nan,nan,nan,nan,nan,nan,1.009009009009008417e-01,nan,nan,nan,nan,nan,nan,nan,nan,nan,2.342342342342336112e-02,nan,nan,nan,nan,5.405405405405350194e-03,nan,nan,3.243243243243239260e-02,nan,nan,nan,nan,nan,nan
nan,nan,nan,nan,3.389830508474567065e-03,nan,nan,nan,nan,nan,1.542372881355932313e-01,nan,nan,nan,1.016949152542372461e-02,nan,nan,2.203389830508477656e-02,nan,nan,nan,nan,nan,1.016949152542376798e-02,nan,nan,nan,nan,nan,2.711864406779664755e-02,nan,nan,nan,nan,nan,nan,nan,nan,nan,nan,6.779661016949134131e-03,nan,nan,nan,nan,nan,0.000000000000000000e+00,nan,nan,nan,-5.084745762711851032e-03,nan,nan,nan,nan,3.389830508474578341e-02,nan,nan,nan,nan,nan,nan,nan,nan,nan
nan,nan,nan,-8.695652173913015828e-03,nan,nan,nan,nan,-5.217391304347796140e-03,nan,8.521739130434784204e-02,nan,nan,0.000000000000000000e+00,nan,nan,nan,nan,nan,4.440892098500626408e-17,nan,nan,nan,nan,nan,nan,nan,nan,nan,2.260869565217391713e-02,nan,nan,nan,nan,nan,nan,nan,nan,nan,nan,nan,nan,nan,nan,1.217391304347827975e-02,nan,nan,nan,nan,nan,1.043478260869570330e-02,5.217391304347840375e-03,nan,nan,nan,6.260869565217390409e-02,nan,nan,nan,nan,nan,nan,nan,nan,nan
nan,nan,nan,nan,nan,nan,nan,nan,nan,nan,nan,nan,nan,1.709401709401681211e-03,nan,nan,nan,nan,nan,nan,nan,nan,nan,nan,3.418803418803384540e-03,nan,nan,nan,2.051282051282048505e-02,-3.418803418803450893e-03,nan,nan,6.837606837606813315e-03,nan,nan,nan,nan,nan,nan,3.418803418803384540e-03,1.538461538461535251e-02,nan,1.025641025641021997e-02,nan,nan,nan,nan,nan,nan,nan,nan,nan,nan,nan,nan,nan,3.247863247863245345e-02,nan,nan,1.196581196581194585e-02,nan,nan,nan,nan,nan
nan,nan,nan,nan,1.785714285714279370e-03,nan,nan,nan,nan,nan,1.874999999999999722e-01,nan,nan,nan,nan,nan,nan,5.357142857142853376e-02,nan,nan,nan,nan,nan,nan,-6.661338147750938996e-17,3.571428571428558740e-03,nan,nan,1.249999999999997814e-02,nan,nan,nan,nan,3.571428571428567761e-02,nan,nan,nan,nan,nan,nan,nan,nan,1.785714285714257252e-03,1.071428571428572132e-02,nan,nan,nan,nan,nan,nan,nan,3.571428571428536623e-03,nan,nan,nan,nan,nan,nan,nan,nan,nan,nan,nan,nan,nan
nan,nan,nan,nan,nan,nan,nan,nan,nan,nan,nan,nan,nan,nan,nan,nan,nan,4.504504504504504986e-02,nan,nan,nan,nan,nan,nan,-1.801801801801783398e-03,nan,nan,7.207207207207222063e-03,nan,3.603603603603604266e-02,nan,nan,-2.882882882882877723e-02,nan,-1.261261261261257226e-02,nan,nan,nan,nan,nan,-2.702702702702699383e-02,nan,nan,nan,nan,nan,nan,nan,-9.009009009008982910e-03,nan,-1.801801801801805516e-03,nan,nan,nan,nan,2.702702702702703894e-02,nan,nan,nan,nan,nan,nan,nan,nan,nan
nan,nan,nan,nan,nan,nan,nan,nan,nan,nan,6.406249999999999445e-02,nan,nan,nan,3.125000000000000173e-03,nan,nan,nan,nan,nan,nan,nan,nan,nan,1.406250000000000035e-02,nan,nan,1.093749999999999931e-02,nan,-3.125000000000000173e-03,nan,nan,nan,nan,nan,nan,nan,nan,nan,nan,3.125000000000000000e-02,1.093749999999999931e-02,-1.562500000000000087e-03,1.250000000000000069e-02,nan,nan,nan,nan,nan,nan,nan,nan,nan,nan,nan,3.593749999999999722e-02,nan,nan,nan,nan,nan,nan,nan,nan,nan
nan,nan,nan,nan,nan,nan,nan,nan,nan,nan,nan,nan,nan,nan,nan,-1.626016260162632633e-03,nan,nan,nan,3.252032520325198912e-03,nan,6.504065040650352722e-03,nan,nan,nan,1.252032520325203069e-01,nan,6.829268292682924568e-02,4.552845528455282814e-02,3.252032520325198739e-02,nan,nan,9.756097560975573318e-03,nan,-1.626016260162632633e-03,nan,nan,nan,nan,nan,nan,nan,nan,nan,nan,nan,nan,nan,nan,nan,nan,nan,nan,nan,nan,nan,nan,nan,nan,5.528455284552844656e-02,nan,nan,nan,nan,nan
nan,nan,nan,-1.724137931034475145e-03,nan,nan,nan,nan,nan,nan,2.137931034482759007e-01,nan,nan,1.724137931034481694e-02,nan,nan,nan,nan,nan,nan,nan,nan,nan,nan,3.275862068965518237e-02,1.724137931034479612e-02,nan,5.344827586206894743e-02,nan,nan,nan,nan,nan,nan,3.965517241379310637e-02,nan,nan,nan,nan,nan,nan,1.724137931034497263e-03,nan,nan,1.551724137931032033e-02,nan,nan,nan,nan,nan,nan,nan,nan,nan,nan,nan,nan,nan,1.551724137931034288e-02,nan,nan,nan,nan,nan,nan
nan,nan,nan,nan,nan,nan,nan,nan,3.252032520325221030e-03,nan,nan,nan,nan,nan,nan,nan,nan,nan,nan,nan,nan,nan,nan,nan,-1.626016260162566063e-03,nan,9.756097560975663524e-03,nan,nan,-3.252032520325176361e-03,nan,nan,3.252032520325221030e-03,nan,nan,nan,nan,nan,-3.252032520325154243e-03,2.601626016260167804e-02,4.878048780487831762e-03,nan,nan,nan,nan,nan,nan,nan,-1.626016260162566063e-03,nan,nan,2.926829268292687608e-02,nan,nan,nan,nan,nan,nan,nan,nan,nan,nan,nan,nan,nan
nan,nan,nan,nan,nan,-1.071428571428576469e-02,nan,nan,6.607142857142855874e-02,nan,1.857142857142856651e-01,nan,nan,-5.357142857142882346e-03,nan,nan,nan,nan,nan,-7.142857142857205952e-03,nan,nan,nan,nan,nan,nan,nan,nan,nan,nan,nan,nan,nan,nan,nan,nan,nan,nan,1.428571428571425751e-02,5.357142857142815559e-03,nan,nan,nan,-3.571428571428602976e-03,nan,nan,nan,nan,-2.142857142857146346e-02,nan,nan,1.071428571428567622e-02,nan,nan,nan,nan,nan,nan,nan,nan,nan,nan,nan,nan,nan
nan,nan,nan,nan,nan,nan,nan,nan,3.418803418803415678e-02,nan,nan,nan,nan,3.418803418803406657e-03,nan,nan,nan,nan,nan,nan,nan,nan,nan,nan,9.572649572649574723e-02,2.222222222222220919e-02,nan,nan,7.008547008547005852e-02,5.128205128205109986e-03,nan,nan,-3.418803418803450893e-03,nan,nan,nan,nan,nan,nan,-5.128205128205154222e-03,-3.418803418803406657e-03,nan,nan,nan,nan,nan,nan,nan,nan,nan,nan,nan,nan,nan,nan,nan,3.247863247863245345e-02,nan,nan,nan,nan,nan,nan,nan,nan
nan,nan,nan,nan,nan,nan,nan,nan,1.016949152542374543e-02,nan,6.271186440677969931e-02,nan,nan,nan,nan,nan,nan,nan,nan,nan,nan,nan,nan,nan,2.033898305084747005e-02,nan,1.694915254237290211e-02,nan,1.694915254237283533e-03,8.474576271186463200e-03,nan,nan,nan,nan,6.779661016949156682e-03,nan,nan,nan,nan,nan,nan,1.694915254237305867e-03,nan,nan,nan,nan,1.355932203389835847e-02,nan,nan,nan,nan,1.355932203389833592e-02,nan,nan,nan,nan,nan,nan,nan,nan,nan,nan,nan,nan,nan
nan,nan,nan,nan,nan,nan,-2.500000000000004302e-02,nan,nan,nan,9.166666666666663243e-02,nan,nan,-3.333333333333366073e-03,-1.166666666666673659e-02,nan,nan,nan,nan,nan,nan,nan,nan,nan,nan,nan,nan,nan,-5.000000000000048676e-03,nan,nan,nan,nan,1.666666666666662827e-02,nan,nan,nan,nan,nan,nan,nan,-8.333333333333414750e-03,nan,nan,-1.666666666666669766e-02,nan,nan,nan,nan,nan,nan,-5.000000000000048676e-03,nan,nan,nan,-2.833333333333338741e-02,nan,nan,nan,nan,nan,nan,nan,nan,nan
-5.357142857142838110e-03,nan,nan,0.000000000000000000e+00,nan,nan,nan,nan,nan,nan,8.392857142857143571e-02,nan,nan,nan,nan,nan,1.964285714285716328e-02,nan,nan,nan,nan,nan,nan,nan,3.750000000000001943e-02,nan,nan,nan,5.357142857142860662e-03,3.035714285714286031e-02,nan,nan,nan,nan,nan,nan,nan,nan,nan,nan,0.000000000000000000e+00,nan,nan,nan,nan,7.142857142857161716e-03,nan,nan,nan,nan,nan,nan,nan,nan,nan,-3.571428571428536623e-03,nan,nan,nan,nan,nan,nan,nan,nan,nan
nan,nan,nan,-2.068965517241374424e-02,1.724137931034497263e-03,nan,3.448275862068994526e-03,nan,nan,nan,nan,nan,nan,-3.448275862068963388e-02,nan,nan,nan,nan,nan,nan,1.379310344827586465e-01,nan,nan,nan,nan,7.241379310344830955e-02,nan,nan,nan,nan,nan,nan,nan,nan,-1.206896551724134792e-02,nan,nan,nan,nan,nan,nan,nan,nan,nan,nan,nan,1.379310344827591218e-02,nan,nan,nan,nan,nan,nan,nan,nan,6.034482758620694082e-02,nan,nan,nan,2.068965517241381363e-02,nan,nan,nan,nan,nan
nan,nan,nan,5.263157894736835915e-03,nan,nan,nan,nan,nan,nan,1.192982456140350839e-01,nan,nan,nan,nan,nan,nan,nan,nan,nan,nan,nan,nan,nan,0.000000000000000000e+00,nan,0.000000000000000000e+00,nan,2.105263157894738876e-02,1.754385964912286155e-03,nan,nan,nan,nan,nan,nan,nan,nan,nan,nan,-2.631578947368418131e-02,nan,nan,7.017543859649144622e-03,nan,nan,-8.771929824561408226e-03,nan,nan,nan,nan,nan,nan,nan,nan,nan,1.052631578947371693e-02,nan,nan,nan,nan,nan,nan,nan,nan
nan,nan,nan,3.577235772357720972e-02,nan,nan,nan,nan,nan,nan,nan,nan,nan,nan,-1.626016260162610515e-03,nan,nan,nan,nan,nan,nan,nan,nan,nan,nan,nan,nan,-4.878048780487809211e-03,-1.788617886178862568e-02,nan,nan,nan,nan,-4.440892098500626408e-17,nan,nan,nan,nan,nan,nan,4.878048780487800190e-02,-1.626016260162632633e-03,4.552845528455284896e-02,nan,nan,nan,4.552845528455282814e-02,nan,nan,nan,nan,nan,nan,nan,nan,4.878048780487764975e-03,nan,nan,nan,nan,nan,nan,nan,nan,nan
nan,nan,nan,-4.999999999999937654e-03,nan,nan,nan,nan,nan,nan,2.016666666666667163e-01,nan,nan,nan,-2.166666666666661190e-02,nan,-4.999999999999981889e-03,nan,nan,nan,nan,nan,nan,nan,nan,nan,nan,nan,nan,3.333333333333388191e-03,nan,nan,nan,nan,4.333333333333340420e-02,nan,nan,nan,-1.166666666666662557e-02,nan,nan,nan,1.666666666666705154e-03,nan,2.500000000000004302e-02,nan,4.500000000000006078e-02,nan,nan,nan,nan,nan,nan,nan,nan,nan,nan,nan,nan,nan,nan,nan,nan,nan,nan
nan,nan,nan,nan,nan,nan,-1.935483870967751388e-02,nan,6.451612903225778690e-03,nan,nan,nan,3.225806451612878070e-03,nan,nan,nan,nan,nan,nan,nan,nan,nan,nan,nan,nan,nan,nan,2.419354838709675271e-02,nan,1.129032258064515196e-02,nan,nan,-3.225806451612944856e-03,nan,nan,nan,nan,nan,4.838709677419350715e-03,nan,2.096774193548383083e-02,nan,nan,nan,nan,nan,nan,nan,nan,nan,-4.440892098500626408e-17,nan,nan,nan,nan,2.096774193548385165e-02,nan,nan,nan,nan,nan,nan,nan,nan,nan
nan,nan,nan,nan,nan,nan,nan,nan,nan,nan,nan,nan,nan,1.052631578947371693e-02,nan,-1.052631578947367183e-02,nan,nan,nan,-5.263157894736835915e-03,nan,nan,nan,3.508771929824572311e-03,nan,-3.508771929824572311e-03,nan,nan,nan,nan,nan,nan,nan,nan,-1.754385964912286155e-03,nan,nan,nan,nan,nan,5.964912280701754888e-02,nan,nan,nan,nan,nan,nan,nan,nan,nan,1.754385964912286155e-03,nan,nan,nan,nan,1.754385964912286155e-03,nan,nan,-1.754385964912286155e-03,nan,nan,nan,nan,nan,nan
1.880341880341880254e-02,nan,nan,nan,nan,nan,nan,nan,nan,nan,8.034188034188030625e-02,nan,nan,nan,nan,nan,nan,nan,nan,nan,nan,nan,nan,nan,1.196581196581192330e-02,nan,nan,nan,3.418803418803384540e-03,nan,nan,nan,nan,nan,6.837606837606813315e-03,nan,nan,nan,nan,nan,nan,nan,nan,nan,nan,nan,-1.367521367521371510e-02,nan,nan,nan,1.709401709401707839e-02,-5.128205128205176773e-03,nan,nan,nan,nan,3.931623931623928758e-02,nan,-3.418803418803450893e-03,nan,nan,nan,nan,nan,nan
-1.526717557251910983e-03,nan,nan,nan,nan,nan,nan,nan,4.122137404580154818e-02,nan,nan,nan,nan,nan,nan,nan,nan,nan,nan,nan,nan,nan,nan,nan,nan,nan,nan,5.343511450381679267e-02,9.160305343511466331e-03,-9.160305343511466331e-03,nan,nan,3.053435114503821966e-03,nan,-9.160305343511466331e-03,nan,nan,nan,nan,9.160305343511466331e-03,3.358778625954197267e-02,nan,nan,nan,-1.526717557251910983e-03,nan,nan,nan,nan,nan,nan,nan,nan,nan,nan,nan,nan,nan,nan,nan,nan,nan,nan,nan,nan
nan,nan,nan,nan,-8.000000000000007105e-03,-2.239999999999993038e-02,nan,nan,-9.599999999999987016e-03,nan,7.360000000000004039e-02,nan,nan,nan,-1.600000000000001378e-03,nan,nan,nan,nan,nan,nan,nan,nan,nan,nan,nan,nan,nan,nan,nan,nan,nan,nan,nan,nan,nan,nan,nan,nan,-2.719999999999995685e-02,nan,nan,nan,nan,4.800000000000026468e-03,nan,nan,nan,-2.399999999999993111e-02,nan,nan,nan,nan,nan,nan,2.400000000000002132e-02,nan,nan,nan,-2.719999999999995685e-02,nan,nan,nan,nan,nan
nan,nan,nan,nan,nan,nan,nan,nan,nan,nan,nan,nan,-6.299212598425208039e-03,nan,nan,nan,nan,nan,nan,nan,nan,nan,nan,-4.724409448818888899e-03,1.102362204724405270e-02,nan,1.574803149606296372e-03,nan,-4.724409448818911450e-03,nan,nan,nan,-1.574803149606296372e-03,nan,nan,nan,nan,nan,nan,1.574803149606296372e-03,nan,nan,nan,nan,nan,nan,nan,nan,nan,nan,-7.874015748031527179e-03,1.417322834645666843e-02,nan,nan,nan,nan,2.204724409448815051e-02,nan,nan,nan,nan,nan,nan,nan,nan
nan,nan,nan,nan,nan,nan,nan,nan,nan,nan,1.378151260504201780e-01,nan,nan,2.521008403361342173e-02,nan,nan,nan,nan,nan,3.361344537815114109e-03,nan,nan,nan,nan,5.042016806722671163e-03,nan,nan,nan,1.680672268907561565e-02,1.176470588235292193e-02,nan,-1.848739495798321780e-02,nan,nan,6.722689075630250768e-03,nan,nan,nan,nan,nan,3.361344537815114109e-03,nan,nan,nan,1.512605042016805859e-02,nan,nan,nan,nan,nan,nan,nan,nan,nan,nan,nan,nan,nan,nan,nan,nan,nan,nan,nan,nan
nan,nan,nan,nan,nan,0.000000000000000000e+00,nan,nan,nan,nan,1.615999999999999936e-01,nan,nan,nan,nan,nan,nan,nan,nan,1.600000000000001378e-03,nan,nan,nan,nan,nan,nan,nan,nan,1.760000000000001494e-02,nan,nan,nan,2.079999999999999558e-02,nan,nan,nan,nan,nan,nan,6.400000000000005511e-03,nan,nan,nan,nan,4.959999999999999826e-02,nan,1.120000000000001029e-02,nan,nan,nan,nan,-3.200000000000002755e-03,nan,nan,nan,4.800000000000000100e-02,nan,nan,nan,nan,nan,nan,nan,nan,nan
nan,nan,nan,nan,nan,nan,nan,nan,nan,nan,1.599999999999999756e-01,nan,nan,nan,nan,nan,6.956521739130416826e-03,nan,nan,nan,nan,nan,nan,nan,1.739130434782598569e-03,nan,nan,1.217391304347825720e-02,3.826086956521738969e-02,3.478260869565219689e-03,nan,nan,5.217391304347773588e-03,nan,nan,nan,nan,nan,1.217391304347823465e-02,nan,-8.695652173913081748e-03,nan,nan,nan,nan,nan,nan,nan,nan,nan,nan,nan,nan,nan,nan,nan,nan,nan,8.695652173913015828e-03,nan,nan,nan,nan,nan,nan
nan,nan,nan,1.147540983606558720e-02,nan,nan,nan,nan,nan,nan,nan,nan,-3.278688524590167401e-03,nan,nan,nan,nan,nan,nan,1.639344262295083701e-03,nan,nan,nan,nan,4.426229508196721785e-02,nan,nan,nan,nan,3.278688524590167401e-03,nan,1.147540983606558720e-02,nan,nan,nan,nan,nan,nan,nan,6.557377049180334802e-03,0.000000000000000000e+00,nan,nan,nan,nan,6.557377049180334802e-03,nan,nan,nan,nan,nan,1.967213114754098185e-02,nan,nan,nan,nan,nan,nan,nan,nan,nan,nan,nan,nan,nan
nan,nan,nan,nan,nan,nan,nan,nan,nan,nan,1.444444444444444309e-01,nan,nan,nan,nan,nan,nan,nan,nan,nan,nan,nan,nan,nan,nan,nan,1.587301587301588254e-02,4.285714285714285754e-02,2.220446049250313204e-17,nan,nan,0.000000000000000000e+00,nan,nan,2.063492063492065182e-02,nan,nan,nan,nan,4.761904761904744987e-03,nan,nan,nan,1.587301587301603780e-03,nan,nan,nan,nan,nan,nan,0.000000000000000000e+00,4.761904761904789223e-03,nan,nan,nan,nan,nan,nan,nan,nan,nan,nan,nan,nan,nan
nan,nan,nan,nan,nan,nan,nan,nan,nan,nan,nan,nan,nan,nan,nan,nan,nan,9.843749999999999722e-02,nan,nan,nan,nan,nan,nan,1.874999999999999931e-02,nan,nan,nan,2.812500000000000069e-02,2.343750000000000000e-02,nan,nan,-6.250000000000000347e-03,nan,-1.562500000000000087e-03,nan,nan,nan,3.125000000000000173e-03,5.937499999999999722e-02,nan,nan,nan,nan,1.874999999999999931e-02,nan,nan,nan,nan,nan,nan,nan,nan,nan,nan,nan,9.374999999999999653e-03,nan,nan,nan,nan,nan,nan,nan,nan
nan,nan,nan,nan,nan,nan,nan,nan,3.247863247863247427e-02,nan,nan,nan,nan,-8.547008547008539195e-03,nan,nan,nan,nan,nan,nan,nan,nan,nan,nan,nan,nan,nan,nan,4.444444444444441839e-02,nan,nan,nan,-1.880341880341882682e-02,nan,nan,nan,nan,nan,8.547008547008539195e-03,0.000000000000000000e+00,8.205128205128202346e-02,nan,nan,nan,nan,nan,nan,nan,-1.709401709401709921e-02,nan,nan,5.128205128205128027e-02,nan,nan,nan,nan,1.196581196581194585e-02,nan,nan,nan,nan,nan,nan,nan,nan
nan,nan,nan,nan,nan,nan,nan,nan,-6.722689075630228217e-03,nan,nan,nan,nan,nan,nan,nan,nan,6.722689075630272452e-03,nan,nan,nan,nan,nan,nan,3.193277310924367424e-02,5.042016806722715398e-03,nan,nan,nan,2.689075630252100307e-02,nan,nan,1.008403361344538743e-02,nan,nan,nan,nan,nan,6.722689075630250768e-03,3.865546218487396490e-02,-1.680672268907557054e-03,nan,nan,nan,nan,nan,nan,nan,5.042016806722671163e-03,nan,nan,nan,nan,nan,nan,nan,nan,nan,nan,nan,nan,nan,nan,nan,nan
nan,nan,nan,-2.333333333333333787e-02,nan,nan,nan,nan,nan,nan,9.333333333333330983e-02,nan,nan,0.000000000000000000e+00,nan,nan,nan,-1.333333333333337409e-02,nan,nan,nan,nan,nan,-5.000000000000004441e-03,nan,-1.166666666666669148e-02,nan,nan,2.833333333333332149e-02,nan,nan,nan,-1.999999999999999695e-02,nan,nan,nan,nan,nan,nan,-1.833333333333333343e-02,nan,nan,nan,nan,nan,nan,nan,nan,nan,nan,nan,nan,nan,nan,nan,nan,1.666666666666638584e-03,nan,nan,nan,nan,nan,nan,nan,nan
nan,nan,nan,-6.611570247933906685e-03,6.611570247933862450e-03,-4.958677685950418738e-03,nan,nan,nan,nan,9.421487603305782332e-02,nan,nan,nan,nan,3.305785123966931225e-03,nan,nan,nan,-1.322314049586779082e-02,nan,nan,nan,nan,1.652892561983443278e-03,nan,nan,nan,nan,nan,nan,nan,nan,nan,nan,nan,nan,nan,nan,nan,1.487603305785123453e-02,nan,nan,nan,nan,nan,nan,nan,nan,nan,nan,-4.958677685950441290e-03,nan,nan,nan,nan,nan,nan,nan,4.958677685950397054e-03,nan,nan,nan,nan,nan
3.114754098360652396e-02,nan,nan,nan,nan,nan,nan,nan,nan,nan,nan,nan,nan,0.000000000000000000e+00,nan,nan,nan,6.557377049180313118e-03,nan,nan,nan,nan,nan,nan,nan,5.081967213114750581e-02,nan,nan,8.196721311475418936e-03,nan,nan,nan,-1.147540983606558720e-02,nan,-1.803278688524592027e-02,nan,nan,nan,nan,-3.278688524590167401e-03,nan,nan,nan,nan,nan,nan,1.639344262295081706e-02,nan,nan,nan,nan,nan,nan,nan,nan,nan,1.147540983606554210e-02,nan,nan,nan,nan,nan,nan,nan,nan
nan,nan,nan,1.612903225806450094e-03,nan,8.064516129032250902e-03,nan,nan,nan,nan,2.032258064516128948e-01,nan,nan,nan,6.451612903225800374e-03,nan,nan,nan,nan,nan,nan,nan,nan,nan,nan,nan,-4.838709677419350715e-03,4.354838709677417985e-02,-2.419354838709675271e-02,nan,nan,-1.290322580645160075e-02,-1.612903225806450094e-03,nan,nan,nan,nan,nan,nan,nan,nan,nan,nan,nan,8.064516129032250902e-03,nan,nan,nan,nan,nan,nan,nan,nan,nan,nan,nan,nan,nan,nan,nan,nan,nan,nan,nan,nan
0.000000000000000000e+00,nan,nan,nan,nan,-8.771929824561364858e-03,nan,nan,nan,nan,1.140350877192982670e-01,nan,nan,nan,nan,nan,nan,2.807017543859653338e-02,nan,nan,nan,nan,nan,nan,2.280701754385972002e-02,nan,nan,nan,1.754385964912352725e-03,3.508771929824594429e-03,nan,nan,1.578947368421055458e-02,nan,nan,nan,nan,nan,nan,nan,2.105263157894741305e-02,nan,nan,nan,nan,nan,nan,nan,nan,nan,nan,2.982456140350884383e-02,nan,nan,nan,nan,nan,nan,nan,nan,nan,nan,nan,nan,nan
nan,nan,nan,1.709401709401681211e-03,nan,nan,nan,nan,nan,nan,1.675213675213674536e-01,nan,nan,2.393162393162389170e-02,nan,nan,nan,nan,nan,nan,nan,nan,nan,nan,1.709401709401703329e-03,nan,nan,nan,2.564102564102559503e-02,nan,nan,nan,6.837606837606813315e-03,nan,nan,nan,nan,nan,nan,-2.220446049250313204e-17,nan,nan,nan,2.393162393162386742e-02,nan,nan,nan,nan,nan,nan,nan,6.837606837606813315e-03,nan,nan,nan,nan,4.615384615384610090e-02,nan,nan,nan,nan,nan,nan,nan,nan
nan,nan,nan,nan,nan,nan,1.769911504424781512e-02,nan,nan,nan,1.362831858407079766e-01,nan,nan,nan,nan,nan,nan,nan,nan,nan,nan,nan,nan,nan,4.955752212389379074e-02,nan,nan,nan,3.539823008849563111e-03,2.123893805309735525e-02,nan,nan,nan,nan,nan,nan,nan,nan,nan,nan,2.477876106194691966e-02,-1.769911504424781555e-03,nan,nan,nan,nan,3.893805309734510445e-02,nan,nan,nan,nan,-5.309734513274344883e-03,nan,nan,nan,nan,nan,nan,1.415929203539822989e-02,nan,nan,nan,nan,nan,nan
nan,nan,nan,0.000000000000000000e+00,nan,nan,nan,nan,1.269841269841267585e-02,nan,1.190476190476190271e-01,nan,nan,nan,3.174603174603185442e-03,nan,nan,nan,nan,nan,nan,nan,nan,-2.220446049250313204e-17,nan,nan,nan,nan,-7.936507936507974231e-03,nan,nan,nan,nan,nan,3.174603174603141207e-03,nan,nan,nan,nan,nan,2.857142857142853584e-02,nan,nan,nan,2.539682539682535170e-02,nan,nan,nan,nan,nan,1.587301587301581662e-03,nan,nan,nan,nan,nan,nan,nan,nan,nan,nan,nan,nan,nan,nan
nan,nan,nan,nan,nan,-1.769911504424781555e-03,nan,nan,nan,nan,1.522123893805309991e-01,nan,nan,nan,nan,nan,nan,0.000000000000000000e+00,nan,nan,nan,nan,nan,nan,2.477876106194691966e-02,5.309734513274344883e-03,nan,nan,nan,8.849557522123907560e-03,nan,nan,3.539823008849563111e-03,nan,nan,nan,nan,nan,nan,nan,3.539823008849563111e-03,nan,nan,nan,1.946902654867257304e-02,nan,-8.849557522123907560e-03,nan,nan,nan,nan,nan,nan,nan,nan,nan,nan,nan,nan,nan,nan,nan,nan,nan,nan
nan,nan,nan,nan,nan,nan,nan,nan,nan,nan,nan,nan,nan,nan,nan,-1.052631578947369438e-02,nan,nan,nan,nan,nan,2.280701754385962982e-02,nan,nan,nan,nan,nan,4.385964912280700123e-02,nan,nan,nan,nan,-1.228070175438598054e-02,nan,nan,nan,nan,nan,nan,nan,nan,nan,nan,8.771929824561408226e-03,0.000000000000000000e+00,nan,-1.228070175438598054e-02,nan,nan,nan,-5.263157894736858466e-03,-5.263157894736858466e-03,nan,nan,nan,3.508771929824550193e-03,nan,nan,nan,nan,nan,nan,nan,nan,nan
nan,nan,nan,nan,-1.440000000000001348e-02,nan,nan,nan,nan,nan,nan,nan,nan,nan,1.280000000000001102e-02,nan,nan,nan,nan,nan,nan,nan,nan,nan,nan,nan,8.000000000000007105e-03,nan,1.279999999999998847e-02,4.799999999999993161e-02,nan,nan,nan,nan,1.279999999999996765e-02,nan,nan,nan,nan,nan,nan,nan,6.400000000000005511e-03,nan,1.600000000000001378e-03,-1.600000000000001378e-03,nan,nan,nan,nan,nan,nan,nan,nan,nan,nan,nan,nan,0.000000000000000000e+00,nan,nan,nan,nan,nan,nan
2.220446049250313204e-17,nan,nan,nan,nan,nan,nan,nan,nan,nan,nan,nan,nan,nan,nan,nan,nan,nan,nan,nan,nan,nan,nan,nan,2.222222222222225430e-02,nan,nan,3.247863247863254366e-02,6.837606837606901786e-03,3.418803418803450893e-03,nan,nan,-1.196581196581192330e-02,nan,nan,nan,nan,nan,nan,nan,2.222222222222227511e-02,nan,nan,nan,1.709401709401725446e-03,nan,nan,nan,nan,nan,-2.393162393162389170e-02,nan,nan,nan,nan,-3.418803418803384540e-03,nan,nan,nan,nan,nan,nan,nan,nan,nan
nan,nan,nan,3.305785123966931225e-03,nan,nan,nan,nan,nan,nan,1.289256198347107085e-01,nan,nan,nan,nan,1.322314049586772490e-02,nan,4.958677685950397054e-03,nan,nan,nan,-1.322314049586783592e-02,nan,nan,nan,nan,nan,1.057851239669421323e-01,4.958677685950397054e-03,nan,nan,nan,-4.958677685950462974e-03,nan,nan,nan,nan,nan,nan,nan,nan,nan,3.305785123966931225e-03,nan,6.611570247933862450e-03,nan,nan,nan,nan,nan,nan,nan,nan,nan,nan,nan,nan,nan,nan,nan,nan,nan,nan,nan,nan
nan,nan,nan,nan,nan,nan,8.771929824561408226e-03,nan,nan,nan,2.263157894736841647e-01,nan,nan,nan,8.771929824561430777e-03,nan,nan,nan,nan,nan,nan,nan,nan,nan,nan,nan,8.771929824561408226e-03,6.140350877192979340e-02,1.403508771929822332e-02,nan,nan,nan,1.403508771929822332e-02,nan,nan,nan,nan,nan,nan,nan,nan,nan,nan,nan,nan,nan,nan,nan,nan,nan,nan,2.280701754385962982e-02,nan,nan,nan,1.578947368421050948e-02,nan,nan,3.508771929824572311e-03,nan,nan,nan,nan,nan,nan
nan,nan,nan,3.304347826086957707e-02,nan,nan,nan,nan,nan,nan,nan,nan,-2.608695652173911167e-02,nan,nan,nan,nan,nan,nan,nan,nan,nan,nan,-3.652173913043477160e-02,nan,nan,nan,nan,-2.782608695652173322e-02,nan,nan,nan,0.000000000000000000e+00,nan,nan,nan,nan,nan,nan,-2.434782608695651440e-02,nan,nan,nan,nan,nan,nan,-1.739130434782607676e-02,nan,nan,nan,-3.999999999999999389e-02,0.000000000000000000e+00,nan,nan,nan,nan,-1.391304347826089957e-02,nan,nan,nan,nan,nan,nan,nan,nan
nan,nan,nan,nan,nan,3.448275862069016644e-03,nan,nan,nan,nan,1.724137931034483429e-01,nan,nan,-1.724137931034475145e-03,nan,nan,nan,nan,nan,nan,nan,nan,nan,nan,-1.724137931034430693e-03,nan,nan,nan,nan,nan,nan,nan,nan,nan,nan,nan,nan,nan,nan,nan,2.931034482758625506e-02,nan,nan,nan,3.275862068965520318e-02,5.172413793103491572e-03,2.758620689655175845e-02,nan,-1.551724137931029777e-02,nan,nan,nan,nan,nan,nan,nan,nan,nan,-1.724137931034475145e-03,nan,nan,nan,nan,nan,nan
4.440892098500626408e-17,nan,nan,nan,nan,nan,nan,nan,4.273504273504276363e-02,nan,nan,nan,-3.418803418803406657e-03,4.615384615384621192e-02,nan,nan,nan,nan,nan,nan,nan,nan,nan,nan,nan,nan,nan,5.128205128205130109e-02,4.273504273504278445e-02,0.000000000000000000e+00,nan,nan,4.440892098500626408e-17,nan,nan,nan,nan,nan,nan,nan,6.153846153846158351e-02,nan,nan,nan,5.128205128205176773e-03,nan,nan,nan,nan,nan,nan,nan,nan,nan,nan,nan,nan,nan,nan,nan,nan,nan,nan,nan,nan
2.016806722689075057e-02,nan,nan,nan,nan,nan,nan,nan,2.689075630252102389e-02,nan,5.210084033613444909e-02,nan,-2.689075630252100307e-02,nan,nan,nan,nan,nan,nan,3.361344537815114109e-03,nan,nan,nan,nan,6.890756302521010290e-02,nan,nan,nan,nan,nan,nan,nan,nan,nan,nan,nan,nan,nan,5.042016806722693714e-03,5.210084033613444909e-02,nan,nan,nan,nan,nan,nan,nan,nan,-1.176470588235294448e-02,nan,nan,1.680672268907579172e-03,nan,nan,nan,nan,nan,nan,nan,nan,nan,nan,nan,nan,nan
nan,nan,nan,nan,nan,nan,nan,nan,4.800000000000004263e-02,nan,nan,nan,nan,1.120000000000001029e-02,nan,nan,nan,nan,nan,nan,nan,nan,nan,nan,3.360000000000003262e-02,nan,nan,nan,-6.400000000000005511e-03,nan,nan,nan,1.280000000000001102e-02,nan,nan,nan,nan,nan,nan,-6.400000000000005511e-03,2.080000000000001986e-02,nan,nan,nan,nan,nan,nan,nan,nan,nan,2.080000000000001986e-02,nan,nan,nan,nan,-1.600000000000001378e-03,2.720000000000002277e-02,nan,nan,nan,nan,nan,nan,nan,nan
nan,nan,nan,nan,nan,nan,nan,nan,5.483870967741934915e-02,nan,nan,nan,nan,3.225806451612900187e-03,nan,nan,2.580645161290320150e-02,8.064516129032250902e-03,nan,nan,nan,nan,nan,4.838709677419350715e-03,nan,nan,nan,7.741935483870968082e-02,0.000000000000000000e+00,nan,nan,8.064516129032250902e-03,nan,nan,nan,nan,nan,nan,nan,nan,nan,nan,nan,nan,6.451612903225800374e-03,nan,nan,nan,nan,nan,nan,nan,nan,nan,nan,3.548387096774192895e-02,nan,nan,nan,nan,nan,nan,nan,nan,nan
nan,nan,nan,3.709677419354844019e-02,nan,nan,nan,nan,nan,nan,nan,nan,nan,nan,nan,nan,nan,2.096774193548394186e-02,nan,nan,nan,nan,nan,1.451612903225809638e-02,1.451612903225807383e-02,nan,3.225806451612900187e-03,nan,4.838709677419372399e-03,3.870967741935489592e-02,nan,nan,nan,nan,nan,nan,nan,nan,-3.225806451612900187e-03,nan,3.064516129032266584e-02,nan,nan,nan,nan,nan,nan,nan,nan,nan,3.064516129032262073e-02,nan,nan,nan,nan,nan,nan,nan,nan,nan,nan,nan,nan,nan,nan
nan,nan,nan,-1.680672268907557054e-03,-1.680672268907557054e-03,nan,nan,nan,nan,nan,9.579831932773111292e-02,nan,-3.361344537815114109e-03,3.361344537815114109e-03,nan,nan,5.042016806722671163e-03,nan,nan,nan,nan,nan,nan,1.176470588235294448e-02,nan,nan,nan,nan,nan,nan,nan,nan,4.033613445378150114e-02,2.352941176470586468e-02,nan,nan,nan,nan,nan,0.000000000000000000e+00,nan,nan,nan,nan,nan,nan,nan,nan,nan,nan,nan,nan,nan,nan,nan,nan,nan,nan,nan,nan,nan,nan,nan,nan,nan
nan,nan,nan,-3.333333333333321404e-03,nan,nan,nan,nan,nan,nan,1.216666666666666730e-01,nan,nan,nan,-8.333333333333303727e-03,nan,nan,nan,nan,nan,nan,nan,nan,nan,nan,nan,nan,1.166666666666669148e-02,-8.333333333333303727e-03,nan,nan,nan,-8.333333333333303727e-03,nan,nan,nan,nan,nan,nan,0.000000000000000000e+00,nan,1.666666666666683037e-03,nan,nan,nan,nan,-3.000000000000000583e-02,nan,nan,nan,nan,nan,nan,nan,nan,3.333333333333343522e-03,nan,nan,nan,nan,nan,nan,nan,nan,nan
nan,nan,nan,2.068965517241374424e-02,nan,nan,4.827586206896546106e-02,nan,4.827586206896550269e-02,nan,nan,nan,nan,-2.220446049250313204e-17,nan,nan,nan,nan,nan,1.551724137931029777e-02,nan,nan,nan,5.172413793103425653e-03,nan,nan,nan,nan,nan,nan,nan,nan,nan,nan,nan,nan,nan,nan,nan,nan,nan,nan,nan,nan,nan,nan,nan,nan,0.000000000000000000e+00,nan,-1.206896551724141384e-02,-8.620689655172463980e-03,nan,nan,nan,2.241379310344824433e-02,nan,nan,nan,nan,nan,nan,nan,nan,nan
-2.857142857142853584e-02,nan,nan,nan,nan,nan,nan,nan,nan,nan,nan,nan,nan,nan,nan,nan,nan,1.206349206349206782e-01,nan,nan,nan,nan,nan,3.015873015873018342e-02,-1.587301587301537210e-03,-1.587301587301537210e-03,nan,nan,nan,nan,nan,nan,1.587301587301590683e-02,2.539682539682541762e-02,-3.809523809523805010e-02,nan,nan,nan,-4.761904761904722436e-03,nan,nan,nan,nan,nan,nan,nan,nan,nan,nan,nan,nan,nan,nan,nan,nan,nan,nan,nan,-9.523809523809489974e-03,nan,nan,nan,nan,nan,nan
nan,nan,nan,5.172413793103403101e-03,nan,-5.172413793103469888e-03,nan,nan,-3.448275862068994526e-03,nan,4.310344827586200939e-02,nan,nan,-6.896551724137944817e-03,nan,nan,nan,nan,nan,nan,nan,nan,nan,nan,nan,nan,nan,nan,1.379310344827582371e-02,nan,nan,nan,nan,nan,nan,nan,nan,nan,nan,nan,nan,2.413793103448269584e-02,nan,nan,2.241379310344824433e-02,nan,nan,nan,-2.068965517241381363e-02,nan,1.896551724137927192e-02,nan,nan,nan,nan,nan,nan,nan,nan,nan,nan,nan,nan,nan,nan
nan,nan,nan,nan,0.000000000000000000e+00,nan,nan,nan,nan,nan,nan,nan,nan,nan,nan,nan,nan,nan,nan,nan,nan,nan,nan,nan,3.478260869565197137e-03,nan,nan,nan,1.739130434782607676e-02,nan,nan,nan,3.478260869565197137e-03,nan,nan,nan,nan,nan,nan,1.043478260869561483e-02,nan,nan,nan,nan,nan,1.913043478260867403e-02,5.217391304347796140e-03,nan,nan,nan,3.652173913043475079e-02,-3.478260869565219689e-03,nan,nan,nan,nan,5.913043478260864017e-02,nan,nan,nan,nan,nan,nan,nan,nan
nan,nan,nan,nan,nan,nan,4.878048780487786659e-03,nan,nan,nan,1.186991869918699039e-01,nan,nan,1.138211382113822959e-02,nan,nan,nan,nan,nan,nan,nan,nan,nan,6.504065040650419509e-03,nan,2.926829268292681016e-02,nan,nan,1.463414634146340508e-02,nan,nan,nan,nan,nan,nan,nan,nan,nan,-3.252032520325221030e-03,nan,5.691056910569105426e-02,nan,nan,nan,nan,nan,nan,nan,nan,nan,nan,nan,nan,nan,nan,-9.756097560975618421e-03,nan,nan,4.878048780487809211e-03,nan,nan,nan,nan,nan,nan
8.264462809917327846e-03,nan,nan,nan,nan,nan,4.462809917355366196e-02,nan,6.115702479338838010e-02,nan,nan,nan,nan,nan,nan,nan,nan,nan,nan,nan,nan,nan,nan,nan,4.958677685950411973e-02,nan,nan,nan,1.818181818181814277e-02,nan,nan,nan,nan,nan,1.652892561983467651e-02,nan,nan,nan,nan,nan,nan,nan,nan,nan,1.983471074380160903e-02,nan,nan,nan,nan,nan,nan,1.487603305785118943e-02,nan,nan,nan,nan,nan,nan,4.462809917355368278e-02,2.479338842975202864e-02,nan,nan,nan,nan,nan
2.113821138211382372e-02,nan,nan,1.300813008130083902e-02,nan,nan,nan,nan,8.130081300813007256e-03,nan,1.056910569105690978e-01,nan,-1.300813008130081647e-02,1.626016260162588180e-03,nan,nan,nan,nan,nan,-1.300813008130083902e-02,nan,nan,nan,nan,nan,nan,nan,nan,3.902439024390243205e-02,nan,nan,nan,nan,nan,nan,nan,nan,nan,nan,nan,nan,nan,nan,nan,nan,nan,nan,nan,nan,nan,nan,-3.252032520325198912e-03,nan,nan,nan,nan,1.463414634146342763e-02,nan,nan,nan,nan,nan,nan,nan,nan
nan,nan,nan,nan,nan,nan,nan,nan,6.611570247933906685e-03,nan,nan,nan,nan,1.652892561983510065e-03,nan,nan,nan,nan,nan,nan,nan,nan,nan,nan,-9.917355371900771557e-03,nan,nan,nan,-1.652892561983465613e-03,nan,nan,0.000000000000000000e+00,1.157024793388436966e-02,nan,nan,nan,nan,nan,nan,nan,9.917355371900882580e-03,nan,nan,nan,nan,nan,nan,nan,nan,nan,6.611570247933929237e-03,nan,nan,nan,nan,3.636363636363639656e-02,nan,nan,nan,2.148760330578516203e-02,nan,nan,nan,nan,nan
2.635658914728677971e-02,nan,nan,nan,nan,4.651162790697683028e-03,nan,nan,nan,nan,1.038759689922480189e-01,nan,nan,nan,nan,nan,nan,nan,nan,nan,nan,nan,nan,3.410852713178289669e-02,nan,nan,nan,nan,5.426356589147285359e-02,2.480620155038759655e-02,nan,nan,7.751937984496137801e-03,nan,nan,nan,nan,nan,nan,nan,nan,1.860465116279066272e-02,nan,nan,nan,nan,1.085271317829452666e-02,nan,nan,nan,nan,nan,nan,nan,nan,nan,nan,nan,5.426356589147285359e-02,nan,nan,nan,nan,nan,nan
nan,nan,nan,nan,nan,nan,0.000000000000000000e+00,nan,nan,nan,6.240000000000003183e-02,nan,-6.400000000000005511e-03,nan,nan,nan,nan,nan,nan,nan,nan,0.000000000000000000e+00,nan,nan,nan,nan,1.600000000000001421e-02,nan,nan,nan,nan,nan,nan,nan,-1.920000000000001567e-02,nan,nan,nan,nan,nan,-1.280000000000001102e-02,-9.600000000000007833e-03,nan,nan,nan,nan,nan,nan,nan,nan,nan,nan,nan,nan,nan,nan,1.280000000000001102e-02,nan,8.000000000000007105e-03,nan,nan,nan,nan,nan,nan
nan,nan,nan,nan,nan,nan,nan,nan,nan,nan,nan,nan,nan,nan,nan,nan,nan,1.920000000000001567e-02,nan,2.400000000000002132e-02,nan,nan,nan,-1.599999999999979260e-03,nan,1.760000000000001494e-02,nan,nan,nan,nan,nan,nan,0.000000000000000000e+00,nan,3.200000000000002755e-03,nan,nan,nan,1.920000000000001567e-02,-1.600000000000001378e-03,nan,2.400000000000002132e-02,nan,nan,nan,nan,nan,nan,nan,nan,nan,nan,nan,nan,nan,nan,5.440000000000004554e-02,nan,nan,nan,nan,nan,nan,nan,nan
nan,nan,nan,nan,nan,nan,1.709401709401707839e-02,nan,nan,nan,nan,nan,nan,nan,nan,nan,nan,4.786324786324782504e-02,nan,-1.709401709401725446e-03,nan,nan,nan,nan,4.786324786324782504e-02,nan,nan,1.709401709401707839e-02,-1.025641025641026507e-02,nan,nan,nan,0.000000000000000000e+00,nan,nan,nan,nan,nan,3.589743589743588092e-02,nan,nan,nan,nan,nan,nan,nan,nan,nan,nan,nan,1.367521367521364918e-02,nan,nan,nan,nan,1.025641025641024252e-02,nan,nan,nan,nan,nan,nan,nan,nan,nan
0.000000000000000000e+00,nan,nan,nan,nan,nan,nan,nan,nan,nan,1.580645161290322176e-01,nan,nan,nan,nan,nan,nan,5.645161290322575631e-02,nan,nan,nan,nan,nan,3.225806451612900187e-03,nan,1.451612903225805128e-02,nan,4.516129032258062864e-02,nan,0.000000000000000000e+00,nan,nan,1.451612903225805128e-02,nan,4.838709677419350715e-03,nan,nan,nan,nan,nan,8.870967741935482931e-02,nan,nan,nan,nan,nan,nan,nan,nan,nan,nan,nan,nan,nan,nan,nan,nan,nan,nan,nan,nan,nan,nan,nan,nan
nan,nan,nan,nan,nan,nan,1.626016260162603880e-02,nan,nan,nan,nan,nan,1.300813008130081647e-02,4.227642276422764744e-02,1.626016260162632633e-03,nan,nan,7.642276422764229804e-02,nan,nan,nan,nan,nan,-9.756097560975595870e-03,nan,nan,nan,nan,nan,nan,nan,nan,nan,nan,-6.504065040650352722e-03,nan,nan,nan,nan,nan,nan,nan,nan,nan,nan,-4.552845528455282814e-02,nan,nan,nan,nan,nan,6.178861788617888429e-02,nan,nan,nan,nan,nan,nan,nan,2.439024390243902524e-02,nan,nan,nan,nan,nan
nan,nan,nan,nan,1.694915254237305867e-03,nan,nan,nan,nan,nan,1.135593220338983328e-01,nan,nan,nan,5.084745762711917819e-03,nan,1.694915254237327985e-03,nan,nan,nan,-3.389830508474567065e-03,nan,nan,nan,nan,1.525423728813564070e-02,nan,nan,nan,nan,nan,nan,nan,nan,nan,nan,nan,nan,nan,nan,8.474576271186506568e-03,nan,nan,nan,-1.694915254237239297e-03,0.000000000000000000e+00,nan,nan,nan,nan,nan,nan,nan,nan,nan,nan,-2.033898305084740413e-02,nan,nan,nan,nan,nan,nan,nan,nan
nan,nan,nan,-1.081081081081083396e-02,nan,-1.261261261261263991e-02,nan,nan,nan,nan,6.126126126126121146e-02,nan,nan,-3.603603603603633583e-03,nan,nan,nan,nan,nan,nan,nan,nan,nan,nan,nan,nan,nan,nan,nan,nan,nan,1.801801801801761280e-03,nan,nan,-1.981981981981983942e-02,nan,nan,nan,-3.603603603603611032e-03,-2.220446049250313204e-17,nan,-3.603603603603633583e-03,nan,nan,nan,nan,2.342342342342340622e-02,nan,nan,nan,nan,nan,nan,nan,nan,nan,nan,nan,nan,nan,nan,nan,nan,nan,nan
nan,nan,nan,-1.196581196581194585e-02,nan,nan,nan,nan,nan,nan,nan,nan,nan,0.000000000000000000e+00,nan,0.000000000000000000e+00,nan,nan,nan,nan,1.880341880341880878e-01,6.837606837606835866e-03,nan,nan,nan,nan,nan,nan,3.589743589743595031e-02,nan,nan,nan,2.564102564102566095e-02,nan,6.837606837606835866e-03,nan,nan,nan,nan,6.837606837606835866e-03,nan,nan,nan,nan,nan,nan,nan,nan,nan,nan,nan,-6.837606837606835866e-03,nan,nan,nan,nan,nan,nan,nan,nan,nan,nan,nan,nan,nan
nan,nan,nan,nan,-1.639344262295083701e-03,nan,nan,nan,nan,nan,1.180327868852459050e-01,nan,nan,nan,1.639344262295083787e-02,nan,4.918032786885251535e-03,nan,nan,nan,nan,nan,nan,nan,1.311475409836066960e-02,nan,nan,nan,-3.278688524590167401e-03,nan,nan,nan,nan,nan,5.409836065573765673e-02,nan,nan,nan,nan,nan,nan,0.000000000000000000e+00,nan,nan,nan,nan,2.131147540983604344e-02,nan,nan,nan,nan,nan,nan,nan,nan,nan,nan,nan,1.147540983606558720e-02,nan,nan,nan,nan,nan,nan
nan,nan,nan,nan,nan,nan,nan,nan,2.809917355371900280e-02,nan,8.760330578512398603e-02,nan,nan,9.917355371900814925e-03,nan,nan,nan,nan,nan,nan,nan,nan,nan,nan,2.809917355371902709e-02,nan,nan,nan,-3.305785123966953343e-03,nan,nan,nan,-9.917355371900794109e-03,nan,nan,nan,nan,nan,nan,-1.983471074380165414e-02,2.148760330578512040e-02,nan,nan,nan,1.983471074380167495e-02,nan,nan,nan,nan,nan,nan,nan,nan,nan,nan,nan,nan,nan,1.322314049586779082e-02,nan,nan,nan,nan,nan,nan
nan,nan,nan,nan,nan,nan,nan,nan,nan,nan,nan,nan,0.000000000000000000e+00,nan,nan,3.389830508474611735e-03,nan,nan,nan,1.016949152542376798e-02,nan,3.898305084745763704e-02,nan,1.864406779661018781e-02,nan,7.627118644067798492e-02,nan,nan,nan,nan,nan,nan,nan,nan,0.000000000000000000e+00,nan,nan,nan,nan,nan,nan,nan,nan,nan,nan,nan,3.389830508474611735e-03,nan,nan,nan,6.779661016949134131e-03,nan,nan,nan,nan,5.084745762711866124e-02,nan,nan,nan,nan,nan,nan,nan,nan,nan
nan,nan,nan,nan,nan,nan,nan,nan,nan,nan,nan,nan,-1.666666666666660702e-03,nan,nan,nan,nan,nan,nan,nan,nan,nan,nan,nan,1.166666666666664812e-02,1.666666666666660702e-03,nan,2.333333333333331705e-02,nan,1.666666666666662827e-02,nan,nan,8.333333333333326279e-03,nan,nan,nan,nan,nan,nan,9.999999999999986330e-03,3.999999999999999389e-02,nan,nan,nan,nan,nan,-1.000000000000000888e-02,nan,nan,nan,1.333333333333330817e-02,nan,nan,nan,nan,nan,nan,nan,nan,nan,nan,nan,nan,nan,nan
nan,nan,nan,nan,nan,0.000000000000000000e+00,nan,nan,nan,nan,1.304347826086956486e-01,nan,nan,nan,-4.440892098500626408e-17,nan,nan,nan,nan,nan,nan,nan,nan,nan,nan,nan,nan,nan,nan,nan,nan,-1.565217391304347602e-02,nan,nan,nan,nan,nan,nan,-6.956521739130461061e-03,nan,nan,nan,-3.478260869565241806e-03,5.217391304347796140e-03,3.304347826086954931e-02,nan,6.956521739130430704e-02,nan,nan,nan,nan,-2.220446049250313204e-17,nan,nan,nan,nan,nan,nan,nan,nan,nan,nan,nan,nan,nan
nan,nan,nan,nan,nan,nan,-1.592920353982305720e-02,nan,nan,nan,1.061946902654866964e-01,nan,nan,nan,nan,nan,nan,nan,nan,nan,nan,nan,nan,nan,-2.300884955752215827e-02,nan,4.955752212389374911e-02,2.300884955752207153e-02,3.539823008849518442e-03,nan,nan,nan,nan,-8.849557522123907560e-03,nan,nan,nan,nan,nan,nan,7.256637168141585881e-02,nan,nan,nan,nan,nan,nan,nan,nan,nan,1.769911504424774920e-02,nan,nan,nan,nan,nan,nan,nan,1.769911504424759221e-03,nan,nan,nan,nan,nan,nan
nan,nan,nan,nan,nan,nan,nan,nan,nan,nan,nan,nan,nan,-1.551724137931029777e-02,nan,nan,nan,nan,nan,nan,nan,nan,nan,3.103448275862073086e-02,4.440892098500626408e-17,nan,nan,nan,1.551724137931036543e-02,3.793103448275862710e-02,nan,nan,nan,nan,3.965517241379312718e-02,nan,nan,nan,nan,-8.620689655172375510e-03,6.896551724137989052e-03,nan,nan,nan,nan,nan,nan,nan,nan,nan,nan,nan,nan,nan,nan,1.034482758620696233e-02,-6.896551724137900581e-03,nan,nan,nan,nan,nan,nan,nan,nan
9.374999999999999653e-03,nan,nan,nan,nan,nan,nan,nan,nan,nan,nan,nan,nan,nan,nan,nan,2.500000000000000139e-02,nan,nan,2.656249999999999931e-02,nan,nan,nan,nan,-4.687499999999999827e-03,nan,nan,nan,nan,7.812500000000000000e-03,nan,nan,nan,nan,nan,nan,nan,nan,-9.374999999999999653e-03,nan,-9.374999999999999653e-03,nan,nan,nan,nan,0.000000000000000000e+00,nan,nan,nan,nan,nan,nan,nan,nan,nan,2.187499999999999861e-02,4.687499999999999827e-03,nan,nan,nan,nan,nan,nan,nan,nan
3.333333333333321404e-03,nan,nan,8.333333333333348830e-03,nan,-5.000000000000004441e-03,nan,nan,nan,nan,1.383333333333333359e-01,nan,nan,nan,nan,nan,nan,nan,nan,-1.500000000000003587e-02,nan,nan,nan,nan,nan,nan,nan,nan,1.499999999999996822e-02,nan,nan,nan,nan,nan,nan,nan,nan,nan,nan,nan,nan,nan,6.666666666666665360e-03,nan,1.166666666666664812e-02,nan,1.833333333333331261e-02,nan,4.999999999999981889e-03,nan,nan,nan,nan,nan,nan,nan,nan,nan,nan,nan,nan,nan,nan,nan,nan
nan,nan,nan,nan,nan,nan,nan,nan,nan,nan,nan,nan,nan,nan,nan,nan,nan,9.280000000000007687e-02,nan,nan,nan,nan,nan,nan,1.440000000000001348e-02,nan,nan,4.320000000000005780e-02,nan,1.600000000000001421e-02,nan,nan,6.400000000000005511e-03,nan,4.440892098500626408e-17,nan,nan,nan,nan,nan,3.040000000000002769e-02,4.160000000000003972e-02,nan,nan,1.120000000000001029e-02,nan,nan,nan,nan,nan,nan,nan,nan,nan,nan,nan,4.800000000000004263e-02,nan,nan,nan,nan,nan,nan,nan,nan
1.754385964912264038e-03,nan,nan,nan,-1.754385964912286155e-02,nan,nan,nan,nan,nan,1.210526315789473284e-01,nan,nan,nan,nan,nan,nan,nan,nan,nan,nan,nan,nan,nan,nan,nan,nan,nan,nan,nan,nan,3.508771929824528076e-03,nan,1.403508771929820077e-02,nan,nan,nan,nan,nan,-1.403508771929828924e-02,nan,-4.440892098500626408e-17,nan,nan,nan,nan,-7.017543859649188857e-03,nan,nan,nan,nan,-5.263157894736858466e-03,nan,nan,nan,nan,nan,nan,1.578947368421048519e-02,nan,nan,nan,nan,nan,nan
nan,nan,nan,-8.928571428571396851e-03,nan,5.357142857142882346e-03,nan,nan,nan,nan,5.892857142857146208e-02,nan,nan,nan,nan,nan,nan,2.857142857142860176e-02,nan,nan,nan,nan,nan,-4.107142857142853654e-02,nan,1.071428571428576469e-02,nan,nan,5.357142857142904897e-03,nan,nan,nan,nan,nan,nan,nan,nan,nan,-3.214285714285711887e-02,nan,nan,nan,nan,nan,nan,nan,-1.607142857142853515e-02,nan,nan,nan,nan,nan,nan,nan,nan,nan,nan,nan,-3.571428571428536623e-03,nan,nan,nan,nan,nan,nan
nan,nan,nan,3.418803418803450893e-03,nan,nan,nan,nan,nan,nan,9.914529914529919552e-02,nan,nan,nan,nan,nan,nan,3.418803418803424699e-02,nan,nan,nan,nan,nan,nan,nan,nan,nan,nan,1.367521367521373765e-02,1.709401709401747781e-03,nan,nan,nan,nan,5.128205128205176773e-03,nan,nan,nan,nan,nan,0.000000000000000000e+00,nan,nan,8.547008547008605114e-03,nan,nan,nan,nan,nan,nan,nan,nan,nan,nan,nan,3.076923076923083686e-02,nan,nan,nan,0.000000000000000000e+00,nan,nan,nan,nan,nan
nan,nan,nan,nan,nan,nan,6.611570247933818215e-03,nan,1.487603305785121198e-02,nan,1.206611570247933668e-01,nan,nan,nan,nan,nan,2.148760330578507530e-02,nan,nan,-6.611570247933950921e-03,nan,nan,nan,nan,nan,-9.917355371900860028e-03,nan,3.471074380165284357e-02,2.644628099173547062e-02,nan,nan,nan,nan,nan,nan,nan,nan,nan,-9.917355371900882580e-03,nan,nan,nan,nan,nan,nan,-2.220446049250313204e-17,nan,nan,nan,nan,nan,nan,nan,nan,nan,nan,nan,nan,nan,nan,nan,nan,nan,nan,nan
nan,nan,nan,nan,nan,nan,nan,nan,nan,nan,nan,nan,-6.504065040650442060e-03,1.300813008130075055e-02,nan,nan,nan,nan,nan,nan,nan,nan,nan,nan,4.552845528455280733e-02,nan,nan,nan,-3.252032520325243148e-03,nan,nan,-9.756097560975663524e-03,3.252032520325198739e-02,nan,nan,nan,nan,nan,nan,nan,nan,nan,nan,nan,nan,8.130081300812963888e-03,8.130081300812963888e-03,nan,nan,nan,1.626016260162566063e-03,1.463414634146336171e-02,nan,nan,nan,nan,nan,nan,nan,nan,nan,nan,nan,nan,nan
