7.627118644067776114e-03,nan,nan,6.779661016949145580e-02,nan,6.271186440677960217e-02,nan,nan,nan,nan,nan,nan,nan,nan,5.932203389830503770e-02,nan,nan,6.779661016949134131e-03,nan,nan,nan,nan,nan,nan,5.084745762711861961e-02,nan,1.949152542372878383e-02,nan,1.440677966101693366e-02,nan,nan,nan,nan,nan,1.101694915254234318e-02,nan,nan,nan,nan,nan,nan,nan,nan,nan,nan,nan,nan,nan,nan,nan,4.237288135593209049e-03,nan,nan,nan,nan,nan,nan,nan,nan,nan,nan,nan,nan,nan,nan
nan,nan,nan,nan,nan,nan,nan,nan,nan,nan,nan,nan,nan,nan,2.439024390243926723e-03,nan,nan,nan,nan,nan,nan,-1.951219512195117092e-02,nan,-5.691056910569103344e-02,nan,nan,8.130081300813029807e-03,nan,nan,nan,nan,nan,nan,1.382113821138211164e-02,nan,nan,nan,nan,nan,nan,nan,-4.065040650406470668e-03,4.878048780487809211e-03,nan,1.056910569105691186e-02,nan,nan,nan,nan,nan,-1.626016260162588180e-03,nan,nan,nan,nan,nan,-2.113821138211378209e-02,nan,nan,nan,nan,nan,nan,nan,nan
-2.220446049250313204e-17,nan,nan,nan,nan,nan,nan,nan,nan,nan,1.714285714285712636e-02,nan,nan,nan,nan,nan,nan,-1.632653061224509372e-03,nan,nan,nan,nan,nan,1.877551020408163573e-02,nan,nan,nan,nan,nan,nan,nan,nan,nan,nan,nan,nan,nan,nan,nan,nan,1.632653061224464920e-03,1.224489795918364335e-02,-3.265306122449018744e-03,nan,nan,nan,1.632653061224487254e-03,nan,3.265306122448929840e-03,nan,nan,nan,nan,nan,nan,nan,-1.142857142857145458e-02,nan,nan,nan,nan,nan,nan,nan,nan
-1.338582677165351884e-02,nan,nan,nan,nan,3.937007874015741038e-03,nan,nan,nan,nan,4.251968503937009203e-02,nan,nan,nan,nan,nan,nan,-1.574803149606296415e-02,nan,nan,nan,nan,nan,nan,nan,nan,-4.724409448818888899e-03,nan,nan,1.102362204724407525e-02,nan,nan,nan,nan,nan,nan,nan,nan,nan,nan,nan,5.826771653543307700e-02,nan,nan,nan,nan,nan,nan,4.803149606299213226e-02,nan,-7.874015748031482076e-03,nan,nan,nan,nan,-7.874015748031482076e-03,nan,nan,nan,nan,nan,nan,nan,nan,nan
nan,nan,nan,nan,nan,nan,nan,nan,nan,nan,nan,nan,nan,nan,nan,0.000000000000000000e+00,nan,nan,nan,nan,nan,nan,nan,nan,4.897959183673483881e-03,nan,nan,0.000000000000000000e+00,nan,0.000000000000000000e+00,nan,nan,nan,nan,nan,nan,nan,nan,0.000000000000000000e+00,nan,nan,0.000000000000000000e+00,0.000000000000000000e+00,nan,nan,nan,nan,nan,0.000000000000000000e+00,nan,nan,nan,nan,nan,nan,nan,0.000000000000000000e+00,nan,0.000000000000000000e+00,nan,nan,nan,nan,nan,nan
-6.557377049180334802e-03,nan,nan,nan,nan,nan,nan,nan,nan,nan,0.000000000000000000e+00,nan,nan,nan,nan,nan,nan,nan,nan,0.000000000000000000e+00,nan,nan,nan,-1.639344262295083701e-03,nan,nan,-1.639344262295083701e-03,nan,nan,nan,nan,nan,nan,0.000000000000000000e+00,nan,nan,nan,nan,0.000000000000000000e+00,-5.737704918032804011e-03,nan,nan,nan,nan,-1.639344262295083701e-03,nan,nan,nan,nan,nan,-1.639344262295083701e-03,nan,nan,nan,nan,nan,nan,nan,nan,nan,nan,nan,nan,nan,nan
-1.550387596899227604e-03,nan,nan,1.705426356589150386e-02,nan,nan,nan,nan,nan,nan,-3.875968992248068901e-03,nan,nan,1.240310077519382083e-02,nan,-3.100775193798455207e-03,nan,nan,nan,nan,nan,nan,nan,nan,-1.860465116279073211e-02,nan,-2.093023255813957276e-02,nan,-5.426356589147296287e-03,nan,nan,nan,nan,nan,nan,nan,nan,nan,nan,0.000000000000000000e+00,nan,nan,nan,nan,nan,nan,nan,nan,nan,nan,-1.705426356589150386e-02,nan,nan,nan,nan,nan,nan,nan,nan,nan,nan,nan,nan,nan,nan
0.000000000000000000e+00,nan,nan,nan,nan,nan,nan,nan,nan,nan,3.200000000000002755e-03,nan,nan,nan,nan,nan,nan,8.000000000000006889e-04,nan,nan,nan,nan,nan,nan,nan,nan,0.000000000000000000e+00,2.400000000000001958e-03,nan,nan,nan,nan,nan,nan,3.200000000000002755e-03,nan,nan,nan,2.400000000000001958e-03,nan,nan,nan,2.400000000000001958e-03,nan,3.200000000000002755e-03,nan,nan,nan,nan,nan,nan,nan,nan,nan,nan,3.200000000000002755e-03,nan,nan,nan,nan,nan,nan,nan,nan,nan
0.000000000000000000e+00,nan,nan,0.000000000000000000e+00,nan,0.000000000000000000e+00,nan,nan,nan,nan,0.000000000000000000e+00,nan,0.000000000000000000e+00,nan,nan,nan,nan,nan,nan,0.000000000000000000e+00,nan,nan,nan,0.000000000000000000e+00,nan,nan,nan,nan,nan,nan,nan,nan,nan,nan,nan,nan,nan,nan,nan,0.000000000000000000e+00,nan,nan,nan,nan,nan,nan,nan,nan,nan,nan,nan,0.000000000000000000e+00,nan,nan,nan,nan,nan,nan,0.000000000000000000e+00,nan,nan,nan,nan,nan,nan
1.915708812260532440e-02,nan,nan,nan,nan,9.195402298850541625e-03,nan,nan,nan,nan,-1.532567049808419846e-03,nan,nan,nan,nan,nan,nan,1.992337164750956902e-02,nan,nan,nan,nan,nan,nan,nan,nan,-2.298850574712618493e-03,nan,nan,nan,nan,nan,nan,nan,nan,nan,nan,nan,nan,nan,nan,nan,nan,nan,4.137931034482757869e-02,nan,-6.896551724137944817e-03,nan,-1.762452107279697394e-02,nan,nan,nan,nan,nan,nan,nan,7.662835249042209817e-04,nan,-6.130268199233701934e-03,nan,nan,nan,nan,nan,nan
0.000000000000000000e+00,nan,nan,nan,nan,nan,nan,nan,nan,nan,nan,nan,nan,nan,nan,-7.782101167315147450e-04,nan,nan,nan,0.000000000000000000e+00,nan,-1.556420233463029490e-03,nan,0.000000000000000000e+00,nan,nan,nan,7.782101167315369711e-04,nan,nan,nan,-7.782101167315147450e-04,nan,nan,nan,nan,nan,nan,0.000000000000000000e+00,7.782101167315258472e-03,nan,nan,nan,nan,nan,nan,nan,nan,nan,nan,nan,nan,nan,nan,nan,nan,-2.334630350194544235e-03,nan,nan,nan,nan,nan,nan,nan,nan
nan,nan,nan,nan,nan,nan,nan,nan,nan,nan,4.743083003952541787e-03,nan,nan,nan,-6.324110671936789170e-03,nan,nan,nan,nan,nan,nan,nan,nan,nan,3.952569169960451489e-03,nan,-5.533596837944654637e-03,-3.162055335968405427e-03,nan,nan,nan,nan,nan,0.000000000000000000e+00,nan,nan,nan,nan,nan,nan,nan,nan,-1.501976284584982668e-02,nan,-1.581027667984180596e-03,nan,nan,nan,nan,nan,nan,nan,nan,nan,nan,nan,3.952569169960451489e-03,nan,7.905138339920902979e-04,nan,nan,nan,nan,nan,nan
nan,nan,nan,0.000000000000000000e+00,nan,nan,nan,nan,nan,nan,nan,nan,nan,nan,nan,nan,nan,0.000000000000000000e+00,nan,nan,nan,nan,nan,nan,nan,nan,0.000000000000000000e+00,0.000000000000000000e+00,nan,nan,nan,nan,0.000000000000000000e+00,nan,nan,nan,nan,nan,nan,0.000000000000000000e+00,nan,nan,nan,nan,nan,nan,nan,nan,0.000000000000000000e+00,nan,0.000000000000000000e+00,0.000000000000000000e+00,nan,nan,nan,0.000000000000000000e+00,nan,nan,nan,nan,nan,nan,nan,nan,nan
-3.816793893129832860e-03,nan,nan,nan,-1.526717557251933101e-03,6.106870229007621380e-03,nan,nan,nan,nan,nan,nan,nan,nan,nan,nan,nan,0.000000000000000000e+00,nan,nan,nan,nan,nan,nan,-1.526717557251933101e-03,nan,3.816793893129721837e-03,5.343511450381655155e-03,nan,nan,nan,nan,nan,nan,-5.343511450381743626e-03,nan,nan,nan,nan,nan,nan,7.633587786259554697e-03,nan,nan,nan,nan,nan,nan,nan,nan,nan,nan,nan,nan,nan,-1.526717557251933101e-03,nan,nan,nan,nan,nan,nan,nan,nan,nan
nan,nan,nan,nan,nan,nan,nan,nan,nan,nan,nan,nan,nan,nan,-3.252032520325198912e-03,nan,nan,nan,nan,nan,0.000000000000000000e+00,nan,nan,0.000000000000000000e+00,nan,nan,nan,-1.626016260162588180e-03,nan,nan,nan,nan,nan,nan,nan,nan,nan,nan,-3.252032520325176361e-03,nan,3.252032520325176361e-03,nan,nan,nan,0.000000000000000000e+00,nan,nan,nan,2.439024390243882488e-03,nan,nan,nan,nan,nan,nan,0.000000000000000000e+00,-3.252032520325176361e-03,nan,nan,nan,nan,nan,nan,nan,nan
1.687763713080192660e-03,nan,nan,nan,nan,5.907172995780629425e-03,nan,nan,nan,nan,nan,nan,nan,7.594936708860777416e-03,0.000000000000000000e+00,nan,nan,nan,nan,nan,nan,nan,nan,nan,1.687763713080192660e-03,nan,nan,4.219409282700481434e-03,2.531645569620288774e-03,nan,nan,nan,nan,nan,nan,nan,nan,nan,nan,0.000000000000000000e+00,nan,nan,8.438818565400963301e-04,nan,8.438818565400963301e-04,nan,nan,nan,nan,nan,nan,nan,nan,nan,nan,nan,nan,nan,nan,nan,nan,nan,nan,nan,nan
0.000000000000000000e+00,nan,nan,nan,nan,1.027667984189723979e-02,nan,nan,nan,nan,7.905138339920902979e-03,nan,nan,nan,nan,nan,nan,-3.162055335968361192e-03,nan,nan,nan,nan,nan,nan,3.162055335968361192e-03,nan,nan,nan,0.000000000000000000e+00,nan,nan,nan,nan,nan,nan,nan,nan,nan,nan,nan,nan,3.952569169960451489e-03,0.000000000000000000e+00,nan,0.000000000000000000e+00,nan,nan,nan,nan,nan,nan,nan,nan,nan,nan,nan,1.581027667984180596e-03,nan,nan,nan,nan,nan,nan,nan,nan
-1.209677419354837635e-02,nan,nan,nan,nan,nan,nan,nan,nan,nan,-9.677419354838701429e-03,nan,nan,nan,nan,nan,nan,-3.145161290322577574e-02,nan,nan,nan,nan,nan,nan,-5.161290322580649320e-02,nan,nan,-1.935483870967740286e-02,0.000000000000000000e+00,nan,nan,0.000000000000000000e+00,nan,nan,nan,nan,nan,nan,nan,nan,nan,nan,nan,nan,nan,nan,nan,nan,-9.677419354838701429e-03,nan,nan,nan,nan,nan,nan,-2.419354838709675357e-03,-2.096774193548385165e-02,nan,nan,nan,nan,nan,nan,nan,nan
0.000000000000000000e+00,nan,nan,nan,nan,nan,nan,nan,nan,nan,nan,nan,nan,nan,3.875968992248068901e-03,nan,nan,3.875968992248068901e-03,nan,nan,nan,nan,nan,nan,-7.751937984496137801e-03,nan,3.875968992248068901e-03,7.751937984496138018e-04,nan,nan,nan,nan,nan,nan,-3.875968992248068901e-03,nan,nan,nan,nan,nan,nan,3.100775193798455207e-03,nan,nan,-2.713178294573648230e-02,nan,nan,nan,nan,nan,1.550387596899227604e-03,nan,nan,nan,nan,nan,nan,nan,nan,nan,nan,nan,nan,nan,nan
0.000000000000000000e+00,nan,nan,nan,nan,nan,nan,nan,nan,nan,nan,nan,nan,0.000000000000000000e+00,nan,0.000000000000000000e+00,nan,nan,nan,nan,nan,nan,nan,nan,nan,nan,nan,0.000000000000000000e+00,nan,nan,nan,0.000000000000000000e+00,nan,nan,nan,nan,nan,nan,nan,0.000000000000000000e+00,nan,0.000000000000000000e+00,0.000000000000000000e+00,nan,0.000000000000000000e+00,nan,nan,nan,nan,nan,nan,0.000000000000000000e+00,nan,nan,nan,nan,nan,nan,nan,nan,nan,nan,nan,nan,nan
nan,nan,nan,nan,nan,nan,nan,nan,nan,nan,-7.812500000000000434e-04,nan,nan,nan,nan,nan,nan,-2.343749999999999913e-03,nan,nan,nan,nan,nan,nan,nan,nan,-1.562500000000000087e-03,nan,0.000000000000000000e+00,nan,nan,nan,nan,nan,nan,nan,nan,nan,0.000000000000000000e+00,3.593749999999999722e-02,nan,nan,nan,nan,-2.343749999999999913e-03,nan,nan,nan,-7.812500000000000434e-04,nan,nan,nan,nan,nan,nan,-7.812500000000000434e-04,1.171875000000000000e-02,nan,nan,nan,nan,nan,nan,nan,nan
-1.732283464566925987e-02,nan,nan,nan,nan,0.000000000000000000e+00,nan,nan,nan,nan,nan,nan,nan,nan,nan,nan,nan,nan,nan,nan,nan,nan,nan,nan,nan,nan,-1.732283464566925987e-02,nan,nan,nan,nan,nan,nan,1.653543307086611375e-02,nan,nan,nan,nan,4.724409448818888899e-03,7.086614173228334215e-03,nan,nan,-4.645669291338585388e-02,nan,-4.724409448818888899e-03,nan,1.811023622047240947e-02,nan,nan,nan,8.661417322834629937e-03,nan,nan,nan,nan,nan,nan,nan,nan,nan,nan,nan,nan,nan,nan
0.000000000000000000e+00,nan,nan,-2.343749999999999913e-03,nan,nan,nan,nan,0.000000000000000000e+00,nan,0.000000000000000000e+00,nan,nan,nan,nan,nan,nan,nan,nan,nan,nan,nan,nan,0.000000000000000000e+00,0.000000000000000000e+00,nan,0.000000000000000000e+00,nan,nan,nan,nan,nan,nan,nan,nan,nan,nan,nan,nan,nan,nan,nan,nan,nan,0.000000000000000000e+00,nan,nan,nan,nan,nan,nan,-3.906250000000000000e-03,nan,nan,nan,0.000000000000000000e+00,nan,nan,nan,nan,nan,nan,nan,nan,nan
-4.615384615384610090e-02,nan,nan,nan,nan,nan,nan,nan,nan,nan,nan,nan,nan,nan,nan,-1.384615384615379627e-02,nan,nan,nan,nan,-7.692307692307665196e-04,nan,nan,nan,nan,nan,nan,-1.000000000000000888e-02,nan,-7.692307692307664979e-03,nan,nan,nan,nan,nan,nan,nan,nan,nan,nan,nan,nan,3.076923076923066078e-03,nan,-4.538461538461535660e-02,nan,nan,nan,-1.384615384615381882e-02,nan,-9.230769230769242037e-03,nan,nan,nan,nan,nan,-2.230769230769229575e-02,nan,nan,nan,nan,nan,nan,nan,nan
0.000000000000000000e+00,nan,nan,nan,nan,nan,nan,nan,nan,nan,nan,nan,nan,0.000000000000000000e+00,nan,nan,nan,0.000000000000000000e+00,nan,nan,nan,nan,nan,nan,nan,nan,nan,nan,nan,nan,nan,0.000000000000000000e+00,nan,nan,nan,nan,nan,nan,0.000000000000000000e+00,0.000000000000000000e+00,nan,nan,nan,nan,0.000000000000000000e+00,nan,0.000000000000000000e+00,nan,nan,nan,0.000000000000000000e+00,0.000000000000000000e+00,nan,nan,nan,nan,nan,nan,nan,nan,nan,nan,nan,nan,nan
nan,nan,nan,nan,nan,0.000000000000000000e+00,nan,nan,nan,nan,nan,nan,nan,nan,0.000000000000000000e+00,nan,nan,nan,nan,nan,nan,nan,nan,nan,0.000000000000000000e+00,nan,nan,0.000000000000000000e+00,0.000000000000000000e+00,nan,nan,0.000000000000000000e+00,nan,nan,nan,nan,nan,nan,nan,1.368821292775665964e-02,nan,1.901140684410647028e-02,0.000000000000000000e+00,nan,0.000000000000000000e+00,nan,nan,nan,nan,nan,nan,nan,nan,nan,nan,nan,nan,nan,nan,nan,nan,nan,nan,nan,nan
8.695652173913081748e-03,nan,nan,nan,nan,nan,nan,nan,nan,nan,nan,nan,nan,nan,-4.743083003952541787e-03,5.533596837944676321e-03,nan,3.003952569169963255e-02,nan,nan,nan,nan,nan,-7.905138339920902979e-03,nan,nan,nan,nan,nan,nan,nan,nan,nan,3.162055335968361192e-03,nan,nan,nan,nan,nan,nan,-1.106719367588926417e-02,nan,-1.581027667984189616e-02,nan,-3.162055335968361192e-03,nan,nan,nan,-1.027667984189717387e-02,nan,nan,nan,nan,nan,nan,nan,nan,nan,nan,nan,nan,nan,nan,nan,nan
-2.419354838709675357e-03,nan,nan,nan,nan,nan,nan,nan,nan,nan,8.064516129032250468e-04,nan,nan,nan,1.209677419354837635e-02,nan,nan,-5.645161290322575978e-03,nan,nan,nan,nan,nan,nan,nan,nan,5.645161290322575978e-03,nan,nan,-8.064516129032250468e-04,nan,nan,nan,nan,nan,nan,nan,nan,nan,1.209677419354837635e-02,nan,nan,nan,nan,nan,nan,nan,nan,nan,nan,4.032258064516125451e-03,4.516129032258060783e-02,nan,nan,nan,nan,1.451612903225805128e-02,nan,nan,nan,nan,nan,nan,nan,nan
nan,nan,nan,7.194244604316502468e-04,nan,nan,nan,nan,nan,nan,nan,nan,nan,nan,-1.798561151079136611e-02,nan,nan,-1.438848920863309254e-02,nan,nan,nan,nan,nan,nan,nan,nan,-1.510791366906474344e-02,-1.798561151079136611e-02,nan,nan,nan,nan,nan,nan,nan,nan,nan,nan,nan,-7.194244604316502468e-04,nan,-5.755395683453267894e-03,nan,nan,nan,nan,nan,nan,nan,nan,nan,7.194244604316502468e-04,nan,nan,nan,-1.438848920863309254e-02,-1.510791366906474344e-02,nan,nan,nan,nan,nan,nan,nan,nan
-3.467741935483879129e-02,nan,nan,nan,nan,nan,nan,nan,nan,nan,-1.854838709677422010e-02,nan,nan,nan,nan,nan,nan,nan,nan,nan,nan,nan,nan,nan,-6.935483870967747155e-02,nan,0.000000000000000000e+00,nan,nan,nan,nan,nan,nan,4.838709677419350715e-03,nan,nan,nan,nan,nan,nan,nan,nan,nan,nan,-7.822580645161295032e-02,nan,nan,nan,-8.145161290322584791e-02,nan,-2.419354838709697475e-03,nan,nan,nan,nan,-1.612903225806472428e-03,-6.612903225806457397e-02,nan,nan,nan,nan,nan,nan,nan,nan
0.000000000000000000e+00,nan,nan,0.000000000000000000e+00,nan,0.000000000000000000e+00,nan,nan,nan,nan,0.000000000000000000e+00,nan,0.000000000000000000e+00,0.000000000000000000e+00,nan,nan,nan,nan,nan,nan,nan,nan,nan,nan,nan,nan,nan,nan,nan,nan,nan,0.000000000000000000e+00,nan,nan,nan,nan,nan,nan,nan,0.000000000000000000e+00,nan,nan,nan,nan,nan,nan,nan,nan,nan,nan,nan,0.000000000000000000e+00,nan,nan,nan,nan,nan,nan,0.000000000000000000e+00,nan,nan,nan,nan,nan,nan
nan,nan,nan,nan,nan,nan,nan,nan,-1.445783132530122951e-02,nan,nan,nan,-4.337349397590362088e-02,nan,nan,-5.622489959839360729e-02,nan,nan,nan,-2.891566265060243474e-02,-1.285140562249000896e-02,-4.497991967871488306e-02,nan,nan,nan,nan,nan,8.032128514056213753e-03,nan,nan,nan,nan,nan,nan,nan,nan,nan,nan,-2.248995983935748663e-02,nan,nan,-3.212851405622492440e-02,nan,nan,nan,nan,nan,nan,nan,nan,-1.526104417670683978e-02,nan,nan,nan,nan,nan,nan,nan,nan,nan,nan,nan,nan,nan,nan
-7.968127490039833343e-04,nan,nan,nan,nan,1.593625498007966669e-03,nan,nan,nan,nan,nan,nan,nan,nan,3.984063745019916780e-03,nan,nan,-3.984063745019916780e-03,nan,nan,nan,nan,nan,nan,3.984063745019916780e-03,nan,-1.035856573705178432e-02,0.000000000000000000e+00,nan,nan,nan,nan,nan,nan,0.000000000000000000e+00,nan,nan,nan,nan,3.984063745019916780e-03,nan,nan,nan,nan,nan,nan,nan,nan,nan,nan,nan,nan,nan,nan,nan,nan,3.984063745019916780e-03,nan,nan,nan,nan,nan,nan,nan,nan
0.000000000000000000e+00,nan,nan,0.000000000000000000e+00,nan,nan,nan,nan,nan,nan,3.937007874015741038e-03,nan,nan,nan,nan,nan,nan,-1.181102362204722311e-02,nan,nan,nan,nan,nan,nan,-7.086614173228334215e-03,nan,nan,-1.181102362204722311e-02,nan,nan,nan,nan,nan,nan,nan,nan,nan,nan,nan,nan,nan,nan,nan,nan,nan,nan,nan,nan,nan,nan,0.000000000000000000e+00,0.000000000000000000e+00,nan,nan,nan,nan,-1.181102362204722311e-02,nan,5.511811023622081862e-03,nan,nan,nan,nan,nan,nan
0.000000000000000000e+00,nan,nan,nan,nan,nan,nan,nan,nan,nan,nan,nan,nan,nan,nan,0.000000000000000000e+00,nan,-8.064516129032250468e-04,nan,nan,nan,nan,nan,nan,-5.241935483870972107e-02,nan,nan,-2.338709677419363933e-02,nan,nan,nan,nan,nan,nan,5.645161290322575978e-03,nan,nan,nan,-2.258064516129041494e-02,-6.451612903225822926e-03,nan,-4.838709677419350715e-03,nan,nan,-4.032258064516125451e-03,nan,nan,nan,nan,nan,nan,nan,nan,nan,nan,nan,nan,nan,nan,nan,nan,nan,nan,nan,nan
-3.488372093023262011e-02,nan,nan,nan,nan,nan,nan,nan,nan,nan,nan,nan,nan,nan,-2.558139534883725405e-02,nan,nan,nan,nan,-9.302325581395366055e-03,nan,nan,nan,nan,nan,nan,-2.945736434108527785e-02,nan,nan,nan,nan,nan,nan,-2.790697674418609470e-02,nan,nan,nan,nan,-1.782945736434111625e-02,0.000000000000000000e+00,nan,nan,-3.100775193798455120e-02,nan,-3.100775193798455120e-02,nan,nan,nan,nan,nan,-2.868217054263571056e-02,nan,nan,nan,nan,nan,nan,nan,nan,nan,nan,nan,nan,nan,nan
-1.544401544401552417e-02,nan,nan,nan,nan,-1.544401544401541359e-03,nan,nan,nan,nan,nan,nan,nan,-2.316602316602312146e-03,nan,nan,nan,nan,nan,nan,nan,nan,nan,nan,7.722007722007706793e-04,nan,-2.007722007722014673e-02,-1.544401544401552417e-02,nan,nan,nan,-7.722007722007706793e-04,nan,0.000000000000000000e+00,nan,nan,nan,nan,nan,nan,nan,-3.861003861003853288e-03,nan,nan,nan,nan,-5.405405405405394430e-03,nan,nan,nan,nan,nan,nan,nan,nan,nan,nan,nan,nan,nan,nan,nan,nan,nan,nan
5.622489959839360729e-02,nan,nan,nan,nan,nan,nan,nan,nan,nan,nan,nan,nan,nan,5.060240963855422436e-02,nan,nan,nan,nan,nan,nan,nan,nan,4.016064257028162388e-03,4.016064257028162388e-03,nan,5.381526104417675566e-02,3.855421686746988985e-02,nan,nan,nan,nan,nan,nan,nan,nan,nan,nan,4.016064257028162388e-03,nan,nan,4.819277108433772661e-03,0.000000000000000000e+00,nan,nan,nan,nan,nan,nan,nan,4.578313253012052109e-02,nan,nan,nan,nan,nan,nan,nan,nan,nan,nan,nan,nan,nan,nan
nan,nan,nan,0.000000000000000000e+00,nan,nan,nan,nan,-7.782101167315591973e-04,nan,nan,nan,nan,nan,3.735408560311279796e-02,nan,nan,-6.225680933852228982e-03,nan,nan,nan,nan,nan,2.101167315175089811e-02,1.945525291828788944e-02,nan,nan,-1.556420233463040592e-02,0.000000000000000000e+00,nan,nan,nan,nan,nan,nan,nan,nan,nan,nan,nan,nan,nan,nan,nan,-3.112840466926081098e-03,nan,nan,nan,nan,nan,7.782101167314925188e-04,nan,nan,nan,nan,nan,nan,nan,nan,nan,nan,nan,nan,nan,nan
0.000000000000000000e+00,nan,nan,nan,nan,0.000000000000000000e+00,nan,nan,nan,nan,0.000000000000000000e+00,nan,-4.000000000000003553e-03,nan,nan,nan,nan,nan,nan,nan,nan,nan,nan,nan,nan,nan,nan,0.000000000000000000e+00,nan,nan,nan,nan,nan,0.000000000000000000e+00,nan,nan,nan,nan,nan,0.000000000000000000e+00,nan,nan,nan,nan,0.000000000000000000e+00,nan,0.000000000000000000e+00,nan,0.000000000000000000e+00,nan,nan,nan,nan,nan,nan,nan,nan,nan,nan,nan,nan,nan,nan,nan,nan
nan,nan,nan,2.640000000000002414e-02,0.000000000000000000e+00,nan,nan,nan,nan,nan,-8.000000000000006889e-04,nan,nan,nan,nan,0.000000000000000000e+00,nan,nan,nan,nan,nan,nan,nan,nan,nan,nan,0.000000000000000000e+00,0.000000000000000000e+00,nan,-3.200000000000002755e-03,nan,nan,nan,nan,nan,nan,nan,nan,nan,nan,nan,nan,nan,nan,2.400000000000001958e-03,nan,nan,nan,nan,nan,0.000000000000000000e+00,5.440000000000004554e-02,nan,nan,nan,nan,nan,nan,nan,nan,nan,nan,nan,nan,nan
-8.906882591093090787e-03,nan,nan,nan,nan,nan,nan,nan,nan,nan,0.000000000000000000e+00,nan,nan,nan,4.858299595141746599e-03,nan,nan,-8.097165991902799398e-03,nan,nan,nan,nan,nan,6.477732793522328510e-03,nan,nan,4.048582995951455210e-03,nan,nan,nan,nan,nan,nan,0.000000000000000000e+00,nan,nan,nan,nan,nan,3.238866396761164255e-03,nan,nan,nan,nan,-2.429149797570806513e-03,nan,nan,nan,nan,nan,2.429149797570873300e-03,nan,nan,nan,nan,nan,nan,nan,nan,nan,nan,nan,nan,nan,nan
nan,nan,nan,nan,nan,nan,nan,nan,-9.737827715355829375e-03,nan,-7.490636704119868483e-03,nan,nan,-7.490636704119868483e-03,nan,nan,nan,nan,nan,-4.494382022471920916e-03,nan,-7.490636704119868917e-04,nan,-8.988764044943841833e-03,nan,nan,nan,-3.745318352059934242e-03,nan,nan,nan,nan,nan,nan,nan,nan,nan,nan,nan,nan,-1.123595505617980272e-02,nan,nan,nan,nan,nan,-7.490636704119868917e-04,nan,nan,nan,-7.490636704119868483e-03,nan,nan,nan,nan,nan,nan,nan,nan,nan,nan,nan,nan,nan,nan
0.000000000000000000e+00,nan,nan,nan,nan,0.000000000000000000e+00,nan,nan,nan,nan,nan,nan,nan,nan,nan,nan,nan,nan,nan,nan,0.000000000000000000e+00,nan,nan,0.000000000000000000e+00,0.000000000000000000e+00,nan,0.000000000000000000e+00,0.000000000000000000e+00,nan,nan,nan,nan,nan,nan,nan,nan,nan,nan,1.513944223107568411e-02,nan,nan,nan,nan,nan,0.000000000000000000e+00,nan,nan,nan,nan,nan,nan,nan,nan,nan,nan,nan,0.000000000000000000e+00,nan,nan,nan,nan,nan,nan,nan,nan
nan,nan,nan,1.646090534979416462e-03,nan,nan,nan,nan,nan,nan,nan,nan,nan,nan,nan,nan,nan,4.691358024691359013e-02,nan,nan,nan,nan,nan,nan,8.230452674897082311e-04,4.197530864197529521e-02,nan,nan,nan,nan,nan,nan,nan,nan,2.469135802469124476e-03,nan,nan,nan,2.469135802469124476e-03,nan,nan,nan,3.539094650205756171e-02,nan,2.798353909465018871e-02,nan,nan,nan,nan,nan,nan,1.646090534979416462e-03,nan,nan,nan,nan,2.469135802469124476e-03,nan,nan,nan,nan,nan,nan,nan,nan
7.936507936507908312e-04,nan,nan,1.587301587301581662e-03,nan,nan,nan,nan,nan,nan,-4.761904761904744987e-03,nan,nan,nan,1.111111111111118266e-02,nan,nan,nan,nan,nan,nan,nan,nan,nan,nan,-1.190476190476186247e-02,-3.174603174603163325e-03,-1.111111111111107164e-02,nan,nan,nan,nan,nan,nan,nan,nan,nan,nan,nan,nan,nan,nan,nan,nan,nan,nan,nan,nan,nan,nan,-7.936507936507908312e-04,2.380952380952372494e-03,nan,nan,nan,nan,-3.968253968253954156e-03,nan,nan,nan,nan,nan,nan,nan,nan
1.544401544401541359e-03,nan,nan,nan,nan,nan,nan,nan,nan,nan,6.949806949806935572e-03,nan,nan,nan,nan,nan,nan,nan,nan,nan,nan,nan,nan,nan,nan,nan,2.316602316602312146e-03,3.088803088803082717e-03,3.088803088803082717e-03,nan,nan,nan,nan,3.088803088803082717e-03,nan,nan,nan,nan,nan,5.405405405405394430e-03,nan,nan,nan,nan,3.861003861003853288e-03,nan,nan,nan,4.633204633204624293e-03,nan,nan,nan,nan,nan,nan,nan,6.177606177606165434e-03,nan,nan,nan,nan,nan,nan,nan,nan
nan,nan,nan,0.000000000000000000e+00,nan,nan,nan,nan,nan,nan,4.048582995951344188e-03,nan,-4.858299595141746599e-03,nan,nan,nan,nan,nan,nan,nan,0.000000000000000000e+00,nan,nan,nan,0.000000000000000000e+00,nan,nan,nan,nan,nan,nan,nan,nan,nan,nan,nan,nan,nan,nan,nan,nan,nan,nan,nan,0.000000000000000000e+00,nan,7.287449392712508009e-03,nan,nan,nan,0.000000000000000000e+00,8.097165991902688376e-04,nan,nan,nan,nan,nan,nan,0.000000000000000000e+00,nan,nan,nan,nan,nan,nan
0.000000000000000000e+00,nan,nan,nan,1.190476190476190757e-02,0.000000000000000000e+00,nan,nan,nan,nan,0.000000000000000000e+00,nan,nan,nan,0.000000000000000000e+00,nan,nan,0.000000000000000000e+00,nan,nan,0.000000000000000000e+00,nan,nan,nan,0.000000000000000000e+00,nan,nan,nan,nan,nan,nan,nan,nan,nan,nan,nan,nan,nan,nan,nan,nan,nan,0.000000000000000000e+00,nan,nan,nan,nan,nan,nan,nan,-2.380952380952394611e-03,nan,nan,nan,nan,nan,nan,nan,nan,nan,nan,nan,nan,nan,nan
nan,nan,nan,0.000000000000000000e+00,nan,nan,nan,nan,nan,nan,nan,nan,nan,nan,nan,nan,nan,-8.333333333333525772e-04,nan,nan,nan,nan,nan,-7.500000000000084724e-03,nan,nan,-2.500000000000057732e-03,-4.166666666666762886e-03,nan,nan,nan,nan,nan,-3.333333333333388191e-03,nan,nan,nan,nan,-5.833333333333423805e-03,nan,nan,-8.333333333333414750e-03,nan,nan,-1.666666666666705154e-03,nan,nan,nan,nan,nan,nan,0.000000000000000000e+00,nan,nan,nan,nan,nan,nan,nan,nan,nan,nan,nan,nan,nan
nan,nan,nan,nan,nan,0.000000000000000000e+00,nan,nan,-9.090909090909126897e-03,nan,1.074380165289252551e-02,nan,nan,nan,nan,-4.132231404958663923e-03,nan,nan,nan,nan,nan,nan,nan,nan,nan,nan,4.132231404958663923e-03,-4.132231404958663923e-03,nan,nan,nan,nan,nan,nan,nan,nan,nan,nan,nan,nan,-1.652892561983465613e-03,nan,nan,nan,nan,nan,nan,nan,-1.157024793388434711e-02,nan,nan,nan,nan,nan,nan,3.305785123966931225e-03,nan,nan,-3.305785123966931225e-03,nan,nan,nan,nan,nan,nan
4.440892098500626408e-17,nan,nan,nan,nan,nan,nan,nan,-4.777327935222665939e-02,nan,nan,nan,nan,nan,-3.238866396761097468e-03,nan,nan,4.440892098500626408e-17,nan,nan,nan,nan,nan,-5.182186234817809378e-02,nan,nan,nan,nan,nan,-3.319838056680155663e-02,nan,nan,nan,nan,1.619433198380604245e-03,nan,nan,nan,nan,nan,nan,nan,nan,nan,-1.376518218623476973e-02,nan,nan,nan,-5.182186234817809378e-02,nan,-3.238866396761097468e-03,nan,nan,nan,nan,nan,nan,nan,nan,nan,nan,nan,nan,nan,nan
nan,nan,nan,nan,-1.925925925925933008e-02,nan,nan,nan,nan,nan,0.000000000000000000e+00,nan,-2.444444444444453593e-02,nan,nan,-5.925925925925956857e-03,nan,nan,nan,-1.555555555555558980e-02,-8.148148148148192521e-03,0.000000000000000000e+00,nan,nan,nan,nan,nan,nan,nan,-4.440892098500626408e-17,nan,nan,nan,nan,nan,nan,nan,nan,0.000000000000000000e+00,nan,nan,nan,nan,nan,nan,nan,nan,nan,nan,nan,nan,nan,nan,nan,nan,nan,nan,nan,-2.148148148148154579e-02,nan,nan,nan,nan,nan,nan
2.439024390243948841e-03,nan,nan,3.252032520325207759e-02,nan,nan,nan,nan,nan,nan,nan,nan,nan,nan,nan,8.130081300813163164e-04,nan,1.626016260162632633e-03,nan,nan,nan,nan,nan,nan,0.000000000000000000e+00,nan,8.130081300813163164e-04,-8.130081300812941336e-03,nan,nan,nan,nan,nan,nan,nan,nan,nan,nan,nan,nan,nan,3.495934959349598220e-02,nan,nan,nan,nan,nan,nan,nan,nan,nan,3.577235772357727217e-02,nan,nan,nan,nan,nan,nan,3.089430894308944214e-02,nan,nan,nan,nan,nan,nan
0.000000000000000000e+00,nan,nan,nan,nan,nan,nan,nan,0.000000000000000000e+00,nan,nan,nan,nan,nan,2.439024390243882488e-03,nan,nan,nan,nan,nan,nan,nan,nan,nan,0.000000000000000000e+00,nan,5.447154471544712884e-02,nan,nan,nan,nan,nan,nan,nan,0.000000000000000000e+00,nan,nan,nan,0.000000000000000000e+00,nan,nan,nan,0.000000000000000000e+00,nan,nan,nan,nan,nan,nan,nan,0.000000000000000000e+00,nan,nan,nan,nan,nan,0.000000000000000000e+00,nan,nan,nan,nan,nan,nan,nan,nan
nan,nan,nan,nan,1.302681992337164640e-01,nan,nan,nan,nan,nan,nan,nan,nan,nan,nan,nan,nan,0.000000000000000000e+00,nan,nan,nan,nan,nan,1.532567049808428727e-01,3.831417624521105125e-03,nan,3.831417624521105125e-03,0.000000000000000000e+00,nan,nan,nan,nan,nan,nan,nan,nan,nan,nan,4.674329501915708285e-02,1.540229885057470827e-01,nan,nan,nan,nan,3.831417624521105125e-03,nan,nan,nan,nan,nan,nan,nan,nan,nan,nan,nan,4.597701149425303772e-03,nan,nan,nan,nan,nan,nan,nan,nan
0.000000000000000000e+00,nan,nan,nan,nan,nan,nan,nan,nan,nan,nan,nan,nan,nan,nan,nan,nan,nan,nan,nan,nan,nan,nan,nan,0.000000000000000000e+00,nan,nan,0.000000000000000000e+00,nan,nan,nan,nan,nan,nan,0.000000000000000000e+00,nan,nan,nan,0.000000000000000000e+00,0.000000000000000000e+00,nan,0.000000000000000000e+00,0.000000000000000000e+00,nan,0.000000000000000000e+00,nan,nan,nan,nan,nan,0.000000000000000000e+00,nan,nan,nan,nan,nan,nan,nan,nan,nan,nan,nan,nan,nan,nan
-3.921568627450966460e-03,nan,nan,nan,nan,nan,nan,nan,nan,nan,nan,nan,nan,nan,-1.568627450980386671e-03,nan,nan,-4.705882352941159578e-03,nan,nan,nan,nan,nan,nan,0.000000000000000000e+00,nan,nan,0.000000000000000000e+00,-1.568627450980386671e-03,nan,nan,nan,nan,nan,-1.568627450980386671e-03,nan,nan,nan,nan,nan,nan,nan,nan,nan,7.843137254901933354e-04,nan,nan,nan,nan,nan,-7.843137254901933354e-04,nan,nan,nan,nan,nan,0.000000000000000000e+00,nan,nan,nan,nan,nan,nan,nan,nan
nan,nan,nan,nan,nan,2.723735408560312710e-02,nan,nan,nan,nan,-4.669260700389088470e-03,nan,nan,nan,8.560311284046750666e-03,nan,nan,-7.782101167315147450e-04,nan,nan,nan,nan,nan,nan,-1.322957198443575066e-02,nan,-3.112840466926070082e-02,nan,nan,nan,nan,nan,nan,nan,nan,nan,nan,nan,nan,nan,nan,nan,nan,nan,0.000000000000000000e+00,nan,nan,nan,nan,nan,-2.256809338521397271e-02,nan,nan,nan,nan,nan,-1.245136186770423592e-02,nan,-7.782101167315124898e-03,nan,nan,nan,nan,nan,nan
4.000000000000003553e-03,nan,nan,nan,nan,nan,nan,nan,nan,nan,nan,nan,nan,nan,-4.000000000000003553e-03,3.200000000000002755e-03,nan,nan,nan,nan,nan,nan,nan,nan,nan,8.000000000000007105e-03,nan,nan,nan,nan,nan,nan,nan,nan,8.000000000000006889e-04,nan,nan,nan,nan,nan,0.000000000000000000e+00,nan,-8.800000000000007469e-03,nan,-5.600000000000005147e-03,nan,nan,nan,nan,nan,nan,nan,nan,nan,nan,0.000000000000000000e+00,7.200000000000006742e-03,nan,nan,nan,nan,nan,nan,nan,nan
0.000000000000000000e+00,nan,nan,nan,nan,nan,nan,nan,nan,nan,0.000000000000000000e+00,nan,nan,nan,nan,nan,nan,nan,nan,nan,nan,nan,nan,nan,0.000000000000000000e+00,nan,0.000000000000000000e+00,nan,nan,nan,nan,nan,nan,nan,nan,nan,nan,nan,nan,nan,nan,0.000000000000000000e+00,nan,nan,0.000000000000000000e+00,nan,0.000000000000000000e+00,nan,0.000000000000000000e+00,nan,0.000000000000000000e+00,nan,nan,nan,nan,nan,nan,nan,0.000000000000000000e+00,nan,nan,nan,nan,nan,nan
nan,nan,nan,8.196721311475418936e-03,nan,nan,nan,nan,nan,nan,nan,nan,nan,nan,nan,nan,nan,-3.278688524590123166e-03,nan,nan,nan,nan,nan,2.131147540983608854e-02,4.098360655737764979e-03,nan,nan,0.000000000000000000e+00,nan,nan,nan,nan,nan,nan,nan,nan,nan,nan,nan,2.049180327868860285e-02,nan,7.377049180327888145e-03,nan,nan,8.196721311475752437e-04,nan,nan,nan,nan,nan,5.737704918032826562e-03,nan,nan,nan,nan,nan,7.377049180327888145e-03,nan,nan,nan,nan,nan,nan,nan,nan
nan,nan,nan,1.621621621621618242e-02,nan,nan,nan,nan,nan,nan,-6.177606177606165434e-03,nan,nan,nan,nan,nan,nan,nan,nan,1.235521235521233087e-02,nan,nan,nan,nan,nan,nan,nan,nan,1.081081081081078886e-02,nan,nan,nan,nan,6.177606177606165434e-03,nan,nan,nan,nan,nan,1.930501930501926644e-02,nan,nan,nan,nan,nan,nan,nan,nan,nan,nan,3.861003861003853288e-03,1.544401544401541315e-02,nan,nan,nan,nan,1.621621621621618242e-02,nan,-1.544401544401541359e-03,nan,nan,nan,nan,nan,nan
1.153846153846160849e-02,nan,nan,nan,nan,nan,nan,nan,nan,nan,-3.076923076923066078e-03,nan,nan,nan,-1.538461538461533039e-03,nan,nan,2.461538461538463965e-02,nan,-2.307692307692299667e-03,nan,nan,nan,nan,nan,nan,nan,0.000000000000000000e+00,nan,nan,nan,nan,nan,nan,nan,nan,nan,nan,nan,nan,nan,nan,-9.999999999999963779e-03,nan,-3.999999999999994532e-02,nan,nan,nan,nan,nan,-2.153846153846150635e-02,nan,nan,nan,nan,nan,0.000000000000000000e+00,nan,nan,nan,nan,nan,nan,nan,nan
1.048387096774192583e-02,nan,nan,nan,nan,nan,nan,nan,nan,nan,nan,nan,nan,nan,nan,nan,nan,1.370967741935482688e-02,nan,nan,nan,nan,nan,nan,nan,nan,-2.338709677419352831e-02,-1.612903225806450180e-02,-1.935483870967740286e-02,nan,nan,nan,-1.935483870967740286e-02,-2.338709677419352831e-02,nan,nan,nan,nan,-1.612903225806450180e-02,-1.693548387096772620e-02,nan,nan,nan,nan,-4.354838709677415209e-02,nan,nan,nan,nan,nan,nan,nan,nan,nan,nan,nan,nan,nan,nan,nan,nan,nan,nan,nan,nan
0.000000000000000000e+00,nan,nan,nan,nan,nan,nan,nan,0.000000000000000000e+00,nan,nan,nan,2.985074626865724581e-03,nan,nan,nan,nan,nan,nan,nan,nan,nan,nan,2.985074626865680345e-03,nan,nan,0.000000000000000000e+00,nan,nan,nan,nan,nan,nan,nan,nan,nan,nan,nan,nan,nan,0.000000000000000000e+00,0.000000000000000000e+00,nan,nan,nan,nan,0.000000000000000000e+00,nan,nan,nan,nan,nan,nan,nan,nan,0.000000000000000000e+00,0.000000000000000000e+00,nan,nan,nan,nan,nan,nan,nan,nan
nan,nan,nan,nan,nan,nan,nan,nan,nan,nan,nan,nan,nan,nan,0.000000000000000000e+00,nan,nan,0.000000000000000000e+00,nan,nan,nan,nan,nan,nan,0.000000000000000000e+00,0.000000000000000000e+00,0.000000000000000000e+00,nan,nan,nan,nan,nan,nan,nan,6.751054852320681303e-03,nan,nan,nan,nan,8.438818565400851845e-03,nan,nan,0.000000000000000000e+00,nan,nan,nan,9.282700421940948826e-03,nan,nan,nan,nan,nan,nan,nan,nan,nan,8.438818565400851845e-03,nan,nan,nan,nan,nan,nan,nan,nan
3.030303030303049816e-03,nan,nan,nan,nan,nan,nan,nan,nan,nan,nan,nan,nan,nan,nan,nan,nan,2.272727272727337235e-03,nan,nan,nan,nan,nan,nan,nan,nan,-1.515151515151491515e-03,-2.348484848484844179e-02,0.000000000000000000e+00,nan,nan,nan,nan,nan,nan,nan,nan,nan,nan,nan,nan,nan,nan,nan,3.787878787878851301e-03,nan,nan,nan,-1.515151515151469397e-03,nan,nan,-5.909090909090904120e-02,nan,nan,nan,nan,1.515151515151558301e-03,nan,-1.590909090909089357e-02,nan,nan,nan,nan,nan,nan
0.000000000000000000e+00,nan,nan,nan,nan,nan,nan,nan,nan,nan,nan,nan,nan,nan,nan,nan,nan,0.000000000000000000e+00,nan,nan,nan,nan,nan,nan,0.000000000000000000e+00,nan,0.000000000000000000e+00,nan,nan,0.000000000000000000e+00,nan,nan,nan,nan,nan,nan,nan,nan,nan,4.980544747081712409e-02,nan,nan,nan,nan,6.225680933852140511e-03,nan,nan,nan,nan,nan,6.225680933852140511e-03,0.000000000000000000e+00,nan,nan,nan,nan,0.000000000000000000e+00,nan,nan,nan,nan,nan,nan,nan,nan
0.000000000000000000e+00,nan,nan,nan,nan,0.000000000000000000e+00,nan,nan,nan,nan,nan,nan,nan,0.000000000000000000e+00,nan,nan,nan,0.000000000000000000e+00,nan,nan,nan,nan,nan,nan,2.390438247011949895e-03,nan,0.000000000000000000e+00,nan,0.000000000000000000e+00,nan,nan,nan,nan,nan,-3.187250996015933337e-03,nan,nan,nan,nan,2.231075697211153466e-02,nan,nan,nan,nan,0.000000000000000000e+00,nan,nan,nan,nan,nan,nan,nan,nan,nan,nan,nan,nan,nan,nan,nan,nan,nan,nan,nan,nan
7.120000000000006879e-02,nan,nan,nan,nan,nan,nan,nan,nan,nan,nan,nan,nan,nan,nan,nan,nan,9.760000000000006171e-02,nan,nan,0.000000000000000000e+00,nan,nan,nan,0.000000000000000000e+00,nan,4.800000000000004263e-02,3.120000000000002632e-02,nan,nan,nan,nan,nan,nan,nan,nan,nan,nan,nan,nan,nan,nan,nan,nan,0.000000000000000000e+00,nan,nan,nan,nan,nan,7.200000000000006742e-03,nan,nan,nan,nan,4.800000000000003916e-03,0.000000000000000000e+00,nan,nan,nan,nan,nan,nan,nan,nan
4.032258064516125451e-03,nan,nan,nan,nan,nan,nan,nan,nan,nan,-4.032258064516125451e-03,nan,nan,nan,nan,nan,nan,nan,nan,0.000000000000000000e+00,nan,0.000000000000000000e+00,nan,nan,nan,nan,-8.064516129032250468e-04,nan,nan,nan,nan,nan,nan,-2.419354838709675357e-03,nan,nan,nan,nan,nan,0.000000000000000000e+00,nan,nan,nan,nan,nan,nan,nan,nan,nan,nan,nan,nan,nan,nan,nan,-8.064516129032250468e-04,1.612903225806450094e-03,nan,-3.225806451612900187e-03,nan,nan,nan,nan,nan,nan
0.000000000000000000e+00,nan,nan,0.000000000000000000e+00,0.000000000000000000e+00,nan,nan,nan,nan,nan,0.000000000000000000e+00,nan,nan,nan,nan,0.000000000000000000e+00,nan,0.000000000000000000e+00,nan,nan,nan,nan,nan,nan,nan,nan,nan,nan,nan,nan,nan,nan,nan,nan,nan,nan,nan,nan,nan,nan,nan,nan,nan,nan,0.000000000000000000e+00,nan,nan,nan,0.000000000000000000e+00,nan,nan,0.000000000000000000e+00,nan,nan,nan,nan,nan,nan,0.000000000000000000e+00,nan,nan,nan,nan,nan,nan
0.000000000000000000e+00,nan,nan,0.000000000000000000e+00,nan,7.003891050583655256e-03,nan,nan,nan,nan,nan,nan,0.000000000000000000e+00,0.000000000000000000e+00,nan,nan,nan,0.000000000000000000e+00,nan,nan,nan,nan,nan,7.003891050583655256e-03,nan,nan,2.334630350194566353e-03,nan,0.000000000000000000e+00,nan,nan,nan,nan,nan,nan,nan,nan,nan,nan,nan,nan,nan,nan,nan,nan,nan,nan,nan,nan,nan,0.000000000000000000e+00,nan,nan,nan,nan,nan,nan,nan,nan,nan,nan,nan,nan,nan,nan
8.032128514056213753e-03,nan,nan,nan,nan,nan,nan,nan,nan,nan,nan,nan,nan,nan,nan,0.000000000000000000e+00,nan,8.835341365461846577e-03,nan,nan,nan,nan,nan,nan,3.293172690763053467e-02,nan,1.686746987951810370e-02,2.088353413654622098e-02,7.228915662650626031e-03,nan,nan,nan,nan,nan,nan,nan,nan,nan,nan,2.248995983935748663e-02,nan,nan,9.638554216867479402e-03,nan,nan,nan,nan,nan,nan,nan,nan,nan,nan,nan,nan,nan,8.835341365461889945e-03,nan,nan,nan,nan,nan,nan,nan,nan
nan,nan,nan,nan,nan,1.803921568627455535e-02,nan,nan,nan,nan,nan,nan,nan,nan,nan,3.921568627450966460e-03,nan,nan,nan,nan,nan,3.921568627450966460e-03,nan,nan,1.176470588235298785e-02,nan,nan,nan,nan,2.352941176470579789e-03,nan,nan,nan,nan,nan,nan,nan,nan,1.568627450980397686e-02,1.882352941176474934e-02,-2.352941176470579789e-03,nan,nan,nan,nan,nan,nan,nan,0.000000000000000000e+00,nan,nan,2.117647058823533129e-02,nan,nan,nan,nan,nan,nan,nan,nan,nan,nan,nan,nan,nan
-9.795918367346922659e-03,nan,nan,nan,nan,nan,nan,nan,nan,nan,-1.551020408163263954e-02,nan,-5.714285714285760251e-03,nan,-8.163265306122546860e-04,nan,nan,nan,nan,nan,nan,nan,nan,nan,-2.775510204081639218e-02,nan,nan,-4.897959183673505565e-03,-4.897959183673483881e-03,nan,nan,nan,nan,nan,-1.795918367346940187e-02,nan,nan,nan,nan,nan,nan,nan,nan,nan,nan,nan,nan,nan,nan,nan,-7.346938775510225388e-03,nan,nan,nan,nan,1.632653061224487254e-03,nan,nan,nan,nan,nan,nan,nan,nan,nan
nan,nan,nan,nan,2.868217054263562035e-02,nan,nan,nan,-3.875968992248068901e-03,nan,-4.651162790697683028e-03,nan,nan,nan,nan,nan,nan,nan,nan,nan,nan,nan,nan,7.751937984496115250e-03,nan,nan,-2.325581395348841514e-03,0.000000000000000000e+00,-1.550387596899227604e-03,-3.875968992248068901e-03,nan,nan,nan,nan,nan,nan,nan,nan,4.651162790697637925e-03,nan,nan,nan,nan,nan,nan,nan,nan,nan,nan,nan,0.000000000000000000e+00,nan,nan,nan,nan,nan,nan,nan,nan,nan,nan,nan,nan,nan,nan
1.811320754716980869e-02,nan,nan,nan,nan,-9.056603773584904343e-03,nan,nan,nan,nan,nan,nan,nan,nan,6.037735849056602606e-03,nan,nan,8.301886792452828692e-03,nan,nan,nan,nan,nan,nan,-2.943396226415093825e-02,nan,6.792452830188677390e-03,nan,nan,nan,nan,nan,nan,5.283018867924526955e-03,-5.132075471698112346e-02,nan,nan,nan,nan,nan,nan,nan,nan,nan,-6.113207547169809825e-02,nan,nan,nan,-4.528301886792452172e-03,nan,nan,nan,nan,nan,nan,nan,nan,nan,nan,nan,nan,nan,nan,nan,nan
-6.451612903225800721e-02,nan,nan,nan,nan,nan,nan,nan,nan,nan,nan,nan,nan,nan,2.096774193548385165e-02,nan,nan,nan,nan,nan,nan,nan,nan,nan,-3.629032258064512906e-02,nan,nan,3.225806451612900187e-03,-7.258064516129025638e-03,nan,nan,nan,nan,nan,nan,nan,nan,nan,-2.016129032258062725e-02,nan,nan,nan,nan,nan,-3.145161290322577574e-02,nan,nan,nan,nan,nan,-3.548387096774190119e-02,nan,nan,nan,nan,-2.822580645161287816e-02,-1.854838709677417846e-02,nan,nan,nan,nan,nan,nan,nan,nan
nan,nan,nan,nan,nan,nan,nan,nan,5.190839694656488451e-02,nan,-5.343511450381676839e-03,nan,nan,nan,7.633587786259887764e-04,nan,nan,nan,nan,nan,nan,nan,nan,nan,-7.633587786259443241e-04,nan,-1.526717557251910983e-03,nan,nan,nan,nan,nan,nan,1.221374045801528786e-02,nan,nan,nan,nan,nan,nan,nan,nan,nan,nan,nan,nan,nan,nan,-9.923664122137432556e-03,nan,3.816793893129766073e-03,6.106870229007643931e-03,nan,nan,nan,nan,-1.526717557251866531e-03,nan,nan,nan,nan,nan,nan,nan,nan
0.000000000000000000e+00,nan,nan,0.000000000000000000e+00,0.000000000000000000e+00,0.000000000000000000e+00,nan,nan,nan,nan,0.000000000000000000e+00,nan,0.000000000000000000e+00,nan,0.000000000000000000e+00,nan,nan,nan,nan,nan,nan,nan,nan,0.000000000000000000e+00,0.000000000000000000e+00,nan,nan,nan,nan,nan,nan,nan,nan,nan,nan,nan,nan,nan,nan,nan,nan,nan,nan,nan,nan,nan,nan,nan,nan,nan,nan,0.000000000000000000e+00,nan,nan,nan,nan,nan,nan,nan,nan,nan,nan,nan,nan,nan
nan,nan,nan,-4.761904761904744987e-03,nan,nan,nan,nan,nan,nan,0.000000000000000000e+00,nan,nan,nan,nan,nan,nan,nan,nan,nan,0.000000000000000000e+00,nan,nan,nan,nan,nan,0.000000000000000000e+00,0.000000000000000000e+00,nan,nan,nan,nan,nan,0.000000000000000000e+00,nan,nan,nan,nan,0.000000000000000000e+00,nan,nan,nan,nan,nan,nan,nan,nan,nan,0.000000000000000000e+00,nan,nan,-2.380952380952372494e-03,nan,nan,nan,0.000000000000000000e+00,nan,nan,nan,nan,nan,nan,nan,nan,nan
nan,nan,nan,nan,nan,nan,nan,nan,nan,nan,3.252032520325221030e-03,nan,nan,2.357723577235777343e-02,7.317073170731758051e-03,8.130081300813052358e-03,nan,nan,nan,nan,nan,nan,nan,nan,nan,nan,7.317073170731780603e-03,-6.504065040650375273e-03,5.691056910569170305e-03,nan,nan,nan,nan,nan,nan,nan,nan,nan,nan,nan,nan,nan,-5.691056910569059282e-03,nan,nan,nan,nan,nan,nan,nan,8.943089430894345798e-03,nan,nan,nan,nan,nan,-8.130081300812940902e-04,nan,nan,nan,nan,nan,nan,nan,nan
nan,nan,nan,0.000000000000000000e+00,nan,nan,nan,nan,0.000000000000000000e+00,nan,0.000000000000000000e+00,nan,nan,nan,nan,nan,nan,nan,nan,nan,nan,nan,nan,-1.673640167364021190e-03,0.000000000000000000e+00,nan,nan,nan,0.000000000000000000e+00,0.000000000000000000e+00,nan,nan,nan,nan,nan,nan,nan,nan,nan,0.000000000000000000e+00,nan,nan,nan,nan,0.000000000000000000e+00,nan,nan,nan,nan,nan,nan,0.000000000000000000e+00,nan,nan,nan,nan,nan,nan,nan,nan,nan,nan,nan,nan,nan
nan,nan,nan,4.979253112033177331e-03,nan,nan,nan,nan,nan,nan,4.149377593360981109e-03,nan,nan,nan,2.489626556016588665e-03,8.298755186721962218e-04,nan,nan,nan,nan,nan,2.489626556016588665e-03,nan,nan,nan,nan,3.319502074688784887e-03,nan,nan,nan,nan,nan,nan,nan,nan,nan,nan,nan,nan,nan,nan,4.149377593360981109e-03,nan,nan,nan,nan,nan,nan,0.000000000000000000e+00,nan,2.489626556016588665e-03,3.319502074688784887e-03,nan,nan,nan,nan,nan,nan,nan,nan,nan,nan,nan,nan,nan
0.000000000000000000e+00,nan,nan,nan,nan,nan,nan,nan,nan,nan,3.384615384615383832e-02,nan,nan,nan,nan,nan,nan,nan,nan,nan,nan,nan,nan,nan,-1.153846153846154257e-02,nan,6.153846153846153841e-03,3.846153846153832490e-03,nan,nan,nan,nan,nan,nan,nan,nan,nan,nan,2.769230769230770356e-02,nan,nan,5.000000000000002359e-02,nan,nan,nan,nan,nan,nan,nan,nan,2.307692307692299667e-03,nan,nan,nan,nan,6.153846153846153841e-03,3.846153846153832490e-03,nan,nan,nan,nan,nan,nan,nan,nan
0.000000000000000000e+00,nan,nan,nan,nan,nan,nan,nan,nan,nan,nan,nan,nan,nan,nan,nan,nan,0.000000000000000000e+00,nan,nan,nan,nan,nan,nan,0.000000000000000000e+00,nan,nan,0.000000000000000000e+00,nan,nan,nan,nan,nan,nan,0.000000000000000000e+00,nan,nan,nan,nan,nan,0.000000000000000000e+00,0.000000000000000000e+00,0.000000000000000000e+00,nan,0.000000000000000000e+00,nan,nan,nan,0.000000000000000000e+00,nan,nan,nan,nan,nan,nan,nan,nan,nan,nan,nan,nan,nan,nan,nan,nan
0.000000000000000000e+00,nan,nan,0.000000000000000000e+00,nan,nan,nan,nan,nan,nan,0.000000000000000000e+00,nan,nan,0.000000000000000000e+00,nan,nan,nan,nan,nan,nan,nan,nan,nan,nan,nan,nan,0.000000000000000000e+00,nan,nan,nan,nan,nan,nan,0.000000000000000000e+00,nan,nan,nan,nan,nan,0.000000000000000000e+00,nan,nan,nan,nan,nan,nan,nan,nan,nan,nan,0.000000000000000000e+00,0.000000000000000000e+00,nan,nan,nan,nan,0.000000000000000000e+00,nan,nan,nan,nan,nan,nan,nan,nan
2.316602316602289595e-03,nan,nan,nan,nan,nan,nan,nan,nan,nan,nan,nan,nan,nan,nan,nan,nan,nan,nan,nan,nan,nan,nan,3.088803088803082717e-03,nan,nan,3.861003861003853288e-03,nan,nan,nan,nan,nan,nan,1.544401544401519024e-03,nan,nan,nan,nan,nan,nan,nan,3.088803088803082717e-03,1.544401544401519024e-03,nan,3.861003861003853288e-03,nan,nan,nan,nan,nan,1.544401544401541359e-03,nan,nan,nan,nan,nan,3.861003861003853288e-03,nan,3.861003861003853288e-03,nan,nan,nan,nan,nan,nan
-3.076923076923077094e-02,nan,nan,nan,nan,nan,nan,nan,2.076923076923071695e-02,nan,nan,nan,nan,nan,nan,3.846153846153832490e-03,nan,nan,nan,nan,nan,1.230769230769226431e-02,nan,1.461538461538456311e-02,-1.000000000000005398e-02,nan,nan,-3.692307692307690570e-02,nan,nan,nan,nan,nan,nan,-3.000000000000002665e-02,nan,nan,nan,nan,nan,nan,nan,-7.692307692307687531e-03,nan,nan,nan,nan,nan,nan,nan,nan,nan,nan,nan,nan,-1.000000000000000888e-02,nan,nan,nan,nan,nan,nan,nan,nan,nan
nan,nan,nan,nan,nan,nan,nan,nan,nan,nan,nan,nan,nan,1.666666666666665256e-02,nan,nan,nan,nan,nan,nan,nan,nan,nan,nan,-2.803030303030300610e-02,nan,nan,nan,-3.939393939393935617e-02,nan,nan,nan,nan,-3.484848484848481615e-02,nan,nan,nan,nan,nan,nan,nan,nan,-1.136363636363635354e-02,nan,-2.348484848484846260e-02,nan,-1.893939393939392257e-02,nan,nan,nan,-3.030303030303027612e-02,nan,nan,nan,nan,-3.787878787878784514e-02,-3.484848484848481615e-02,nan,nan,nan,nan,nan,nan,nan,nan
-2.952029520295162968e-03,nan,nan,nan,nan,nan,nan,nan,nan,nan,-4.428044280442767003e-03,nan,nan,nan,-1.476014760147581484e-03,nan,nan,-3.690036900368953710e-03,nan,nan,nan,nan,nan,nan,nan,nan,nan,-3.763837638376379274e-02,-7.380073800737907419e-04,nan,nan,nan,nan,-2.952029520295162968e-03,nan,nan,nan,nan,nan,nan,nan,nan,-2.509225092250919747e-02,nan,-2.214022140221405532e-02,nan,nan,nan,nan,nan,nan,nan,nan,nan,nan,nan,-3.985239852398518579e-02,nan,nan,nan,nan,nan,nan,nan,nan
0.000000000000000000e+00,nan,nan,nan,nan,nan,nan,nan,0.000000000000000000e+00,nan,0.000000000000000000e+00,nan,0.000000000000000000e+00,nan,0.000000000000000000e+00,nan,nan,nan,nan,nan,nan,nan,nan,nan,0.000000000000000000e+00,nan,nan,0.000000000000000000e+00,0.000000000000000000e+00,nan,nan,nan,nan,nan,nan,nan,nan,nan,nan,0.000000000000000000e+00,nan,nan,nan,nan,0.000000000000000000e+00,nan,nan,nan,nan,nan,nan,nan,nan,nan,nan,nan,nan,nan,nan,nan,nan,nan,nan,nan,nan
nan,nan,nan,nan,nan,nan,nan,nan,nan,nan,3.190661478599221557e-02,nan,nan,nan,nan,nan,nan,nan,nan,nan,nan,nan,nan,nan,nan,nan,nan,-1.400778210116731051e-02,nan,nan,nan,nan,nan,-3.891050583657573725e-03,-1.478599221789880271e-02,nan,nan,nan,nan,nan,3.891050583657573725e-03,nan,6.225680933852117960e-03,nan,-2.801556420233464184e-02,nan,nan,nan,-2.334630350194544235e-03,nan,-6.225680933852117960e-03,nan,nan,nan,nan,nan,1.478599221789886863e-02,nan,nan,nan,nan,nan,nan,nan,nan
nan,nan,nan,0.000000000000000000e+00,nan,nan,nan,nan,nan,nan,nan,nan,nan,nan,nan,nan,nan,2.489626556016588665e-03,nan,nan,nan,nan,nan,8.796680497925309095e-02,1.410788381742733577e-02,nan,0.000000000000000000e+00,nan,nan,nan,nan,nan,nan,nan,nan,nan,nan,nan,nan,1.103734439834024722e-01,nan,nan,8.298755186721962218e-03,nan,1.078838174273855088e-02,nan,nan,nan,nan,nan,nan,4.398340248962655241e-02,nan,nan,nan,nan,0.000000000000000000e+00,nan,nan,nan,nan,nan,nan,nan,nan
nan,nan,nan,nan,nan,nan,nan,nan,nan,nan,6.374501992031866675e-03,nan,nan,nan,0.000000000000000000e+00,nan,nan,nan,nan,nan,nan,nan,nan,nan,7.968127490039833343e-04,nan,nan,1.274900398406373335e-02,nan,nan,nan,-1.593625498007966669e-03,nan,9.561752988047799579e-03,nan,nan,nan,nan,3.187250996015933337e-03,nan,nan,7.171314741035850551e-03,nan,nan,nan,nan,nan,nan,nan,nan,-7.968127490039833343e-04,nan,nan,nan,nan,nan,1.274900398406373335e-02,nan,nan,nan,nan,nan,nan,nan,nan
-3.813229571984433353e-02,nan,nan,nan,nan,nan,nan,nan,nan,nan,nan,nan,nan,nan,nan,nan,nan,-3.891050583657584827e-02,nan,nan,nan,nan,nan,nan,nan,nan,3.891050583657573725e-03,3.891050583657573725e-03,7.782101167315147450e-04,nan,nan,nan,nan,nan,nan,nan,nan,nan,nan,3.891050583657573725e-03,nan,nan,-3.112840466926058980e-03,nan,-3.657587548638130404e-02,nan,2.334630350194544235e-03,nan,nan,nan,-7.782101167315147450e-04,nan,nan,nan,nan,nan,nan,nan,nan,nan,nan,nan,nan,nan,nan
nan,nan,nan,0.000000000000000000e+00,nan,nan,nan,nan,nan,nan,5.166051660516623664e-03,nan,7.380073800738129680e-04,nan,nan,nan,nan,nan,nan,1.180811808118087392e-02,nan,nan,nan,nan,nan,nan,0.000000000000000000e+00,nan,nan,nan,nan,0.000000000000000000e+00,nan,nan,nan,nan,nan,nan,7.380073800738129680e-04,nan,nan,nan,nan,nan,nan,nan,1.107011070110708317e-02,nan,nan,nan,nan,0.000000000000000000e+00,nan,nan,nan,nan,3.690036900369064732e-03,nan,nan,nan,nan,nan,nan,nan,nan
nan,nan,nan,nan,nan,nan,nan,nan,nan,nan,nan,nan,nan,1.568627450980386671e-03,nan,6.274509803921568367e-03,nan,nan,nan,nan,nan,nan,nan,nan,nan,nan,nan,-3.137254901960773341e-03,1.568627450980408788e-03,nan,nan,nan,nan,nan,nan,nan,nan,nan,nan,1.803921568627453453e-02,1.490196078431378288e-02,nan,-7.843137254901933354e-04,nan,-7.843137254901933354e-04,nan,nan,nan,2.117647058823533129e-02,nan,nan,nan,nan,nan,nan,nan,-7.843137254901932920e-03,nan,nan,nan,nan,nan,nan,nan,nan
