nan,nan,nan,nan,nan,nan,nan,nan,nan,nan,-7.976366322008909479e-03,nan,nan,nan,nan,nan,nan,nan,nan,nan,nan,nan,nan,3.545051698670587115e-03,nan,1.270310192023627049e-02,-2.363367799113746861e-03,nan,2.363367799113724743e-03,nan,nan,nan,nan,4.726735598227449486e-03,nan,nan,nan,nan,nan,nan,nan,nan,nan,nan,nan,nan,nan,nan,nan,-2.658788774002962454e-03,-4.135893648449085087e-03,nan,nan,nan,nan,nan,nan,nan,-2.363367799113768979e-03,4.431314623338233893e-03,nan
nan,nan,nan,4.692082111436945806e-03,-4.105571847507327905e-03,nan,nan,nan,nan,nan,5.278592375366564574e-03,nan,nan,nan,-2.052785923753663953e-03,nan,nan,nan,nan,nan,nan,nan,nan,nan,nan,nan,nan,nan,-5.865102639296182257e-04,7.331378299120228093e-03,nan,nan,nan,nan,nan,nan,nan,nan,nan,nan,1.935483870967740286e-02,nan,nan,nan,nan,1.114369501466274705e-02,nan,nan,nan,nan,nan,nan,nan,nan,nan,-4.985337243401754756e-03,nan,nan,-5.865102639296182257e-04,nan,nan
nan,nan,nan,nan,nan,nan,nan,nan,nan,nan,nan,nan,nan,nan,-2.420574886535575843e-03,nan,nan,nan,nan,nan,nan,nan,-1.815431164901681882e-03,nan,1.270801815431161705e-02,nan,-3.025718608169469803e-03,nan,-1.815431164901681882e-03,nan,nan,nan,nan,nan,nan,nan,nan,nan,nan,nan,nan,nan,nan,nan,nan,nan,nan,nan,nan,nan,-6.051437216338895371e-03,nan,-3.025718608169469803e-03,-1.815431164901704000e-03,nan,-2.118003025718628862e-03,nan,-3.328290468986416784e-03,nan,nan,nan
nan,nan,nan,nan,nan,nan,nan,nan,nan,nan,nan,nan,nan,nan,nan,nan,nan,nan,nan,nan,3.539823008849585229e-03,nan,0.000000000000000000e+00,nan,nan,3.539823008849607346e-03,4.129793510324520148e-03,4.129793510324541832e-03,nan,5.899705014749568200e-04,nan,nan,nan,nan,1.474926253687347489e-03,nan,nan,nan,nan,nan,6.194690265486779354e-03,nan,nan,nan,nan,nan,nan,nan,nan,nan,nan,nan,nan,9.734513274336342031e-03,nan,nan,4.719764011799454199e-03,nan,nan,nan,nan
nan,nan,nan,nan,nan,nan,nan,nan,nan,nan,nan,nan,nan,nan,nan,nan,2.631578947368429233e-03,nan,nan,nan,nan,nan,-8.771929824561653039e-04,2.046783625730985625e-03,nan,nan,-3.216374269005850724e-03,-4.678362573099415292e-03,-1.461988304093564351e-03,nan,nan,nan,-8.479532163742708323e-03,nan,nan,nan,nan,nan,nan,nan,nan,0.000000000000000000e+00,nan,nan,nan,nan,nan,5.847953216374212736e-04,nan,nan,nan,nan,nan,nan,nan,nan,nan,nan,5.847953216374279957e-03,nan,nan
nan,nan,nan,nan,nan,nan,nan,nan,nan,nan,nan,nan,nan,nan,nan,nan,nan,nan,nan,nan,1.313868613138691188e-02,nan,-1.167883211678777356e-03,nan,2.715328467153290543e-02,nan,3.211678832116815485e-03,2.627737226277426699e-03,3.795620437956270625e-03,nan,nan,-2.919708029196943391e-04,4.087591240875964801e-03,-1.459854014598493867e-03,nan,nan,nan,nan,nan,nan,nan,nan,nan,nan,nan,nan,nan,nan,nan,nan,nan,nan,nan,1.167883211678837421e-02,nan,nan,nan,nan,nan,nan,nan
nan,nan,nan,nan,nan,nan,nan,nan,nan,nan,nan,nan,nan,nan,nan,nan,nan,5.680119581464882286e-03,nan,nan,nan,nan,nan,5.082212257100171895e-03,nan,-1.793721973094131172e-03,2.220446049250313204e-17,1.195814648729465234e-03,nan,nan,nan,nan,nan,nan,8.071748878923789769e-03,nan,nan,nan,-5.082212257100126793e-03,nan,nan,-1.793721973094131172e-03,nan,nan,nan,nan,nan,nan,5.979073243647326169e-04,nan,nan,nan,nan,nan,nan,nan,-1.195814648729420782e-03,nan,nan,nan,nan
5.797101449275699359e-04,nan,nan,nan,nan,nan,nan,nan,nan,nan,5.217391304347862926e-03,nan,nan,nan,nan,nan,nan,-2.028985507246327917e-03,nan,nan,-3.188405797101401436e-03,nan,8.695652173913215105e-04,nan,nan,nan,-4.927536231884044673e-03,nan,nan,nan,nan,-2.318840579710079817e-03,nan,nan,6.956521739130505297e-03,nan,nan,nan,nan,nan,nan,nan,nan,nan,nan,nan,nan,nan,nan,-3.478260869565197137e-03,nan,nan,nan,2.898550724638182530e-04,nan,nan,nan,nan,nan,nan,nan
nan,nan,nan,nan,nan,nan,nan,nan,nan,nan,2.028985507246438939e-03,nan,nan,nan,nan,nan,nan,nan,nan,nan,-2.028985507246327917e-03,nan,1.159420289855095420e-03,nan,nan,nan,5.797101449275699359e-04,1.855072463768121446e-02,5.507246376811658628e-03,nan,nan,nan,nan,nan,nan,nan,nan,nan,nan,nan,nan,nan,nan,nan,nan,nan,nan,nan,nan,-4.927536231884022122e-03,nan,nan,nan,-5.797101449274810313e-04,nan,nan,-4.347826086956474087e-03,nan,nan,1.739130434782665355e-03,nan
nan,nan,nan,nan,nan,nan,nan,nan,nan,nan,nan,nan,nan,-1.164483260553073052e-03,nan,nan,-2.911208151382793652e-03,3.784570596797687345e-03,nan,nan,nan,nan,nan,nan,nan,nan,1.455604075691430219e-03,nan,nan,nan,nan,nan,nan,nan,nan,nan,nan,nan,nan,nan,nan,1.455604075691407885e-03,nan,nan,nan,nan,nan,nan,nan,nan,-7.569141193595330455e-03,1.746724890829698482e-03,nan,-1.164483260553095170e-03,nan,nan,nan,nan,-4.657933042212514252e-03,nan,-5.822416302765142998e-04
nan,nan,-7.363770250368184903e-03,nan,nan,nan,nan,nan,nan,nan,nan,nan,nan,nan,nan,nan,nan,nan,nan,nan,nan,nan,nan,nan,nan,nan,nan,-6.480117820324027104e-03,3.829160530191444423e-03,-1.060382916053021971e-02,nan,nan,nan,nan,nan,nan,nan,nan,nan,nan,-1.767304860088381082e-03,nan,nan,nan,nan,nan,nan,nan,nan,nan,-1.148748159057442174e-02,nan,-7.952871870397660442e-03,-6.185567010309278926e-03,nan,nan,-2.061855670103085458e-03,-1.649484536082479469e-02,nan,nan,nan
nan,nan,nan,nan,nan,4.273504273504280873e-03,nan,nan,nan,-5.413105413105401102e-03,nan,nan,nan,nan,1.709401709401747781e-03,nan,nan,nan,nan,2.849002849002868661e-03,6.837606837606835866e-03,nan,1.139601139601165115e-03,nan,nan,nan,8.547008547008738905e-04,nan,-3.703703703703697774e-03,nan,nan,nan,nan,nan,nan,nan,-1.709401709401703329e-03,nan,nan,nan,nan,nan,nan,nan,nan,nan,nan,nan,nan,nan,nan,nan,nan,-2.279202279202241326e-03,nan,nan,nan,nan,nan,nan,nan
nan,nan,nan,nan,0.000000000000000000e+00,nan,nan,nan,nan,nan,nan,nan,nan,nan,-4.316546762589967834e-03,nan,nan,nan,nan,nan,8.920863309352489168e-03,nan,nan,nan,nan,nan,2.014388489208562751e-03,nan,6.330935251798508467e-03,nan,nan,nan,nan,nan,nan,nan,nan,nan,nan,nan,nan,nan,nan,1.064748201438843120e-02,nan,nan,nan,nan,nan,6.043165467625843945e-03,nan,5.179856115107850378e-03,nan,-4.440892098500626408e-17,nan,nan,2.877697841726578436e-03,nan,nan,nan,nan
nan,nan,nan,nan,nan,nan,nan,nan,nan,nan,nan,nan,nan,nan,5.698005698006047837e-04,nan,nan,nan,nan,nan,6.552706552706588986e-03,nan,nan,nan,nan,nan,5.698005698006047837e-04,3.219373219373222739e-02,4.558404558404593673e-03,nan,nan,nan,nan,nan,nan,nan,nan,nan,nan,nan,nan,nan,nan,1.111111111111116011e-02,nan,nan,nan,nan,nan,8.831908831908851995e-03,-1.424501424501389878e-03,nan,nan,-3.133903133903092990e-03,nan,nan,1.168091168091169897e-02,nan,nan,nan,nan
nan,nan,nan,nan,nan,nan,-4.531722054380638194e-03,nan,nan,nan,nan,1.510574018126931151e-03,nan,nan,1.812688821752273015e-03,nan,-3.021148036253640365e-04,nan,nan,nan,nan,nan,nan,nan,nan,nan,nan,nan,nan,nan,nan,nan,nan,nan,nan,nan,nan,nan,nan,nan,nan,-4.833836858006024077e-03,nan,nan,nan,nan,nan,nan,nan,4.440892098500626408e-17,-6.042296072507546793e-03,nan,nan,6.042296072507724169e-04,nan,nan,nan,nan,-3.625377643504523913e-03,-1.510574018126864581e-03,nan
nan,nan,nan,nan,-1.190476190476186247e-03,nan,-3.571428571428625527e-03,nan,nan,nan,nan,2.380952380952372494e-03,nan,nan,-3.571428571428602976e-03,nan,1.785714285714279370e-03,-1.130952380952388037e-02,nan,nan,nan,nan,nan,nan,nan,nan,-5.059523809523858336e-03,nan,1.101190476190472278e-02,nan,nan,nan,nan,nan,2.559523809523807023e-02,nan,nan,nan,nan,nan,nan,nan,nan,nan,nan,1.696428571428565402e-02,nan,nan,nan,nan,nan,nan,nan,nan,nan,nan,nan,nan,nan,nan,nan
2.936857562408201790e-03,nan,nan,nan,nan,nan,nan,nan,nan,nan,nan,nan,nan,nan,nan,nan,nan,-1.468428781204123013e-03,nan,nan,-1.174743024963298367e-03,nan,nan,nan,nan,nan,nan,-2.936857562408246025e-03,1.468428781204123013e-03,nan,nan,nan,nan,nan,6.167400881057249692e-03,nan,nan,nan,nan,nan,nan,nan,nan,nan,nan,nan,nan,nan,nan,-2.055800293685772304e-03,nan,nan,nan,nan,nan,-5.286343612334843192e-03,-8.810572687224738292e-04,nan,nan,0.000000000000000000e+00,nan
nan,nan,nan,1.150442477876112424e-02,nan,nan,nan,nan,nan,nan,nan,0.000000000000000000e+00,nan,nan,2.064896755162282192e-03,nan,nan,nan,nan,nan,nan,nan,1.474926253687369824e-03,nan,nan,nan,5.309734513274389119e-03,nan,nan,nan,nan,nan,nan,nan,nan,nan,nan,nan,nan,nan,nan,nan,nan,nan,nan,nan,nan,0.000000000000000000e+00,nan,1.445427728613577455e-02,5.014749262536910383e-03,1.268436578171097152e-02,nan,-2.949852507374561839e-03,nan,nan,nan,nan,nan,nan,nan
nan,nan,nan,nan,nan,nan,nan,nan,nan,nan,2.932551319648091237e-03,nan,nan,nan,nan,nan,nan,nan,nan,nan,nan,nan,-1.173020527859236451e-03,nan,nan,nan,-2.639296187683282287e-03,nan,2.052785923753663953e-03,nan,nan,0.000000000000000000e+00,-2.932551319648091129e-04,nan,nan,nan,nan,7.624633431085037043e-03,nan,nan,nan,nan,nan,nan,nan,nan,nan,nan,nan,nan,nan,nan,nan,nan,nan,nan,4.692082111436945806e-03,4.692082111436945806e-03,nan,-8.797653958944273928e-04,nan
nan,nan,nan,-1.159420289855095420e-03,nan,nan,nan,nan,nan,nan,nan,nan,nan,nan,nan,nan,nan,nan,nan,nan,nan,nan,0.000000000000000000e+00,nan,nan,nan,-2.898550724637716323e-03,nan,nan,nan,nan,2.898550724637738549e-04,nan,nan,nan,nan,nan,nan,nan,nan,nan,nan,nan,nan,nan,nan,nan,1.159420289855073085e-03,nan,-7.826086956521760563e-03,-2.608695652173920188e-03,nan,nan,-5.797101449275477098e-04,nan,1.159420289855073085e-03,nan,nan,nan,-5.507246376811591841e-03,nan
nan,nan,nan,nan,0.000000000000000000e+00,nan,nan,nan,nan,nan,nan,-8.849557522123685516e-04,nan,nan,-2.064896755162237522e-03,nan,nan,nan,nan,nan,nan,nan,nan,nan,nan,nan,nan,4.129793510324475045e-03,nan,9.439528023598797377e-03,nan,-2.949852507374561839e-04,-8.259587020648995193e-03,nan,nan,nan,nan,nan,nan,nan,3.923303834808256063e-02,nan,nan,nan,nan,nan,nan,nan,nan,nan,nan,nan,nan,nan,nan,1.887905604719763986e-02,3.156342182890851944e-02,nan,nan,nan,nan
nan,1.967213114754100614e-02,nan,nan,nan,-2.682563338301036278e-03,nan,nan,nan,-2.086438152011904721e-03,nan,nan,nan,nan,3.874813710879298958e-03,nan,nan,nan,nan,-8.941877794336639419e-04,nan,nan,nan,nan,nan,nan,nan,1.222056631892700675e-02,nan,nan,nan,nan,nan,nan,nan,nan,-6.855439642324889955e-03,nan,nan,nan,nan,nan,nan,nan,nan,nan,nan,0.000000000000000000e+00,nan,nan,nan,nan,nan,nan,nan,-1.788375558867350001e-03,5.961251862891247914e-03,nan,nan,nan,nan
nan,nan,nan,nan,nan,nan,nan,2.911208151383126610e-04,nan,9.024745269286782792e-03,nan,nan,nan,nan,nan,nan,nan,nan,1.804949053857356558e-02,nan,1.746724890829742718e-03,nan,nan,nan,nan,nan,nan,nan,nan,nan,nan,nan,nan,nan,nan,nan,nan,nan,nan,nan,nan,nan,nan,1.164483260553161956e-03,nan,6.695778748180525666e-03,nan,nan,nan,-2.911208151382793652e-03,-2.911208151382238649e-04,nan,nan,-2.620087336244503271e-03,nan,nan,nan,nan,nan,-2.620087336244503271e-03,nan
nan,nan,nan,nan,nan,nan,nan,nan,nan,nan,nan,nan,nan,nan,5.763688760807017530e-04,nan,nan,nan,nan,nan,nan,nan,nan,nan,1.959654178674354735e-02,nan,-1.729106628242060807e-03,nan,-5.763688760806573008e-04,nan,nan,-1.440922190201732265e-03,nan,nan,nan,nan,nan,nan,nan,nan,nan,1.729106628242083141e-03,nan,nan,nan,nan,nan,nan,nan,nan,1.729106628242083141e-03,nan,nan,2.593659942363135771e-03,nan,5.475504322766555632e-03,nan,nan,4.034582132564845484e-03,nan,nan
2.928257686676372096e-03,nan,nan,nan,nan,nan,nan,nan,nan,nan,nan,nan,nan,nan,-2.049780380673515891e-03,nan,nan,nan,nan,nan,nan,nan,nan,nan,nan,nan,-2.928257686677149035e-04,-9.663250366032239205e-03,nan,nan,nan,-1.464128843338241559e-03,nan,nan,nan,nan,nan,nan,nan,nan,nan,nan,nan,nan,nan,nan,nan,-2.342606149341186668e-03,nan,nan,2.928257686676038812e-04,nan,nan,-8.784773060029671182e-04,nan,1.083455344070274363e-02,2.928257686676394213e-03,nan,nan,nan,nan
nan,nan,nan,2.612481857764874585e-02,nan,nan,nan,nan,nan,nan,nan,nan,nan,nan,nan,nan,nan,nan,nan,nan,nan,nan,-4.644412191582047642e-03,nan,nan,nan,-2.612481857764925759e-03,nan,5.805515239477143218e-04,nan,nan,-2.902757619739126721e-04,nan,2.902757619738682740e-04,nan,nan,nan,nan,nan,nan,nan,nan,nan,nan,nan,nan,nan,2.322206095790946192e-03,nan,nan,nan,2.235123367198832423e-02,nan,7.837445573294599468e-03,nan,9.579100145137853239e-03,nan,nan,nan,nan,nan
nan,nan,nan,nan,nan,nan,nan,nan,4.216867469879504240e-03,nan,nan,nan,nan,nan,1.506024096385538778e-03,nan,nan,nan,nan,nan,nan,nan,0.000000000000000000e+00,nan,nan,2.078313253012047460e-02,3.915662650602391714e-03,nan,nan,nan,nan,-3.012048192771122007e-04,nan,nan,nan,nan,nan,nan,nan,nan,nan,nan,nan,nan,nan,nan,nan,-1.807228915662672988e-03,nan,-3.012048192771343727e-04,-5.120481927710862635e-03,nan,nan,nan,nan,nan,nan,nan,nan,2.409638554216808701e-03,nan
nan,nan,nan,nan,nan,nan,nan,nan,nan,nan,nan,nan,nan,nan,nan,nan,nan,nan,nan,nan,nan,nan,-2.816901408450700581e-04,nan,nan,nan,-1.126760563380280232e-03,nan,nan,nan,nan,-1.126760563380280232e-03,nan,-3.380281690140840480e-03,nan,nan,nan,nan,nan,nan,nan,6.197183098591541386e-03,nan,nan,nan,nan,nan,nan,nan,7.887323943661960976e-03,1.971830985915490244e-03,nan,nan,nan,nan,3.380281690140840480e-03,nan,nan,2.535211267605630252e-03,-2.535211267605630252e-03,nan
nan,nan,nan,nan,nan,nan,nan,nan,nan,nan,nan,2.017291066282367231e-03,nan,nan,nan,nan,nan,-2.305475504322829130e-03,nan,nan,nan,nan,nan,nan,nan,nan,nan,nan,-4.034582132564912271e-03,-1.729106628242105259e-03,nan,nan,nan,nan,nan,nan,nan,nan,-4.322766570605240596e-03,nan,-1.268011527377526163e-02,nan,nan,nan,nan,-2.881844380403508765e-03,nan,nan,nan,-2.593659942363180006e-03,nan,nan,nan,-4.440892098500626408e-17,nan,-3.170028818443859642e-03,nan,nan,nan,nan,nan
nan,nan,nan,nan,nan,nan,nan,nan,nan,nan,nan,nan,nan,nan,nan,nan,-2.220446049250313204e-17,-6.661338147750938996e-17,nan,nan,-4.440892098500626408e-17,nan,nan,nan,nan,nan,nan,nan,-2.402402402402436989e-03,nan,nan,nan,nan,nan,nan,nan,nan,nan,nan,nan,nan,-3.003003003003490217e-04,nan,nan,nan,nan,nan,nan,nan,nan,-1.501501501501523173e-03,-5.705705705705765678e-03,nan,-2.102102102102132528e-03,nan,-2.102102102102132528e-03,nan,nan,-2.702702702702741884e-03,nan,nan
nan,nan,nan,3.431085043988266886e-02,nan,nan,nan,nan,nan,nan,nan,nan,nan,nan,nan,1.466275659824045619e-03,nan,nan,nan,nan,1.173020527859236451e-03,nan,nan,nan,nan,nan,nan,nan,6.451612903225800374e-03,nan,nan,2.932551319648091129e-04,nan,nan,nan,nan,nan,nan,nan,nan,nan,nan,nan,3.020527859237536264e-02,nan,nan,nan,-5.865102639296182257e-04,nan,3.812316715542518521e-03,-7.038123167155419142e-03,nan,nan,5.865102639296182257e-04,nan,nan,nan,nan,nan,nan,nan
nan,nan,nan,5.772005772005872832e-04,nan,nan,nan,nan,nan,nan,nan,nan,nan,nan,nan,nan,nan,nan,nan,nan,nan,nan,1.731601731601761741e-03,nan,1.645021645021649270e-02,nan,-2.020202020201966424e-03,8.658008658009253228e-04,nan,nan,nan,2.220446049250313204e-17,3.463203463203479247e-03,nan,nan,nan,nan,nan,nan,nan,nan,nan,nan,nan,nan,-3.751803751803684146e-03,nan,nan,nan,nan,nan,nan,nan,1.269841269841274177e-02,nan,1.038961038961043817e-02,nan,nan,nan,nan,nan
nan,nan,nan,nan,nan,nan,nan,nan,nan,nan,nan,nan,nan,nan,-2.040816326530658833e-03,nan,1.749271137026209332e-03,2.332361516034953293e-03,nan,nan,nan,nan,nan,nan,2.040816326530607919e-02,nan,nan,3.206997084548079968e-03,nan,5.830903790087216265e-04,nan,nan,-3.498542274052551804e-03,nan,5.539358600583033261e-03,nan,nan,nan,2.040816326530592480e-03,nan,nan,nan,nan,nan,nan,nan,nan,nan,2.332361516034953293e-03,nan,nan,nan,nan,nan,nan,nan,nan,nan,nan,nan,nan
nan,nan,nan,nan,nan,nan,nan,nan,nan,nan,nan,2.275960170697044656e-03,nan,nan,2.275960170697044656e-03,nan,nan,nan,nan,nan,-7.681365576102416534e-03,nan,nan,nan,9.103840682788067601e-03,nan,nan,2.275960170697044656e-03,5.974395448079694408e-03,nan,nan,nan,nan,2.844950213371611023e-04,nan,nan,nan,nan,nan,nan,nan,nan,nan,nan,nan,nan,nan,nan,nan,-6.258890469416744651e-03,nan,nan,nan,3.982930298719766782e-03,nan,nan,-1.422475106685605530e-03,nan,nan,nan,nan
nan,nan,nan,6.104651162790708865e-03,nan,nan,nan,nan,nan,nan,-2.616279069767446595e-03,nan,nan,nan,nan,nan,nan,nan,nan,nan,nan,nan,nan,nan,1.395348837209304735e-02,nan,-1.744186046511630919e-03,nan,nan,nan,nan,-1.744186046511630919e-03,nan,1.453488372093025838e-03,nan,nan,nan,nan,nan,nan,nan,nan,nan,nan,nan,nan,nan,nan,nan,nan,-1.744186046511630919e-03,-2.906976744186051892e-04,nan,-5.813953488372103351e-03,nan,nan,nan,nan,nan,-6.976744186046523674e-03,nan
nan,nan,nan,nan,nan,nan,nan,nan,nan,nan,-2.352941176470579789e-03,nan,nan,nan,nan,nan,nan,nan,nan,nan,nan,nan,-8.823529411764674752e-04,nan,5.294117647058805068e-03,nan,-8.823529411764674752e-04,-3.235294117647047156e-03,1.470588235294112422e-03,-4.117647058823514956e-03,nan,nan,nan,nan,nan,nan,nan,nan,nan,nan,-6.764705882352939174e-03,nan,nan,nan,nan,nan,nan,-1.470588235294112422e-03,nan,nan,nan,nan,nan,nan,nan,nan,-5.882352941176671735e-04,nan,nan,nan,nan
nan,nan,nan,nan,nan,nan,nan,nan,nan,nan,nan,nan,nan,nan,nan,nan,3.708987161198295992e-03,nan,nan,nan,nan,nan,nan,nan,nan,2.853067047075606016e-02,-2.567760342368030722e-03,nan,2.853067047075596822e-03,nan,nan,nan,1.569186875891583760e-02,nan,nan,nan,nan,nan,nan,nan,nan,2.282453637660508856e-03,nan,nan,nan,nan,nan,nan,nan,nan,nan,nan,nan,1.055634807417975621e-02,nan,6.276747503566326714e-03,4.279600570613406943e-03,nan,1.141226818830238729e-02,nan,nan
nan,nan,nan,nan,3.044140030441288896e-04,-7.610350076103511614e-03,nan,nan,nan,-6.392694063926973938e-03,nan,nan,nan,nan,-3.044140030441511158e-04,nan,nan,nan,nan,-1.826484018264884577e-03,nan,nan,nan,nan,nan,nan,nan,nan,-3.652968036529680249e-03,nan,nan,nan,nan,nan,nan,nan,9.132420091324088950e-04,nan,nan,nan,nan,nan,nan,6.392694063926907151e-03,nan,nan,nan,nan,nan,nan,nan,7.001522070015186831e-03,7.610350076103467379e-03,nan,nan,nan,nan,nan,nan,nan,nan
nan,nan,nan,nan,nan,nan,nan,nan,nan,nan,nan,nan,nan,nan,-8.823529411764674752e-04,nan,-2.941176470588224737e-04,-4.411764705882337267e-03,nan,nan,nan,nan,nan,nan,nan,nan,nan,nan,nan,nan,nan,nan,nan,nan,nan,nan,nan,nan,nan,nan,nan,-9.117647058823497713e-03,nan,nan,nan,nan,2.941176470588224737e-04,nan,nan,-8.823529411764674752e-04,-3.529411764705869901e-03,-6.764705882352917490e-03,nan,-1.176470588235289895e-03,nan,nan,nan,nan,-4.705882352941159578e-03,nan,nan
nan,nan,nan,nan,nan,nan,nan,nan,nan,nan,nan,nan,nan,nan,nan,nan,nan,nan,nan,nan,3.840472673559802708e-03,nan,1.772525849335293557e-03,nan,1.004431314623337526e-02,nan,nan,1.181683899556862372e-03,3.840472673559802708e-03,nan,nan,nan,1.477104874446077964e-03,nan,nan,nan,nan,nan,nan,nan,nan,nan,nan,4.431314623338233893e-03,nan,nan,nan,nan,nan,8.567208271787297297e-03,9.158050221565705931e-03,nan,nan,nan,nan,nan,2.954209748892155929e-03,nan,nan,nan,nan
nan,nan,nan,nan,nan,nan,nan,nan,nan,nan,nan,nan,nan,nan,-5.755395683453290445e-04,nan,nan,nan,nan,nan,nan,nan,nan,nan,nan,1.496402877697842158e-02,nan,2.302158273381316178e-03,8.633093525179935668e-04,-2.302158273381316178e-03,nan,nan,5.179856115107917165e-03,nan,nan,nan,nan,nan,-2.877697841726645223e-04,nan,nan,2.302158273381316178e-03,nan,nan,nan,nan,nan,nan,-2.877697841726645223e-03,nan,nan,nan,nan,nan,nan,nan,nan,nan,1.438848920863322611e-03,nan,nan
4.148148148148167284e-03,nan,nan,nan,nan,nan,nan,nan,nan,nan,nan,nan,nan,nan,nan,nan,nan,nan,nan,nan,4.148148148148167284e-03,nan,nan,nan,nan,nan,5.925925925926112331e-04,-2.666666666666661807e-03,nan,nan,nan,nan,nan,nan,nan,nan,nan,nan,nan,nan,nan,6.814814814814806540e-03,nan,nan,nan,nan,nan,nan,nan,nan,-2.962962962962612185e-04,nan,nan,6.814814814814851643e-03,nan,2.962962962963277885e-04,2.962962962963056166e-04,nan,nan,1.777777777777789139e-03,nan
nan,nan,nan,nan,nan,nan,nan,nan,nan,nan,-5.077574047954858463e-03,nan,nan,-7.898448519040890750e-03,nan,nan,nan,nan,nan,nan,nan,nan,nan,3.187588152327223284e-02,nan,nan,nan,nan,nan,nan,nan,-2.820874471086032178e-04,nan,-1.410437235543016143e-03,nan,nan,nan,nan,nan,nan,nan,nan,nan,nan,nan,nan,2.256699576868825743e-03,nan,nan,-7.052186177715080717e-03,-7.898448519040890750e-03,nan,nan,-1.071932299012692304e-02,nan,7.898448519040890750e-03,nan,nan,nan,nan,nan
nan,nan,nan,nan,nan,-5.547445255474481654e-03,nan,nan,nan,-9.343065693430685492e-03,nan,nan,nan,nan,1.459854014598493867e-03,nan,nan,nan,nan,-6.131386861313914242e-03,nan,nan,-2.919708029197165653e-04,nan,nan,nan,1.021897810218972379e-02,nan,nan,nan,nan,nan,nan,nan,nan,nan,-8.175182481751841132e-03,nan,nan,nan,nan,nan,nan,nan,nan,nan,nan,8.759124087590830715e-04,nan,nan,-1.051094890510952985e-02,nan,nan,4.963503649635003963e-03,nan,nan,nan,nan,nan,nan,nan
nan,nan,3.225806451612900187e-03,nan,nan,nan,nan,nan,nan,nan,nan,nan,nan,nan,nan,nan,nan,nan,nan,nan,3.812316715542518521e-03,nan,nan,nan,nan,nan,nan,nan,4.105571847507327905e-03,nan,nan,nan,nan,nan,nan,nan,nan,nan,nan,nan,nan,nan,nan,nan,nan,nan,-1.173020527859236451e-03,nan,0.000000000000000000e+00,1.759530791788854786e-03,nan,nan,nan,nan,-3.225806451612900187e-03,6.744868035190610192e-03,nan,4.692082111436945806e-03,nan,5.865102639296182257e-04,nan
nan,nan,nan,nan,1.181683899556862372e-03,nan,-2.363367799113724743e-03,nan,nan,nan,nan,1.477104874446077964e-03,nan,nan,2.954209748892155929e-03,nan,2.954209748892155929e-04,nan,nan,nan,nan,nan,nan,nan,nan,nan,5.908419497784311858e-04,2.954209748892155929e-03,-1.477104874446077964e-03,nan,nan,nan,nan,nan,nan,nan,nan,nan,nan,nan,nan,nan,nan,nan,nan,1.388478581979319879e-02,nan,nan,nan,nan,nan,nan,nan,nan,nan,nan,-7.385524372230434058e-03,nan,nan,nan,nan
nan,nan,nan,nan,nan,nan,nan,nan,nan,nan,nan,nan,nan,nan,-5.882352941176449473e-04,nan,nan,nan,nan,nan,nan,nan,-1.176470588235289895e-03,nan,1.323529411764701180e-02,nan,-4.411764705882381503e-03,nan,5.882352941176449690e-03,nan,nan,nan,-8.823529411764674752e-04,nan,nan,nan,nan,nan,nan,nan,nan,nan,nan,nan,nan,nan,nan,-2.941176470588224737e-04,nan,1.470588235294112422e-03,6.470588235294094312e-03,nan,nan,nan,nan,nan,2.058823529411735360e-03,nan,nan,nan,nan
nan,nan,nan,nan,nan,nan,nan,nan,nan,nan,nan,nan,nan,nan,nan,nan,1.181683899556862372e-03,nan,nan,nan,1.477104874446077964e-03,nan,2.363367799113724743e-03,nan,nan,nan,4.431314623338233893e-03,7.385524372230412374e-03,nan,nan,nan,nan,nan,nan,nan,nan,nan,nan,nan,nan,nan,nan,nan,nan,nan,1.477104874446077964e-03,nan,-4.726735598227449486e-03,nan,5.908419497784311858e-04,nan,nan,nan,3.840472673559802708e-03,nan,-5.908419497784311858e-04,nan,nan,nan,nan,nan
nan,nan,nan,nan,nan,nan,nan,nan,nan,nan,nan,2.919708029197165653e-04,nan,nan,0.000000000000000000e+00,nan,-5.839416058394331305e-04,nan,nan,nan,5.255474452554786610e-03,nan,nan,nan,nan,nan,nan,5.255474452554764926e-03,-3.503649635036487544e-03,nan,nan,nan,2.335766423357687853e-03,nan,nan,nan,nan,nan,nan,nan,nan,nan,nan,nan,nan,9.343065693430662941e-03,nan,nan,nan,5.255474452554764926e-03,nan,nan,nan,nan,nan,1.751824817518254831e-03,nan,nan,nan,nan,nan
1.676646706586824159e-02,nan,nan,nan,nan,nan,nan,nan,nan,nan,-2.994011976048094434e-04,nan,nan,nan,nan,nan,nan,nan,nan,nan,-4.491017964071875208e-03,nan,-2.694610778443085226e-03,nan,nan,7.784431137724534544e-03,nan,nan,-2.095808383233554919e-03,nan,nan,nan,nan,nan,nan,nan,nan,-3.293413173652704005e-03,nan,nan,nan,nan,nan,nan,nan,nan,nan,nan,nan,nan,-9.281437125748515787e-03,2.035928143712571053e-02,nan,-7.485029940119769173e-03,nan,nan,nan,nan,nan,nan,nan
nan,nan,nan,nan,nan,nan,nan,nan,-2.137404580152679669e-03,nan,nan,nan,nan,nan,nan,nan,nan,nan,nan,nan,nan,nan,-4.580152671755710614e-03,nan,nan,nan,1.007633587786260776e-02,5.190839694656501635e-03,1.832061068702262041e-03,nan,nan,nan,nan,nan,nan,nan,nan,nan,nan,nan,nan,nan,nan,nan,nan,nan,nan,-1.221374045801493138e-03,nan,6.106870229007643931e-03,-1.526717557251933101e-03,nan,nan,-3.053435114503955106e-04,nan,nan,nan,nan,nan,8.854961832061070820e-03,nan
nan,nan,nan,nan,-1.453488372093025838e-03,4.651162790697683028e-03,nan,nan,nan,3.197674418604656756e-03,nan,0.000000000000000000e+00,nan,nan,-5.232558139534893189e-03,nan,nan,nan,nan,5.813953488372103351e-03,nan,nan,nan,nan,nan,nan,nan,nan,-5.813953488372103785e-04,-4.651162790697683028e-03,nan,nan,nan,nan,nan,nan,3.197674418604656756e-03,nan,nan,nan,nan,nan,nan,3.779069767441867352e-03,nan,nan,nan,nan,nan,nan,nan,nan,nan,nan,nan,nan,nan,nan,nan,nan,nan
nan,nan,nan,nan,nan,nan,nan,nan,nan,-1.190130624092888834e-02,nan,0.000000000000000000e+00,nan,nan,5.805515239477365480e-04,nan,nan,nan,nan,nan,-1.741654571843254205e-03,nan,nan,nan,nan,nan,nan,nan,5.515239477503608607e-03,-1.451378809869407994e-03,nan,nan,nan,-1.161103047895562001e-03,nan,nan,-7.547169811320775593e-03,nan,nan,nan,nan,nan,nan,nan,nan,nan,nan,nan,nan,nan,nan,nan,-5.515239477503630292e-03,nan,nan,nan,nan,-4.063860667634288867e-03,nan,nan,nan
nan,nan,nan,nan,nan,nan,nan,nan,nan,nan,nan,nan,nan,nan,nan,nan,nan,nan,nan,nan,nan,nan,nan,nan,1.731601731601735070e-02,nan,-6.060606060606055397e-03,-7.792207792207750568e-03,-2.308802308802282346e-03,nan,nan,nan,-5.194805194805173984e-03,nan,nan,nan,nan,nan,-2.886002886002492435e-04,nan,nan,nan,nan,nan,nan,nan,nan,nan,nan,2.886002886002936416e-04,-1.096681096681091303e-02,nan,-1.269841269841265330e-02,-1.010101010101005503e-02,nan,nan,nan,nan,nan,nan,nan
nan,nan,nan,3.488372093023261837e-03,nan,nan,nan,nan,3.197674418604656756e-03,nan,nan,nan,nan,nan,nan,nan,2.034883720930235999e-03,nan,nan,nan,nan,nan,nan,nan,nan,nan,5.813953488372103351e-03,nan,-1.744186046511630919e-03,nan,nan,nan,nan,nan,nan,nan,nan,nan,nan,nan,nan,nan,nan,6.686046511627919027e-03,nan,-4.941860465116287675e-03,nan,nan,nan,nan,-2.325581395348841514e-03,nan,nan,nan,nan,5.813953488372103785e-04,nan,nan,nan,2.034883720930235999e-03,nan
nan,nan,nan,nan,nan,nan,nan,nan,3.698435277382628068e-03,nan,nan,nan,nan,nan,-2.844950213371299965e-03,nan,nan,nan,nan,nan,nan,nan,2.560455192034139134e-03,nan,nan,nan,2.275960170696977869e-03,nan,nan,nan,nan,2.560455192034139134e-03,nan,nan,nan,nan,nan,nan,nan,nan,nan,nan,nan,nan,nan,nan,nan,1.422475106685605530e-03,nan,-1.706970128022766795e-03,nan,nan,nan,nan,nan,8.819345661450882917e-03,nan,nan,1.763869132290181094e-02,-2.844950213371611023e-04,nan
nan,nan,nan,nan,nan,nan,nan,nan,nan,nan,nan,nan,nan,nan,nan,nan,0.000000000000000000e+00,nan,nan,nan,nan,nan,nan,nan,0.000000000000000000e+00,2.954209748892378190e-04,nan,nan,nan,nan,nan,nan,4.431314623338322364e-03,nan,nan,nan,nan,nan,-1.181683899556862372e-03,nan,8.862629246676912310e-04,nan,nan,3.840472673559869494e-03,8.862629246676690048e-04,nan,nan,nan,-2.363367799113724743e-03,nan,nan,nan,nan,nan,nan,nan,-5.908419497784089596e-04,nan,nan,nan,nan
nan,nan,nan,nan,nan,nan,nan,nan,nan,nan,nan,nan,nan,nan,nan,nan,-1.157742402315431419e-03,nan,nan,nan,nan,nan,8.683068017366401886e-04,nan,nan,nan,-2.026049204052049382e-03,2.894356005789244790e-04,nan,nan,nan,nan,nan,nan,nan,nan,nan,nan,nan,nan,nan,-6.657018813314019220e-03,nan,nan,nan,nan,nan,nan,nan,nan,-1.302460202604918162e-02,2.315484804631040647e-03,nan,-1.418234442836463494e-02,nan,nan,-1.447178002894333780e-03,nan,-2.894356005788667561e-03,nan,nan
nan,nan,nan,nan,nan,nan,nan,nan,nan,nan,nan,nan,nan,nan,2.593659942363157889e-03,nan,-2.881844380403508765e-04,nan,nan,nan,nan,-2.881844380403508765e-04,nan,nan,nan,nan,nan,nan,5.475504322766599867e-03,3.746397694524539277e-03,nan,nan,nan,nan,nan,nan,nan,nan,6.628242074928003373e-03,nan,nan,nan,nan,nan,nan,nan,nan,nan,2.305475504322807012e-03,5.763688760806929059e-03,7.204610951008683442e-03,nan,nan,nan,nan,nan,nan,nan,nan,1.095100864553317718e-02,nan
nan,nan,nan,nan,1.449275362318869220e-03,nan,4.637681159420337443e-03,nan,nan,nan,nan,1.159420289855095420e-03,nan,nan,-1.159420289855028850e-03,nan,nan,nan,nan,nan,nan,nan,-2.028985507246350468e-03,nan,nan,nan,4.057971014492789408e-03,nan,nan,nan,nan,nan,nan,nan,nan,nan,nan,nan,nan,nan,nan,nan,nan,nan,nan,nan,nan,2.220446049250313204e-17,nan,nan,7.565217391304350503e-02,nan,nan,7.043478260869566465e-02,nan,nan,nan,nan,nan,1.536231884057976879e-02,nan
4.160475482912295506e-03,nan,nan,nan,nan,nan,nan,nan,nan,nan,nan,1.485884101040113592e-03,nan,nan,-2.080237741456181146e-03,nan,nan,nan,nan,nan,nan,nan,nan,nan,-7.132243684992656263e-03,nan,2.971768202080004922e-04,-5.943536404160542838e-03,2.971768202080227184e-04,nan,nan,nan,nan,nan,-8.320950965824702034e-03,nan,nan,nan,nan,nan,nan,nan,nan,nan,nan,-5.052005943536452999e-03,nan,nan,nan,nan,nan,nan,nan,nan,nan,nan,-8.023774145616701867e-03,nan,nan,nan,nan
nan,nan,nan,nan,0.000000000000000000e+00,-1.183431952662727981e-03,nan,nan,nan,-6.804733727810674884e-03,nan,nan,nan,nan,2.958579881656775608e-03,nan,nan,nan,nan,6.804733727810652333e-03,nan,nan,3.846153846153854607e-03,nan,nan,nan,8.284023668639029295e-03,nan,nan,nan,nan,nan,nan,nan,nan,nan,5.917159763313417642e-04,nan,nan,nan,nan,nan,nan,nan,nan,nan,nan,4.733727810650889371e-03,nan,nan,nan,nan,nan,9.763313609467449625e-03,nan,nan,nan,nan,nan,nan,nan
-8.645533141210081773e-04,nan,nan,nan,nan,nan,nan,nan,nan,nan,nan,nan,nan,-2.593659942363046866e-03,nan,nan,nan,nan,nan,-2.017291066282367231e-03,nan,nan,nan,nan,-2.017291066282389349e-03,nan,nan,1.729106628242105259e-03,nan,2.593659942363157889e-03,nan,nan,nan,nan,nan,nan,nan,nan,nan,nan,-3.170028818443748619e-03,-1.008645533141205863e-02,nan,nan,nan,nan,nan,nan,nan,nan,nan,nan,nan,nan,nan,nan,-1.152737752161336936e-03,nan,-1.440922190201687813e-03,nan,nan
nan,nan,nan,nan,2.932551319648091237e-03,nan,nan,nan,nan,nan,nan,2.052785923753663953e-03,nan,nan,2.932551319648091129e-04,nan,nan,nan,nan,nan,-4.985337243401754756e-03,nan,nan,nan,nan,nan,nan,nan,5.865102639296182257e-04,nan,nan,nan,nan,nan,nan,nan,nan,nan,nan,nan,nan,nan,nan,nan,nan,nan,nan,-2.346041055718472903e-03,nan,-4.398826979472136856e-03,6.744868035190610192e-03,nan,nan,2.052785923753663866e-02,nan,nan,nan,nan,nan,1.055718475073312915e-02,nan
nan,nan,nan,nan,nan,nan,nan,nan,nan,nan,nan,nan,nan,nan,nan,nan,nan,nan,nan,nan,-8.175182481751797764e-03,nan,-2.043795620437904772e-03,nan,-5.547445255474414867e-03,nan,-8.759124087591208668e-03,-1.401459854014595018e-02,nan,-1.518248175182479454e-02,nan,0.000000000000000000e+00,nan,nan,nan,nan,nan,nan,nan,nan,-2.890510948905107222e-02,nan,nan,nan,nan,nan,nan,-2.335766423357621500e-03,nan,nan,nan,nan,nan,-1.430656934306566777e-02,nan,nan,nan,nan,nan,nan,nan
nan,nan,nan,-4.063860667634244632e-03,nan,nan,nan,nan,nan,nan,3.483309143686508409e-03,0.000000000000000000e+00,nan,nan,nan,nan,nan,nan,nan,nan,-2.902757619738682740e-04,nan,nan,nan,nan,nan,nan,nan,-5.224963715529740496e-03,nan,nan,nan,nan,nan,nan,nan,nan,1.335268505079827486e-02,nan,nan,nan,nan,nan,nan,nan,nan,nan,nan,nan,-5.515239477503608607e-03,nan,nan,nan,nan,nan,8.708272859216492200e-04,3.193033381712639864e-03,nan,nan,-2.322206095790990861e-03,nan
nan,nan,nan,nan,nan,nan,nan,nan,nan,nan,nan,-1.754385964912219585e-03,nan,nan,-2.923976608187106585e-03,nan,nan,nan,nan,nan,nan,nan,-1.754385964912241703e-03,nan,nan,nan,2.923976608187661480e-04,nan,nan,nan,nan,nan,nan,nan,nan,nan,nan,nan,-1.140350877192979409e-02,nan,nan,nan,nan,nan,nan,nan,nan,-1.461988304093497781e-03,nan,nan,-6.432748538011678896e-03,nan,-9.356725146198808032e-03,1.461988304093586686e-03,nan,1.081871345029241684e-02,nan,nan,nan,nan,nan
nan,nan,nan,5.349182763744408931e-03,nan,nan,nan,nan,nan,-6.835066864784566758e-03,nan,nan,nan,nan,-5.943536404160454367e-04,nan,nan,nan,nan,nan,nan,nan,nan,nan,1.188707280832068756e-03,nan,-2.971768202080227184e-03,nan,-1.783060921248136310e-03,nan,nan,8.915304606240681551e-04,nan,-5.943536404160454367e-04,-1.307578008915308808e-02,nan,-1.129271916790495177e-02,nan,nan,nan,nan,nan,nan,nan,nan,nan,nan,nan,nan,nan,nan,nan,nan,nan,nan,nan,nan,nan,nan,nan,nan
nan,nan,nan,nan,nan,nan,nan,nan,nan,nan,-5.588235294117694166e-03,nan,nan,nan,nan,nan,nan,nan,nan,nan,-1.764705882352957068e-03,nan,-3.529411764705869901e-03,nan,nan,nan,-5.588235294117694166e-03,-8.823529411764897013e-04,nan,nan,nan,-1.470588235294112422e-03,nan,nan,nan,nan,nan,nan,nan,nan,1.058823529411761014e-02,nan,nan,nan,nan,nan,nan,nan,nan,-6.764705882353028513e-03,nan,nan,nan,4.705882352941159578e-03,nan,nan,-4.117647058823581743e-03,nan,nan,nan,nan
nan,nan,nan,nan,nan,nan,nan,nan,nan,nan,nan,nan,nan,nan,1.716738197424860736e-03,nan,nan,nan,nan,nan,nan,nan,nan,nan,1.602288984263235821e-02,2.374821173104435523e-02,-3.147353361945648235e-03,nan,nan,nan,nan,-1.716738197424905188e-03,nan,-1.430615164520720930e-03,nan,nan,nan,nan,nan,nan,nan,nan,nan,nan,nan,nan,nan,nan,nan,-2.288984263233184799e-03,2.002861230329000541e-03,nan,nan,1.430615164520720930e-03,nan,nan,nan,nan,nan,8.583690987124415351e-04,nan
2.932551319648091237e-03,nan,nan,nan,nan,nan,nan,nan,nan,nan,nan,nan,nan,nan,nan,nan,nan,8.504398826979463893e-03,nan,nan,nan,nan,0.000000000000000000e+00,5.865102639296182474e-03,nan,7.917888563049845993e-03,-8.797653958944273928e-04,nan,0.000000000000000000e+00,nan,nan,nan,nan,nan,5.865102639296182474e-03,nan,nan,nan,nan,nan,nan,nan,nan,nan,-8.797653958944273928e-04,nan,nan,nan,nan,nan,nan,nan,nan,9.090909090909083529e-03,nan,nan,nan,nan,nan,nan,nan
nan,nan,-5.982905982905984202e-03,nan,0.000000000000000000e+00,nan,nan,nan,nan,nan,nan,0.000000000000000000e+00,nan,nan,-3.133903133903137659e-03,nan,nan,nan,nan,nan,nan,nan,nan,nan,1.168091168091169897e-02,nan,nan,-3.988603988603967206e-03,nan,nan,nan,nan,nan,nan,nan,nan,nan,nan,nan,-7.977207977207956963e-03,nan,nan,nan,nan,nan,nan,nan,nan,nan,nan,-8.547008547008516643e-03,nan,nan,-5.413105413105379418e-03,nan,-4.843304843304818870e-03,nan,nan,nan,nan,nan
nan,nan,nan,nan,nan,nan,nan,nan,nan,nan,8.092485549132910974e-03,nan,nan,nan,nan,nan,nan,nan,nan,nan,-2.601156069364218663e-03,nan,nan,nan,2.630057803468204350e-02,nan,8.670520231213840311e-04,nan,1.445086705202269783e-03,nan,nan,-1.156069364161860192e-03,nan,-2.601156069364196546e-03,nan,nan,nan,nan,nan,nan,nan,nan,nan,nan,nan,nan,nan,nan,nan,3.468208092485514007e-03,nan,3.901734104046237356e-02,nan,nan,nan,nan,nan,nan,6.358381502890142478e-03,nan,nan
nan,nan,nan,-1.178203240058908231e-02,nan,nan,nan,nan,nan,nan,9.425625920471270361e-03,nan,nan,nan,nan,nan,2.945508100147264940e-04,nan,nan,nan,nan,nan,nan,-1.119293078055960677e-02,nan,nan,nan,nan,nan,nan,nan,nan,nan,-1.472754050073632470e-03,nan,nan,nan,nan,nan,nan,nan,nan,nan,nan,nan,-1.178203240058905976e-03,nan,2.356406480117811952e-03,nan,nan,-9.720176730485996855e-03,nan,nan,-7.363770250368162351e-03,nan,nan,nan,nan,3.033873343151693991e-02,nan,nan
nan,nan,nan,nan,nan,-2.315484804631018530e-03,nan,nan,nan,4.341534008683001558e-03,nan,-2.894356005788800809e-04,nan,nan,1.447178002894311446e-03,nan,nan,nan,nan,6.946454413892877780e-03,nan,nan,-1.447178002894400350e-03,nan,nan,nan,-8.683068017366401886e-04,nan,-2.894356005788800809e-04,nan,nan,3.183791606367547371e-03,nan,nan,nan,nan,1.447178002894311446e-03,nan,nan,nan,nan,nan,nan,nan,nan,nan,nan,nan,nan,nan,nan,nan,nan,nan,nan,nan,nan,nan,nan,nan,nan
nan,nan,nan,nan,nan,8.695652173912549405e-04,nan,nan,nan,-1.449275362318891338e-03,nan,1.739130434782531999e-03,nan,nan,nan,nan,1.159420289855006515e-03,nan,nan,3.188405797101401436e-03,nan,nan,nan,nan,nan,nan,nan,nan,nan,nan,nan,nan,nan,nan,nan,nan,4.637681159420270656e-03,nan,nan,nan,nan,-1.739130434782665355e-03,nan,nan,nan,nan,nan,3.188405797101401436e-03,nan,nan,6.376811594202868791e-03,nan,nan,nan,nan,nan,nan,nan,4.637681159420248105e-03,nan,nan
nan,nan,nan,6.508875739645048238e-03,nan,nan,nan,nan,nan,nan,nan,0.000000000000000000e+00,nan,nan,-1.479289940828354410e-03,nan,nan,nan,nan,nan,nan,nan,2.958579881656931082e-04,nan,nan,nan,2.366863905325500197e-03,nan,nan,nan,nan,nan,nan,nan,nan,nan,nan,nan,nan,nan,nan,nan,nan,nan,nan,nan,nan,8.875739644970570986e-04,nan,6.508875739645025686e-03,5.621301775147991356e-03,1.005917159763318816e-02,nan,nan,nan,nan,nan,nan,nan,4.733727810650933607e-03,nan
nan,nan,nan,nan,nan,nan,nan,nan,nan,nan,nan,-2.820874471086032287e-03,nan,nan,-3.949224259520445375e-03,nan,nan,nan,nan,nan,nan,nan,nan,nan,nan,1.071932299012692304e-02,nan,1.438645980253876536e-02,-2.538787023977429232e-03,-2.256699576868825743e-03,nan,nan,nan,nan,nan,nan,nan,nan,nan,nan,1.974612129760222688e-03,nan,nan,nan,nan,nan,nan,nan,-1.128349788434412871e-03,nan,nan,nan,nan,nan,nan,-1.410437235543016143e-03,nan,nan,1.100141043723552522e-02,nan,nan
nan,nan,nan,nan,nan,nan,nan,nan,nan,nan,-6.078147612156326388e-03,nan,nan,nan,nan,nan,nan,nan,nan,nan,-7.235890014471823943e-03,nan,1.447178002894311446e-03,nan,nan,nan,2.894356005788356829e-04,6.367583212735139844e-03,5.499276410998543349e-03,nan,nan,nan,nan,nan,nan,nan,nan,nan,nan,nan,nan,nan,nan,nan,nan,nan,nan,nan,nan,-1.128798842257599036e-02,-1.186685962373374911e-02,nan,nan,-5.209840810419685657e-03,nan,nan,-6.367583212735184080e-03,nan,nan,nan,nan
nan,nan,nan,nan,nan,nan,nan,nan,nan,nan,nan,nan,nan,nan,nan,nan,nan,nan,nan,nan,nan,nan,-2.894356005788800809e-04,nan,2.199710564399417340e-02,nan,nan,-1.736613603473258259e-03,nan,nan,nan,0.000000000000000000e+00,nan,nan,nan,nan,nan,nan,nan,nan,nan,nan,nan,nan,-2.026049204052116168e-03,nan,nan,nan,nan,1.447178002894333780e-03,-3.473227206946471850e-03,nan,nan,2.894356005788578548e-04,nan,-3.183791606367592040e-03,-3.762662807525352093e-03,nan,nan,nan,nan
nan,nan,nan,nan,nan,nan,nan,nan,nan,nan,nan,nan,nan,nan,nan,nan,nan,nan,nan,nan,nan,nan,2.049780380673515891e-03,nan,nan,nan,-5.856515373352966670e-04,-6.149341142020503873e-03,nan,-2.342606149341164117e-03,nan,nan,-1.346998535871157809e-02,nan,nan,nan,nan,nan,nan,nan,5.856515373352832662e-03,nan,nan,nan,nan,nan,nan,nan,nan,nan,-2.049780380673538009e-03,nan,nan,1.171303074670548882e-03,nan,-3.221083455344087108e-03,0.000000000000000000e+00,nan,nan,nan,nan
nan,nan,nan,nan,nan,nan,nan,nan,nan,nan,nan,nan,nan,nan,nan,nan,nan,nan,nan,nan,nan,nan,2.911208151382904891e-04,nan,2.241630276564774565e-02,nan,-1.164483260553139622e-03,nan,-5.822416302765587521e-04,nan,nan,8.733624454148713589e-04,nan,nan,nan,nan,nan,nan,nan,nan,nan,nan,nan,4.366812227074245989e-03,nan,nan,nan,nan,nan,0.000000000000000000e+00,7.278020378457083876e-03,9.024745269286760241e-03,nan,nan,nan,4.949053857350805066e-03,nan,nan,nan,nan,nan
nan,nan,nan,nan,nan,nan,nan,nan,nan,nan,1.601123595505615782e-02,nan,nan,nan,nan,nan,nan,nan,nan,nan,nan,nan,-2.220446049250313204e-17,nan,nan,nan,3.370786516853896235e-03,nan,-2.247191011235982576e-03,-3.932584269662942403e-03,nan,nan,-1.039325842696632238e-02,nan,nan,nan,nan,nan,nan,nan,-5.898876404494402328e-03,nan,nan,nan,nan,nan,nan,-2.220446049250313204e-17,nan,nan,nan,2.696629213483143703e-02,nan,nan,nan,nan,-7.584269662921383839e-03,nan,nan,nan,nan
nan,nan,nan,nan,nan,nan,nan,nan,nan,nan,nan,nan,nan,nan,5.925925925925667808e-04,nan,nan,nan,nan,nan,nan,nan,0.000000000000000000e+00,nan,nan,nan,-8.888888888889167955e-04,nan,-3.259259259259272932e-03,nan,nan,nan,nan,nan,nan,nan,nan,nan,nan,nan,nan,nan,nan,nan,nan,nan,nan,-3.555555555555556160e-03,1.481481481481439124e-03,nan,nan,nan,nan,8.888888888888502255e-04,nan,-5.037037037037039519e-03,-1.777777777777789139e-03,nan,nan,2.962962962962833904e-04,nan
nan,nan,nan,nan,0.000000000000000000e+00,nan,4.197901049475238552e-03,nan,nan,nan,nan,0.000000000000000000e+00,nan,nan,0.000000000000000000e+00,nan,nan,nan,nan,nan,nan,nan,nan,nan,-4.497751124437820644e-03,nan,nan,nan,8.995502248875464563e-04,-6.296851574212891656e-03,nan,nan,nan,1.199400299850061869e-03,nan,nan,nan,nan,nan,nan,-3.598200899550274730e-03,nan,nan,nan,nan,nan,nan,nan,nan,-5.697151424287861046e-03,nan,nan,nan,nan,nan,nan,nan,nan,nan,nan,nan
nan,nan,nan,5.446559297218149520e-02,nan,nan,nan,nan,nan,nan,-4.685212298682328233e-03,nan,nan,nan,nan,nan,nan,nan,nan,nan,-1.083455344070283211e-02,nan,nan,nan,nan,nan,-2.049780380673538009e-03,-4.978038067349976892e-03,nan,nan,nan,nan,nan,2.928257686676038812e-04,nan,nan,nan,nan,nan,nan,nan,nan,nan,2.196193265007315848e-02,nan,2.928257686676038812e-04,nan,nan,nan,-7.027818448023470665e-03,nan,nan,nan,nan,nan,nan,nan,nan,nan,-8.784773060029315780e-03,nan
-2.017291066282389349e-03,nan,nan,nan,nan,nan,nan,nan,nan,nan,nan,nan,nan,nan,nan,nan,nan,nan,nan,nan,2.881844380403508765e-04,nan,-5.763688760806906508e-03,nan,nan,nan,-6.340057636887585710e-03,-2.017291066282411900e-03,nan,nan,nan,nan,nan,nan,nan,nan,nan,nan,nan,nan,nan,nan,nan,2.881844380403731027e-04,nan,nan,nan,nan,nan,-3.746397694524450372e-03,nan,nan,nan,-1.729106628242060807e-03,nan,-6.340057636887585710e-03,-9.221902017291028555e-03,nan,nan,nan,nan
6.043165467625954967e-03,nan,nan,nan,nan,nan,nan,nan,nan,nan,nan,nan,nan,nan,nan,nan,nan,nan,nan,nan,nan,nan,nan,nan,nan,nan,nan,-9.496402877697795661e-03,-3.165467625899242958e-03,nan,nan,nan,nan,-2.877697841726422961e-04,nan,nan,nan,nan,nan,nan,nan,nan,nan,nan,nan,nan,nan,nan,5.179856115107961401e-03,nan,-3.453237410071930032e-03,nan,nan,-1.151079136690591519e-03,nan,3.741007194244616672e-03,-4.604316546762543885e-03,-4.028776978417214841e-03,nan,nan,nan
-1.744186046511630919e-03,nan,nan,nan,nan,nan,nan,nan,nan,nan,nan,nan,nan,nan,nan,nan,-2.616279069767446595e-03,6.976744186046501990e-03,nan,nan,-8.720930232558155026e-03,nan,nan,nan,nan,nan,nan,nan,5.813953488372103785e-04,nan,nan,nan,nan,nan,2.906976744186051675e-03,nan,nan,nan,nan,nan,nan,-4.651162790697683028e-03,nan,nan,nan,nan,nan,nan,nan,nan,nan,nan,nan,-1.744186046511630919e-03,nan,nan,nan,nan,-1.162790697674420757e-03,-2.325581395348841514e-03,nan
nan,nan,nan,-1.166180758017509823e-03,nan,nan,nan,nan,nan,nan,nan,nan,nan,nan,nan,nan,nan,nan,nan,nan,nan,nan,-8.746355685131490098e-04,nan,nan,nan,-2.332361516035019646e-03,2.332361516034975411e-03,nan,nan,nan,nan,nan,nan,1.749271137026231450e-03,nan,nan,nan,-3.498542274052507568e-03,nan,nan,nan,nan,nan,nan,nan,nan,-2.915451895043830394e-04,nan,nan,-4.081632653061229195e-03,1.749271137026209332e-03,nan,-3.790087463556868382e-03,nan,nan,nan,nan,nan,nan,nan
nan,nan,nan,nan,nan,nan,nan,nan,nan,-2.298850574712685280e-03,nan,nan,nan,nan,8.620689655172153465e-04,nan,nan,nan,nan,nan,3.160919540229878508e-03,nan,0.000000000000000000e+00,nan,nan,nan,-8.620689655172597988e-04,5.747126436781435643e-04,nan,nan,nan,nan,nan,nan,nan,nan,-3.160919540229900626e-03,nan,nan,nan,nan,nan,nan,nan,nan,nan,nan,nan,nan,-4.022988505747138524e-03,-5.747126436781613452e-03,nan,nan,-2.586206896551757062e-03,nan,nan,nan,nan,nan,nan,nan
1.246200607902734313e-02,nan,nan,nan,nan,nan,nan,nan,nan,nan,5.775075987841926488e-03,nan,nan,nan,nan,nan,nan,nan,nan,nan,8.814589665653493541e-03,nan,0.000000000000000000e+00,nan,nan,nan,4.559270516717317187e-03,7.294832826747743408e-03,nan,nan,nan,nan,nan,nan,nan,nan,nan,nan,nan,nan,nan,nan,nan,nan,nan,nan,nan,nan,nan,4.863221884498503123e-03,nan,nan,nan,4.559270516717339738e-03,nan,nan,6.079027355623089872e-03,nan,nan,1.094224924012161468e-02,nan
nan,nan,nan,nan,nan,2.566248256624823615e-02,nan,nan,nan,-9.205020920502061249e-03,nan,1.394700139469962075e-03,nan,nan,6.415620641562047761e-03,nan,nan,nan,nan,-7.252440725244091099e-03,nan,nan,nan,nan,nan,nan,nan,nan,nan,nan,nan,3.905160390516027036e-03,nan,-2.789400278940057289e-03,nan,nan,-3.347280334728064497e-03,nan,nan,nan,nan,nan,nan,nan,nan,nan,nan,6.415620641562047761e-03,nan,nan,nan,nan,nan,nan,nan,-3.347280334728064497e-03,nan,nan,nan,nan,nan
nan,nan,nan,nan,nan,nan,nan,nan,nan,nan,nan,nan,nan,nan,nan,nan,nan,nan,nan,nan,nan,nan,nan,-2.288984263233206917e-03,nan,nan,nan,nan,nan,nan,nan,nan,nan,2.861230329041397516e-04,nan,nan,nan,nan,nan,-2.861230329041486529e-03,nan,nan,nan,1.287553648068668830e-02,nan,nan,nan,-2.861230329041508647e-03,nan,nan,-7.725321888412062070e-03,2.002861230329040440e-02,nan,-1.230329041487840912e-02,nan,-1.716738197424905188e-03,nan,nan,1.602288984263233740e-02,nan,nan
nan,nan,nan,2.915451895044052113e-04,nan,nan,nan,nan,nan,nan,nan,nan,nan,nan,nan,nan,nan,nan,nan,nan,nan,nan,-2.915451895043385871e-04,nan,nan,nan,-1.166180758017443253e-03,nan,2.332361516035041764e-03,nan,nan,-2.915451895043608133e-04,nan,nan,nan,nan,nan,nan,nan,nan,nan,nan,nan,-7.580174927113647425e-03,nan,nan,nan,-2.915451895043608133e-04,nan,nan,-8.454810495626796651e-03,nan,nan,-2.915451895043674919e-03,nan,nan,nan,nan,6.122448979591865910e-03,nan,nan
nan,nan,nan,nan,nan,nan,nan,nan,nan,nan,nan,nan,nan,nan,nan,nan,1.488095238095232808e-03,nan,nan,nan,1.339285714285718375e-02,nan,2.976190476190465617e-04,nan,1.726190476190479078e-02,nan,1.785714285714279370e-03,nan,nan,nan,nan,nan,nan,nan,nan,nan,nan,nan,nan,nan,nan,8.630952380952372840e-03,nan,nan,nan,nan,nan,nan,nan,4.166666666666651864e-03,1.488095238095232808e-03,nan,nan,6.249999999999977796e-03,nan,nan,nan,nan,5.952380952380953785e-03,nan,nan
nan,nan,nan,nan,nan,nan,nan,nan,nan,nan,4.545454545454607684e-03,nan,nan,nan,nan,nan,-6.060606060605877371e-04,nan,nan,6.363636363636415889e-03,nan,nan,nan,nan,1.303030303030308125e-02,nan,nan,nan,-9.090909090908594337e-04,1.515151515151558301e-03,nan,nan,nan,nan,nan,nan,nan,nan,nan,nan,6.060606060606321894e-04,-5.151515151515084941e-03,nan,nan,nan,nan,nan,nan,nan,nan,7.575757575757635816e-03,nan,nan,nan,nan,nan,nan,nan,-5.454545454545401198e-03,nan,nan
nan,nan,nan,nan,nan,nan,nan,nan,nan,nan,nan,nan,nan,nan,-1.470588235294112422e-03,nan,nan,nan,nan,nan,6.764705882353005961e-03,nan,2.220446049250313204e-17,nan,nan,nan,3.823529411764803234e-03,1.176470588235378799e-03,3.529411764705958805e-03,nan,nan,nan,-1.764705882352912616e-03,nan,nan,nan,nan,nan,nan,nan,nan,nan,nan,nan,9.705882352941253358e-03,nan,nan,1.176470588235356465e-03,nan,nan,nan,nan,nan,nan,nan,nan,1.264705882352947820e-02,nan,nan,nan,nan
-3.174603174603141207e-03,nan,nan,nan,nan,nan,nan,nan,nan,nan,nan,nan,nan,nan,nan,nan,nan,nan,nan,nan,-5.772005772005428309e-04,nan,nan,nan,4.440892098500626408e-17,nan,nan,2.597402597402642503e-03,nan,8.658008658009030967e-04,nan,nan,nan,nan,nan,1.443001443001512606e-03,nan,3.174603174603207560e-03,nan,nan,3.463203463203479247e-03,nan,nan,nan,nan,nan,nan,nan,nan,nan,nan,nan,nan,-2.886002886002492435e-04,nan,nan,2.020202020202055328e-03,nan,nan,nan,nan
nan,nan,nan,nan,nan,1.197080291970806752e-02,nan,nan,nan,nan,nan,nan,nan,nan,-2.919708029196499410e-04,nan,-6.131386861313803220e-03,nan,nan,nan,nan,nan,-5.839416058393664521e-04,nan,nan,nan,6.131386861313892558e-03,nan,nan,nan,nan,8.175182481751863683e-03,nan,nan,nan,nan,nan,nan,nan,nan,nan,1.664233576642337731e-02,nan,nan,nan,nan,nan,nan,nan,nan,2.043795620438015794e-03,nan,nan,-4.963503649634981411e-03,nan,nan,nan,nan,1.547445255474455550e-02,nan,nan
