nan,nan,nan,nan,nan,nan,0.000000000000000000e+00,nan,-3.389830508474567065e-03,nan,nan,nan,8.474576271186417663e-04,-1.355932203389826826e-02,nan,nan,nan,nan,nan,nan,nan,nan,nan,nan,nan,nan,nan,nan,nan,nan,nan,0.000000000000000000e+00,nan,0.000000000000000000e+00,nan,nan,nan,nan,nan,-1.694915254237283619e-02,nan,nan,nan,nan,nan,nan,nan,nan,nan,1.694915254237283533e-03,nan,nan,nan,nan,nan,nan,nan,-3.389830508474567065e-03,nan,8.474576271186639925e-04,nan
nan,nan,-2.439024390243882488e-03,nan,nan,nan,3.252032520325221030e-03,nan,nan,nan,nan,nan,nan,nan,nan,nan,nan,nan,nan,nan,nan,nan,nan,nan,0.000000000000000000e+00,nan,nan,nan,nan,8.130081300813163164e-04,nan,0.000000000000000000e+00,nan,8.130081300812940902e-04,nan,nan,nan,nan,nan,nan,4.065040650406470668e-03,nan,nan,nan,nan,nan,nan,nan,nan,8.130081300813029807e-03,nan,nan,nan,nan,nan,nan,nan,1.626016260162588180e-03,nan,8.130081300813029807e-03,nan
nan,nan,nan,nan,nan,-1.061224489795915479e-02,1.142857142857143203e-02,nan,nan,nan,nan,nan,nan,-1.387755102040813017e-02,nan,nan,nan,nan,nan,nan,1.469387755102042822e-02,nan,nan,nan,nan,nan,nan,nan,nan,nan,nan,0.000000000000000000e+00,nan,nan,nan,-6.530612244897926466e-03,nan,-2.448979591836697271e-03,nan,-1.224489795918362080e-02,nan,nan,nan,nan,nan,nan,nan,nan,nan,nan,nan,nan,nan,nan,6.530612244897949017e-03,nan,nan,nan,nan,2.448979591836764058e-03,nan
nan,nan,nan,nan,nan,nan,1.574803149606318706e-03,nan,nan,nan,nan,nan,nan,8.661417322834740959e-03,nan,nan,nan,nan,nan,nan,nan,nan,nan,nan,-7.874015748031481859e-04,nan,nan,nan,nan,4.724409448818934001e-03,nan,-7.874015748031481859e-04,nan,7.874015748031527179e-03,nan,nan,nan,nan,nan,4.724409448818934001e-03,1.574803149606296372e-03,nan,nan,nan,nan,nan,nan,nan,nan,nan,nan,nan,nan,nan,nan,nan,nan,3.937007874015807825e-03,nan,7.874015748031547995e-03,nan
nan,nan,nan,nan,8.163265306122102338e-04,nan,5.714285714285671780e-03,nan,-8.163265306122546860e-04,nan,nan,nan,nan,nan,nan,nan,nan,nan,nan,nan,-4.440892098500626408e-17,nan,nan,nan,-3.265306122449018744e-03,nan,nan,nan,-1.632653061224531490e-03,nan,nan,8.163265306122324599e-04,nan,0.000000000000000000e+00,nan,nan,nan,nan,nan,nan,nan,nan,nan,nan,nan,nan,nan,nan,nan,nan,nan,nan,nan,nan,nan,nan,nan,2.448979591836697271e-03,nan,1.142857142857140948e-02,nan
nan,nan,nan,nan,nan,1.639344262295061583e-03,3.278688524590123166e-03,nan,nan,nan,nan,nan,nan,0.000000000000000000e+00,nan,nan,nan,nan,nan,nan,nan,nan,nan,nan,8.196721311475396385e-03,nan,nan,nan,-1.639344262295061583e-03,-1.639344262295061583e-03,nan,0.000000000000000000e+00,nan,nan,nan,nan,nan,nan,nan,nan,-3.278688524590123166e-03,nan,nan,nan,nan,nan,nan,nan,nan,7.377049180327843909e-03,nan,nan,nan,nan,nan,nan,nan,nan,nan,-2.459016393442592374e-03,nan
nan,nan,nan,nan,nan,nan,7.751937984496138018e-04,nan,6.976744186046523674e-03,nan,nan,nan,nan,-4.651162790697683028e-03,nan,nan,nan,nan,nan,nan,3.100775193798455207e-03,0.000000000000000000e+00,nan,nan,nan,nan,nan,nan,7.751937984496138018e-04,nan,nan,7.751937984496138018e-04,nan,0.000000000000000000e+00,nan,nan,nan,nan,nan,-7.751937984496138018e-04,nan,nan,nan,nan,nan,nan,nan,nan,nan,nan,nan,nan,nan,nan,nan,nan,nan,nan,nan,-7.751937984496138018e-04,nan
nan,nan,nan,nan,2.080000000000001986e-02,nan,8.000000000000006889e-04,nan,nan,nan,nan,nan,nan,2.400000000000001958e-03,nan,nan,nan,nan,nan,nan,nan,nan,nan,nan,nan,nan,nan,nan,-2.400000000000001958e-03,nan,nan,0.000000000000000000e+00,nan,1.600000000000001378e-03,nan,nan,nan,nan,nan,0.000000000000000000e+00,nan,-6.399999999999938724e-03,nan,nan,nan,nan,-8.000000000000006889e-04,nan,nan,nan,nan,nan,nan,nan,nan,nan,nan,nan,nan,4.000000000000026104e-03,nan
nan,nan,9.923664122137410004e-03,nan,nan,nan,0.000000000000000000e+00,nan,nan,nan,nan,nan,0.000000000000000000e+00,4.580152671755688062e-03,nan,nan,nan,nan,nan,nan,nan,nan,nan,nan,nan,nan,nan,nan,-7.633587786259443241e-04,nan,nan,-3.816793893129721837e-03,nan,nan,nan,nan,nan,nan,nan,-7.633587786259443241e-04,nan,nan,nan,nan,nan,nan,nan,nan,nan,1.145038167938932164e-02,nan,nan,nan,nan,nan,nan,nan,1.297709923664120898e-02,nan,6.870229007633588472e-03,nan
nan,nan,1.685823754789277443e-02,nan,4.597701149425326324e-03,nan,-1.839080459770110407e-02,nan,nan,nan,nan,nan,-8.429118773946319559e-03,5.363984674329524971e-03,nan,nan,nan,nan,nan,nan,nan,nan,nan,nan,nan,nan,nan,nan,nan,nan,nan,1.532567049808441963e-03,nan,nan,nan,nan,nan,nan,nan,-1.609195402298841879e-02,nan,nan,nan,nan,nan,nan,nan,nan,nan,4.597701149425326324e-03,nan,nan,nan,nan,nan,nan,nan,3.831417624521105125e-03,nan,6.896551724137989052e-03,nan
nan,nan,nan,nan,nan,nan,-5.447470817120603215e-03,nan,nan,nan,nan,nan,-3.112840466926058980e-03,1.556420233463051608e-03,nan,nan,nan,nan,nan,nan,nan,nan,nan,nan,nan,nan,nan,nan,nan,nan,nan,7.782101167315147450e-04,nan,nan,nan,nan,nan,1.322957198443586169e-02,nan,-7.782101167315147450e-04,nan,nan,nan,nan,nan,nan,nan,nan,nan,4.669260700389132705e-03,nan,nan,nan,nan,4.669260700389132705e-03,nan,nan,-1.556420233463029490e-03,nan,-1.556420233463029490e-03,nan
nan,nan,nan,nan,0.000000000000000000e+00,-7.905138339921125240e-04,-2.371541501976337681e-03,nan,nan,nan,nan,nan,nan,-9.486166007905194597e-03,nan,nan,nan,nan,nan,4.743083003952541787e-03,nan,-7.905138339921125240e-04,nan,nan,nan,nan,nan,nan,-1.343873517786564609e-02,nan,nan,2.371541501976270894e-03,nan,nan,nan,nan,nan,nan,nan,-1.027667984189728489e-02,nan,nan,nan,nan,nan,nan,nan,nan,nan,nan,nan,nan,nan,nan,nan,nan,nan,nan,nan,-1.501976284584984923e-02,nan
nan,nan,0.000000000000000000e+00,nan,nan,7.287449392712597347e-03,nan,nan,nan,nan,nan,nan,0.000000000000000000e+00,-8.097165991902466114e-04,nan,nan,nan,nan,nan,nan,1.214574898785429971e-02,nan,nan,nan,nan,nan,nan,nan,2.429149797570873300e-03,nan,nan,3.238866396761164255e-03,nan,nan,nan,nan,nan,nan,4.048582995951455210e-03,nan,nan,nan,nan,nan,nan,nan,nan,nan,nan,nan,nan,nan,nan,nan,nan,nan,nan,3.238866396761164255e-03,nan,8.906882591093179258e-03,nan
nan,nan,3.053435114503777296e-03,nan,nan,nan,3.816793893129721837e-03,nan,nan,nan,nan,nan,nan,nan,nan,nan,nan,nan,nan,nan,nan,nan,nan,nan,0.000000000000000000e+00,nan,nan,nan,nan,-7.633587786259665503e-04,nan,0.000000000000000000e+00,nan,-1.526717557251933101e-03,nan,nan,nan,nan,nan,8.396946564885409900e-03,-3.816793893129832860e-03,nan,nan,nan,nan,nan,nan,nan,nan,nan,nan,nan,nan,nan,nan,nan,nan,-5.343511450381721942e-03,nan,1.755725190839687450e-02,nan
nan,nan,3.252032520325154243e-03,nan,nan,nan,1.056910569105689104e-02,nan,nan,nan,nan,nan,nan,6.504065040650375273e-03,nan,nan,nan,nan,nan,nan,nan,0.000000000000000000e+00,nan,nan,nan,nan,nan,nan,-4.065040650406581690e-03,nan,nan,-8.130081300813163164e-04,nan,0.000000000000000000e+00,nan,nan,nan,nan,6.504065040650352722e-03,1.138211382113820704e-02,nan,nan,nan,nan,nan,nan,nan,nan,nan,nan,nan,nan,nan,nan,nan,nan,nan,6.504065040650352722e-03,nan,nan,nan
nan,nan,nan,nan,nan,nan,nan,nan,1.097046413502109595e-02,nan,nan,nan,nan,1.181434599156117038e-02,nan,nan,nan,nan,nan,nan,nan,nan,nan,nan,nan,nan,nan,nan,-8.438818565400741040e-04,-2.531645569620266656e-03,nan,0.000000000000000000e+00,nan,-8.438818565400741040e-04,nan,nan,nan,nan,4.219409282700414647e-03,nan,-5.907172995780585190e-03,nan,nan,nan,nan,nan,nan,nan,3.375527426160318534e-03,nan,nan,nan,nan,nan,nan,nan,nan,-5.063291139240466525e-03,nan,nan,nan
nan,nan,8.695652173913038380e-03,nan,nan,1.501976284584982668e-02,3.952569169960451489e-03,nan,nan,nan,nan,nan,nan,nan,nan,nan,nan,nan,nan,nan,nan,nan,nan,nan,2.371541501976270894e-03,nan,nan,nan,1.581027667984180596e-03,0.000000000000000000e+00,nan,nan,nan,0.000000000000000000e+00,nan,nan,nan,nan,nan,nan,-7.905138339920902979e-04,nan,nan,nan,nan,nan,nan,nan,nan,nan,nan,nan,nan,nan,nan,nan,nan,1.027667984189723979e-02,nan,2.055335968379447958e-02,nan
nan,nan,-9.677419354838701429e-03,nan,nan,-3.225806451612900187e-03,2.419354838709675357e-03,nan,nan,nan,nan,nan,nan,-8.064516129032250468e-04,nan,nan,nan,nan,nan,-2.419354838709675357e-03,nan,nan,nan,nan,nan,nan,nan,nan,nan,nan,nan,8.064516129032250468e-04,nan,0.000000000000000000e+00,nan,nan,nan,nan,nan,-6.451612903225800374e-03,nan,nan,nan,nan,nan,nan,nan,nan,nan,3.225806451612900187e-03,nan,nan,nan,nan,nan,nan,nan,nan,nan,-3.225806451612900187e-03,nan
nan,nan,nan,nan,-3.875968992248046783e-03,7.751937984496360280e-04,-7.751937984496049330e-03,nan,nan,nan,nan,nan,-3.875968992248046783e-03,7.751937984496138018e-04,nan,nan,nan,nan,nan,nan,nan,nan,nan,nan,-2.325581395348818962e-03,nan,nan,nan,nan,-2.325581395348818962e-03,nan,1.550387596899227604e-03,nan,nan,nan,nan,nan,nan,nan,nan,-1.162790697674411823e-02,nan,nan,nan,nan,nan,nan,nan,nan,nan,nan,nan,nan,nan,nan,nan,nan,nan,nan,-1.550387596899205269e-03,nan
nan,nan,nan,nan,0.000000000000000000e+00,-8.368200836820216537e-04,8.368200836819994276e-04,nan,nan,nan,nan,nan,nan,0.000000000000000000e+00,nan,nan,nan,nan,nan,1.673640167363998855e-03,nan,nan,nan,nan,nan,nan,nan,nan,0.000000000000000000e+00,nan,nan,0.000000000000000000e+00,nan,0.000000000000000000e+00,nan,nan,nan,-8.368200836820438799e-04,nan,nan,nan,nan,nan,nan,nan,nan,nan,nan,nan,nan,nan,nan,nan,nan,nan,nan,nan,nan,nan,5.020920502092041451e-03,nan
nan,nan,nan,nan,nan,nan,1.250000000000000069e-02,nan,nan,nan,nan,nan,nan,0.000000000000000000e+00,nan,nan,nan,nan,nan,nan,1.562500000000000000e-02,nan,nan,nan,nan,nan,nan,nan,7.812500000000000434e-04,nan,nan,3.906250000000000000e-03,nan,2.343749999999999913e-03,nan,nan,nan,nan,nan,0.000000000000000000e+00,nan,nan,nan,nan,nan,nan,nan,nan,nan,nan,nan,nan,nan,nan,4.687499999999999827e-03,nan,nan,nan,1.562500000000000087e-03,1.562500000000000000e-02,nan
nan,nan,nan,nan,nan,1.811023622047252049e-02,-3.937007874015741038e-03,nan,nan,nan,nan,nan,nan,-5.511811023622037627e-03,nan,nan,nan,nan,nan,nan,nan,nan,nan,4.724409448818911450e-03,nan,nan,nan,nan,-3.149606299212592744e-03,nan,nan,0.000000000000000000e+00,nan,-4.724409448818888899e-03,nan,nan,nan,nan,nan,nan,nan,nan,nan,nan,nan,nan,nan,nan,-3.149606299212592744e-03,nan,nan,nan,nan,nan,nan,nan,nan,nan,-6.299212598425185487e-03,2.362204724409467001e-03,nan
nan,nan,nan,nan,2.343749999999999913e-03,nan,7.812500000000000434e-04,nan,nan,nan,nan,nan,nan,7.812500000000000434e-04,nan,nan,nan,nan,nan,nan,nan,nan,nan,nan,nan,nan,nan,nan,-2.343749999999999913e-03,nan,nan,0.000000000000000000e+00,nan,-3.906250000000000000e-03,nan,nan,nan,nan,nan,0.000000000000000000e+00,nan,nan,nan,nan,nan,nan,nan,nan,nan,nan,nan,nan,1.562500000000000087e-03,nan,nan,nan,nan,3.125000000000000173e-03,nan,1.171875000000000000e-02,nan
nan,nan,nan,nan,7.692307692308108635e-04,nan,7.692307692307753450e-03,nan,nan,nan,nan,nan,-4.615384615384599334e-03,-3.846153846153832490e-03,nan,nan,nan,nan,nan,nan,nan,nan,nan,nan,nan,nan,nan,nan,0.000000000000000000e+00,nan,nan,0.000000000000000000e+00,nan,-2.307692307692299667e-03,nan,nan,nan,nan,nan,1.538461538461577491e-03,nan,nan,nan,nan,nan,nan,nan,nan,nan,nan,nan,nan,nan,nan,nan,nan,nan,nan,-1.538461538461533039e-03,8.461538461538542846e-03,nan
nan,nan,8.396946564885498371e-03,nan,nan,3.816793893129810742e-03,-2.290076335877855307e-03,nan,nan,nan,nan,nan,nan,7.633587786259532146e-03,nan,nan,nan,nan,nan,nan,nan,nan,nan,nan,3.053435114503844083e-03,nan,nan,nan,7.633587786259887764e-04,nan,nan,0.000000000000000000e+00,nan,4.580152671755777401e-03,nan,nan,nan,nan,nan,nan,1.526717557251933101e-03,nan,nan,nan,nan,nan,nan,nan,nan,nan,nan,nan,nan,nan,nan,nan,nan,4.580152671755754849e-03,nan,nan,nan
nan,nan,nan,nan,0.000000000000000000e+00,nan,3.802281368821325280e-03,nan,nan,nan,nan,nan,nan,-7.604562737642206688e-04,nan,nan,nan,nan,nan,nan,nan,-7.604562737642428950e-04,nan,nan,-7.604562737642428950e-04,nan,nan,nan,2.281368821292795255e-03,nan,nan,-1.520912547528485790e-03,nan,0.000000000000000000e+00,nan,nan,nan,nan,nan,1.520912547528530025e-03,nan,nan,nan,nan,nan,nan,nan,nan,nan,nan,nan,nan,nan,nan,nan,nan,nan,nan,nan,6.083650190114120102e-03,nan
nan,nan,nan,nan,nan,nan,7.905138339920902979e-04,nan,-3.952569169960451489e-03,nan,nan,nan,nan,nan,nan,nan,nan,nan,nan,nan,nan,nan,nan,nan,-1.581027667984180596e-03,nan,nan,nan,nan,-2.371541501976270894e-03,nan,3.952569169960474041e-03,nan,nan,nan,nan,nan,nan,nan,nan,3.162055335968383309e-03,nan,nan,nan,nan,nan,nan,nan,nan,9.486166007905172046e-03,nan,nan,nan,nan,-3.162055335968361192e-03,nan,nan,nan,-3.952569169960451489e-03,1.581027667984180596e-03,nan
nan,nan,nan,nan,8.064516129032250902e-03,7.258064516129025638e-03,-8.870967741935475298e-03,nan,nan,nan,nan,nan,nan,4.838709677419350715e-03,nan,nan,nan,nan,nan,nan,nan,8.064516129032250468e-04,nan,nan,nan,nan,nan,nan,nan,2.419354838709675357e-03,nan,7.258064516129025638e-03,nan,nan,nan,nan,nan,nan,nan,-1.290322580645160075e-02,-8.064516129032250468e-04,nan,nan,nan,nan,nan,nan,nan,nan,nan,nan,nan,nan,nan,nan,nan,nan,nan,nan,4.838709677419350715e-03,nan
nan,nan,3.956834532374102487e-02,nan,nan,nan,7.913669064748263954e-03,nan,-7.194244604316502468e-04,nan,nan,nan,nan,7.194244604316945907e-04,nan,nan,nan,nan,nan,nan,nan,nan,nan,nan,nan,nan,nan,nan,nan,nan,nan,-7.194244604316502468e-04,nan,-3.597122302158251017e-03,nan,nan,nan,nan,5.035971223021640415e-03,nan,nan,nan,nan,nan,nan,nan,nan,nan,7.194244604316590505e-03,nan,nan,nan,nan,nan,nan,nan,nan,4.316546762589990385e-03,nan,1.726618705035976031e-02,nan
nan,nan,nan,nan,-8.064516129032250468e-04,nan,9.677419354838701429e-03,nan,nan,nan,nan,nan,nan,-4.838709677419350715e-03,nan,nan,nan,nan,nan,nan,nan,nan,nan,nan,-1.612903225806450094e-03,nan,nan,nan,nan,-1.612903225806450094e-03,nan,nan,nan,-4.838709677419350715e-03,nan,nan,nan,nan,nan,2.419354838709675357e-03,-1.612903225806450094e-03,-3.225806451612900187e-03,nan,nan,nan,nan,nan,nan,nan,nan,nan,nan,nan,nan,nan,nan,nan,nan,4.032258064516125451e-03,nan,nan
nan,nan,nan,nan,2.439024390243926723e-03,nan,1.138211382113825040e-02,nan,8.130081300813385425e-04,nan,nan,nan,nan,5.691056910569170305e-03,nan,nan,nan,nan,nan,nan,nan,nan,nan,nan,nan,nan,nan,nan,8.130081300813385425e-04,nan,nan,0.000000000000000000e+00,nan,3.252032520325265266e-03,nan,nan,nan,nan,nan,3.252032520325243148e-03,nan,nan,nan,nan,nan,nan,nan,nan,8.130081300813163164e-04,nan,nan,nan,nan,nan,nan,nan,nan,nan,nan,1.219512195121956813e-02,nan
nan,nan,nan,nan,-3.212851405622441092e-03,1.445783132530120696e-02,-4.016064257028051365e-03,nan,nan,nan,nan,nan,0.000000000000000000e+00,nan,nan,nan,nan,nan,nan,nan,nan,nan,nan,-8.032128514056102730e-04,nan,nan,nan,nan,nan,nan,nan,0.000000000000000000e+00,nan,nan,nan,nan,nan,nan,nan,-5.622489959839316147e-03,nan,nan,nan,nan,nan,nan,nan,nan,nan,nan,nan,nan,nan,nan,nan,nan,nan,4.016064257028139836e-03,8.032128514056324992e-04,-8.032128514055880469e-04,nan
nan,nan,nan,nan,0.000000000000000000e+00,nan,6.374501992031866675e-03,nan,nan,nan,nan,nan,nan,1.593625498007966669e-03,nan,nan,nan,nan,nan,nan,nan,nan,nan,-9.561752988047799579e-03,nan,nan,nan,nan,-7.968127490039833343e-04,nan,nan,0.000000000000000000e+00,nan,0.000000000000000000e+00,nan,nan,nan,nan,nan,-3.187250996015933337e-03,nan,nan,nan,nan,nan,nan,nan,nan,nan,nan,nan,nan,nan,nan,nan,nan,nan,nan,-9.561752988047799579e-03,7.968127490039833560e-03,nan
nan,nan,7.874015748031481859e-04,nan,nan,nan,1.417322834645671180e-02,nan,nan,nan,nan,nan,nan,3.937007874015741038e-03,nan,nan,nan,nan,nan,nan,nan,nan,nan,nan,6.299212598425185487e-03,nan,nan,nan,nan,5.511811023622037627e-03,nan,0.000000000000000000e+00,nan,nan,nan,nan,nan,nan,nan,7.086614173228334215e-03,2.362204724409444449e-03,nan,nan,nan,nan,nan,nan,nan,nan,2.440944881889770685e-02,nan,nan,nan,nan,nan,nan,nan,nan,nan,1.259842519685037097e-02,nan
nan,nan,nan,nan,nan,nan,1.370967741935482688e-02,nan,1.088709677419354566e-01,nan,nan,nan,nan,7.258064516129025638e-03,nan,nan,nan,nan,nan,nan,nan,nan,nan,nan,nan,nan,nan,nan,nan,nan,nan,1.612903225806450094e-03,nan,nan,nan,nan,nan,nan,4.032258064516125451e-03,-4.838709677419350715e-03,nan,-1.048387096774192583e-02,nan,nan,nan,nan,-3.225806451612900187e-03,nan,2.338709677419352831e-02,nan,nan,nan,nan,nan,8.064516129032250468e-04,nan,nan,nan,nan,nan,nan
nan,nan,-2.325581395348774727e-03,nan,0.000000000000000000e+00,nan,-7.751937984496026779e-03,nan,nan,nan,nan,nan,nan,-8.527131782945640906e-03,nan,nan,nan,nan,nan,nan,nan,nan,nan,nan,nan,nan,nan,nan,0.000000000000000000e+00,nan,nan,0.000000000000000000e+00,nan,nan,nan,nan,nan,nan,nan,-6.201550387596799392e-03,nan,nan,nan,nan,nan,nan,nan,nan,nan,nan,nan,nan,nan,nan,nan,nan,nan,7.751937984496581457e-04,-7.751937984495915757e-04,1.782945736434111625e-02,nan
nan,nan,7.722007722007750811e-03,nan,nan,nan,-1.235521235521233087e-02,nan,nan,nan,nan,nan,nan,-1.544401544401541359e-03,nan,nan,nan,nan,nan,nan,nan,nan,nan,nan,-1.544401544401541359e-03,nan,nan,nan,nan,-3.861003861003853288e-03,nan,0.000000000000000000e+00,nan,nan,nan,nan,nan,nan,nan,nan,-7.722007722007706793e-04,nan,nan,nan,nan,nan,nan,nan,nan,-1.158301158301155986e-02,nan,nan,nan,nan,nan,nan,nan,5.405405405405438665e-03,nan,-6.949806949806935572e-03,nan
nan,nan,nan,nan,-1.606425702811198428e-03,nan,-2.168674698795181044e-02,nan,nan,nan,nan,nan,nan,-1.285140562248992049e-02,nan,nan,nan,nan,nan,nan,nan,nan,nan,nan,-1.044176706827304457e-02,nan,nan,nan,nan,-1.285140562248994131e-02,nan,0.000000000000000000e+00,nan,nan,nan,nan,nan,nan,nan,-1.606425702811242751e-02,-1.526104417670679468e-02,nan,nan,nan,nan,nan,nan,nan,nan,nan,nan,nan,nan,nan,nan,nan,nan,-9.638554216867411747e-03,nan,-8.835341365461801474e-03,nan
nan,nan,3.112840466926081098e-03,nan,nan,7.782101167315147450e-04,-3.891050583657573725e-03,nan,nan,nan,nan,nan,nan,-5.447470817120603215e-03,nan,nan,nan,nan,nan,nan,nan,nan,nan,nan,3.891050583657595843e-03,nan,nan,nan,3.891050583657595843e-03,nan,nan,0.000000000000000000e+00,nan,nan,nan,nan,nan,nan,nan,1.556420233463029490e-03,1.556420233463029490e-03,nan,nan,nan,nan,nan,nan,nan,nan,nan,nan,nan,nan,nan,nan,nan,nan,nan,nan,3.112840466926081098e-03,nan
nan,nan,nan,nan,nan,-2.400000000000001958e-03,0.000000000000000000e+00,nan,nan,nan,nan,nan,nan,0.000000000000000000e+00,nan,nan,nan,nan,nan,nan,nan,nan,nan,nan,nan,nan,nan,nan,0.000000000000000000e+00,nan,nan,0.000000000000000000e+00,nan,nan,nan,nan,nan,nan,0.000000000000000000e+00,nan,nan,-4.000000000000003553e-03,nan,nan,nan,nan,nan,nan,nan,nan,nan,nan,nan,nan,nan,nan,nan,8.000000000000006889e-04,-3.200000000000002755e-03,1.520000000000001385e-02,nan
nan,nan,nan,nan,nan,1.200000000000001066e-02,8.000000000000006889e-04,nan,nan,nan,nan,nan,0.000000000000000000e+00,nan,nan,nan,nan,nan,nan,nan,nan,nan,nan,nan,0.000000000000000000e+00,nan,nan,nan,nan,0.000000000000000000e+00,nan,0.000000000000000000e+00,nan,nan,nan,nan,nan,nan,nan,nan,1.600000000000001378e-03,nan,nan,nan,nan,nan,nan,nan,nan,5.600000000000005147e-03,nan,nan,nan,nan,nan,nan,nan,3.200000000000002755e-03,nan,1.200000000000001066e-02,nan
nan,nan,7.287449392712574796e-03,nan,nan,nan,2.429149797570850748e-03,nan,-9.716599190283402993e-03,nan,nan,nan,nan,nan,nan,nan,nan,nan,nan,3.238866396761142137e-03,nan,nan,nan,nan,nan,nan,nan,nan,nan,nan,nan,0.000000000000000000e+00,nan,0.000000000000000000e+00,nan,nan,nan,nan,-7.287449392712553112e-03,nan,nan,nan,nan,nan,nan,nan,nan,nan,-5.668016194331970334e-03,1.619433198380566472e-02,nan,nan,nan,nan,nan,nan,nan,nan,nan,8.097165991902910637e-04,nan
nan,nan,2.172284644194759709e-02,nan,nan,nan,2.247191011235960458e-03,nan,nan,nan,nan,nan,nan,-7.490636704119868917e-04,nan,nan,nan,nan,nan,nan,-8.239700374531856025e-03,nan,nan,5.992509363295895133e-03,nan,nan,nan,nan,nan,nan,nan,-3.745318352059934242e-03,nan,nan,nan,nan,nan,nan,nan,-9.737827715355806824e-03,nan,nan,nan,nan,nan,nan,nan,nan,nan,7.490636704119868917e-04,nan,nan,nan,nan,nan,nan,nan,3.745318352059934242e-03,nan,1.647940074906371205e-02,nan
nan,nan,-3.187250996015933337e-03,nan,nan,nan,3.187250996015933337e-03,nan,nan,nan,nan,nan,nan,2.390438247011949895e-03,nan,nan,nan,nan,nan,nan,nan,nan,nan,nan,nan,nan,nan,nan,0.000000000000000000e+00,nan,nan,0.000000000000000000e+00,nan,-7.968127490039833343e-04,nan,nan,nan,nan,nan,0.000000000000000000e+00,nan,nan,nan,nan,nan,nan,nan,nan,nan,nan,nan,nan,nan,nan,4.780876494023899789e-03,nan,nan,-3.984063745019916780e-03,nan,0.000000000000000000e+00,nan
nan,nan,nan,nan,0.000000000000000000e+00,nan,-3.292181069958832924e-03,nan,nan,nan,nan,nan,nan,-1.481481481481474773e-02,nan,nan,nan,nan,nan,nan,nan,nan,nan,nan,nan,nan,nan,nan,-8.230452674897082311e-04,nan,nan,0.000000000000000000e+00,nan,0.000000000000000000e+00,nan,-5.761316872427956967e-03,nan,-3.292181069958832924e-03,nan,-3.292181069958832924e-03,nan,nan,nan,nan,nan,nan,nan,nan,nan,nan,nan,nan,nan,nan,2.469135802469169146e-03,nan,nan,nan,nan,nan,nan
nan,nan,nan,nan,nan,nan,0.000000000000000000e+00,nan,7.936507936507908312e-04,nan,nan,nan,nan,nan,nan,nan,nan,nan,nan,nan,nan,nan,nan,nan,nan,nan,nan,nan,-1.031746031746028081e-02,nan,nan,0.000000000000000000e+00,nan,7.936507936507908312e-04,nan,nan,nan,nan,-5.555555555555535818e-03,nan,nan,nan,nan,nan,nan,nan,nan,nan,-8.730158730158699143e-03,-1.111111111111107164e-02,nan,nan,nan,nan,nan,nan,nan,-5.555555555555535818e-03,nan,-8.730158730158699143e-03,nan
nan,nan,-1.621621621621629344e-02,nan,nan,nan,3.088803088803082717e-03,nan,nan,nan,nan,nan,nan,-2.316602316602312146e-03,nan,nan,nan,nan,nan,nan,nan,nan,nan,nan,-6.177606177606209670e-03,nan,nan,nan,-2.316602316602312146e-03,nan,nan,3.088803088803082717e-03,nan,2.316602316602312146e-03,nan,nan,nan,nan,nan,nan,6.177606177606165434e-03,nan,nan,nan,nan,nan,nan,nan,nan,nan,nan,nan,nan,nan,nan,nan,nan,-8.494208494208500132e-03,nan,1.003861003861001785e-02,nan
nan,nan,2.348178137651819528e-02,nan,nan,nan,4.048582995951388423e-03,nan,-8.906882591093156706e-03,nan,nan,nan,nan,-1.700404858299599947e-02,nan,nan,nan,nan,nan,nan,nan,nan,nan,nan,nan,nan,nan,nan,nan,nan,nan,1.619433198380537675e-03,nan,nan,nan,nan,nan,nan,-4.858299595141724048e-03,-6.477732793522305958e-03,nan,-1.214574898785427716e-02,nan,nan,nan,nan,nan,nan,-8.097165991902865317e-03,nan,nan,nan,nan,nan,nan,nan,nan,-1.781376518218629260e-02,nan,nan,nan
nan,nan,nan,nan,-3.968253968253954156e-03,nan,0.000000000000000000e+00,nan,nan,nan,nan,nan,nan,7.936507936507908312e-03,nan,nan,nan,nan,nan,nan,nan,nan,nan,nan,-7.936507936507908312e-04,nan,nan,nan,-1.587301587301581662e-03,nan,nan,0.000000000000000000e+00,nan,0.000000000000000000e+00,nan,nan,nan,nan,nan,3.968253968253954156e-03,4.761904761904744987e-03,nan,nan,nan,nan,nan,nan,nan,nan,nan,nan,nan,nan,-2.380952380952372494e-03,nan,nan,nan,nan,nan,nan,nan
nan,nan,nan,nan,nan,nan,5.833333333333401254e-03,nan,1.666666666666705154e-03,nan,nan,nan,nan,nan,nan,nan,nan,nan,nan,nan,nan,nan,nan,nan,nan,nan,nan,nan,8.333333333333525772e-04,nan,nan,0.000000000000000000e+00,nan,0.000000000000000000e+00,nan,nan,nan,nan,0.000000000000000000e+00,8.333333333333748033e-04,nan,nan,nan,nan,nan,nan,nan,nan,4.166666666666740335e-03,nan,nan,nan,nan,nan,nan,nan,nan,nan,1.500000000000005843e-02,9.166666666666744775e-03,nan
nan,nan,nan,nan,nan,nan,-5.785123966942129319e-03,nan,nan,nan,nan,nan,nan,8.264462809917350397e-03,nan,nan,nan,nan,nan,nan,nan,nan,nan,nan,-9.917355371900794109e-03,nan,nan,nan,nan,-8.264462809917328063e-04,nan,0.000000000000000000e+00,nan,nan,nan,nan,nan,nan,nan,nan,4.132231404958663923e-03,nan,nan,nan,nan,nan,nan,nan,nan,3.305785123966931225e-03,nan,nan,-3.305785123966931225e-03,nan,nan,nan,nan,-5.785123966942129319e-03,nan,0.000000000000000000e+00,nan
nan,nan,nan,nan,8.097165991902688376e-04,-1.376518218623485820e-02,-1.133603238866398577e-02,nan,-8.097165991902910637e-04,nan,nan,nan,-8.097165991902910637e-04,nan,nan,nan,nan,nan,nan,nan,nan,nan,nan,nan,nan,nan,nan,nan,nan,1.619433198380515557e-03,nan,nan,nan,nan,nan,nan,nan,nan,nan,nan,nan,nan,nan,nan,nan,nan,nan,nan,4.048582995951366739e-03,nan,nan,nan,nan,nan,-6.477732793522328510e-03,nan,nan,2.429149797570806513e-03,nan,-1.619433198380570982e-02,nan
nan,nan,5.925925925925912621e-03,nan,nan,nan,6.666666666666665360e-03,nan,nan,nan,nan,nan,nan,nan,nan,nan,nan,nan,nan,nan,nan,nan,nan,nan,8.148148148148149153e-03,nan,nan,nan,1.481481481481461459e-03,-3.703703703703764560e-03,nan,0.000000000000000000e+00,nan,3.703703703703653538e-03,nan,nan,nan,nan,nan,nan,-2.962962962963011822e-03,nan,nan,nan,nan,nan,nan,nan,nan,nan,nan,nan,nan,nan,nan,nan,nan,1.481481481481461459e-03,nan,1.185185185185180269e-02,nan
nan,nan,3.252032520325176361e-03,nan,nan,3.252032520325176361e-03,2.439024390243904605e-03,nan,nan,nan,nan,nan,0.000000000000000000e+00,-1.300813008130081647e-02,nan,nan,nan,nan,nan,-1.626016260162588180e-03,nan,nan,nan,-4.878048780487809211e-03,nan,nan,nan,nan,nan,nan,nan,0.000000000000000000e+00,nan,nan,nan,nan,nan,nan,nan,nan,nan,nan,nan,nan,nan,nan,nan,nan,nan,nan,nan,nan,nan,nan,nan,nan,nan,-4.065040650406493219e-03,nan,-1.626016260162610515e-03,nan
nan,nan,7.317073170731736367e-03,nan,0.000000000000000000e+00,3.577235772357727217e-02,-1.626016260162566063e-03,nan,nan,nan,nan,nan,nan,nan,nan,nan,nan,nan,nan,nan,nan,nan,nan,nan,nan,nan,nan,nan,8.130081300813607687e-04,nan,nan,3.252032520325265266e-03,nan,8.130081300813163164e-04,nan,nan,nan,nan,nan,nan,nan,nan,nan,nan,nan,nan,4.065040650406537455e-03,nan,nan,nan,nan,nan,nan,nan,nan,nan,nan,-8.130081300812719725e-04,nan,7.317073170731736367e-03,nan
nan,nan,nan,nan,nan,nan,9.195402298850584993e-03,nan,nan,nan,nan,nan,nan,1.532567049808441963e-03,nan,nan,nan,nan,nan,nan,nan,nan,nan,5.363984674329502420e-03,3.065134099616861809e-03,nan,nan,nan,nan,-3.831417624521105125e-03,nan,3.065134099616883927e-03,nan,nan,nan,nan,nan,nan,nan,-4.597701149425282088e-03,3.831417624521083008e-03,nan,nan,nan,nan,nan,nan,nan,nan,-4.597701149425303772e-03,nan,nan,nan,nan,nan,nan,nan,nan,nan,2.298850574712641044e-03,nan
nan,nan,nan,nan,nan,0.000000000000000000e+00,3.921568627450966460e-03,nan,nan,nan,nan,nan,nan,7.843137254901932920e-03,nan,nan,nan,nan,nan,nan,nan,nan,nan,nan,nan,nan,nan,nan,0.000000000000000000e+00,nan,nan,0.000000000000000000e+00,nan,0.000000000000000000e+00,nan,nan,nan,nan,nan,nan,nan,nan,nan,nan,nan,nan,3.921568627450966460e-03,nan,nan,1.882352941176474934e-02,nan,nan,nan,nan,nan,nan,nan,nan,0.000000000000000000e+00,0.000000000000000000e+00,nan
nan,nan,-7.058823529411739801e-03,nan,nan,nan,1.019607843137251314e-02,nan,nan,nan,nan,nan,-7.843137254901933354e-04,1.568627450980386671e-03,nan,nan,nan,nan,nan,nan,nan,nan,nan,nan,nan,nan,nan,nan,0.000000000000000000e+00,nan,nan,0.000000000000000000e+00,nan,0.000000000000000000e+00,nan,nan,nan,nan,nan,0.000000000000000000e+00,nan,nan,nan,nan,nan,nan,nan,nan,nan,nan,nan,nan,nan,nan,nan,nan,nan,1.568627450980386671e-03,nan,2.117647058823528619e-02,nan
nan,nan,1.556420233463029490e-03,nan,nan,0.000000000000000000e+00,5.447470817120603215e-03,nan,nan,nan,nan,nan,nan,6.225680933852117960e-03,nan,nan,nan,nan,nan,nan,nan,nan,nan,nan,nan,nan,nan,nan,nan,nan,nan,-7.782101167315147450e-04,nan,0.000000000000000000e+00,nan,nan,nan,nan,nan,1.245136186770423592e-02,nan,nan,nan,nan,nan,nan,nan,nan,nan,nan,nan,nan,nan,nan,nan,nan,nan,5.447470817120603215e-03,-1.011673151750980271e-02,9.338521400778176940e-03,nan
nan,nan,nan,nan,6.400000000000005511e-03,nan,8.000000000000006889e-04,nan,nan,nan,nan,nan,nan,4.800000000000003916e-03,nan,nan,nan,nan,nan,nan,nan,nan,nan,nan,6.400000000000005511e-03,nan,nan,nan,3.200000000000002755e-03,-4.000000000000003553e-03,nan,0.000000000000000000e+00,nan,nan,nan,nan,nan,nan,nan,nan,1.600000000000001378e-03,nan,nan,nan,nan,nan,nan,nan,nan,1.200000000000001066e-02,nan,nan,nan,nan,nan,nan,nan,nan,nan,1.600000000000001378e-03,nan
nan,nan,-5.785123966942129319e-03,nan,nan,nan,-7.438016528925594714e-03,nan,nan,nan,nan,nan,nan,-3.305785123966931225e-03,nan,nan,nan,nan,nan,nan,nan,nan,nan,-7.438016528925594714e-03,nan,nan,nan,nan,-3.305785123966931225e-03,nan,nan,0.000000000000000000e+00,nan,nan,nan,nan,nan,nan,nan,nan,nan,nan,nan,nan,nan,nan,nan,nan,nan,-5.785123966942129319e-03,nan,nan,nan,nan,nan,nan,nan,-7.438016528925594714e-03,3.305785123966997578e-03,-4.132231404958663923e-03,nan
nan,nan,-3.278688524590123166e-03,nan,nan,nan,1.639344262295083701e-03,nan,nan,nan,nan,nan,nan,1.639344262295128153e-03,nan,nan,nan,nan,nan,nan,nan,nan,nan,nan,nan,nan,nan,nan,nan,nan,nan,3.278688524590212070e-03,nan,nan,nan,-4.098360655737653957e-03,nan,-3.278688524590123166e-03,nan,-3.278688524590123166e-03,nan,nan,nan,nan,nan,nan,nan,nan,nan,4.098360655737720744e-03,nan,nan,nan,nan,6.557377049180379905e-03,nan,nan,nan,nan,7.377049180327888145e-03,nan
nan,nan,1.003861003861001785e-02,nan,nan,nan,7.722007722007706793e-04,nan,nan,nan,nan,nan,nan,7.722007722007706576e-03,nan,nan,nan,nan,nan,nan,nan,nan,nan,nan,nan,nan,nan,nan,nan,nan,nan,3.861003861003853288e-03,nan,nan,nan,-5.405405405405461217e-03,nan,-5.405405405405438665e-03,nan,4.633204633204624293e-03,nan,nan,nan,nan,nan,nan,nan,nan,nan,nan,nan,nan,nan,nan,6.949806949806935572e-03,nan,nan,1.081081081081078886e-02,nan,1.312741312741310187e-02,nan
nan,nan,2.538461538461540476e-02,nan,nan,nan,-1.076923076923075318e-02,nan,3.076923076923066078e-03,nan,nan,nan,nan,-7.692307692307664979e-03,nan,nan,nan,nan,nan,nan,nan,nan,nan,nan,nan,nan,nan,nan,nan,nan,nan,7.692307692307665196e-04,nan,7.692307692307665196e-04,nan,nan,nan,nan,nan,-1.230769230769228686e-02,nan,nan,nan,nan,nan,nan,nan,nan,1.538461538461533039e-03,nan,nan,nan,nan,nan,-4.615384615384599334e-03,nan,nan,nan,nan,3.076923076923066078e-03,nan
nan,nan,nan,nan,2.419354838709675357e-03,nan,9.677419354838701429e-03,nan,nan,nan,nan,nan,3.225806451612900187e-03,-3.225806451612900187e-03,nan,nan,nan,nan,nan,nan,nan,nan,nan,nan,9.677419354838701429e-03,nan,nan,nan,-1.048387096774192583e-02,nan,nan,-8.064516129032250468e-04,nan,1.612903225806450094e-03,nan,nan,nan,nan,nan,nan,nan,nan,nan,nan,nan,nan,nan,nan,nan,9.677419354838701429e-03,nan,nan,nan,nan,nan,nan,nan,nan,nan,-4.032258064516125451e-03,nan
nan,nan,nan,nan,nan,5.223880597014929003e-03,7.462686567164089190e-04,nan,nan,nan,nan,nan,nan,-1.492537313432817838e-03,nan,nan,nan,nan,nan,nan,nan,nan,nan,nan,-7.462686567164089190e-04,nan,nan,nan,-2.238805970149226974e-03,-1.492537313432817838e-03,nan,0.000000000000000000e+00,nan,4.477611940298475632e-03,nan,nan,nan,nan,nan,nan,-4.477611940298498183e-03,nan,nan,nan,nan,nan,nan,nan,nan,nan,nan,nan,nan,nan,nan,nan,nan,nan,nan,5.970149253731316455e-03,nan
nan,nan,-3.375527426160385321e-03,nan,nan,nan,4.219409282700414647e-03,nan,nan,nan,nan,nan,-8.438818565400963301e-04,-6.751054852320703854e-03,nan,nan,nan,nan,nan,4.219409282700370412e-03,nan,nan,nan,nan,nan,nan,nan,nan,-8.438818565400896948e-03,nan,nan,0.000000000000000000e+00,nan,-2.531645569620257635e-02,nan,nan,nan,nan,nan,-1.434599156118145959e-02,nan,nan,nan,nan,nan,nan,-2.220446049250313204e-17,nan,nan,nan,nan,nan,nan,nan,nan,nan,nan,nan,nan,nan,nan
nan,nan,nan,nan,nan,7.575757575757569246e-04,-3.787878787878784514e-03,nan,nan,nan,nan,nan,nan,-3.030303030303027698e-03,nan,nan,nan,nan,nan,4.545454545454541764e-03,nan,nan,nan,nan,nan,nan,nan,nan,0.000000000000000000e+00,nan,nan,0.000000000000000000e+00,nan,-5.303030303030298147e-03,nan,nan,nan,nan,nan,-1.515151515151513849e-03,nan,nan,nan,nan,nan,nan,nan,nan,nan,nan,nan,nan,nan,nan,nan,nan,nan,nan,3.787878787878784514e-03,1.212121212121211079e-02,nan
nan,nan,nan,nan,nan,nan,7.003891050583699492e-03,nan,nan,nan,nan,nan,nan,1.556420233463029490e-03,nan,nan,nan,nan,nan,nan,nan,-7.782101167315147450e-04,nan,nan,nan,nan,nan,nan,2.334630350194544235e-03,nan,nan,2.334630350194544235e-03,nan,0.000000000000000000e+00,nan,nan,nan,nan,nan,3.112840466926058980e-03,nan,nan,nan,nan,nan,nan,3.112840466926058980e-03,nan,nan,nan,nan,nan,nan,nan,nan,nan,nan,1.011673151750980271e-02,nan,1.789883268482495016e-02,nan
nan,nan,nan,nan,8.764940239043816569e-03,nan,1.593625498007966669e-03,nan,nan,nan,nan,nan,nan,7.968127490039833343e-04,nan,nan,nan,nan,nan,nan,nan,nan,nan,nan,nan,nan,nan,nan,0.000000000000000000e+00,nan,nan,0.000000000000000000e+00,nan,7.968127490039833343e-04,nan,nan,nan,nan,nan,0.000000000000000000e+00,nan,7.968127490039833343e-04,nan,nan,nan,nan,0.000000000000000000e+00,nan,nan,nan,nan,nan,nan,nan,nan,nan,nan,nan,nan,1.115537848605576733e-02,nan
nan,nan,1.600000000000001378e-03,nan,4.800000000000003916e-03,nan,nan,nan,nan,nan,nan,nan,nan,0.000000000000000000e+00,nan,nan,nan,nan,nan,nan,nan,nan,nan,nan,nan,nan,nan,nan,4.800000000000003916e-03,nan,nan,0.000000000000000000e+00,nan,nan,nan,nan,nan,nan,nan,-2.400000000000001958e-03,nan,nan,nan,nan,nan,nan,nan,nan,nan,4.800000000000003916e-03,nan,nan,nan,nan,nan,nan,nan,-8.000000000000006889e-04,-9.600000000000007833e-03,-3.200000000000002755e-03,nan
nan,nan,nan,nan,nan,nan,0.000000000000000000e+00,nan,nan,nan,nan,nan,nan,1.209677419354837635e-02,nan,nan,nan,nan,nan,nan,nan,nan,nan,nan,-6.451612903225800374e-03,nan,nan,nan,nan,-3.225806451612900187e-03,nan,0.000000000000000000e+00,nan,nan,nan,nan,nan,nan,nan,1.612903225806450094e-03,-4.838709677419350715e-03,nan,nan,nan,nan,nan,nan,nan,nan,1.290322580645160075e-02,nan,nan,nan,nan,nan,nan,nan,-2.419354838709675357e-03,nan,5.645161290322575978e-03,nan
nan,nan,nan,nan,nan,nan,1.760000000000001494e-02,nan,nan,nan,nan,nan,0.000000000000000000e+00,8.800000000000007469e-03,nan,nan,nan,nan,nan,nan,nan,nan,nan,nan,8.800000000000007469e-03,nan,nan,nan,nan,4.000000000000003553e-03,nan,0.000000000000000000e+00,nan,8.000000000000006889e-04,nan,nan,nan,nan,nan,3.200000000000002755e-03,nan,nan,nan,nan,nan,nan,nan,nan,5.600000000000005147e-03,nan,nan,nan,nan,nan,nan,nan,nan,-4.800000000000003916e-03,nan,nan,nan
nan,nan,2.334630350194544235e-03,nan,nan,7.782101167315147450e-03,-7.782101167315147450e-04,nan,nan,nan,nan,nan,-3.112840466926058980e-03,3.891050583657573725e-03,nan,nan,nan,nan,nan,nan,7.782101167315147450e-03,nan,nan,nan,nan,nan,nan,nan,nan,nan,nan,1.556420233463029490e-03,nan,0.000000000000000000e+00,nan,nan,nan,nan,nan,nan,nan,nan,nan,nan,nan,nan,nan,nan,nan,nan,nan,nan,1.089494163424120643e-02,nan,nan,nan,nan,5.447470817120603215e-03,nan,nan,nan
nan,nan,nan,nan,nan,3.212851405622507879e-03,-8.032128514056102730e-04,nan,nan,nan,nan,nan,nan,-4.016064257028073917e-03,nan,nan,nan,nan,nan,1.606425702811264998e-03,nan,4.819277108433772661e-03,nan,nan,nan,nan,nan,nan,nan,nan,nan,-1.606425702811220546e-03,nan,3.212851405622507879e-03,nan,nan,nan,nan,nan,1.606425702811264998e-03,nan,nan,nan,nan,nan,nan,nan,nan,nan,4.016064257028139836e-03,nan,nan,nan,nan,nan,nan,nan,nan,nan,-6.425702811244970655e-03,nan
nan,nan,nan,nan,nan,nan,1.568627450980397686e-02,nan,nan,nan,nan,nan,-3.137254901960773341e-03,nan,nan,nan,nan,nan,nan,nan,nan,nan,nan,nan,7.843137254901933354e-04,nan,nan,nan,-7.843137254901933354e-04,1.568627450980386671e-03,nan,-5.490196078431352697e-03,nan,0.000000000000000000e+00,nan,nan,nan,nan,nan,nan,-2.352941176470579789e-03,-1.254901960784309337e-02,nan,nan,nan,nan,nan,nan,nan,nan,nan,nan,nan,nan,nan,nan,nan,nan,7.058823529411806588e-03,nan,nan
nan,nan,nan,nan,nan,1.061224489795913398e-02,4.081632653061184959e-03,nan,nan,nan,nan,nan,nan,nan,nan,nan,nan,nan,nan,nan,nan,nan,nan,nan,1.632653061224464920e-03,nan,nan,nan,nan,-1.632653061224531490e-03,nan,-1.632653061224509372e-03,nan,nan,nan,nan,nan,-4.081632653061250879e-03,nan,nan,-7.346938775510247939e-03,nan,nan,nan,nan,nan,nan,nan,nan,9.795918367346900107e-03,nan,nan,nan,nan,-1.632653061224509372e-03,nan,nan,nan,nan,-2.448979591836741940e-03,nan
nan,nan,nan,nan,0.000000000000000000e+00,-5.426356589147296287e-03,7.751937984496138018e-04,nan,nan,nan,nan,nan,nan,-7.751937984496138018e-04,nan,nan,nan,nan,nan,nan,nan,nan,nan,nan,1.550387596899223050e-02,nan,nan,nan,7.751937984496138018e-04,nan,nan,3.100775193798455207e-03,nan,nan,nan,nan,nan,nan,nan,nan,nan,nan,nan,nan,nan,nan,nan,nan,nan,2.325581395348841514e-03,nan,nan,nan,nan,7.751937984496138018e-04,nan,nan,nan,nan,-7.751937984496138018e-04,nan
nan,nan,1.811320754716980869e-02,nan,nan,-7.547169811320753041e-03,-8.301886792452828692e-03,nan,nan,nan,nan,nan,nan,2.264150943396226086e-03,nan,nan,nan,nan,nan,nan,nan,nan,nan,nan,nan,nan,nan,nan,nan,nan,nan,0.000000000000000000e+00,nan,nan,nan,nan,nan,nan,nan,-4.528301886792452172e-03,nan,nan,nan,nan,nan,nan,nan,nan,nan,-4.528301886792452172e-03,nan,nan,nan,nan,nan,nan,nan,-7.547169811320753258e-04,-3.773584905660376521e-03,-1.056603773584905391e-02,nan
nan,nan,1.935483870967740286e-02,nan,nan,nan,-1.048387096774192583e-02,nan,5.645161290322575978e-03,nan,nan,nan,nan,-4.838709677419350715e-03,nan,nan,nan,nan,nan,nan,nan,nan,nan,nan,nan,nan,nan,nan,-8.064516129032250468e-04,nan,nan,0.000000000000000000e+00,nan,nan,nan,nan,nan,nan,-9.677419354838701429e-03,nan,nan,nan,nan,nan,nan,nan,nan,nan,-7.258064516129025638e-03,nan,nan,nan,nan,nan,nan,nan,nan,8.064516129032250468e-04,nan,1.048387096774192583e-02,nan
nan,nan,-4.580152671755754849e-03,nan,nan,9.923664122137364901e-03,3.053435114503799848e-03,nan,nan,nan,nan,nan,nan,nan,nan,nan,nan,nan,nan,-1.526717557251955435e-03,nan,nan,nan,nan,-2.220446049250313204e-17,nan,nan,nan,nan,nan,nan,3.816793893129721837e-03,nan,nan,nan,nan,nan,nan,nan,nan,-7.633587786259887764e-04,nan,nan,nan,nan,nan,nan,nan,nan,-2.290076335877877425e-03,nan,nan,nan,nan,nan,nan,nan,4.580152671755710614e-03,nan,-7.633587786259887764e-04,nan
nan,nan,3.088803088803082717e-03,nan,0.000000000000000000e+00,nan,3.861003861003853288e-03,nan,nan,nan,nan,nan,nan,0.000000000000000000e+00,nan,nan,nan,nan,nan,nan,nan,nan,nan,nan,nan,nan,nan,nan,0.000000000000000000e+00,nan,nan,0.000000000000000000e+00,nan,nan,nan,nan,nan,nan,nan,0.000000000000000000e+00,nan,nan,nan,nan,nan,nan,nan,nan,nan,1.467181467181464215e-02,nan,nan,nan,nan,nan,nan,nan,0.000000000000000000e+00,nan,0.000000000000000000e+00,nan
nan,nan,nan,nan,nan,nan,1.428571428571428006e-02,nan,-2.380952380952372494e-03,nan,nan,nan,0.000000000000000000e+00,1.825396825396827932e-02,nan,nan,nan,nan,nan,nan,nan,nan,nan,nan,7.936507936507930863e-03,nan,nan,nan,6.349206349206326649e-03,4.761904761904744987e-03,nan,nan,nan,0.000000000000000000e+00,nan,nan,nan,nan,nan,nan,1.587301587301581662e-03,nan,nan,nan,nan,nan,nan,nan,nan,nan,nan,nan,nan,nan,nan,nan,nan,7.142857142857117481e-03,nan,nan,nan
nan,nan,0.000000000000000000e+00,nan,0.000000000000000000e+00,8.130081300812940902e-04,-1.544715447154472107e-02,nan,nan,nan,nan,nan,8.130081300812940902e-04,nan,nan,nan,nan,nan,nan,nan,nan,nan,nan,nan,nan,nan,nan,nan,nan,-5.691056910569147753e-03,nan,-1.626016260162588180e-03,nan,nan,nan,nan,nan,nan,nan,nan,-1.056910569105691186e-02,nan,nan,nan,nan,nan,nan,nan,nan,nan,nan,nan,nan,nan,nan,nan,nan,-3.252032520325221030e-03,nan,-1.300813008130079565e-02,nan
nan,nan,nan,nan,1.171548117154810366e-02,nan,8.368200836819994276e-04,nan,nan,nan,nan,nan,nan,-8.368200836820216537e-04,nan,nan,nan,nan,nan,nan,nan,nan,nan,nan,-4.184100418410041482e-03,nan,nan,nan,1.673640167364021190e-03,-5.857740585774040554e-03,nan,0.000000000000000000e+00,nan,0.000000000000000000e+00,nan,nan,nan,nan,nan,8.368200836820060412e-03,-5.020920502092041451e-03,nan,nan,nan,nan,nan,nan,nan,nan,nan,nan,nan,nan,nan,nan,nan,nan,nan,nan,nan,nan
nan,nan,nan,nan,nan,-4.149377593360981109e-03,-8.298755186721962218e-03,nan,nan,nan,nan,nan,nan,0.000000000000000000e+00,nan,nan,nan,nan,nan,-3.319502074688784887e-03,nan,nan,nan,nan,nan,nan,nan,nan,-1.659751037344392444e-03,nan,nan,-8.298755186721962218e-04,nan,nan,nan,nan,nan,nan,-3.319502074688784887e-03,-1.659751037344392444e-03,nan,nan,nan,nan,nan,nan,nan,nan,nan,nan,nan,nan,nan,nan,5.809128630705373553e-03,nan,nan,nan,nan,-5.809128630705373553e-03,nan
nan,nan,nan,nan,6.923076923076898134e-03,-6.923076923076898134e-03,1.999999999999997266e-02,nan,nan,nan,nan,nan,nan,nan,nan,nan,nan,nan,nan,9.230769230769198669e-03,-4.615384615384599334e-03,nan,nan,nan,nan,nan,nan,nan,1.538461538461533039e-03,nan,nan,0.000000000000000000e+00,nan,4.615384615384599334e-03,nan,nan,nan,nan,nan,nan,nan,nan,nan,nan,nan,nan,nan,nan,nan,-2.153846153846155145e-02,nan,nan,nan,nan,nan,nan,nan,nan,nan,-1.538461538461541843e-02,nan
nan,nan,nan,nan,-4.838709677419350715e-03,2.419354838709675357e-03,-1.854838709677417846e-02,nan,nan,nan,nan,nan,nan,1.612903225806450094e-03,nan,nan,nan,nan,nan,nan,nan,nan,nan,nan,nan,nan,nan,nan,-1.854838709677417846e-02,nan,nan,-1.612903225806450094e-03,nan,0.000000000000000000e+00,nan,nan,nan,nan,nan,-3.225806451612900187e-03,nan,nan,nan,nan,nan,nan,nan,nan,nan,-1.451612903225805128e-02,nan,nan,nan,nan,nan,nan,nan,nan,nan,-1.532258064516127741e-02,nan
nan,nan,nan,nan,nan,nan,-1.632653061224509372e-03,nan,nan,nan,nan,nan,nan,1.632653061224442802e-03,nan,nan,nan,nan,nan,nan,nan,nan,nan,nan,2.448979591836697271e-03,nan,nan,nan,0.000000000000000000e+00,0.000000000000000000e+00,nan,0.000000000000000000e+00,nan,0.000000000000000000e+00,nan,nan,nan,nan,nan,nan,nan,nan,nan,nan,nan,nan,nan,nan,nan,nan,nan,nan,8.163265306122324599e-04,nan,nan,nan,nan,1.632653061224487254e-03,nan,8.163265306122102338e-04,nan
nan,nan,nan,nan,nan,nan,6.177606177606232221e-03,nan,nan,nan,nan,nan,0.000000000000000000e+00,3.861003861003853288e-03,nan,nan,nan,nan,nan,nan,nan,nan,nan,nan,nan,nan,nan,nan,0.000000000000000000e+00,nan,nan,3.861003861003853288e-03,nan,0.000000000000000000e+00,nan,7.722007722007817598e-03,nan,nan,nan,3.861003861003853288e-03,nan,nan,nan,nan,nan,nan,3.861003861003853288e-03,nan,nan,nan,nan,nan,nan,nan,nan,nan,nan,nan,nan,6.949806949807024910e-03,nan
nan,nan,nan,nan,7.692307692307665196e-04,nan,-9.230769230769242037e-03,nan,nan,nan,nan,nan,nan,-1.461538461538467414e-02,nan,nan,nan,nan,nan,nan,nan,nan,nan,nan,-4.615384615384599334e-03,nan,nan,nan,nan,nan,nan,0.000000000000000000e+00,nan,nan,nan,-4.615384615384621018e-03,nan,nan,nan,-1.307692307692311963e-02,-1.615384615384620609e-02,nan,nan,nan,nan,nan,nan,nan,nan,-8.461538461538454375e-03,nan,nan,nan,nan,nan,nan,nan,nan,nan,-1.538461538461533039e-03,nan
nan,nan,nan,nan,nan,nan,7.575757575757569029e-03,nan,nan,nan,nan,nan,nan,0.000000000000000000e+00,nan,nan,nan,nan,nan,nan,nan,nan,nan,nan,nan,nan,nan,nan,nan,4.545454545454541764e-03,nan,0.000000000000000000e+00,nan,-3.787878787878784514e-03,nan,nan,nan,nan,nan,7.575757575757569246e-04,-4.545454545454541764e-03,nan,nan,nan,nan,nan,nan,nan,nan,7.575757575757569029e-03,nan,nan,nan,nan,6.818181818181811779e-03,nan,nan,nan,nan,-1.515151515151513849e-03,nan
nan,nan,nan,nan,3.690036900369042614e-03,nan,-8.856088560885577374e-03,nan,-5.166051660516601980e-03,nan,nan,nan,nan,-1.771217712177119985e-02,nan,nan,nan,nan,nan,nan,nan,nan,nan,nan,-1.254612546125461955e-02,nan,nan,nan,nan,-1.402214022140220104e-02,nan,0.000000000000000000e+00,nan,nan,nan,nan,nan,nan,nan,-1.845018450184499059e-02,-1.033210332103320396e-02,nan,nan,nan,nan,nan,nan,nan,-4.428044280442788687e-03,nan,nan,nan,nan,nan,nan,nan,nan,nan,nan,nan,nan
nan,nan,6.299212598425296510e-03,nan,2.220446049250313204e-17,nan,9.448818897637868003e-03,3.937007874015829509e-03,nan,nan,nan,nan,nan,7.874015748031926382e-04,nan,nan,nan,nan,nan,nan,nan,nan,nan,nan,nan,nan,nan,nan,nan,nan,nan,0.000000000000000000e+00,nan,nan,nan,nan,nan,nan,nan,-4.724409448818888899e-03,nan,nan,nan,nan,nan,nan,3.937007874015807825e-03,nan,nan,nan,nan,nan,nan,nan,nan,nan,nan,-7.874015748031259598e-04,nan,4.724409448818955685e-03,nan
nan,nan,nan,nan,nan,-7.003891050583721176e-03,4.669260700389088470e-03,nan,nan,nan,nan,nan,nan,1.556420233463007372e-03,nan,nan,nan,nan,nan,nan,nan,nan,nan,nan,nan,nan,nan,nan,nan,nan,nan,0.000000000000000000e+00,nan,-1.245136186770434694e-02,nan,nan,nan,nan,nan,-4.669260700389176941e-03,nan,nan,nan,nan,nan,nan,nan,nan,nan,2.334630350194544235e-03,nan,nan,nan,nan,nan,nan,nan,0.000000000000000000e+00,1.556420233463007372e-03,6.225680933852117960e-03,nan
nan,nan,4.979253112033177331e-03,nan,nan,nan,4.979253112033177331e-03,nan,6.639004149377569775e-03,nan,nan,nan,nan,9.128630705394180991e-03,nan,nan,nan,nan,nan,nan,nan,nan,nan,nan,-8.298755186721962218e-04,nan,nan,nan,nan,2.489626556016588665e-03,nan,3.319502074688784887e-03,nan,nan,nan,nan,nan,nan,0.000000000000000000e+00,nan,0.000000000000000000e+00,nan,nan,nan,nan,nan,nan,nan,-1.659751037344392444e-03,nan,nan,nan,nan,nan,nan,nan,nan,nan,nan,nan,nan
nan,nan,nan,nan,nan,nan,-1.274900398406373335e-02,nan,-1.035856573705178432e-02,nan,nan,nan,nan,-1.593625498007966669e-03,nan,nan,nan,nan,nan,nan,nan,nan,nan,nan,nan,nan,nan,nan,-3.984063745019916780e-03,nan,nan,-7.968127490039833343e-04,nan,-3.187250996015933337e-03,nan,nan,nan,nan,nan,-7.968127490039833343e-04,nan,nan,nan,nan,nan,nan,-3.984063745019916780e-03,nan,-1.035856573705178432e-02,nan,nan,nan,nan,nan,nan,nan,nan,nan,nan,7.968127490039833560e-03,nan
nan,nan,-3.112840466926058980e-03,nan,3.891050583657617960e-03,nan,-1.867704280155635388e-02,nan,nan,nan,nan,nan,6.225680933852184747e-03,nan,nan,nan,nan,nan,nan,nan,nan,nan,nan,nan,1.556420233463051608e-03,nan,nan,nan,nan,-1.089494163424120643e-02,nan,0.000000000000000000e+00,nan,nan,nan,nan,nan,nan,nan,nan,-1.245136186770423592e-02,nan,nan,nan,nan,nan,nan,nan,nan,nan,nan,nan,nan,nan,nan,nan,nan,-1.089494163424120643e-02,nan,1.556420233463051608e-03,nan
nan,nan,nan,nan,nan,1.328413284132841030e-02,-4.428044280442788687e-03,nan,nan,nan,nan,nan,nan,-7.380073800737685158e-04,nan,nan,nan,nan,nan,nan,nan,1.107011070110701725e-02,nan,nan,nan,nan,nan,nan,nan,nan,nan,0.000000000000000000e+00,nan,nan,nan,nan,nan,nan,nan,-5.166051660516579429e-03,nan,nan,nan,nan,nan,nan,nan,nan,nan,-2.140221402214019866e-02,nan,nan,nan,nan,nan,nan,nan,9.594095940959390667e-03,nan,-1.476014760147601433e-02,2.214022140221439013e-03
nan,nan,1.568627450980395605e-02,nan,nan,nan,-7.843137254901933354e-04,nan,nan,nan,nan,nan,nan,8.627450980392147722e-03,nan,nan,nan,nan,nan,nan,9.411764705882386811e-03,nan,nan,nan,nan,nan,nan,nan,nan,nan,nan,0.000000000000000000e+00,nan,nan,nan,nan,nan,nan,nan,nan,nan,nan,nan,nan,nan,nan,nan,nan,-3.137254901960773341e-03,-7.843137254901932920e-03,nan,nan,-8.627450980392126906e-03,nan,nan,nan,nan,3.921568627450966460e-03,nan,3.921568627450966460e-03,nan
