nan,6.186440677966105472e-02,4.915254237288137901e-02,nan,nan,nan,nan,nan,nan,nan,nan,1.779661016949156752e-02,nan,nan,nan,nan,0.000000000000000000e+00,nan,5.084745762711895267e-03,nan,nan,nan,2.203389830508477656e-02,nan,nan,nan,nan,nan,nan,nan,1.271186440677971562e-02,nan,nan,nan,nan,nan,nan,nan,nan,nan,nan,nan,nan,0.000000000000000000e+00,nan,0.000000000000000000e+00,nan,-1.610169491525419508e-02,nan,nan,nan,nan,nan,nan,nan,nan,nan,nan,nan,nan,nan
nan,nan,nan,nan,nan,nan,nan,-1.626016260162603880e-02,nan,7.317073170731691265e-03,nan,4.878048780487809211e-03,nan,nan,nan,nan,0.000000000000000000e+00,nan,7.317073170731691265e-03,nan,nan,nan,nan,nan,nan,nan,nan,nan,nan,nan,-6.504065040650419509e-03,nan,nan,nan,nan,nan,3.414634146341462284e-02,nan,nan,nan,nan,nan,nan,0.000000000000000000e+00,nan,0.000000000000000000e+00,nan,8.130081300812940902e-04,nan,nan,nan,nan,nan,nan,nan,nan,nan,nan,nan,nan,nan
nan,nan,nan,nan,nan,nan,nan,-1.224489795918368672e-02,nan,nan,nan,1.142857142857140948e-02,nan,nan,nan,nan,0.000000000000000000e+00,nan,-5.714285714285716015e-03,nan,nan,nan,1.004081632653061051e-01,nan,nan,nan,nan,nan,nan,nan,2.285714285714286406e-02,nan,nan,nan,nan,nan,nan,nan,nan,nan,nan,nan,nan,0.000000000000000000e+00,nan,0.000000000000000000e+00,nan,-2.448979591836741940e-03,nan,nan,nan,nan,nan,-2.122448979591837898e-02,nan,nan,nan,nan,nan,nan,nan
nan,3.543307086614169016e-02,nan,nan,nan,nan,nan,2.519685039370074195e-02,nan,nan,nan,1.574803149606296372e-03,nan,nan,nan,nan,0.000000000000000000e+00,nan,-9.448818897637845451e-03,nan,nan,nan,3.937007874015696803e-03,nan,nan,nan,nan,nan,nan,nan,nan,nan,nan,nan,nan,nan,nan,nan,nan,nan,nan,nan,nan,0.000000000000000000e+00,nan,0.000000000000000000e+00,nan,-1.574803149606318706e-03,nan,nan,nan,nan,nan,nan,nan,nan,nan,nan,nan,nan,4.566929133858262102e-02
nan,1.714285714285714718e-02,nan,nan,nan,nan,nan,-1.795918367346938105e-02,nan,nan,nan,5.714285714285760251e-03,nan,nan,nan,nan,0.000000000000000000e+00,nan,4.897959183673483881e-03,nan,nan,nan,nan,nan,nan,nan,nan,nan,nan,nan,nan,nan,nan,nan,nan,nan,2.530612244897958302e-02,nan,nan,nan,nan,nan,nan,0.000000000000000000e+00,nan,0.000000000000000000e+00,nan,-4.897959183673483881e-03,nan,nan,nan,nan,nan,nan,nan,nan,nan,nan,nan,nan,2.204081632653060938e-02
nan,1.721311475409830274e-02,nan,nan,nan,nan,nan,2.950819672131142074e-02,nan,nan,nan,-8.196721311475752437e-04,nan,nan,nan,nan,0.000000000000000000e+00,nan,1.639344262295061583e-03,nan,nan,nan,8.196721311474863391e-04,nan,nan,nan,nan,nan,nan,nan,3.278688524590123166e-03,nan,nan,nan,nan,nan,nan,nan,nan,nan,nan,nan,nan,0.000000000000000000e+00,nan,0.000000000000000000e+00,nan,-3.278688524590189952e-03,nan,nan,nan,nan,nan,nan,nan,nan,nan,nan,nan,nan,nan
nan,nan,nan,nan,nan,nan,nan,nan,nan,1.937984496124025430e-02,nan,1.162790697674414078e-02,nan,nan,nan,nan,0.000000000000000000e+00,nan,1.317829457364336730e-02,nan,nan,nan,1.550387596899227604e-03,nan,nan,nan,nan,nan,nan,nan,3.100775193798433089e-03,nan,nan,nan,nan,nan,3.100775193798446100e-02,nan,nan,nan,nan,nan,nan,0.000000000000000000e+00,nan,0.000000000000000000e+00,nan,-6.201550387596932098e-03,nan,nan,nan,nan,nan,nan,nan,nan,nan,nan,nan,nan,nan
nan,nan,nan,nan,nan,nan,nan,nan,nan,1.600000000000001421e-02,nan,8.000000000000006889e-04,nan,nan,nan,nan,0.000000000000000000e+00,nan,4.000000000000003553e-03,nan,nan,nan,-1.760000000000001494e-02,nan,nan,nan,nan,nan,nan,nan,nan,nan,nan,nan,nan,nan,2.080000000000001986e-02,nan,nan,nan,nan,nan,nan,0.000000000000000000e+00,nan,0.000000000000000000e+00,nan,-8.000000000000007105e-03,nan,nan,nan,nan,-3.440000000000002778e-02,nan,nan,nan,nan,nan,nan,nan,nan
nan,-1.297709923664127664e-02,nan,nan,nan,nan,nan,nan,nan,1.679389312977095511e-02,nan,2.137404580152668654e-02,nan,nan,nan,nan,0.000000000000000000e+00,nan,3.053435114503777296e-03,nan,nan,nan,1.526717557251844413e-03,nan,nan,nan,nan,nan,nan,nan,nan,nan,nan,nan,nan,nan,3.435114503816787124e-02,nan,nan,nan,nan,nan,nan,0.000000000000000000e+00,nan,0.000000000000000000e+00,nan,-2.824427480916036348e-02,nan,nan,nan,nan,nan,nan,nan,nan,nan,nan,nan,nan,nan
nan,-2.222222222222218838e-02,nan,nan,nan,nan,nan,nan,nan,1.072796934865902739e-02,nan,2.222222222222223348e-02,nan,nan,nan,nan,0.000000000000000000e+00,nan,4.597701149425303772e-03,nan,nan,nan,nan,nan,nan,nan,nan,nan,nan,nan,1.685823754789275014e-02,nan,nan,nan,nan,nan,4.214559386973182331e-02,nan,nan,nan,nan,nan,nan,0.000000000000000000e+00,nan,0.000000000000000000e+00,nan,-6.896551724137900581e-03,nan,nan,nan,nan,nan,nan,nan,nan,nan,nan,nan,nan,nan
nan,7.003891050583699492e-03,nan,nan,nan,nan,nan,nan,nan,nan,nan,4.669260700389132705e-03,nan,nan,nan,nan,0.000000000000000000e+00,nan,2.334630350194566353e-03,nan,nan,nan,2.178988326848252388e-02,nan,nan,nan,nan,nan,nan,nan,-4.669260700389088470e-03,nan,nan,nan,nan,nan,5.447470817120625766e-03,nan,nan,nan,nan,nan,nan,0.000000000000000000e+00,nan,0.000000000000000000e+00,nan,3.891050583657573725e-03,nan,nan,nan,nan,nan,nan,nan,nan,nan,nan,nan,nan,nan
nan,-1.501976284584982668e-02,nan,nan,nan,nan,nan,nan,nan,1.581027667984202714e-03,nan,7.905138339920925530e-03,nan,nan,nan,nan,0.000000000000000000e+00,nan,6.324110671936722383e-03,nan,nan,nan,nan,nan,nan,nan,nan,nan,nan,nan,7.114624505928812681e-03,nan,nan,nan,nan,nan,nan,nan,nan,nan,nan,nan,nan,0.000000000000000000e+00,nan,0.000000000000000000e+00,nan,-2.371541501976315129e-03,nan,nan,nan,nan,-2.213438735177868447e-02,nan,nan,nan,nan,nan,nan,nan,nan
nan,nan,nan,nan,nan,nan,nan,nan,nan,1.133603238866403087e-02,nan,6.477732793522305958e-03,nan,nan,nan,nan,0.000000000000000000e+00,nan,-2.429149797570784395e-03,nan,nan,nan,1.133603238866400832e-02,nan,nan,nan,nan,nan,nan,nan,2.348178137651826120e-02,nan,nan,nan,nan,nan,3.238866396761139882e-02,nan,nan,nan,nan,nan,nan,0.000000000000000000e+00,nan,0.000000000000000000e+00,nan,-5.668016194331926098e-03,nan,nan,nan,nan,nan,nan,nan,nan,nan,nan,nan,nan,nan
nan,nan,nan,nan,nan,nan,nan,nan,nan,2.442748091603057572e-02,nan,-9.160305343511443779e-03,nan,nan,nan,nan,0.000000000000000000e+00,nan,4.122137404580159675e-02,nan,nan,nan,-9.923664122137364901e-03,nan,nan,nan,nan,nan,nan,nan,-1.526717557251888648e-03,nan,nan,nan,nan,nan,5.038167938931299716e-02,nan,nan,nan,nan,nan,nan,0.000000000000000000e+00,nan,0.000000000000000000e+00,nan,-3.053435114503777296e-03,nan,nan,nan,nan,nan,nan,nan,nan,nan,nan,nan,nan,nan
nan,3.983739837398379141e-02,nan,nan,nan,nan,nan,2.357723577235775261e-02,nan,2.357723577235775261e-02,nan,4.065040650406537455e-03,nan,nan,nan,nan,0.000000000000000000e+00,nan,-2.439024390243882488e-03,nan,nan,nan,nan,nan,nan,nan,nan,nan,nan,nan,nan,nan,nan,nan,nan,nan,3.252032520325221030e-03,nan,nan,nan,nan,nan,nan,0.000000000000000000e+00,nan,0.000000000000000000e+00,nan,4.065040650406559139e-03,nan,nan,nan,nan,nan,nan,nan,nan,nan,nan,nan,nan,nan
nan,nan,nan,nan,nan,nan,nan,nan,nan,nan,nan,1.181434599156121548e-02,nan,nan,nan,nan,0.000000000000000000e+00,nan,nan,nan,nan,7.594936708860799968e-03,-1.856540084388182826e-02,nan,nan,nan,nan,nan,nan,nan,1.434599156118145959e-02,3.122362869198316154e-02,nan,nan,nan,nan,nan,nan,nan,nan,nan,nan,nan,0.000000000000000000e+00,nan,0.000000000000000000e+00,nan,3.628691983122367404e-02,nan,nan,nan,nan,nan,-3.291139240506328612e-02,nan,nan,nan,nan,nan,nan,nan
nan,3.241106719367588263e-02,nan,nan,nan,nan,nan,nan,nan,5.533596837944661229e-02,nan,1.106719367588928672e-02,nan,nan,nan,nan,0.000000000000000000e+00,nan,1.581027667984114026e-03,nan,nan,nan,nan,nan,nan,nan,nan,nan,nan,nan,-1.897233201581029899e-02,nan,nan,nan,nan,nan,5.533596837944661229e-02,nan,nan,nan,nan,nan,nan,0.000000000000000000e+00,nan,0.000000000000000000e+00,nan,-1.027667984189728489e-02,nan,nan,nan,nan,nan,nan,nan,nan,nan,nan,nan,nan,nan
nan,nan,nan,nan,nan,nan,nan,nan,nan,6.451612903225800374e-03,nan,-5.645161290322575978e-03,nan,nan,nan,nan,0.000000000000000000e+00,nan,-7.258064516129025638e-03,nan,nan,nan,8.064516129032250468e-04,nan,nan,nan,nan,nan,nan,nan,-8.064516129032250468e-04,nan,nan,nan,nan,nan,-4.838709677419350715e-03,nan,nan,nan,nan,nan,nan,0.000000000000000000e+00,nan,0.000000000000000000e+00,nan,1.612903225806450094e-03,nan,nan,nan,nan,nan,nan,nan,nan,nan,nan,nan,nan,nan
nan,nan,nan,nan,nan,nan,nan,-1.550387596899227560e-02,nan,1.550387596899220968e-02,nan,5.426356589147252052e-03,nan,nan,nan,nan,0.000000000000000000e+00,nan,-7.751937984496137801e-03,nan,nan,nan,2.248062015503868999e-02,nan,nan,nan,nan,nan,nan,nan,nan,nan,nan,nan,nan,nan,4.031007751937983052e-02,nan,nan,nan,nan,nan,nan,0.000000000000000000e+00,nan,0.000000000000000000e+00,nan,-2.558139534883725405e-02,nan,nan,nan,nan,nan,nan,nan,nan,nan,nan,nan,nan,nan
nan,-3.347280334728064497e-03,nan,nan,nan,nan,nan,nan,nan,4.016736401673637324e-02,nan,5.020920502092018900e-03,nan,nan,nan,nan,0.000000000000000000e+00,nan,5.020920502092018900e-03,nan,nan,nan,9.205020920502038698e-03,nan,nan,nan,nan,nan,nan,nan,nan,nan,nan,nan,nan,nan,1.841004184100414331e-02,nan,nan,nan,nan,nan,nan,0.000000000000000000e+00,nan,0.000000000000000000e+00,nan,-1.338912133891216952e-02,nan,nan,nan,nan,nan,nan,nan,nan,nan,nan,nan,nan,nan
nan,1.406250000000000035e-02,nan,nan,nan,nan,nan,nan,nan,1.328124999999999965e-02,nan,5.468749999999999653e-03,nan,nan,nan,nan,0.000000000000000000e+00,nan,nan,nan,nan,nan,3.906250000000000000e-02,nan,nan,nan,nan,nan,nan,nan,3.125000000000000173e-03,nan,nan,nan,nan,nan,4.531249999999999861e-02,nan,nan,nan,nan,nan,nan,0.000000000000000000e+00,nan,0.000000000000000000e+00,nan,7.812500000000000434e-04,nan,nan,nan,nan,nan,nan,nan,nan,nan,nan,nan,nan,nan
nan,nan,nan,nan,nan,nan,nan,nan,nan,1.338582677165358649e-02,nan,6.299212598425208039e-03,nan,nan,nan,nan,0.000000000000000000e+00,nan,0.000000000000000000e+00,nan,nan,nan,-3.070866141732277871e-02,nan,nan,nan,nan,nan,nan,nan,1.181102362204726822e-02,nan,nan,nan,nan,nan,nan,nan,nan,nan,nan,nan,nan,0.000000000000000000e+00,nan,0.000000000000000000e+00,nan,-2.283464566929129663e-02,nan,nan,nan,nan,nan,-5.669291338582673617e-02,nan,nan,nan,nan,nan,nan,nan
nan,nan,nan,nan,nan,nan,nan,nan,nan,4.296875000000000000e-02,nan,3.281250000000000139e-02,nan,nan,nan,nan,0.000000000000000000e+00,nan,2.343749999999999913e-03,nan,nan,nan,5.546874999999999722e-02,nan,nan,nan,nan,nan,nan,nan,2.109375000000000139e-02,nan,nan,nan,nan,nan,1.953125000000000000e-02,nan,nan,nan,nan,nan,nan,0.000000000000000000e+00,nan,0.000000000000000000e+00,nan,-7.031250000000000173e-03,nan,nan,nan,nan,nan,nan,nan,nan,nan,nan,nan,nan,nan
nan,4.076923076923077982e-02,nan,nan,nan,nan,nan,nan,nan,nan,nan,3.846153846153832490e-03,nan,nan,nan,nan,0.000000000000000000e+00,nan,-4.615384615384643570e-03,nan,nan,nan,1.923076923076922837e-02,nan,nan,nan,nan,nan,nan,nan,2.220446049250313204e-17,nan,nan,nan,nan,nan,nan,nan,nan,nan,nan,nan,nan,0.000000000000000000e+00,nan,0.000000000000000000e+00,nan,-7.692307692307887457e-04,nan,nan,nan,nan,nan,nan,nan,nan,nan,nan,nan,nan,3.076923076923077094e-02
nan,nan,nan,nan,nan,nan,nan,-1.221374045801524276e-02,nan,1.755725190839696470e-02,nan,1.603053435114505307e-02,nan,nan,nan,nan,0.000000000000000000e+00,nan,1.526717557251910983e-03,nan,nan,nan,-3.816793893129721837e-03,nan,nan,nan,nan,nan,nan,nan,nan,nan,nan,nan,nan,nan,2.671755725190840675e-02,nan,nan,nan,nan,nan,nan,0.000000000000000000e+00,nan,0.000000000000000000e+00,nan,-1.068702290076331031e-02,nan,nan,nan,nan,nan,nan,nan,nan,nan,nan,nan,nan,nan
nan,-6.083650190114054182e-03,nan,nan,nan,nan,nan,nan,nan,3.802281368821325280e-03,nan,1.064638783269962127e-02,nan,nan,nan,nan,0.000000000000000000e+00,nan,3.802281368821303163e-03,nan,nan,nan,1.825095057034222673e-02,nan,nan,nan,nan,nan,nan,nan,nan,nan,nan,nan,nan,nan,4.486692015209128165e-02,nan,nan,nan,nan,nan,nan,0.000000000000000000e+00,nan,0.000000000000000000e+00,nan,-2.281368821292773137e-03,nan,nan,nan,nan,nan,nan,nan,nan,nan,nan,nan,nan,nan
nan,nan,nan,nan,nan,nan,nan,2.220446049250313204e-17,nan,4.743083003952564339e-03,nan,9.486166007905149494e-03,nan,nan,nan,nan,0.000000000000000000e+00,nan,-1.581027667984158478e-03,nan,nan,nan,1.422924901185771383e-02,nan,nan,nan,nan,nan,nan,nan,-7.905138339920968898e-03,nan,nan,nan,nan,nan,nan,nan,nan,nan,nan,nan,nan,0.000000000000000000e+00,nan,0.000000000000000000e+00,nan,-1.501976284584980413e-02,nan,nan,nan,nan,nan,nan,nan,nan,nan,nan,nan,nan,nan
nan,nan,5.080645161290318207e-02,nan,nan,nan,nan,7.258064516129025638e-03,nan,nan,nan,nan,nan,nan,nan,nan,0.000000000000000000e+00,nan,nan,nan,nan,3.064516129032255481e-02,-1.612903225806450094e-03,nan,nan,nan,nan,nan,nan,nan,2.419354838709675357e-03,2.016129032258062725e-02,nan,nan,nan,nan,nan,nan,nan,nan,nan,nan,nan,0.000000000000000000e+00,nan,0.000000000000000000e+00,nan,2.016129032258062725e-02,nan,nan,nan,nan,nan,nan,nan,nan,nan,nan,nan,nan,nan
nan,nan,nan,nan,nan,nan,nan,nan,nan,7.194244604316546270e-03,nan,1.079136690647486407e-02,nan,nan,nan,nan,0.000000000000000000e+00,nan,2.014388489208636043e-02,nan,nan,nan,3.812949640287773001e-02,nan,nan,nan,nan,nan,nan,nan,7.194244604316590505e-03,nan,nan,nan,nan,nan,nan,nan,nan,nan,nan,nan,nan,0.000000000000000000e+00,nan,0.000000000000000000e+00,nan,-1.079136690647479815e-02,nan,nan,nan,nan,nan,-3.237410071942443957e-02,nan,nan,nan,nan,nan,nan,nan
nan,nan,nan,nan,nan,nan,nan,6.451612903225800374e-03,nan,4.838709677419350715e-03,nan,7.258064516129025638e-03,nan,nan,nan,nan,0.000000000000000000e+00,nan,1.612903225806450094e-03,nan,nan,nan,nan,nan,nan,nan,nan,nan,nan,nan,1.612903225806450180e-02,nan,nan,nan,nan,nan,5.645161290322575978e-03,nan,nan,nan,nan,nan,nan,0.000000000000000000e+00,nan,0.000000000000000000e+00,nan,8.870967741935475298e-03,nan,nan,nan,nan,nan,nan,nan,nan,nan,nan,nan,nan,nan
nan,3.252032520325205678e-02,nan,nan,nan,nan,nan,1.219512195121950048e-02,nan,nan,nan,-1.382113821138208909e-02,nan,nan,nan,nan,0.000000000000000000e+00,nan,2.220446049250313204e-17,nan,nan,nan,nan,nan,nan,nan,nan,nan,nan,nan,1.626016260162632633e-03,nan,nan,nan,nan,nan,nan,nan,nan,nan,nan,nan,nan,0.000000000000000000e+00,nan,0.000000000000000000e+00,nan,-1.219512195121950048e-02,nan,nan,nan,nan,nan,nan,nan,nan,nan,nan,nan,nan,4.471544715447155205e-02
nan,nan,nan,nan,nan,nan,nan,-1.686746987951808288e-02,nan,nan,nan,4.819277108433728425e-03,nan,nan,nan,nan,0.000000000000000000e+00,nan,nan,nan,nan,nan,-2.409638554216866208e-02,nan,nan,nan,nan,nan,nan,nan,-1.445783132530120696e-02,nan,nan,nan,nan,nan,1.204819277108433104e-02,nan,nan,nan,nan,nan,nan,0.000000000000000000e+00,nan,0.000000000000000000e+00,nan,-7.228915662650603480e-03,nan,nan,nan,nan,nan,-6.104417670682728975e-02,nan,nan,nan,nan,nan,nan,nan
nan,nan,nan,nan,nan,nan,nan,3.187250996015933337e-03,nan,2.868525896414340220e-02,nan,8.764940239043816569e-03,nan,nan,nan,nan,0.000000000000000000e+00,nan,7.171314741035850551e-03,nan,nan,nan,2.310756972111551594e-02,nan,nan,nan,nan,nan,nan,nan,nan,nan,nan,nan,nan,nan,nan,nan,nan,nan,nan,nan,nan,0.000000000000000000e+00,nan,0.000000000000000000e+00,nan,-1.035856573705178432e-02,nan,nan,nan,nan,nan,-5.816733067729087242e-02,nan,nan,nan,nan,nan,nan,nan
nan,nan,nan,nan,nan,nan,nan,nan,nan,nan,nan,nan,nan,nan,nan,-7.874015748031482076e-03,0.000000000000000000e+00,nan,nan,nan,nan,1.338582677165354139e-02,3.779527559055115976e-02,nan,nan,nan,nan,nan,nan,nan,0.000000000000000000e+00,4.724409448818891327e-02,nan,-9.448818897637822900e-03,nan,nan,nan,nan,nan,nan,nan,nan,nan,0.000000000000000000e+00,nan,0.000000000000000000e+00,nan,3.307086614173224831e-02,nan,nan,nan,nan,nan,nan,nan,nan,nan,nan,nan,nan,nan
nan,nan,nan,nan,nan,nan,nan,-4.838709677419350715e-03,nan,7.258064516129025638e-03,nan,2.096774193548385165e-02,nan,nan,nan,nan,0.000000000000000000e+00,nan,-4.838709677419350715e-03,nan,nan,nan,1.532258064516127741e-02,nan,nan,nan,nan,nan,nan,nan,-5.645161290322575978e-03,nan,nan,nan,nan,nan,nan,nan,nan,nan,nan,nan,nan,0.000000000000000000e+00,nan,0.000000000000000000e+00,nan,-5.645161290322575978e-03,nan,nan,nan,nan,nan,nan,nan,nan,nan,nan,nan,nan,nan
nan,nan,nan,nan,nan,nan,nan,nan,nan,3.255813953488377599e-02,nan,1.860465116279073211e-02,nan,nan,nan,nan,0.000000000000000000e+00,nan,5.426356589147296287e-03,nan,nan,nan,2.480620155038764166e-02,nan,nan,nan,nan,nan,nan,nan,1.317829457364343496e-02,nan,nan,nan,nan,nan,2.403100775193802580e-02,nan,nan,nan,nan,nan,nan,0.000000000000000000e+00,nan,0.000000000000000000e+00,nan,-8.527131782945684274e-03,nan,nan,nan,nan,nan,nan,nan,nan,nan,nan,nan,nan,nan
nan,nan,nan,nan,nan,nan,nan,nan,nan,9.266409266409226034e-03,nan,7.722007722007706793e-04,nan,nan,nan,nan,0.000000000000000000e+00,nan,-3.861003861003875406e-03,nan,nan,nan,3.088803088803038048e-03,nan,nan,nan,nan,nan,nan,nan,7.722007722007262270e-04,nan,nan,nan,nan,nan,4.401544401544397328e-02,nan,nan,nan,nan,nan,nan,0.000000000000000000e+00,nan,0.000000000000000000e+00,nan,-1.081081081081083396e-02,nan,nan,nan,nan,nan,nan,nan,nan,nan,nan,nan,nan,nan
nan,5.622489959839294463e-03,nan,nan,nan,nan,nan,-3.132530120481931413e-02,nan,nan,nan,-9.638554216867545321e-03,nan,nan,nan,nan,0.000000000000000000e+00,nan,1.606425702811198428e-03,nan,nan,nan,4.819277108433705874e-03,nan,nan,nan,nan,nan,nan,nan,nan,nan,nan,nan,nan,nan,nan,nan,nan,nan,nan,nan,nan,0.000000000000000000e+00,nan,0.000000000000000000e+00,nan,-1.445783132530122951e-02,nan,nan,nan,nan,nan,nan,nan,nan,nan,nan,nan,nan,7.228915662650536693e-03
nan,nan,3.112840466926065572e-02,nan,nan,nan,nan,-1.556420233463036082e-02,nan,nan,nan,2.334630350194544235e-03,nan,nan,nan,nan,0.000000000000000000e+00,nan,nan,nan,nan,nan,-2.957198443579769215e-02,nan,nan,nan,nan,nan,nan,nan,6.225680933852117960e-03,nan,nan,nan,nan,nan,nan,nan,nan,nan,nan,nan,nan,0.000000000000000000e+00,nan,0.000000000000000000e+00,nan,-1.712062256809341459e-02,nan,nan,nan,nan,nan,-3.657587548638130404e-02,nan,nan,nan,nan,nan,nan,nan
nan,nan,5.520000000000002682e-02,nan,nan,nan,nan,nan,nan,1.120000000000001029e-02,nan,6.400000000000005511e-03,nan,nan,nan,nan,0.000000000000000000e+00,nan,7.200000000000006742e-03,nan,nan,nan,1.200000000000001066e-02,nan,nan,nan,nan,nan,nan,nan,1.440000000000001348e-02,nan,nan,nan,nan,nan,nan,nan,nan,nan,nan,nan,nan,0.000000000000000000e+00,nan,0.000000000000000000e+00,nan,-4.000000000000003553e-03,nan,nan,nan,nan,nan,nan,nan,nan,nan,nan,nan,nan,nan
nan,nan,nan,nan,nan,nan,nan,4.000000000000026104e-03,nan,1.920000000000001567e-02,nan,-8.000000000000006889e-04,nan,nan,nan,nan,0.000000000000000000e+00,nan,-1.440000000000001348e-02,nan,nan,nan,2.960000000000002560e-02,nan,nan,nan,nan,nan,nan,nan,2.240000000000002059e-02,nan,nan,nan,nan,nan,nan,nan,nan,nan,nan,nan,nan,0.000000000000000000e+00,nan,0.000000000000000000e+00,nan,0.000000000000000000e+00,nan,nan,nan,nan,nan,nan,nan,nan,nan,nan,nan,nan,nan
nan,nan,nan,nan,nan,nan,nan,-1.214574898785420951e-02,nan,7.287449392712597347e-03,nan,1.133603238866398577e-02,nan,nan,nan,nan,0.000000000000000000e+00,nan,-7.287449392712508009e-03,nan,nan,nan,-1.619433198380537675e-03,nan,nan,nan,nan,nan,nan,nan,3.238866396761186373e-03,nan,nan,nan,nan,nan,nan,nan,nan,nan,nan,nan,nan,0.000000000000000000e+00,nan,0.000000000000000000e+00,nan,6.477732793522305958e-03,nan,nan,nan,nan,nan,nan,nan,nan,nan,nan,nan,nan,nan
nan,nan,nan,nan,nan,nan,nan,-2.996254681647969684e-03,nan,-5.992509363295895133e-03,nan,-2.996254681647947567e-03,nan,nan,nan,nan,0.000000000000000000e+00,nan,-2.247191011235960458e-03,nan,nan,nan,3.295880149812733390e-02,nan,nan,nan,nan,nan,nan,nan,2.247191011235953953e-02,nan,nan,nan,nan,nan,nan,nan,nan,nan,nan,nan,nan,0.000000000000000000e+00,nan,0.000000000000000000e+00,nan,4.494382022471920916e-03,nan,nan,nan,nan,nan,nan,nan,nan,nan,nan,nan,nan,nan
nan,3.505976095617537730e-02,nan,nan,nan,nan,nan,2.470119521912357216e-02,nan,1.673306772908371778e-02,nan,1.035856573705187279e-02,nan,nan,nan,nan,0.000000000000000000e+00,nan,1.195219123505983881e-02,nan,nan,nan,nan,nan,nan,nan,nan,nan,nan,nan,nan,nan,nan,nan,nan,nan,3.984063745019939332e-03,nan,nan,nan,nan,nan,nan,0.000000000000000000e+00,nan,0.000000000000000000e+00,nan,-7.968127490039389905e-04,nan,nan,nan,nan,nan,nan,nan,nan,nan,nan,nan,nan,nan
nan,nan,nan,nan,nan,nan,nan,nan,nan,4.279835390946500062e-02,nan,5.761316872428002070e-03,nan,nan,nan,nan,0.000000000000000000e+00,nan,8.230452674897303488e-04,nan,nan,nan,nan,nan,nan,nan,nan,nan,nan,nan,6.584362139917710084e-03,nan,nan,nan,nan,nan,5.267489711934156965e-02,nan,nan,nan,nan,nan,nan,0.000000000000000000e+00,nan,0.000000000000000000e+00,nan,-1.810699588477364744e-02,nan,nan,nan,nan,8.230452674897082311e-04,nan,nan,nan,nan,nan,nan,nan,nan
nan,nan,nan,nan,nan,nan,nan,-2.301587301587304513e-02,nan,3.809523809523809174e-02,nan,1.587301587301537210e-03,nan,nan,nan,nan,0.000000000000000000e+00,nan,nan,nan,nan,nan,1.587301587301537210e-03,nan,nan,nan,nan,nan,nan,nan,-6.349206349206393436e-03,nan,nan,nan,nan,nan,1.587301587301581662e-02,nan,nan,nan,nan,nan,nan,0.000000000000000000e+00,nan,0.000000000000000000e+00,nan,1.587301587301581662e-02,nan,nan,nan,nan,nan,nan,nan,nan,nan,nan,nan,nan,nan
nan,2.625482625482622456e-02,nan,nan,nan,nan,nan,nan,nan,1.081081081081078886e-02,nan,1.776061776061772443e-02,nan,nan,nan,nan,0.000000000000000000e+00,nan,1.235521235521233087e-02,nan,nan,nan,3.474903474903472123e-02,nan,nan,nan,nan,nan,nan,nan,-5.405405405405394430e-03,nan,nan,nan,nan,nan,nan,nan,nan,nan,nan,nan,nan,0.000000000000000000e+00,nan,0.000000000000000000e+00,nan,-7.722007722007729127e-03,nan,nan,nan,nan,nan,nan,nan,nan,nan,nan,nan,nan,nan
nan,nan,nan,nan,nan,nan,nan,nan,nan,4.048582995951432659e-03,nan,-1.214574898785427716e-02,nan,nan,nan,nan,0.000000000000000000e+00,nan,-8.097165991902821949e-03,nan,nan,nan,nan,nan,nan,nan,nan,nan,nan,nan,8.097165991902910637e-04,nan,nan,nan,nan,nan,3.724696356275303266e-02,nan,nan,nan,nan,nan,nan,0.000000000000000000e+00,nan,0.000000000000000000e+00,nan,-1.052631578947369438e-02,nan,nan,nan,nan,-3.724696356275305348e-02,nan,nan,nan,nan,nan,nan,nan,nan
nan,nan,nan,nan,nan,nan,nan,nan,nan,7.142857142857094929e-03,nan,6.349206349206326649e-03,nan,nan,nan,nan,0.000000000000000000e+00,nan,1.587301587301581662e-02,nan,nan,nan,1.190476190476186247e-02,nan,nan,nan,nan,nan,nan,nan,6.349206349206259863e-03,nan,nan,nan,nan,nan,2.857142857142851503e-02,nan,nan,nan,nan,nan,nan,0.000000000000000000e+00,nan,0.000000000000000000e+00,nan,-2.380952380952416729e-03,nan,nan,nan,nan,nan,nan,nan,nan,nan,nan,nan,nan,nan
nan,nan,nan,nan,nan,nan,nan,-2.499999999999946709e-03,nan,4.166666666666696099e-03,nan,2.416666666666669044e-02,nan,nan,nan,nan,0.000000000000000000e+00,nan,-2.499999999999968827e-03,nan,nan,nan,7.500000000000039621e-03,nan,nan,nan,nan,nan,nan,nan,nan,nan,nan,nan,nan,nan,5.000000000000004441e-03,nan,nan,nan,nan,nan,nan,0.000000000000000000e+00,nan,0.000000000000000000e+00,nan,2.500000000000035614e-03,nan,nan,nan,nan,nan,nan,nan,nan,nan,nan,nan,nan,nan
nan,nan,nan,nan,nan,nan,nan,nan,nan,3.388429752066111217e-02,nan,1.404958677685945803e-02,nan,nan,nan,nan,0.000000000000000000e+00,nan,9.090909090909060977e-03,nan,nan,nan,2.148760330578507530e-02,nan,nan,nan,nan,nan,nan,nan,1.074380165289252551e-02,nan,nan,nan,nan,nan,2.892561983471069256e-02,nan,nan,nan,nan,nan,nan,0.000000000000000000e+00,nan,0.000000000000000000e+00,nan,-2.479338842975242763e-03,nan,nan,nan,nan,nan,nan,nan,nan,nan,nan,nan,nan,nan
nan,nan,nan,nan,nan,nan,nan,nan,nan,1.376518218623488075e-02,nan,4.858299595141724048e-03,nan,nan,nan,nan,0.000000000000000000e+00,nan,5.668016194332015437e-03,nan,nan,nan,3.886639676113366054e-02,nan,nan,nan,nan,nan,nan,nan,1.214574898785429971e-02,nan,nan,nan,nan,nan,2.591093117408911281e-02,nan,nan,nan,nan,nan,nan,0.000000000000000000e+00,nan,0.000000000000000000e+00,nan,-5.668016194331948650e-03,nan,nan,nan,nan,nan,nan,nan,nan,nan,nan,nan,nan,nan
nan,nan,nan,nan,nan,nan,nan,-1.333333333333328562e-02,nan,1.333333333333337409e-02,nan,7.407407407407440650e-03,nan,nan,nan,nan,0.000000000000000000e+00,nan,1.481481481481485875e-02,nan,nan,nan,-1.111111111111107164e-02,nan,nan,nan,nan,nan,nan,nan,nan,nan,nan,nan,nan,nan,3.777777777777781981e-02,nan,nan,nan,nan,nan,nan,0.000000000000000000e+00,nan,0.000000000000000000e+00,nan,-5.185185185185159015e-03,nan,nan,nan,nan,nan,nan,nan,nan,nan,nan,nan,nan,nan
nan,nan,nan,nan,nan,nan,nan,-4.878048780487853446e-03,nan,nan,nan,-6.504065040650442060e-03,nan,nan,nan,nan,0.000000000000000000e+00,nan,8.130081300812497464e-04,nan,nan,nan,2.276422764227638978e-02,nan,nan,nan,nan,nan,nan,nan,-1.463414634146345018e-02,nan,nan,nan,nan,nan,nan,nan,nan,nan,nan,nan,nan,0.000000000000000000e+00,nan,0.000000000000000000e+00,nan,-7.317073170731713816e-03,nan,nan,nan,nan,-6.504065040650419509e-03,nan,nan,nan,nan,nan,nan,nan,nan
nan,8.943089430894279879e-03,nan,nan,nan,nan,nan,nan,nan,-9.756097560975663524e-03,nan,-1.219512195121956813e-02,nan,nan,nan,nan,0.000000000000000000e+00,nan,-7.317073170731758051e-03,nan,nan,nan,9.756097560975573318e-03,nan,nan,nan,nan,nan,nan,nan,nan,nan,nan,nan,nan,nan,4.878048780487764975e-03,nan,nan,nan,nan,nan,nan,0.000000000000000000e+00,nan,0.000000000000000000e+00,nan,4.878048780487786659e-03,nan,nan,nan,nan,nan,nan,nan,nan,nan,nan,nan,nan,nan
nan,nan,nan,nan,nan,nan,nan,nan,nan,-6.130268199233746169e-03,nan,-3.065134099616883927e-03,nan,nan,nan,nan,0.000000000000000000e+00,nan,-3.831417624521105125e-03,nan,nan,nan,-2.068965517241383445e-02,nan,nan,nan,nan,nan,nan,nan,-6.130268199233723618e-03,nan,nan,nan,nan,nan,1.455938697318006660e-02,nan,nan,nan,nan,nan,nan,0.000000000000000000e+00,nan,0.000000000000000000e+00,nan,-2.222222222222223348e-02,nan,nan,nan,nan,nan,nan,nan,nan,nan,nan,nan,nan,nan
nan,nan,nan,nan,nan,nan,nan,nan,nan,1.254901960784315929e-02,nan,-7.843137254901933354e-04,nan,nan,nan,nan,0.000000000000000000e+00,nan,3.137254901960773341e-03,nan,nan,nan,1.568627450980393176e-02,nan,nan,nan,nan,nan,nan,nan,-8.627450980392126906e-03,nan,nan,nan,nan,nan,2.117647058823530701e-02,nan,nan,nan,nan,nan,nan,0.000000000000000000e+00,nan,0.000000000000000000e+00,nan,-1.411764705882352297e-02,nan,nan,nan,nan,nan,nan,nan,nan,nan,nan,nan,nan,nan
nan,1.333333333333328562e-02,nan,nan,nan,nan,nan,nan,nan,8.627450980392104354e-03,nan,1.333333333333328562e-02,nan,nan,nan,nan,0.000000000000000000e+00,nan,-7.843137254902376792e-04,nan,nan,nan,9.411764705882296606e-03,nan,nan,nan,nan,nan,nan,nan,nan,nan,nan,nan,nan,nan,1.333333333333328562e-02,nan,nan,nan,nan,nan,nan,0.000000000000000000e+00,nan,0.000000000000000000e+00,nan,-1.568627450980399768e-02,nan,nan,nan,nan,nan,nan,nan,nan,nan,nan,nan,nan,nan
nan,2.412451361867711322e-02,nan,nan,nan,nan,nan,-1.945525291828786862e-02,nan,nan,nan,7.782101167315369711e-04,nan,nan,nan,nan,0.000000000000000000e+00,nan,-7.003891050583632705e-03,nan,nan,nan,-3.112840466926058980e-03,nan,nan,nan,nan,nan,nan,nan,7.782101167315214237e-03,nan,nan,nan,nan,nan,nan,nan,nan,nan,nan,nan,nan,0.000000000000000000e+00,nan,0.000000000000000000e+00,nan,5.447470817120670002e-03,nan,nan,nan,nan,nan,nan,nan,nan,nan,nan,nan,nan,nan
nan,nan,nan,nan,nan,nan,nan,nan,nan,1.360000000000001139e-02,nan,1.600000000000001378e-03,nan,nan,nan,nan,0.000000000000000000e+00,nan,-3.200000000000002755e-03,nan,nan,nan,3.920000000000003343e-02,nan,nan,nan,nan,nan,nan,nan,nan,nan,nan,nan,nan,1.600000000000023712e-03,1.120000000000001029e-02,nan,nan,nan,nan,nan,nan,0.000000000000000000e+00,nan,0.000000000000000000e+00,nan,3.200000000000002755e-03,nan,nan,nan,nan,nan,nan,nan,nan,nan,nan,nan,nan,nan
nan,nan,nan,nan,nan,nan,nan,nan,nan,8.264462809917305294e-03,nan,1.570247933884292429e-02,nan,nan,nan,nan,0.000000000000000000e+00,nan,5.785123966942107634e-03,nan,nan,nan,9.917355371900771557e-03,nan,nan,nan,nan,nan,nan,nan,1.900826446280989845e-02,nan,nan,nan,nan,nan,1.570247933884290001e-02,nan,nan,nan,nan,nan,nan,0.000000000000000000e+00,nan,0.000000000000000000e+00,nan,-2.220446049250313204e-17,nan,nan,nan,nan,nan,nan,nan,nan,nan,nan,nan,nan,nan
nan,nan,nan,nan,nan,nan,nan,-1.229508196721309544e-02,nan,1.147540983606556465e-02,nan,5.737704918032804011e-03,nan,nan,nan,nan,0.000000000000000000e+00,nan,1.229508196721311800e-02,nan,nan,nan,-5.737704918032759775e-03,nan,nan,nan,nan,nan,nan,nan,1.885245901639345106e-02,nan,nan,nan,nan,nan,nan,nan,nan,nan,nan,nan,nan,0.000000000000000000e+00,nan,0.000000000000000000e+00,nan,9.016393442622972279e-03,nan,nan,nan,nan,nan,nan,nan,nan,nan,nan,nan,nan,nan
nan,1.698841698841700026e-02,nan,nan,nan,nan,nan,6.949806949806935572e-03,nan,1.853281853281851799e-02,nan,1.312741312741310187e-02,nan,nan,nan,nan,0.000000000000000000e+00,nan,-3.861003861003853288e-03,nan,nan,nan,nan,nan,nan,nan,nan,nan,nan,nan,nan,nan,nan,nan,nan,nan,nan,nan,nan,nan,nan,nan,nan,0.000000000000000000e+00,nan,0.000000000000000000e+00,nan,-9.266409266409291953e-03,nan,nan,nan,nan,-4.555984555984558121e-02,nan,nan,nan,nan,nan,nan,nan,nan
nan,nan,nan,nan,nan,nan,nan,-2.230769230769229575e-02,nan,5.384615384615432099e-03,nan,4.615384615384665254e-03,nan,nan,nan,nan,0.000000000000000000e+00,nan,1.230769230769233023e-02,nan,nan,nan,1.153846153846158594e-02,nan,nan,nan,nan,nan,nan,nan,2.692307692307695927e-02,nan,nan,nan,nan,nan,nan,nan,nan,nan,nan,nan,nan,0.000000000000000000e+00,nan,0.000000000000000000e+00,nan,-5.384615384615343628e-03,nan,nan,nan,nan,nan,nan,nan,nan,nan,nan,nan,nan,nan
nan,nan,nan,nan,nan,nan,nan,-3.064516129032255481e-02,nan,-2.419354838709675357e-03,nan,8.064516129032250468e-04,nan,nan,nan,nan,0.000000000000000000e+00,nan,-1.370967741935482688e-02,nan,nan,nan,-4.838709677419350715e-03,nan,nan,nan,nan,nan,nan,nan,nan,nan,nan,nan,nan,nan,1.370967741935482688e-02,nan,nan,nan,nan,nan,nan,0.000000000000000000e+00,nan,0.000000000000000000e+00,nan,1.612903225806450094e-03,nan,nan,nan,nan,nan,nan,nan,nan,nan,nan,nan,nan,nan
nan,3.656716417910443884e-02,nan,nan,nan,nan,nan,1.865671641791038018e-02,nan,1.641791044776115191e-02,nan,5.223880597014884768e-03,nan,nan,nan,nan,0.000000000000000000e+00,nan,-5.223880597014974106e-03,nan,nan,nan,nan,nan,nan,nan,nan,nan,nan,nan,nan,nan,nan,nan,nan,nan,-2.985074626865702463e-03,nan,nan,nan,nan,nan,nan,0.000000000000000000e+00,nan,0.000000000000000000e+00,nan,-8.208955223880631466e-03,nan,nan,nan,nan,nan,nan,nan,nan,nan,nan,nan,nan,nan
nan,nan,nan,nan,nan,nan,nan,nan,nan,5.316455696202535691e-02,nan,1.265822784810131073e-02,nan,nan,nan,nan,0.000000000000000000e+00,nan,1.265822784810128818e-02,nan,nan,nan,1.097046413502114105e-02,nan,nan,nan,nan,nan,nan,nan,nan,nan,nan,nan,nan,nan,4.050632911392408608e-02,nan,nan,nan,nan,nan,nan,0.000000000000000000e+00,nan,0.000000000000000000e+00,nan,-1.856540084388180745e-02,nan,nan,nan,nan,nan,-5.485232067510543985e-02,nan,nan,nan,nan,nan,nan,nan
nan,nan,nan,nan,nan,nan,nan,-7.575757575757569029e-03,nan,9.090909090909104345e-03,nan,6.060606060606055397e-03,nan,nan,nan,nan,0.000000000000000000e+00,nan,-1.515151515151513849e-03,nan,nan,nan,nan,nan,nan,nan,nan,nan,nan,nan,2.272727272727270882e-03,nan,nan,nan,nan,nan,nan,nan,nan,nan,nan,nan,nan,0.000000000000000000e+00,nan,0.000000000000000000e+00,nan,1.439393939393940336e-02,nan,nan,nan,nan,-2.878787878787876162e-02,nan,nan,nan,nan,nan,nan,nan,nan
nan,nan,2.334630350194555337e-02,nan,nan,nan,nan,1.789883268482492934e-02,nan,nan,nan,1.245136186770432439e-02,nan,nan,nan,nan,0.000000000000000000e+00,nan,nan,nan,nan,nan,1.011673151750975760e-02,nan,nan,nan,nan,nan,nan,nan,2.334630350194544235e-03,nan,nan,nan,nan,nan,nan,nan,nan,nan,nan,nan,nan,0.000000000000000000e+00,nan,0.000000000000000000e+00,nan,-8.560311284046662195e-03,nan,nan,nan,nan,nan,-5.447470817120621256e-02,nan,nan,nan,nan,nan,nan,nan
nan,nan,nan,nan,nan,nan,nan,nan,nan,2.788844621513939664e-02,nan,1.593625498007966712e-02,nan,nan,nan,nan,0.000000000000000000e+00,nan,1.593625498007966669e-03,nan,nan,nan,-1.115537848605581070e-02,nan,nan,nan,nan,nan,nan,nan,2.629482071713145144e-02,nan,nan,nan,nan,nan,2.470119521912346114e-02,nan,nan,nan,nan,nan,nan,0.000000000000000000e+00,nan,0.000000000000000000e+00,nan,3.187250996015933337e-03,nan,nan,nan,nan,nan,nan,nan,nan,nan,nan,nan,nan,nan
nan,nan,nan,nan,nan,nan,nan,nan,nan,-2.240000000000002059e-02,nan,8.000000000000006889e-04,2.800000000000002487e-02,nan,nan,nan,0.000000000000000000e+00,nan,1.360000000000001139e-02,nan,nan,nan,-1.120000000000001029e-02,nan,nan,nan,nan,nan,nan,nan,nan,nan,nan,nan,nan,nan,8.800000000000007469e-03,nan,nan,nan,nan,nan,nan,0.000000000000000000e+00,nan,0.000000000000000000e+00,nan,7.200000000000006742e-03,nan,nan,nan,nan,nan,nan,nan,nan,nan,nan,nan,nan,nan
nan,nan,4.274193548387102137e-02,nan,nan,nan,nan,4.032258064516136553e-02,nan,nan,nan,6.451612903225822926e-03,nan,nan,nan,nan,0.000000000000000000e+00,nan,nan,nan,nan,nan,-1.532258064516127741e-02,nan,nan,nan,nan,nan,nan,nan,3.225806451612922739e-03,nan,nan,nan,nan,nan,nan,nan,nan,nan,nan,nan,nan,0.000000000000000000e+00,nan,0.000000000000000000e+00,nan,-2.016129032258062725e-02,nan,nan,nan,nan,nan,-5.967741935483865390e-02,nan,nan,nan,nan,nan,nan,nan
nan,nan,nan,nan,nan,nan,nan,nan,nan,6.400000000000005511e-03,nan,8.800000000000007469e-03,nan,nan,nan,nan,0.000000000000000000e+00,nan,-2.400000000000001958e-03,nan,nan,nan,4.000000000000003553e-03,nan,nan,nan,nan,nan,nan,nan,nan,nan,nan,nan,nan,nan,6.400000000000005511e-03,nan,nan,nan,nan,nan,nan,0.000000000000000000e+00,nan,0.000000000000000000e+00,nan,-1.439999999999999093e-02,nan,nan,nan,nan,nan,-2.479999999999995403e-02,nan,nan,nan,nan,nan,nan,nan
nan,5.447470817120621256e-02,nan,nan,nan,nan,nan,3.035019455252918608e-02,nan,nan,nan,1.245136186770428102e-02,nan,nan,nan,nan,0.000000000000000000e+00,nan,2.220446049250313204e-17,nan,nan,nan,1.245136186770428102e-02,nan,nan,nan,nan,nan,nan,nan,-7.782101167315147450e-04,nan,nan,nan,nan,nan,nan,nan,nan,nan,nan,nan,nan,0.000000000000000000e+00,nan,0.000000000000000000e+00,nan,4.669260700389088470e-03,nan,nan,nan,nan,nan,nan,nan,nan,nan,nan,nan,nan,nan
nan,nan,nan,nan,nan,nan,nan,8.032128514056102730e-04,nan,8.032128514056236304e-03,nan,-4.819277108433728425e-03,nan,nan,nan,nan,0.000000000000000000e+00,nan,nan,nan,nan,nan,-4.819277108433728425e-03,nan,nan,nan,nan,nan,nan,nan,nan,nan,nan,nan,nan,nan,1.606425702811220546e-03,nan,nan,nan,nan,nan,nan,0.000000000000000000e+00,nan,0.000000000000000000e+00,nan,-7.228915662650603480e-03,nan,nan,nan,nan,nan,-7.710843373493976582e-02,nan,nan,nan,nan,nan,nan,nan
nan,nan,nan,nan,nan,nan,nan,-2.352941176470601907e-03,nan,nan,nan,1.568627450980364336e-03,nan,nan,nan,nan,0.000000000000000000e+00,nan,3.137254901960728672e-03,nan,nan,nan,8.627450980392104354e-03,nan,nan,nan,nan,nan,nan,nan,-7.843137254902043942e-03,nan,nan,nan,nan,nan,1.568627450980342218e-03,nan,nan,nan,nan,nan,nan,0.000000000000000000e+00,nan,0.000000000000000000e+00,nan,-7.843137254901998839e-03,nan,nan,nan,nan,nan,nan,nan,nan,nan,nan,nan,nan,nan
nan,nan,nan,nan,nan,nan,nan,nan,nan,2.530612244897967322e-02,nan,5.714285714285782802e-03,nan,nan,nan,nan,0.000000000000000000e+00,nan,1.795918367346942615e-02,nan,nan,nan,5.061224489795923542e-02,nan,nan,nan,nan,nan,nan,nan,1.306122448979594140e-02,nan,nan,nan,nan,nan,1.632653061224491678e-02,nan,nan,nan,nan,nan,nan,0.000000000000000000e+00,nan,0.000000000000000000e+00,nan,-7.346938775510181152e-03,nan,nan,nan,nan,nan,nan,nan,nan,nan,nan,nan,nan,nan
nan,3.100775193798477325e-03,nan,nan,nan,nan,nan,nan,nan,-5.426356589147252052e-03,nan,0.000000000000000000e+00,nan,nan,nan,nan,0.000000000000000000e+00,nan,-8.527131782945706825e-03,nan,nan,nan,-1.395348837209295888e-02,nan,nan,nan,nan,nan,nan,nan,nan,nan,nan,nan,nan,nan,nan,nan,nan,nan,nan,nan,nan,0.000000000000000000e+00,nan,0.000000000000000000e+00,nan,-9.302325581395320953e-03,nan,nan,nan,nan,1.162790697674422925e-02,nan,nan,nan,nan,nan,nan,nan,nan
nan,nan,nan,nan,nan,nan,nan,-1.584905660377358000e-02,nan,nan,nan,6.037735849056646842e-03,nan,nan,nan,nan,0.000000000000000000e+00,nan,1.358490566037746580e-02,nan,nan,nan,8.301886792452872060e-03,nan,nan,nan,nan,nan,nan,nan,2.264150943396248204e-03,nan,nan,nan,nan,nan,1.509433962264161710e-02,nan,nan,nan,nan,nan,nan,0.000000000000000000e+00,nan,0.000000000000000000e+00,nan,7.547169811320797277e-03,nan,nan,nan,nan,nan,nan,nan,nan,nan,nan,nan,nan,nan
nan,nan,nan,nan,nan,nan,nan,-2.741935483870965376e-02,nan,-1.532258064516127741e-02,nan,-3.225806451612900187e-03,nan,nan,nan,nan,0.000000000000000000e+00,nan,-6.451612903225800374e-03,nan,nan,nan,nan,nan,nan,nan,nan,nan,nan,nan,nan,nan,nan,nan,nan,nan,1.451612903225805128e-02,nan,nan,nan,nan,nan,nan,0.000000000000000000e+00,nan,0.000000000000000000e+00,nan,-8.064516129032250468e-04,nan,nan,nan,nan,-1.693548387096772620e-02,nan,nan,nan,nan,nan,nan,nan,nan
nan,3.969465648854959838e-02,nan,nan,nan,nan,nan,1.145038167938929909e-02,nan,2.061068702290074287e-02,nan,-5.343511450381721942e-03,nan,nan,nan,nan,0.000000000000000000e+00,nan,-9.160305343511487147e-03,nan,nan,nan,1.679389312977097592e-02,nan,nan,nan,nan,nan,nan,nan,nan,nan,nan,nan,nan,nan,nan,nan,nan,nan,nan,nan,nan,0.000000000000000000e+00,nan,0.000000000000000000e+00,nan,-6.870229007633610156e-03,nan,nan,nan,nan,nan,nan,nan,nan,nan,nan,nan,nan,nan
nan,nan,nan,nan,nan,nan,nan,nan,nan,nan,nan,-1.158301158301155986e-02,nan,nan,nan,nan,0.000000000000000000e+00,nan,-3.088803088803082717e-03,nan,nan,nan,5.405405405405394430e-03,nan,nan,nan,nan,nan,nan,nan,-7.722007722007706793e-04,nan,nan,nan,nan,6.177606177606165434e-03,nan,nan,nan,nan,nan,nan,nan,0.000000000000000000e+00,nan,0.000000000000000000e+00,nan,-1.158301158301158242e-02,nan,nan,nan,nan,nan,-5.328185328185328778e-02,nan,nan,nan,nan,nan,nan,nan
nan,-5.555555555555535818e-03,nan,nan,nan,nan,nan,-3.095238095238095344e-02,nan,nan,nan,-5.555555555555535818e-03,nan,nan,nan,nan,0.000000000000000000e+00,nan,-1.587301587301581662e-03,nan,nan,nan,nan,nan,nan,nan,nan,nan,nan,nan,7.142857142857117481e-03,nan,nan,nan,nan,nan,nan,nan,nan,nan,nan,nan,nan,0.000000000000000000e+00,nan,0.000000000000000000e+00,nan,-4.761904761904767538e-03,nan,nan,nan,nan,nan,nan,nan,nan,nan,nan,nan,nan,-4.761904761904767538e-03
nan,2.276422764227643489e-02,nan,nan,nan,nan,nan,nan,nan,8.130081300813163164e-04,nan,1.056910569105693441e-02,nan,nan,nan,nan,0.000000000000000000e+00,nan,1.626016260162632633e-03,nan,nan,nan,nan,nan,nan,nan,nan,nan,nan,nan,-9.756097560975595870e-03,nan,nan,nan,nan,nan,1.463414634146345018e-02,nan,nan,nan,nan,nan,nan,0.000000000000000000e+00,nan,0.000000000000000000e+00,nan,-8.943089430894279879e-03,nan,nan,nan,nan,nan,nan,nan,nan,nan,nan,nan,nan,nan
nan,nan,nan,nan,nan,nan,nan,2.845188284518827132e-02,nan,2.510460251045998174e-03,nan,1.004184100418408290e-02,nan,nan,nan,nan,0.000000000000000000e+00,nan,1.924686192468614415e-02,nan,nan,nan,5.857740585774018002e-03,nan,nan,nan,nan,nan,nan,nan,nan,nan,nan,nan,nan,nan,1.757322175732216676e-02,nan,nan,nan,nan,nan,nan,0.000000000000000000e+00,nan,0.000000000000000000e+00,nan,-1.673640167364019021e-02,nan,nan,nan,nan,nan,nan,nan,nan,nan,nan,nan,nan,nan
nan,nan,nan,nan,nan,nan,nan,nan,nan,1.327800829875522802e-02,nan,1.161825726141083558e-02,nan,nan,nan,nan,0.000000000000000000e+00,nan,1.161825726141081302e-02,nan,nan,nan,3.319502074688784887e-03,nan,nan,nan,nan,nan,nan,nan,2.489626556016588665e-03,nan,nan,nan,nan,nan,1.659751037344414561e-03,nan,nan,nan,nan,nan,nan,0.000000000000000000e+00,nan,0.000000000000000000e+00,nan,-1.327800829875516210e-02,nan,nan,nan,nan,nan,nan,nan,nan,nan,nan,nan,nan,nan
nan,3.999999999999996614e-02,nan,nan,nan,nan,nan,4.615384615384599334e-03,nan,nan,nan,-1.076923076923081909e-02,nan,nan,nan,nan,0.000000000000000000e+00,nan,-3.076923076923066078e-03,nan,nan,nan,8.461538461538431824e-03,nan,nan,nan,nan,nan,nan,nan,2.307692307692299667e-03,nan,nan,nan,nan,nan,nan,nan,nan,nan,nan,nan,nan,0.000000000000000000e+00,nan,0.000000000000000000e+00,nan,7.692307692307665196e-04,nan,nan,nan,nan,nan,nan,nan,nan,nan,nan,nan,nan,nan
nan,nan,nan,nan,nan,nan,nan,nan,nan,2.016129032258062725e-02,nan,1.532258064516127741e-02,nan,nan,nan,nan,0.000000000000000000e+00,nan,0.000000000000000000e+00,nan,nan,nan,2.580645161290320150e-02,nan,nan,nan,nan,nan,nan,nan,8.870967741935475298e-03,nan,nan,nan,nan,nan,4.112903225806448237e-02,nan,nan,nan,nan,nan,nan,0.000000000000000000e+00,nan,0.000000000000000000e+00,nan,8.064516129032250902e-03,nan,nan,nan,nan,nan,nan,nan,nan,nan,nan,nan,nan,nan
nan,nan,nan,nan,nan,nan,nan,nan,nan,2.448979591836732833e-02,nan,8.163265306122102338e-04,nan,nan,nan,nan,0.000000000000000000e+00,nan,0.000000000000000000e+00,nan,nan,nan,1.469387755102038486e-02,nan,nan,nan,nan,nan,nan,nan,nan,nan,nan,nan,nan,nan,2.040816326530612429e-02,nan,nan,nan,nan,nan,nan,0.000000000000000000e+00,nan,0.000000000000000000e+00,nan,-1.469387755102042822e-02,nan,nan,nan,nan,3.510204081632650741e-02,nan,nan,nan,nan,nan,nan,nan,nan
nan,nan,nan,nan,nan,nan,nan,-3.861003861003809053e-03,nan,9.266409266409314505e-03,nan,-4.633204633204624293e-03,nan,nan,nan,nan,0.000000000000000000e+00,nan,0.000000000000000000e+00,nan,nan,nan,1.312741312741319034e-02,nan,nan,nan,nan,nan,nan,nan,nan,nan,nan,nan,nan,nan,3.861003861003897523e-03,nan,nan,nan,nan,nan,nan,0.000000000000000000e+00,nan,0.000000000000000000e+00,nan,3.088803088803082717e-03,nan,nan,nan,nan,nan,nan,nan,nan,nan,nan,nan,nan,nan
nan,nan,nan,nan,nan,nan,nan,nan,nan,1.461538461538460822e-02,nan,2.230769230769231656e-02,nan,nan,nan,nan,0.000000000000000000e+00,nan,1.153846153846156339e-02,nan,nan,nan,1.615384615384618527e-02,nan,nan,nan,nan,nan,nan,nan,2.615384615384617334e-02,nan,nan,nan,nan,nan,2.846153846153847214e-02,nan,nan,nan,nan,nan,nan,0.000000000000000000e+00,nan,0.000000000000000000e+00,nan,-3.846153846153832490e-03,nan,nan,nan,nan,nan,nan,nan,nan,nan,nan,nan,nan,nan
nan,5.909090909090904120e-02,nan,nan,nan,nan,nan,nan,nan,nan,nan,-4.545454545454563448e-03,nan,nan,nan,nan,0.000000000000000000e+00,nan,5.303030303030298147e-03,nan,nan,nan,3.560606060606057166e-02,nan,nan,nan,nan,nan,nan,nan,2.272727272727270882e-03,nan,nan,nan,nan,nan,nan,nan,nan,nan,nan,nan,nan,0.000000000000000000e+00,nan,0.000000000000000000e+00,nan,9.848484848484839044e-03,nan,nan,nan,nan,nan,nan,nan,nan,nan,nan,nan,nan,7.499999999999992784e-02
nan,4.132841328413281584e-02,nan,nan,nan,nan,nan,nan,nan,1.328413284132838948e-02,nan,7.380073800737907419e-04,nan,nan,nan,nan,0.000000000000000000e+00,nan,2.952029520295185085e-03,nan,nan,nan,nan,nan,nan,nan,nan,nan,nan,nan,-7.380073800738129680e-04,nan,nan,nan,nan,5.682656826568266428e-02,nan,nan,nan,nan,nan,nan,nan,0.000000000000000000e+00,nan,0.000000000000000000e+00,nan,-2.066420664206642874e-02,nan,nan,nan,nan,nan,nan,nan,nan,nan,nan,nan,nan,nan
nan,3.779527559055120139e-02,nan,nan,nan,nan,nan,1.732283464566935008e-02,nan,nan,nan,-3.149606299212570626e-03,nan,nan,nan,nan,0.000000000000000000e+00,nan,4.440892098500626408e-17,nan,nan,nan,nan,nan,nan,nan,nan,nan,nan,nan,6.299212598425252274e-03,nan,nan,nan,nan,nan,nan,nan,nan,nan,nan,nan,nan,0.000000000000000000e+00,nan,0.000000000000000000e+00,nan,-2.834645669291333686e-02,nan,nan,nan,nan,nan,nan,nan,nan,nan,nan,nan,nan,4.724409448818900348e-02
nan,nan,nan,nan,nan,nan,nan,-7.782101167314925188e-04,nan,4.669260700389111021e-03,nan,7.003891050583699492e-03,nan,nan,nan,nan,0.000000000000000000e+00,nan,1.478599221789886863e-02,nan,nan,nan,-1.945525291828788944e-02,nan,nan,nan,nan,nan,nan,nan,nan,nan,nan,nan,nan,nan,-1.556420233463007372e-03,nan,nan,nan,nan,nan,nan,0.000000000000000000e+00,nan,0.000000000000000000e+00,nan,-1.245136186770425847e-02,nan,nan,nan,nan,nan,nan,nan,nan,nan,nan,nan,nan,nan
nan,nan,nan,nan,nan,nan,nan,nan,nan,2.323651452282165034e-02,nan,1.410788381742744679e-02,nan,nan,nan,nan,0.000000000000000000e+00,nan,1.078838174273866191e-02,nan,nan,nan,7.468879668049832783e-03,nan,nan,nan,nan,nan,nan,nan,4.149377593361025345e-03,nan,nan,nan,nan,nan,3.402489626556017693e-02,nan,nan,nan,nan,nan,nan,0.000000000000000000e+00,nan,0.000000000000000000e+00,nan,-1.244813278008296588e-02,nan,nan,nan,nan,nan,nan,nan,nan,nan,nan,nan,nan,nan
nan,nan,nan,nan,nan,nan,nan,3.984063745019916780e-03,nan,nan,nan,9.561752988047799579e-03,nan,nan,nan,nan,0.000000000000000000e+00,nan,9.561752988047799579e-03,nan,nan,nan,1.912350597609559916e-02,nan,nan,nan,nan,nan,nan,nan,7.968127490039833560e-03,nan,nan,nan,nan,nan,2.709163346613543272e-02,nan,nan,nan,nan,nan,nan,0.000000000000000000e+00,nan,0.000000000000000000e+00,nan,-7.968127490039833560e-03,nan,nan,nan,nan,nan,nan,nan,nan,nan,nan,nan,nan,nan
nan,2.723735408560312710e-02,nan,nan,nan,nan,nan,nan,nan,nan,nan,2.334630350194544235e-03,nan,nan,nan,nan,0.000000000000000000e+00,nan,3.891050583657573725e-03,nan,nan,nan,1.011673151750971424e-02,nan,nan,nan,nan,nan,nan,nan,-7.782101167315147450e-04,nan,nan,nan,nan,nan,nan,nan,nan,nan,nan,nan,nan,0.000000000000000000e+00,nan,0.000000000000000000e+00,nan,1.556420233463029490e-03,nan,nan,nan,nan,1.400778210116728796e-02,nan,nan,nan,nan,nan,nan,nan,nan
nan,nan,nan,nan,nan,nan,nan,nan,nan,nan,nan,-2.214022140221439013e-03,nan,nan,nan,nan,0.000000000000000000e+00,nan,-5.166051660516646216e-03,nan,nan,nan,1.033210332103315886e-02,nan,nan,nan,nan,nan,nan,nan,nan,nan,nan,nan,nan,nan,nan,4.870848708487078571e-02,nan,nan,nan,nan,nan,0.000000000000000000e+00,nan,0.000000000000000000e+00,nan,-2.214022140221439013e-03,nan,nan,nan,nan,nan,-4.428044280442808983e-02,9.520295202952025471e-02,nan,nan,nan,nan,nan,nan
nan,nan,nan,nan,nan,nan,nan,-7.843137254901978023e-03,nan,1.647058823529412575e-02,nan,3.921568627450966460e-03,nan,nan,nan,nan,0.000000000000000000e+00,nan,1.019607843137253569e-02,nan,nan,nan,2.352941176470588897e-02,nan,nan,nan,nan,nan,nan,nan,3.058823529411764872e-02,nan,nan,nan,nan,nan,nan,nan,nan,nan,nan,nan,nan,0.000000000000000000e+00,nan,0.000000000000000000e+00,nan,5.490196078431397800e-03,nan,nan,nan,nan,nan,nan,nan,nan,nan,nan,nan,nan,nan
