nan,nan,nan,nan,nan,nan,nan,nan,nan,nan,nan,nan,nan,nan,-3.389830508474567065e-03,nan,nan,nan,nan,nan,nan,nan,nan,nan,nan,nan,nan,nan,nan,nan,nan,0.000000000000000000e+00,nan,nan,nan,0.000000000000000000e+00,nan,nan,nan,nan,nan,1.949152542372876301e-02,0.000000000000000000e+00,0.000000000000000000e+00,0.000000000000000000e+00,0.000000000000000000e+00,nan,nan,nan,1.186440677966098603e-02,-2.542372881355925516e-03,nan,nan,nan,nan,nan,nan,nan,nan,nan,nan,nan,nan,nan,nan
nan,nan,nan,6.504065040650397825e-03,nan,nan,nan,nan,nan,nan,nan,nan,nan,nan,nan,nan,0.000000000000000000e+00,nan,nan,nan,-6.504065040650419509e-03,nan,nan,nan,nan,nan,nan,nan,nan,nan,nan,nan,nan,nan,nan,nan,nan,nan,nan,nan,nan,nan,0.000000000000000000e+00,nan,-4.065040650406470668e-03,0.000000000000000000e+00,nan,nan,nan,4.065040650406493219e-03,1.626016260162588180e-03,nan,nan,4.065040650406470668e-03,-1.626016260162610515e-03,nan,nan,nan,nan,nan,nan,nan,nan,nan,nan
nan,nan,nan,nan,nan,-6.530612244897970702e-03,nan,nan,1.632653061224487254e-03,nan,nan,nan,nan,nan,nan,nan,nan,nan,nan,nan,nan,nan,nan,-1.142857142857143203e-02,nan,nan,nan,nan,nan,nan,nan,nan,nan,nan,nan,nan,nan,nan,nan,nan,1.142857142857143203e-02,nan,nan,0.000000000000000000e+00,nan,0.000000000000000000e+00,nan,1.632653061224509372e-03,nan,-4.081632653061229195e-03,-8.163265306122546860e-04,nan,nan,nan,nan,nan,nan,nan,-1.469387755102040741e-02,nan,nan,nan,nan,nan,nan
nan,4.724409448818867215e-03,1.574803149606274254e-03,3.858267716535426078e-02,nan,nan,nan,7.874015748031259598e-04,nan,nan,nan,nan,nan,nan,nan,nan,0.000000000000000000e+00,2.362204724409444449e-03,nan,nan,nan,nan,-1.181102362204733414e-02,nan,nan,nan,-1.574803149606340824e-03,nan,nan,nan,nan,nan,nan,nan,nan,nan,nan,nan,nan,nan,nan,nan,nan,nan,nan,0.000000000000000000e+00,nan,nan,nan,nan,nan,nan,nan,nan,7.874015748031482076e-03,nan,nan,nan,nan,nan,nan,nan,nan,nan,nan
nan,nan,nan,7.346938775510158601e-03,nan,nan,nan,nan,nan,nan,nan,nan,nan,nan,nan,nan,0.000000000000000000e+00,nan,nan,nan,nan,nan,0.000000000000000000e+00,nan,nan,nan,nan,nan,nan,nan,nan,nan,nan,nan,nan,nan,8.163265306122324599e-04,nan,nan,nan,nan,nan,0.000000000000000000e+00,0.000000000000000000e+00,0.000000000000000000e+00,0.000000000000000000e+00,nan,nan,nan,nan,nan,7.346938775510181152e-03,0.000000000000000000e+00,nan,nan,nan,nan,nan,nan,nan,nan,nan,nan,nan,nan
nan,3.278688524590123166e-03,nan,nan,nan,nan,nan,nan,nan,nan,nan,nan,nan,nan,nan,9.836065573770435416e-03,0.000000000000000000e+00,nan,nan,nan,nan,nan,nan,nan,nan,nan,nan,nan,nan,8.196721311475307914e-03,nan,nan,nan,nan,nan,nan,nan,6.557377049180246331e-03,nan,nan,1.639344262295074767e-02,nan,nan,nan,nan,0.000000000000000000e+00,nan,1.639344262295039465e-03,1.311475409836060368e-02,1.967213114754091594e-02,nan,nan,nan,nan,nan,nan,nan,nan,nan,nan,nan,nan,nan,nan,nan
nan,nan,nan,-6.201550387596910414e-03,nan,nan,nan,nan,nan,nan,nan,nan,nan,nan,nan,3.875968992248068901e-03,nan,nan,nan,nan,nan,nan,nan,nan,nan,nan,nan,nan,1.550387596899227604e-03,nan,nan,nan,nan,0.000000000000000000e+00,nan,-2.325581395348841514e-03,nan,nan,nan,nan,nan,-2.325581395348841514e-03,nan,0.000000000000000000e+00,0.000000000000000000e+00,nan,nan,nan,nan,nan,nan,-6.976744186046523674e-03,0.000000000000000000e+00,nan,nan,nan,nan,nan,nan,nan,nan,nan,nan,nan,nan
nan,nan,nan,6.400000000000005511e-03,nan,nan,nan,nan,nan,nan,nan,nan,nan,nan,nan,nan,nan,-1.600000000000001378e-03,nan,nan,nan,nan,nan,nan,nan,nan,nan,nan,nan,nan,nan,0.000000000000000000e+00,nan,-2.400000000000001958e-03,nan,nan,nan,nan,nan,nan,nan,nan,-8.000000000000006889e-04,0.000000000000000000e+00,1.600000000000001378e-03,nan,nan,3.200000000000002755e-03,-2.400000000000001958e-03,nan,nan,8.000000000000007105e-03,nan,nan,nan,nan,nan,nan,nan,nan,nan,nan,nan,nan,nan
nan,nan,nan,nan,nan,nan,nan,nan,nan,nan,nan,nan,2.290076335877833189e-03,nan,-7.633587786259665503e-04,nan,0.000000000000000000e+00,nan,0.000000000000000000e+00,1.526717557251888648e-03,nan,nan,nan,nan,nan,nan,nan,nan,nan,nan,nan,nan,nan,nan,nan,nan,nan,1.450381679389314317e-02,nan,nan,nan,nan,nan,0.000000000000000000e+00,nan,0.000000000000000000e+00,-6.870229007633588472e-03,nan,nan,nan,nan,nan,nan,nan,nan,nan,0.000000000000000000e+00,nan,nan,nan,nan,nan,nan,nan,nan
nan,nan,nan,-7.662835249042210251e-03,nan,nan,nan,nan,nan,nan,nan,nan,nan,nan,nan,nan,0.000000000000000000e+00,nan,-5.363984674329547522e-03,nan,nan,nan,nan,nan,nan,nan,nan,nan,nan,nan,nan,nan,nan,nan,nan,nan,nan,nan,nan,nan,nan,-1.455938697318013252e-02,nan,0.000000000000000000e+00,-7.662835249042209817e-04,nan,nan,nan,-3.065134099616883927e-03,-3.831417624521083008e-03,nan,-1.379310344827591218e-02,nan,nan,nan,nan,nan,nan,nan,-5.363984674329547522e-03,nan,nan,nan,nan,nan
nan,nan,nan,nan,nan,nan,nan,nan,nan,nan,nan,nan,nan,nan,nan,2.334630350194588470e-03,0.000000000000000000e+00,nan,nan,nan,nan,nan,nan,nan,1.167315175097283220e-02,nan,nan,nan,nan,nan,0.000000000000000000e+00,nan,nan,3.112840466926125767e-03,nan,nan,nan,nan,nan,nan,nan,nan,nan,0.000000000000000000e+00,nan,nan,nan,nan,nan,nan,9.338521400778265411e-03,nan,nan,4.440892098500626408e-17,nan,nan,-3.112840466926058980e-03,7.782101167315258472e-03,nan,nan,nan,nan,nan,nan,nan
nan,nan,nan,nan,nan,nan,nan,nan,nan,nan,2.845849802371545195e-02,nan,nan,nan,0.000000000000000000e+00,nan,nan,nan,nan,nan,nan,nan,nan,nan,nan,nan,0.000000000000000000e+00,nan,nan,nan,nan,nan,nan,nan,nan,nan,nan,2.213438735177868447e-02,nan,nan,nan,nan,nan,0.000000000000000000e+00,nan,0.000000000000000000e+00,nan,7.905138339920902979e-04,0.000000000000000000e+00,nan,nan,nan,nan,nan,-1.581027667984180596e-03,nan,nan,7.905138339920902979e-04,nan,nan,nan,nan,nan,nan,nan
-2.429149797570784395e-03,nan,nan,-1.619433198380559793e-03,nan,nan,nan,nan,nan,nan,nan,nan,0.000000000000000000e+00,nan,nan,nan,nan,nan,nan,nan,nan,nan,nan,nan,-8.097165991902688376e-04,nan,nan,-8.097165991902466114e-04,nan,nan,nan,nan,nan,-4.858299595141635577e-03,nan,nan,nan,nan,nan,4.048582995951455210e-03,nan,nan,-1.619433198380537675e-03,nan,nan,0.000000000000000000e+00,nan,nan,nan,nan,nan,0.000000000000000000e+00,nan,nan,nan,nan,nan,nan,nan,nan,nan,nan,nan,nan,nan
nan,nan,nan,4.580152671755710614e-03,nan,nan,nan,nan,nan,nan,nan,nan,nan,nan,nan,nan,0.000000000000000000e+00,3.053435114503799848e-03,nan,nan,nan,nan,nan,nan,nan,nan,nan,nan,nan,nan,nan,nan,nan,nan,nan,nan,nan,nan,nan,nan,nan,7.633587786259510462e-03,nan,0.000000000000000000e+00,nan,nan,nan,0.000000000000000000e+00,nan,3.053435114503799848e-03,nan,6.106870229007621380e-03,nan,nan,nan,nan,0.000000000000000000e+00,nan,4.351145038167936185e-02,nan,nan,nan,nan,nan,nan
-3.252032520325265266e-03,nan,1.626016260162566063e-03,nan,nan,nan,nan,nan,nan,nan,nan,nan,nan,nan,-4.878048780487853446e-03,nan,0.000000000000000000e+00,nan,nan,nan,nan,nan,nan,nan,nan,nan,0.000000000000000000e+00,nan,-8.130081300813029807e-03,nan,nan,nan,nan,nan,nan,nan,nan,nan,nan,nan,nan,nan,nan,nan,nan,0.000000000000000000e+00,nan,nan,nan,-4.065040650406581690e-03,nan,nan,nan,nan,nan,nan,nan,nan,1.626016260162599369e-02,1.300813008130079565e-02,nan,nan,nan,nan,nan
nan,8.438818565400963301e-04,1.687763713080192660e-03,nan,nan,nan,nan,nan,nan,nan,nan,nan,nan,nan,4.219409282700481434e-03,nan,0.000000000000000000e+00,nan,nan,nan,nan,nan,nan,nan,nan,nan,nan,nan,nan,nan,0.000000000000000000e+00,nan,nan,nan,nan,8.438818565400851845e-03,1.265822784810133328e-02,nan,8.438818565400963301e-04,nan,nan,1.772151898734177639e-02,nan,nan,nan,0.000000000000000000e+00,nan,nan,nan,nan,nan,nan,nan,nan,nan,nan,nan,nan,nan,nan,nan,nan,nan,nan,nan
nan,nan,nan,7.905138339921014001e-03,nan,nan,nan,nan,nan,nan,nan,nan,nan,nan,nan,nan,0.000000000000000000e+00,nan,nan,nan,nan,nan,nan,nan,nan,nan,nan,nan,nan,nan,7.905138339920902979e-04,nan,nan,nan,nan,nan,nan,nan,nan,nan,nan,nan,nan,nan,nan,0.000000000000000000e+00,3.952569169960451489e-03,nan,nan,1.660079051383400728e-02,nan,7.905138339921014001e-03,nan,0.000000000000000000e+00,nan,nan,nan,7.905138339920902979e-04,nan,1.976284584980238929e-02,nan,nan,nan,nan,nan
nan,nan,nan,2.983870967741932695e-02,nan,nan,nan,nan,nan,nan,nan,nan,nan,nan,nan,-8.064516129032250468e-04,0.000000000000000000e+00,-1.612903225806450094e-03,nan,nan,nan,nan,nan,nan,nan,nan,-8.064516129032250468e-04,nan,-1.612903225806450094e-03,nan,nan,nan,nan,nan,nan,3.225806451612900187e-03,nan,nan,nan,nan,nan,nan,nan,nan,nan,0.000000000000000000e+00,nan,nan,-4.032258064516125451e-03,nan,nan,nan,8.064516129032250468e-04,nan,nan,nan,nan,nan,nan,nan,nan,nan,nan,nan,nan
nan,nan,nan,nan,nan,nan,nan,nan,nan,nan,nan,nan,nan,nan,nan,nan,0.000000000000000000e+00,nan,nan,nan,nan,nan,nan,nan,nan,nan,nan,nan,nan,0.000000000000000000e+00,nan,nan,nan,nan,nan,-4.651162790697683028e-03,nan,-3.100775193798455207e-03,nan,nan,nan,nan,nan,0.000000000000000000e+00,nan,0.000000000000000000e+00,nan,nan,nan,8.527131782945663457e-03,nan,nan,-3.100775193798455207e-03,-1.550387596899227604e-03,nan,nan,nan,nan,nan,-3.875968992248068901e-03,nan,nan,nan,nan,nan
nan,nan,nan,9.205020920502104617e-03,nan,nan,nan,nan,0.000000000000000000e+00,nan,nan,nan,nan,nan,0.000000000000000000e+00,nan,nan,nan,nan,nan,nan,nan,nan,nan,nan,nan,nan,-4.184100418409997246e-03,-4.184100418410041482e-03,nan,nan,nan,nan,-4.184100418409997246e-03,nan,nan,nan,nan,nan,nan,nan,nan,nan,0.000000000000000000e+00,0.000000000000000000e+00,nan,nan,nan,nan,nan,nan,7.531380753138106413e-03,nan,nan,nan,nan,nan,nan,4.184100418410108269e-03,nan,nan,nan,nan,nan,nan
nan,nan,nan,3.125000000000000000e-02,nan,nan,nan,nan,nan,nan,nan,nan,nan,nan,nan,-2.343749999999999913e-03,nan,nan,nan,nan,nan,nan,nan,nan,nan,nan,1.562500000000000087e-03,nan,nan,nan,nan,5.468749999999999653e-03,nan,nan,nan,3.125000000000000173e-03,nan,nan,nan,nan,nan,nan,nan,0.000000000000000000e+00,0.000000000000000000e+00,0.000000000000000000e+00,nan,3.125000000000000173e-03,nan,nan,nan,nan,nan,nan,nan,nan,nan,0.000000000000000000e+00,nan,nan,nan,nan,nan,nan,nan
nan,nan,nan,1.496062992125981629e-02,nan,nan,nan,nan,nan,nan,nan,nan,nan,nan,4.724409448818888899e-03,1.653543307086611375e-02,nan,nan,nan,nan,1.102362204724407525e-02,nan,nan,nan,nan,nan,2.362204724409444449e-03,nan,nan,nan,nan,nan,nan,nan,nan,nan,nan,nan,nan,nan,nan,nan,nan,nan,nan,0.000000000000000000e+00,7.086614173228334215e-03,nan,nan,nan,nan,1.653543307086611375e-02,2.362204724409444449e-03,nan,nan,nan,-7.874015748031481859e-04,nan,nan,nan,nan,nan,nan,nan,nan
nan,nan,nan,nan,nan,nan,nan,nan,nan,nan,nan,nan,nan,nan,0.000000000000000000e+00,nan,0.000000000000000000e+00,nan,nan,nan,nan,nan,nan,nan,nan,nan,nan,nan,nan,nan,nan,nan,nan,nan,nan,nan,nan,6.250000000000000347e-03,nan,nan,7.812500000000000434e-04,nan,nan,nan,nan,0.000000000000000000e+00,nan,nan,nan,1.953125000000000000e-02,nan,1.562500000000000000e-02,nan,nan,0.000000000000000000e+00,nan,nan,3.125000000000000173e-03,nan,6.250000000000000347e-03,nan,nan,nan,nan,nan
nan,nan,nan,nan,nan,nan,nan,nan,nan,nan,nan,nan,nan,nan,7.692307692307665196e-04,6.923076923076898134e-03,nan,nan,nan,nan,nan,nan,nan,nan,nan,nan,nan,nan,nan,nan,nan,nan,nan,nan,nan,nan,nan,nan,-3.076923076923066078e-03,nan,nan,6.923076923076898134e-03,nan,0.000000000000000000e+00,nan,0.000000000000000000e+00,nan,0.000000000000000000e+00,0.000000000000000000e+00,2.076923076923071695e-02,nan,nan,nan,nan,-7.692307692307665196e-04,nan,nan,nan,nan,nan,nan,nan,nan,nan,nan
nan,nan,nan,9.160305343511487147e-03,nan,nan,nan,nan,nan,nan,nan,nan,nan,nan,1.526717557251910983e-03,nan,nan,nan,nan,nan,nan,nan,nan,nan,nan,nan,nan,nan,nan,nan,nan,nan,nan,nan,nan,nan,nan,nan,3.053435114503844083e-03,9.160305343511509699e-03,0.000000000000000000e+00,nan,3.816793893129832860e-03,0.000000000000000000e+00,nan,nan,nan,nan,nan,nan,nan,9.923664122137455107e-03,nan,0.000000000000000000e+00,nan,nan,nan,nan,nan,7.633587786259554697e-03,nan,nan,nan,nan,nan
nan,nan,2.281368821292795255e-03,9.885931558935356911e-03,nan,nan,nan,nan,nan,6.844106463878385331e-03,nan,nan,nan,nan,nan,nan,0.000000000000000000e+00,nan,nan,nan,nan,nan,nan,nan,nan,nan,nan,nan,nan,nan,nan,nan,nan,nan,nan,nan,nan,nan,nan,nan,nan,nan,3.802281368821325280e-03,nan,nan,nan,nan,3.041825095057060051e-03,nan,nan,1.520912547528530025e-03,1.140684410646386482e-02,nan,nan,nan,nan,nan,0.000000000000000000e+00,0.000000000000000000e+00,nan,nan,nan,nan,nan,nan
nan,nan,nan,-1.343873517786564609e-02,nan,nan,nan,nan,nan,nan,nan,nan,nan,nan,7.905138339920902979e-04,-3.952569169960451489e-03,nan,nan,nan,nan,nan,-1.027667984189726234e-02,nan,nan,nan,nan,nan,0.000000000000000000e+00,nan,nan,nan,nan,nan,nan,nan,nan,nan,nan,nan,nan,nan,nan,0.000000000000000000e+00,nan,nan,0.000000000000000000e+00,7.905138339920902979e-04,nan,nan,nan,nan,-1.106719367588935264e-02,nan,nan,nan,nan,nan,nan,0.000000000000000000e+00,nan,nan,nan,nan,nan,nan
nan,nan,nan,nan,nan,2.096774193548385165e-02,nan,nan,nan,nan,nan,nan,nan,nan,nan,8.064516129032250468e-04,0.000000000000000000e+00,nan,nan,nan,nan,nan,nan,nan,nan,nan,nan,nan,-2.419354838709675357e-03,nan,nan,nan,nan,nan,nan,0.000000000000000000e+00,nan,1.612903225806450094e-03,nan,nan,nan,nan,nan,0.000000000000000000e+00,nan,0.000000000000000000e+00,nan,0.000000000000000000e+00,nan,nan,nan,nan,nan,-3.225806451612900187e-03,nan,nan,nan,nan,nan,nan,nan,nan,nan,nan,nan
nan,nan,nan,1.942446043165468872e-02,nan,nan,nan,nan,nan,nan,nan,nan,nan,nan,0.000000000000000000e+00,nan,nan,nan,nan,nan,nan,nan,nan,nan,nan,nan,nan,3.597122302158251017e-03,7.194244604316502468e-04,nan,nan,nan,nan,nan,nan,nan,nan,nan,0.000000000000000000e+00,nan,nan,nan,2.877697841726600987e-03,0.000000000000000000e+00,nan,nan,nan,nan,nan,nan,nan,2.446043165467626235e-02,nan,nan,7.194244604316546270e-03,nan,0.000000000000000000e+00,nan,nan,nan,nan,nan,nan,nan,nan
3.225806451612900187e-03,nan,nan,nan,nan,-7.258064516129025638e-03,nan,nan,7.258064516129025638e-03,nan,nan,nan,nan,nan,nan,-4.838709677419350715e-03,0.000000000000000000e+00,nan,nan,nan,nan,-2.419354838709675357e-03,nan,nan,nan,nan,nan,nan,nan,nan,nan,nan,nan,nan,nan,nan,nan,nan,nan,-2.419354838709675357e-03,nan,nan,nan,0.000000000000000000e+00,nan,nan,nan,nan,nan,nan,nan,nan,nan,nan,-9.677419354838701429e-03,nan,nan,nan,-8.870967741935475298e-03,nan,nan,nan,nan,nan,nan
nan,nan,nan,1.951219512195128195e-02,nan,nan,nan,nan,8.130081300813163164e-04,nan,nan,nan,nan,0.000000000000000000e+00,-4.065040650406470668e-03,nan,nan,nan,nan,6.504065040650442060e-03,nan,nan,nan,nan,nan,nan,nan,nan,nan,nan,nan,nan,nan,nan,nan,nan,nan,nan,nan,nan,nan,nan,0.000000000000000000e+00,nan,nan,0.000000000000000000e+00,nan,nan,-3.252032520325176361e-03,nan,nan,2.032520325203257539e-02,3.252032520325265266e-03,nan,nan,nan,nan,nan,nan,nan,nan,nan,nan,nan,nan
nan,nan,nan,1.606425702811247261e-02,nan,nan,nan,nan,nan,nan,-3.212851405622463210e-03,nan,nan,nan,nan,nan,0.000000000000000000e+00,nan,nan,nan,nan,4.016064257028139836e-03,nan,nan,2.220446049250313204e-17,nan,-1.606425702811220546e-03,nan,nan,-8.032128514056102730e-04,nan,nan,nan,nan,nan,nan,nan,nan,nan,nan,nan,nan,0.000000000000000000e+00,0.000000000000000000e+00,nan,nan,nan,nan,nan,nan,3.212851405622507879e-03,nan,nan,nan,nan,nan,nan,nan,nan,nan,nan,nan,nan,nan,nan
nan,nan,nan,1.354581673306771636e-02,nan,nan,nan,nan,nan,nan,nan,nan,nan,nan,nan,nan,0.000000000000000000e+00,nan,nan,nan,nan,nan,nan,nan,7.968127490039833560e-03,nan,nan,nan,nan,nan,0.000000000000000000e+00,nan,nan,nan,nan,nan,nan,nan,0.000000000000000000e+00,nan,nan,nan,nan,nan,0.000000000000000000e+00,nan,nan,nan,nan,nan,nan,1.195219123505975034e-02,nan,0.000000000000000000e+00,nan,nan,nan,0.000000000000000000e+00,-3.984063745019916780e-03,nan,nan,nan,nan,nan,nan
nan,nan,0.000000000000000000e+00,nan,nan,nan,nan,nan,nan,nan,nan,nan,nan,nan,0.000000000000000000e+00,nan,0.000000000000000000e+00,nan,nan,nan,nan,nan,nan,nan,nan,nan,nan,nan,nan,nan,nan,nan,nan,nan,nan,5.511811023622037627e-03,nan,nan,nan,nan,nan,nan,2.362204724409444449e-03,0.000000000000000000e+00,nan,0.000000000000000000e+00,nan,0.000000000000000000e+00,nan,nan,nan,nan,nan,nan,1.102362204724407525e-02,nan,7.874015748031259598e-04,nan,nan,nan,nan,nan,nan,nan,nan
nan,nan,nan,0.000000000000000000e+00,nan,nan,nan,nan,nan,nan,nan,nan,nan,nan,nan,nan,nan,nan,nan,nan,nan,nan,nan,8.870967741935475298e-03,nan,nan,nan,nan,-1.612903225806450094e-03,nan,nan,nan,nan,nan,nan,nan,nan,nan,-1.612903225806450094e-03,nan,nan,nan,4.838709677419350715e-03,nan,4.032258064516125451e-03,0.000000000000000000e+00,nan,nan,-1.612903225806450094e-03,2.338709677419352831e-02,nan,0.000000000000000000e+00,nan,nan,nan,nan,nan,nan,nan,nan,nan,nan,nan,nan,nan
nan,nan,nan,1.007751937984486743e-02,0.000000000000000000e+00,nan,nan,nan,nan,nan,nan,nan,nan,nan,0.000000000000000000e+00,nan,nan,nan,nan,nan,nan,nan,nan,nan,nan,nan,-2.220446049250313204e-17,nan,nan,nan,nan,0.000000000000000000e+00,nan,nan,nan,nan,nan,nan,nan,nan,nan,nan,nan,0.000000000000000000e+00,nan,nan,nan,nan,nan,0.000000000000000000e+00,nan,1.085271317829448155e-02,nan,nan,8.527131782945640906e-03,nan,nan,-7.751937984496138018e-04,nan,nan,nan,nan,nan,nan,nan
nan,nan,nan,1.544401544401519024e-03,nan,nan,nan,nan,9.266409266409248585e-03,nan,nan,nan,nan,nan,nan,3.088803088803082717e-03,0.000000000000000000e+00,nan,nan,nan,nan,nan,nan,nan,2.316602316602289595e-03,nan,nan,nan,nan,1.467181467181464215e-02,nan,nan,nan,nan,nan,nan,nan,nan,7.722007722007706793e-04,nan,nan,nan,nan,nan,nan,0.000000000000000000e+00,nan,nan,nan,nan,-1.544401544401585811e-03,7.722007722007040009e-04,nan,nan,nan,nan,nan,nan,nan,nan,nan,nan,nan,nan,nan
-8.032128514055880469e-04,nan,nan,4.440892098500626408e-17,nan,nan,nan,nan,nan,nan,nan,nan,nan,nan,nan,nan,nan,nan,nan,nan,nan,nan,nan,nan,nan,nan,nan,8.032128514056547253e-04,nan,nan,nan,1.606425702811264998e-03,nan,nan,nan,nan,nan,nan,nan,nan,nan,-8.032128514056102730e-04,-8.032128514056102730e-04,0.000000000000000000e+00,nan,nan,nan,nan,nan,2.220446049250313204e-17,nan,1.606425702811264998e-03,nan,-8.032128514055658208e-04,nan,nan,nan,nan,nan,nan,nan,nan,nan,nan,nan
nan,nan,nan,1.011673151750971424e-02,4.669260700389088470e-03,nan,nan,nan,nan,nan,nan,nan,nan,nan,0.000000000000000000e+00,nan,nan,0.000000000000000000e+00,nan,nan,nan,nan,nan,nan,0.000000000000000000e+00,nan,nan,nan,nan,nan,nan,7.782101167315147450e-04,nan,nan,nan,nan,nan,nan,nan,nan,nan,nan,7.782101167315147450e-04,nan,nan,0.000000000000000000e+00,nan,nan,nan,5.447470817120625766e-03,nan,9.338521400778222042e-03,nan,nan,nan,nan,nan,nan,nan,nan,nan,nan,nan,nan,nan
nan,nan,nan,nan,nan,nan,nan,nan,nan,nan,nan,nan,nan,nan,7.200000000000006742e-03,nan,0.000000000000000000e+00,nan,nan,1.280000000000001102e-02,nan,nan,nan,nan,nan,nan,-1.600000000000001378e-03,nan,nan,nan,nan,nan,nan,nan,nan,nan,nan,nan,nan,nan,nan,nan,2.400000000000001958e-03,nan,nan,0.000000000000000000e+00,nan,-6.400000000000005511e-03,nan,4.800000000000003916e-03,-1.600000000000001378e-03,nan,nan,nan,nan,nan,-8.000000000000006889e-04,nan,nan,nan,nan,nan,nan,nan,nan
nan,nan,nan,nan,nan,1.680000000000001631e-02,nan,nan,nan,nan,nan,nan,nan,-8.000000000000006889e-04,1.600000000000001378e-03,nan,nan,nan,nan,nan,nan,3.200000000000002755e-03,nan,nan,nan,nan,nan,nan,nan,nan,nan,0.000000000000000000e+00,nan,nan,nan,8.000000000000007105e-03,nan,nan,nan,1.280000000000001102e-02,nan,2.800000000000002487e-02,nan,0.000000000000000000e+00,nan,0.000000000000000000e+00,nan,nan,nan,nan,nan,nan,nan,nan,nan,nan,nan,nan,nan,nan,nan,nan,nan,nan,nan
3.238866396761075350e-03,nan,nan,nan,nan,nan,2.429149797570806513e-03,nan,8.097165991902688376e-04,nan,nan,nan,nan,nan,nan,nan,0.000000000000000000e+00,nan,nan,nan,nan,nan,nan,nan,nan,nan,nan,nan,nan,nan,nan,nan,nan,nan,nan,2.429149797570828630e-03,nan,nan,nan,nan,nan,4.858299595141635577e-03,nan,0.000000000000000000e+00,nan,nan,nan,nan,nan,2.429149797570806513e-03,nan,nan,nan,nan,4.048582995951366739e-03,nan,nan,nan,nan,1.619433198380537675e-03,nan,nan,nan,nan,nan
nan,nan,nan,nan,nan,nan,nan,nan,nan,nan,nan,nan,nan,nan,-7.490636704119868483e-03,8.988764044943841833e-03,nan,nan,nan,nan,-3.745318352059934242e-03,nan,nan,nan,nan,nan,nan,0.000000000000000000e+00,nan,nan,nan,2.996254681647947567e-03,nan,nan,nan,nan,nan,nan,nan,nan,nan,nan,nan,0.000000000000000000e+00,nan,0.000000000000000000e+00,5.992509363295895133e-03,nan,nan,nan,nan,nan,0.000000000000000000e+00,nan,nan,nan,nan,nan,nan,1.198501872659179027e-02,nan,nan,nan,nan,nan
nan,nan,nan,nan,nan,nan,nan,nan,nan,nan,nan,nan,nan,nan,7.968127490039833343e-04,nan,nan,nan,nan,nan,nan,nan,nan,nan,0.000000000000000000e+00,nan,nan,nan,nan,0.000000000000000000e+00,nan,nan,nan,2.390438247011949895e-03,nan,1.992031872509958390e-02,nan,nan,0.000000000000000000e+00,nan,nan,nan,nan,0.000000000000000000e+00,nan,0.000000000000000000e+00,nan,0.000000000000000000e+00,9.561752988047799579e-03,nan,nan,nan,nan,nan,nan,nan,nan,nan,nan,nan,nan,nan,nan,nan,nan
nan,nan,nan,3.292181069958832924e-03,nan,nan,nan,nan,nan,nan,nan,nan,nan,nan,0.000000000000000000e+00,nan,nan,nan,nan,nan,nan,nan,nan,nan,nan,0.000000000000000000e+00,-4.115226337448540939e-03,nan,nan,nan,nan,nan,nan,nan,nan,nan,nan,nan,nan,nan,nan,nan,nan,nan,nan,0.000000000000000000e+00,0.000000000000000000e+00,nan,nan,-5.761316872427956967e-03,nan,0.000000000000000000e+00,0.000000000000000000e+00,nan,nan,nan,nan,-4.938271604938271504e-03,nan,nan,nan,nan,nan,nan,nan
nan,nan,nan,1.349206349206344413e-02,nan,nan,nan,nan,nan,nan,nan,nan,-3.174603174603252229e-03,nan,nan,nan,nan,nan,nan,nan,nan,nan,nan,nan,nan,nan,nan,nan,-4.761904761904856009e-03,-2.380952380952439280e-03,nan,nan,nan,nan,nan,nan,nan,nan,nan,nan,-1.587301587301626115e-03,nan,nan,nan,-9.523809523809600996e-03,0.000000000000000000e+00,nan,nan,-3.968253968254065178e-03,nan,nan,1.349206349206344413e-02,nan,nan,nan,nan,0.000000000000000000e+00,nan,nan,nan,nan,nan,nan,nan,nan
nan,nan,nan,1.003861003861010806e-02,nan,nan,nan,nan,nan,nan,nan,nan,nan,nan,nan,nan,nan,nan,nan,nan,nan,nan,nan,nan,nan,nan,nan,nan,nan,nan,nan,nan,nan,nan,nan,nan,nan,1.930501930501937746e-02,2.316602316602378499e-03,nan,nan,5.405405405405483768e-03,3.861003861003942193e-03,0.000000000000000000e+00,nan,nan,nan,nan,nan,nan,-3.088803088803082717e-03,6.949806949807024910e-03,nan,nan,nan,nan,nan,-7.722007722007484531e-04,0.000000000000000000e+00,nan,nan,nan,nan,nan,nan
-1.619433198380537675e-03,nan,nan,nan,nan,nan,nan,nan,nan,nan,nan,nan,nan,nan,nan,nan,0.000000000000000000e+00,nan,nan,nan,nan,4.048582995951455210e-03,nan,nan,nan,nan,nan,nan,nan,nan,nan,nan,nan,nan,nan,nan,nan,nan,0.000000000000000000e+00,nan,nan,nan,nan,0.000000000000000000e+00,nan,nan,0.000000000000000000e+00,nan,nan,-2.429149797570806513e-03,nan,2.220446049250313204e-17,0.000000000000000000e+00,-7.287449392712508009e-03,nan,nan,nan,nan,nan,nan,nan,nan,nan,nan,nan
nan,nan,nan,3.968253968254065178e-03,nan,6.349206349206437672e-03,nan,nan,nan,nan,nan,nan,nan,nan,nan,nan,0.000000000000000000e+00,nan,nan,-3.174603174603163325e-03,nan,nan,nan,nan,nan,nan,nan,nan,nan,nan,nan,nan,nan,nan,nan,nan,nan,nan,nan,nan,nan,nan,nan,0.000000000000000000e+00,nan,nan,nan,0.000000000000000000e+00,nan,nan,3.174603174603230112e-03,3.968253968254042627e-03,nan,3.174603174603207560e-03,7.142857142857228503e-03,nan,nan,nan,nan,nan,nan,nan,nan,nan,nan
nan,nan,nan,3.333333333333321404e-03,nan,nan,nan,nan,nan,nan,nan,nan,nan,nan,nan,1.083333333333329554e-02,nan,nan,nan,nan,nan,nan,nan,nan,nan,nan,-8.333333333333392198e-03,nan,nan,nan,nan,nan,nan,nan,nan,nan,nan,nan,-6.666666666666709595e-03,nan,nan,nan,nan,nan,nan,0.000000000000000000e+00,nan,-4.166666666666674415e-03,-3.333333333333321404e-03,nan,nan,3.333333333333321404e-03,nan,nan,nan,nan,nan,-6.666666666666709595e-03,nan,-2.220446049250313204e-17,nan,nan,nan,nan,nan
nan,nan,nan,1.652892561983467651e-02,nan,nan,nan,nan,nan,nan,nan,nan,nan,nan,-2.479338842975198527e-03,nan,nan,4.958677685950397054e-03,nan,nan,nan,nan,nan,nan,nan,nan,nan,nan,nan,nan,nan,nan,nan,nan,nan,nan,nan,2.396694214876031806e-02,nan,nan,nan,nan,nan,0.000000000000000000e+00,nan,nan,nan,nan,nan,3.305785123966931225e-03,nan,1.239669421487599177e-02,0.000000000000000000e+00,nan,nan,nan,nan,2.479338842975198527e-03,9.917355371900794109e-03,nan,nan,nan,nan,nan,nan
nan,-4.048582995951455210e-03,nan,nan,nan,nan,nan,nan,nan,nan,nan,nan,nan,nan,-8.906882591093179258e-03,5.668016194331926098e-03,0.000000000000000000e+00,nan,nan,nan,nan,nan,nan,nan,nan,nan,nan,nan,0.000000000000000000e+00,nan,nan,nan,nan,nan,nan,-9.716599190283448095e-03,nan,nan,nan,nan,nan,nan,nan,nan,-6.477732793522305958e-03,0.000000000000000000e+00,nan,nan,nan,4.048582995951388423e-03,nan,nan,nan,8.097165991902688376e-04,nan,nan,nan,nan,nan,nan,nan,nan,nan,nan,nan
nan,nan,nan,1.037037037037034058e-02,nan,nan,nan,nan,nan,nan,nan,nan,nan,nan,nan,nan,nan,nan,nan,nan,nan,nan,nan,nan,nan,nan,nan,nan,nan,nan,nan,nan,nan,nan,nan,nan,nan,1.037037037037034058e-02,nan,1.185185185185182524e-02,nan,nan,nan,nan,nan,0.000000000000000000e+00,0.000000000000000000e+00,nan,-2.222222222222258649e-03,6.666666666666665360e-03,nan,1.333333333333333072e-02,4.444444444444406277e-03,nan,nan,nan,nan,1.925925925925921905e-02,nan,nan,nan,nan,nan,nan,nan
6.504065040650442060e-03,nan,nan,nan,nan,nan,nan,nan,0.000000000000000000e+00,nan,nan,nan,nan,nan,nan,nan,0.000000000000000000e+00,nan,nan,nan,nan,6.504065040650419509e-03,nan,nan,nan,nan,0.000000000000000000e+00,nan,nan,nan,nan,nan,nan,nan,nan,nan,-2.439024390243926723e-03,nan,nan,nan,nan,nan,nan,0.000000000000000000e+00,-3.252032520325198912e-03,nan,nan,0.000000000000000000e+00,nan,nan,nan,2.520325203252031868e-02,nan,nan,nan,nan,nan,nan,nan,nan,nan,nan,nan,nan,nan
0.000000000000000000e+00,nan,nan,nan,nan,nan,nan,nan,nan,nan,nan,nan,nan,nan,-8.130081300813163164e-04,6.504065040650352722e-03,0.000000000000000000e+00,nan,nan,nan,nan,nan,nan,nan,nan,nan,4.065040650406470668e-03,nan,nan,nan,nan,nan,nan,nan,nan,nan,nan,nan,8.943089430894234776e-03,nan,nan,nan,-2.220446049250313204e-17,nan,nan,0.000000000000000000e+00,nan,nan,nan,nan,-1.138211382113825040e-02,nan,nan,7.317073170731647029e-03,nan,nan,nan,nan,nan,nan,nan,nan,nan,nan,nan
nan,nan,nan,nan,nan,nan,nan,nan,nan,nan,nan,nan,nan,nan,nan,0.000000000000000000e+00,0.000000000000000000e+00,nan,nan,2.298850574712640871e-02,nan,nan,nan,nan,nan,nan,6.896551724137878030e-03,1.149425287356320435e-02,nan,nan,-7.662835249042187699e-03,nan,nan,1.149425287356318180e-02,nan,nan,nan,nan,nan,nan,nan,nan,nan,nan,nan,0.000000000000000000e+00,nan,nan,nan,nan,nan,nan,nan,nan,9.195402298850541625e-03,nan,9.961685823754761956e-03,nan,nan,nan,nan,nan,nan,nan,nan
nan,nan,nan,nan,nan,nan,nan,nan,0.000000000000000000e+00,nan,nan,nan,nan,nan,nan,nan,nan,nan,nan,nan,nan,nan,nan,nan,nan,nan,-4.705882352941182130e-03,nan,nan,nan,nan,nan,nan,nan,nan,nan,nan,nan,nan,nan,nan,-1.568627450980386671e-03,nan,0.000000000000000000e+00,1.568627450980386671e-03,0.000000000000000000e+00,nan,nan,nan,7.843137254901932920e-03,nan,nan,nan,nan,nan,nan,7.843137254901933354e-04,-7.058823529411806588e-03,3.137254901960773341e-03,nan,nan,nan,nan,nan,nan
nan,nan,nan,nan,nan,nan,nan,nan,nan,nan,nan,nan,nan,nan,nan,nan,0.000000000000000000e+00,-6.274509803921546683e-03,nan,nan,nan,nan,nan,nan,-1.568627450980386671e-03,nan,nan,nan,0.000000000000000000e+00,-1.568627450980386671e-03,nan,nan,nan,nan,nan,1.647058823529412575e-02,nan,nan,nan,nan,nan,nan,nan,nan,5.490196078431352697e-03,0.000000000000000000e+00,nan,nan,nan,2.039215686274513731e-02,nan,nan,nan,nan,nan,nan,0.000000000000000000e+00,nan,nan,nan,nan,nan,nan,nan,nan
nan,nan,nan,-1.167315175097274373e-02,nan,nan,nan,nan,2.334630350194555337e-02,nan,nan,nan,nan,nan,nan,nan,nan,nan,nan,nan,nan,nan,nan,nan,7.782101167315147450e-04,nan,nan,nan,nan,nan,nan,nan,nan,nan,nan,nan,nan,nan,3.891050583657573725e-03,nan,nan,-1.089494163424120643e-02,0.000000000000000000e+00,nan,nan,0.000000000000000000e+00,0.000000000000000000e+00,nan,nan,nan,nan,-7.003891050583632705e-03,nan,nan,nan,nan,nan,0.000000000000000000e+00,nan,nan,nan,nan,nan,nan,nan
nan,nan,-1.600000000000001378e-03,2.400000000000001958e-03,nan,nan,nan,nan,nan,nan,nan,nan,nan,nan,0.000000000000000000e+00,nan,0.000000000000000000e+00,nan,nan,nan,nan,nan,nan,nan,nan,nan,nan,nan,nan,nan,nan,nan,nan,nan,nan,nan,nan,nan,nan,nan,-4.800000000000003916e-03,nan,nan,nan,nan,nan,-8.800000000000007469e-03,nan,nan,nan,nan,6.400000000000005511e-03,0.000000000000000000e+00,-4.800000000000003916e-03,4.000000000000003553e-03,nan,nan,nan,nan,nan,nan,nan,nan,nan,nan
nan,nan,nan,nan,nan,nan,nan,nan,nan,nan,nan,nan,nan,nan,nan,nan,0.000000000000000000e+00,nan,0.000000000000000000e+00,nan,nan,nan,7.438016528925594714e-03,nan,nan,nan,nan,nan,nan,-4.132231404958663923e-03,nan,nan,nan,nan,nan,2.479338842975198527e-03,nan,nan,nan,nan,nan,nan,nan,nan,0.000000000000000000e+00,0.000000000000000000e+00,nan,nan,nan,nan,nan,nan,nan,nan,nan,nan,-4.958677685950441290e-03,-8.264462809917328063e-04,nan,-3.305785123966975460e-03,nan,nan,nan,nan,nan
nan,nan,nan,0.000000000000000000e+00,nan,nan,nan,nan,nan,nan,nan,nan,nan,1.803278688524589946e-02,nan,nan,nan,nan,nan,nan,nan,nan,nan,nan,nan,nan,nan,nan,nan,nan,nan,nan,nan,nan,nan,nan,nan,nan,nan,nan,nan,nan,0.000000000000000000e+00,0.000000000000000000e+00,nan,nan,nan,4.098360655737764979e-03,0.000000000000000000e+00,nan,nan,0.000000000000000000e+00,5.737704918032826562e-03,nan,nan,nan,nan,nan,0.000000000000000000e+00,1.557377049180326198e-02,nan,nan,nan,nan,nan
nan,nan,nan,nan,nan,nan,nan,nan,0.000000000000000000e+00,nan,nan,nan,nan,nan,nan,nan,0.000000000000000000e+00,nan,-3.088803088803082717e-03,nan,nan,nan,nan,4.633204633204635048e-02,nan,nan,nan,nan,nan,nan,nan,nan,nan,nan,nan,nan,nan,nan,-4.633204633204624293e-03,nan,nan,2.393822393822391328e-02,nan,0.000000000000000000e+00,nan,nan,nan,3.861003861003853288e-03,nan,nan,nan,2.471042471042468255e-02,nan,0.000000000000000000e+00,nan,nan,nan,nan,nan,nan,nan,nan,nan,nan,nan
nan,nan,nan,-3.076923076923066078e-03,nan,nan,nan,nan,1.230769230769230768e-02,nan,nan,nan,nan,nan,1.538461538461533039e-03,nan,nan,nan,nan,nan,nan,nan,nan,nan,nan,nan,nan,nan,nan,nan,nan,nan,nan,nan,-1.538461538461533039e-03,nan,nan,nan,nan,nan,nan,nan,-1.538461538461533039e-03,nan,0.000000000000000000e+00,0.000000000000000000e+00,nan,nan,nan,nan,nan,-3.076923076923066078e-03,nan,nan,nan,nan,0.000000000000000000e+00,8.461538461538454375e-03,nan,nan,nan,nan,nan,nan,nan
1.612903225806450094e-03,nan,nan,8.870967741935475298e-03,nan,nan,nan,nan,nan,nan,nan,nan,-5.645161290322575978e-03,nan,5.645161290322575978e-03,nan,nan,nan,nan,nan,nan,nan,nan,nan,nan,nan,nan,nan,nan,nan,nan,nan,4.032258064516125451e-03,nan,nan,nan,nan,nan,nan,nan,nan,nan,0.000000000000000000e+00,0.000000000000000000e+00,8.064516129032250468e-04,nan,nan,nan,nan,nan,nan,7.258064516129025638e-03,nan,nan,nan,nan,0.000000000000000000e+00,nan,nan,nan,nan,nan,nan,nan,nan
1.492537313432817838e-03,6.716417910447769826e-03,nan,nan,nan,nan,nan,nan,nan,nan,nan,nan,nan,nan,2.985074626865658227e-03,nan,0.000000000000000000e+00,nan,nan,nan,nan,nan,nan,nan,nan,nan,nan,nan,nan,nan,nan,nan,nan,nan,nan,-5.223880597014907319e-03,nan,nan,nan,nan,nan,nan,-7.462686567164178095e-03,nan,2.462686567164178511e-02,0.000000000000000000e+00,nan,nan,nan,2.313432835820894429e-02,nan,nan,nan,nan,-2.238805970149226974e-03,nan,nan,nan,nan,nan,nan,nan,nan,nan,nan
nan,nan,nan,1.772151898734168965e-02,nan,nan,nan,nan,nan,nan,nan,nan,nan,nan,nan,1.097046413502103003e-02,nan,0.000000000000000000e+00,nan,nan,nan,nan,nan,nan,nan,nan,nan,nan,nan,nan,nan,nan,nan,nan,nan,nan,nan,nan,nan,nan,nan,nan,0.000000000000000000e+00,0.000000000000000000e+00,0.000000000000000000e+00,0.000000000000000000e+00,nan,nan,nan,nan,nan,1.603375527426151997e-02,nan,nan,nan,nan,8.438818565400741040e-04,nan,1.772151898734168965e-02,nan,nan,nan,nan,nan,nan
nan,nan,nan,nan,nan,nan,nan,nan,nan,nan,nan,nan,nan,nan,nan,nan,nan,0.000000000000000000e+00,nan,nan,nan,nan,nan,nan,9.090909090909083529e-03,nan,nan,nan,nan,nan,nan,1.515151515151513849e-03,nan,-3.787878787878784514e-03,nan,nan,nan,nan,nan,nan,3.030303030303027698e-03,nan,6.060606060606055397e-03,0.000000000000000000e+00,nan,0.000000000000000000e+00,nan,0.000000000000000000e+00,nan,1.818181818181816706e-02,nan,nan,nan,nan,nan,nan,nan,nan,nan,nan,nan,nan,nan,nan,nan
nan,nan,nan,nan,nan,nan,nan,nan,nan,nan,nan,nan,nan,nan,nan,nan,0.000000000000000000e+00,-1.556420233463029490e-03,nan,nan,nan,nan,1.011673151750978016e-02,nan,nan,nan,3.112840466926058980e-03,nan,nan,nan,nan,nan,nan,nan,nan,nan,nan,nan,3.891050583657573725e-03,1.400778210116737643e-02,nan,nan,nan,nan,nan,0.000000000000000000e+00,0.000000000000000000e+00,nan,nan,1.478599221789889118e-02,nan,nan,nan,7.782101167315369711e-04,nan,nan,nan,nan,nan,nan,nan,nan,nan,nan,nan
nan,nan,nan,7.171314741035850551e-03,nan,nan,nan,nan,nan,nan,3.187250996015933337e-03,nan,nan,nan,-2.390438247011949895e-03,nan,0.000000000000000000e+00,nan,nan,nan,nan,nan,-3.984063745019916780e-03,nan,0.000000000000000000e+00,nan,nan,nan,nan,-7.968127490039833343e-04,nan,nan,nan,nan,nan,nan,0.000000000000000000e+00,nan,nan,nan,nan,nan,nan,nan,nan,0.000000000000000000e+00,nan,nan,nan,nan,nan,4.780876494023899789e-03,nan,nan,nan,nan,nan,nan,nan,nan,nan,nan,nan,nan,nan
nan,nan,nan,-2.240000000000002059e-02,nan,nan,nan,nan,nan,nan,nan,nan,nan,nan,-2.400000000000001958e-03,nan,0.000000000000000000e+00,nan,nan,nan,nan,nan,nan,nan,0.000000000000000000e+00,nan,nan,nan,nan,nan,nan,nan,nan,nan,nan,nan,nan,nan,nan,nan,7.200000000000006742e-03,nan,nan,nan,nan,nan,nan,nan,nan,nan,-2.400000000000001958e-03,-3.280000000000003052e-02,nan,0.000000000000000000e+00,-1.760000000000001494e-02,nan,nan,4.000000000000003553e-03,nan,nan,nan,nan,nan,nan,nan
nan,nan,nan,nan,nan,3.467741935483868027e-02,nan,nan,-8.064516129032250468e-04,nan,nan,nan,nan,nan,nan,nan,nan,nan,nan,nan,nan,nan,nan,nan,nan,nan,nan,-8.064516129032250468e-04,nan,nan,nan,nan,nan,4.838709677419350715e-03,nan,nan,nan,nan,nan,nan,nan,nan,nan,0.000000000000000000e+00,nan,0.000000000000000000e+00,9.677419354838701429e-03,8.064516129032250468e-04,8.064516129032250468e-04,nan,-1.612903225806450094e-03,nan,nan,nan,nan,nan,nan,nan,nan,nan,nan,nan,nan,nan,nan
nan,nan,-1.280000000000001102e-02,-8.000000000000007105e-03,nan,nan,nan,nan,nan,nan,nan,nan,nan,nan,nan,nan,0.000000000000000000e+00,nan,nan,nan,nan,nan,nan,nan,nan,nan,nan,nan,nan,nan,-8.000000000000006889e-04,nan,nan,nan,nan,nan,nan,nan,nan,nan,nan,nan,nan,nan,8.000000000000006889e-04,nan,nan,nan,nan,-1.760000000000001494e-02,nan,-9.600000000000007833e-03,1.600000000000001378e-03,nan,-8.000000000000006889e-04,nan,nan,0.000000000000000000e+00,nan,nan,nan,nan,nan,nan,nan
nan,nan,nan,1.089494163424120643e-02,nan,nan,nan,nan,nan,nan,nan,nan,nan,nan,0.000000000000000000e+00,nan,nan,0.000000000000000000e+00,nan,nan,nan,nan,nan,nan,nan,nan,nan,nan,nan,nan,nan,nan,nan,nan,nan,nan,nan,nan,nan,nan,0.000000000000000000e+00,nan,0.000000000000000000e+00,nan,nan,0.000000000000000000e+00,nan,nan,nan,nan,-7.782101167315369711e-04,1.245136186770423592e-02,nan,nan,nan,nan,7.782101167315147450e-04,-2.334630350194611022e-03,nan,nan,nan,nan,nan,nan,nan
nan,nan,nan,nan,nan,nan,nan,nan,nan,nan,nan,nan,nan,nan,nan,nan,0.000000000000000000e+00,nan,nan,nan,nan,nan,nan,nan,-6.425702811244970655e-03,nan,nan,nan,nan,nan,nan,nan,nan,nan,nan,-8.032128514056102730e-04,nan,nan,nan,nan,nan,4.440892098500626408e-17,nan,nan,-2.409638554216830819e-03,0.000000000000000000e+00,nan,nan,nan,1.124497991967872076e-02,0.000000000000000000e+00,nan,nan,0.000000000000000000e+00,8.032128514056547253e-04,nan,nan,nan,nan,nan,nan,nan,nan,nan,nan
nan,nan,nan,nan,nan,nan,nan,nan,0.000000000000000000e+00,nan,nan,nan,nan,nan,nan,nan,0.000000000000000000e+00,nan,nan,1.411764705882359063e-02,nan,nan,nan,nan,nan,nan,nan,-3.137254901960773341e-03,1.568627450980386671e-03,nan,nan,nan,nan,3.137254901960773341e-03,nan,nan,nan,nan,0.000000000000000000e+00,nan,nan,1.725490196078434055e-02,nan,0.000000000000000000e+00,nan,nan,nan,nan,nan,nan,nan,nan,nan,nan,nan,nan,0.000000000000000000e+00,nan,nan,nan,nan,nan,nan,nan,nan
nan,nan,nan,-1.632653061224509372e-03,nan,nan,nan,nan,nan,nan,nan,nan,nan,nan,0.000000000000000000e+00,nan,nan,nan,nan,nan,nan,nan,nan,nan,nan,nan,nan,nan,nan,nan,nan,nan,nan,nan,nan,nan,nan,nan,-6.530612244897970702e-03,nan,nan,nan,0.000000000000000000e+00,0.000000000000000000e+00,nan,nan,nan,nan,nan,nan,-3.265306122448996626e-03,8.163265306122324599e-04,nan,nan,nan,nan,0.000000000000000000e+00,-3.265306122449018744e-03,2.285714285714284325e-02,nan,nan,nan,nan,nan,nan
3.100775193798455207e-03,nan,nan,nan,nan,nan,nan,nan,nan,nan,nan,nan,nan,nan,-7.751937984496138018e-04,nan,nan,nan,nan,nan,nan,nan,nan,nan,nan,nan,7.751937984496138018e-04,nan,nan,7.751937984496138018e-04,nan,nan,nan,6.201550387596910414e-03,nan,2.248062015503880101e-02,nan,nan,6.976744186046523674e-03,nan,nan,nan,nan,0.000000000000000000e+00,0.000000000000000000e+00,0.000000000000000000e+00,nan,nan,nan,nan,nan,nan,nan,nan,nan,nan,nan,nan,nan,nan,nan,nan,nan,nan,nan
nan,nan,nan,-6.037735849056602606e-03,nan,nan,nan,nan,nan,nan,nan,nan,nan,nan,nan,nan,nan,nan,nan,nan,nan,nan,nan,nan,1.509433962264150652e-03,nan,nan,nan,nan,0.000000000000000000e+00,nan,nan,3.773584905660376521e-03,nan,nan,nan,nan,nan,nan,nan,nan,nan,1.509433962264150652e-03,nan,3.773584905660376521e-03,0.000000000000000000e+00,nan,nan,nan,nan,nan,-2.264150943396226086e-03,nan,0.000000000000000000e+00,nan,nan,nan,nan,nan,-4.528301886792452172e-03,nan,nan,nan,nan,nan
nan,nan,nan,1.451612903225805128e-02,nan,nan,nan,nan,nan,nan,nan,nan,nan,nan,nan,nan,0.000000000000000000e+00,nan,nan,nan,nan,nan,nan,nan,nan,nan,nan,nan,nan,nan,nan,nan,nan,nan,nan,0.000000000000000000e+00,nan,7.258064516129025638e-03,nan,nan,nan,nan,nan,nan,-1.612903225806450094e-03,nan,nan,nan,-1.612903225806450094e-03,nan,nan,1.209677419354837635e-02,0.000000000000000000e+00,8.064516129032250468e-04,8.064516129032250468e-04,nan,nan,nan,nan,nan,nan,nan,nan,nan,nan
nan,nan,nan,nan,nan,nan,nan,nan,nan,nan,nan,nan,nan,nan,nan,nan,0.000000000000000000e+00,nan,nan,nan,nan,nan,nan,nan,nan,nan,-4.580152671755733165e-03,3.816793893129766073e-03,nan,nan,nan,nan,nan,nan,nan,nan,-5.343511450381655155e-03,-4.580152671755710614e-03,nan,nan,nan,nan,nan,0.000000000000000000e+00,nan,0.000000000000000000e+00,nan,-3.053435114503777296e-03,nan,3.053435114503844083e-03,nan,nan,nan,nan,nan,nan,-2.290076335877833189e-03,nan,nan,nan,nan,nan,nan,nan,nan
nan,nan,nan,1.003861003861001785e-02,nan,nan,nan,nan,nan,nan,nan,nan,nan,nan,nan,-7.722007722007706793e-04,nan,nan,nan,nan,nan,nan,nan,nan,nan,nan,0.000000000000000000e+00,nan,0.000000000000000000e+00,nan,nan,nan,nan,nan,nan,nan,nan,nan,nan,nan,nan,-7.722007722007706793e-04,nan,0.000000000000000000e+00,nan,nan,nan,0.000000000000000000e+00,nan,nan,nan,1.003861003861001785e-02,nan,nan,nan,nan,0.000000000000000000e+00,0.000000000000000000e+00,nan,nan,nan,nan,nan,nan,nan
nan,nan,nan,1.428571428571423496e-02,nan,nan,nan,nan,nan,nan,1.587301587301581662e-02,nan,nan,nan,nan,nan,0.000000000000000000e+00,nan,nan,nan,nan,nan,nan,nan,nan,nan,nan,nan,nan,nan,nan,nan,nan,nan,nan,nan,nan,nan,nan,nan,nan,nan,0.000000000000000000e+00,nan,nan,0.000000000000000000e+00,nan,nan,0.000000000000000000e+00,nan,5.555555555555535818e-03,1.428571428571423496e-02,nan,nan,nan,nan,0.000000000000000000e+00,nan,1.111111111111107164e-02,nan,nan,nan,nan,nan,nan
nan,-6.504065040650375273e-03,nan,-8.943089430894279879e-03,nan,nan,nan,nan,nan,nan,nan,nan,nan,nan,nan,nan,0.000000000000000000e+00,nan,nan,nan,nan,nan,nan,nan,nan,nan,nan,nan,nan,nan,4.878048780487875997e-03,nan,nan,nan,nan,nan,nan,nan,nan,nan,nan,nan,nan,nan,nan,nan,0.000000000000000000e+00,0.000000000000000000e+00,nan,-4.878048780487764975e-03,nan,-8.943089430894279879e-03,0.000000000000000000e+00,nan,nan,nan,-8.130081300812940902e-04,nan,nan,nan,nan,nan,nan,nan,nan
nan,nan,nan,2.220446049250313204e-17,nan,nan,nan,nan,nan,nan,nan,nan,nan,nan,0.000000000000000000e+00,nan,nan,nan,nan,nan,nan,nan,nan,nan,0.000000000000000000e+00,nan,nan,nan,nan,4.184100418410108269e-03,nan,nan,nan,nan,nan,nan,nan,nan,nan,nan,nan,nan,nan,0.000000000000000000e+00,nan,0.000000000000000000e+00,nan,nan,nan,nan,nan,2.220446049250313204e-17,nan,0.000000000000000000e+00,5.020920502092085687e-03,nan,nan,nan,nan,5.020920502092085687e-03,nan,nan,nan,nan,nan
4.149377593360981109e-03,nan,nan,2.572614107883817308e-02,nan,nan,nan,0.000000000000000000e+00,nan,nan,-1.659751037344392444e-03,nan,nan,nan,nan,nan,0.000000000000000000e+00,nan,nan,nan,nan,nan,nan,nan,nan,nan,8.298755186721962218e-04,nan,nan,nan,nan,nan,nan,nan,nan,nan,nan,nan,nan,nan,nan,nan,nan,nan,nan,0.000000000000000000e+00,nan,nan,nan,nan,9.128630705394158440e-03,nan,nan,nan,1.659751037344392444e-03,nan,0.000000000000000000e+00,nan,nan,nan,nan,nan,nan,nan,nan
8.461538461538431824e-03,nan,nan,2.307692307692277116e-03,nan,nan,nan,nan,nan,nan,-2.220446049250313204e-17,nan,nan,nan,-2.307692307692366020e-03,nan,nan,nan,nan,nan,nan,nan,nan,nan,nan,nan,nan,3.076923076923066078e-03,nan,nan,nan,3.846153846153832490e-03,nan,nan,nan,nan,nan,nan,nan,nan,nan,nan,nan,0.000000000000000000e+00,nan,nan,3.076923076923066078e-03,nan,nan,nan,nan,3.076923076923066078e-03,nan,nan,nan,nan,nan,nan,2.384615384615380515e-02,nan,nan,nan,nan,nan,nan
nan,8.064516129032250468e-04,nan,nan,nan,nan,nan,nan,-8.064516129032250468e-04,nan,nan,nan,nan,nan,0.000000000000000000e+00,nan,0.000000000000000000e+00,nan,nan,nan,nan,nan,nan,nan,nan,nan,nan,nan,-8.064516129032250468e-04,nan,nan,nan,nan,nan,nan,nan,nan,nan,nan,nan,nan,nan,nan,nan,nan,0.000000000000000000e+00,nan,nan,0.000000000000000000e+00,nan,-8.064516129032250468e-04,1.451612903225805128e-02,-3.225806451612900187e-03,nan,nan,nan,nan,nan,nan,nan,nan,nan,nan,nan,nan
nan,nan,nan,-7.346938775510225388e-03,nan,-9.795918367346945210e-03,nan,nan,nan,nan,nan,nan,nan,nan,nan,nan,nan,nan,nan,nan,nan,nan,nan,-6.530612244897970702e-03,nan,nan,nan,-4.081632653061273430e-03,nan,-8.163265306122546860e-04,nan,nan,nan,nan,nan,nan,nan,nan,nan,nan,nan,nan,0.000000000000000000e+00,0.000000000000000000e+00,nan,nan,nan,-5.714285714285738567e-03,nan,nan,nan,-7.346938775510225388e-03,nan,nan,nan,nan,nan,nan,4.081632653061273430e-03,nan,nan,nan,nan,nan,nan
nan,nan,nan,1.081081081081087733e-02,nan,nan,nan,nan,nan,nan,nan,nan,nan,nan,nan,nan,nan,nan,nan,nan,nan,nan,nan,nan,nan,nan,7.722007722007706793e-04,7.722007722007706793e-04,nan,nan,nan,nan,nan,nan,nan,nan,nan,nan,0.000000000000000000e+00,nan,nan,nan,nan,0.000000000000000000e+00,7.722007722007706793e-04,nan,nan,nan,4.633204633204645977e-03,nan,nan,1.235521235521244189e-02,6.949806949807002358e-03,nan,nan,nan,4.633204633204668528e-03,nan,nan,nan,nan,nan,nan,nan,nan
nan,nan,nan,-6.923076923076898134e-03,nan,nan,nan,nan,nan,nan,nan,nan,nan,nan,-2.307692307692277116e-03,nan,nan,nan,nan,nan,nan,nan,nan,nan,nan,nan,-3.076923076923066078e-03,nan,nan,nan,nan,nan,nan,nan,nan,nan,nan,nan,-6.923076923076898134e-03,nan,nan,nan,nan,nan,0.000000000000000000e+00,0.000000000000000000e+00,nan,nan,nan,nan,nan,-1.538461538461510705e-03,-1.538461538461533039e-03,nan,nan,nan,-6.923076923076876450e-03,nan,nan,-6.923076923076898134e-03,nan,nan,nan,nan,nan
nan,nan,nan,nan,nan,1.212121212121211079e-02,nan,nan,nan,nan,nan,nan,nan,nan,nan,nan,nan,nan,nan,nan,nan,nan,nan,nan,nan,nan,nan,4.545454545454541764e-03,nan,nan,nan,nan,nan,nan,nan,-2.272727272727270882e-03,nan,nan,nan,nan,nan,nan,nan,0.000000000000000000e+00,nan,0.000000000000000000e+00,nan,0.000000000000000000e+00,nan,nan,nan,nan,nan,0.000000000000000000e+00,-6.818181818181811779e-03,nan,nan,5.303030303030298147e-03,nan,0.000000000000000000e+00,nan,nan,nan,nan,nan
5.166051660516623664e-03,nan,nan,nan,nan,nan,nan,nan,nan,nan,nan,nan,nan,nan,nan,nan,nan,4.428044280442832922e-03,nan,nan,nan,nan,nan,nan,-2.952029520295185085e-03,nan,nan,nan,nan,0.000000000000000000e+00,nan,nan,nan,nan,nan,-9.594095940959413218e-03,nan,nan,nan,nan,nan,nan,nan,0.000000000000000000e+00,nan,0.000000000000000000e+00,-6.642066420664205148e-03,0.000000000000000000e+00,nan,nan,nan,nan,nan,nan,nan,nan,-7.380073800737995890e-03,nan,nan,nan,nan,nan,nan,nan,nan
nan,nan,nan,8.661417322834629937e-03,nan,nan,nan,nan,-7.874015748031704121e-04,nan,nan,nan,nan,nan,-1.574803149606296372e-03,nan,nan,nan,nan,nan,nan,nan,nan,-5.511811023622081862e-03,nan,nan,nan,nan,nan,nan,nan,nan,nan,nan,nan,nan,nan,nan,nan,nan,nan,nan,-7.874015748031570547e-03,nan,nan,0.000000000000000000e+00,nan,nan,-3.149606299212614861e-03,nan,nan,8.661417322834629937e-03,nan,nan,nan,nan,-7.874015748031481859e-04,-3.937007874015785273e-03,nan,nan,nan,nan,nan,nan,nan
nan,nan,nan,1.789883268482492934e-02,nan,nan,nan,nan,0.000000000000000000e+00,nan,nan,nan,nan,nan,4.669260700389088470e-03,0.000000000000000000e+00,nan,nan,nan,nan,nan,nan,nan,nan,3.112840466926058980e-03,nan,nan,nan,nan,nan,nan,nan,nan,nan,nan,nan,nan,nan,nan,nan,nan,nan,7.782101167315147450e-03,0.000000000000000000e+00,0.000000000000000000e+00,nan,7.782101167315147450e-03,nan,nan,nan,nan,1.712062256809339031e-02,nan,nan,nan,nan,nan,nan,nan,nan,nan,nan,nan,nan,nan
nan,nan,nan,-1.244813278008305435e-02,nan,nan,nan,nan,nan,nan,nan,nan,nan,nan,nan,nan,0.000000000000000000e+00,nan,nan,nan,nan,nan,nan,nan,nan,nan,nan,nan,nan,nan,nan,nan,nan,nan,nan,nan,nan,nan,1.659751037344392444e-03,nan,nan,nan,nan,nan,nan,nan,nan,-5.809128630705462024e-03,6.639004149377569775e-03,-9.958506224066465684e-03,nan,-1.410788381742744679e-02,-6.639004149377658245e-03,nan,-2.489626556016655452e-03,nan,nan,-8.298755186722050689e-03,nan,nan,nan,nan,nan,nan,nan
nan,nan,nan,nan,nan,nan,nan,nan,nan,nan,nan,nan,-3.984063745019916780e-03,nan,nan,nan,0.000000000000000000e+00,nan,0.000000000000000000e+00,1.832669322709161788e-02,nan,nan,nan,nan,0.000000000000000000e+00,nan,nan,nan,nan,0.000000000000000000e+00,nan,nan,nan,nan,nan,nan,nan,nan,nan,nan,nan,0.000000000000000000e+00,nan,0.000000000000000000e+00,nan,nan,nan,0.000000000000000000e+00,nan,nan,nan,nan,nan,nan,nan,nan,nan,nan,nan,7.968127490039833560e-03,nan,nan,nan,nan,nan
nan,-9.338521400778176940e-03,nan,-1.011673151750971424e-02,nan,nan,nan,nan,nan,nan,-7.003891050583655256e-03,nan,nan,nan,nan,nan,0.000000000000000000e+00,nan,nan,nan,nan,nan,nan,nan,nan,nan,nan,nan,nan,7.782101167315147450e-04,nan,nan,nan,nan,nan,nan,nan,nan,nan,nan,nan,nan,nan,0.000000000000000000e+00,nan,nan,nan,nan,nan,-3.891050583657573725e-03,nan,-7.782101167315170001e-03,nan,-3.112840466926058980e-03,-4.669260700389088470e-03,nan,nan,nan,nan,nan,nan,nan,nan,nan,nan
nan,nan,nan,-4.428044280442788687e-03,nan,nan,nan,nan,nan,nan,nan,nan,nan,nan,nan,nan,0.000000000000000000e+00,nan,nan,nan,nan,nan,nan,nan,nan,nan,nan,nan,nan,nan,nan,nan,2.214022140221439013e-03,nan,nan,nan,nan,nan,nan,nan,nan,8.118081180811854286e-03,nan,0.000000000000000000e+00,nan,nan,nan,0.000000000000000000e+00,nan,-7.380073800737974206e-03,nan,-8.118081180811786632e-03,7.380073800738351942e-04,nan,nan,nan,nan,nan,-2.952029520295162968e-03,nan,nan,nan,nan,nan,nan
nan,nan,nan,nan,nan,nan,nan,nan,nan,nan,nan,nan,nan,nan,nan,nan,0.000000000000000000e+00,nan,nan,nan,nan,nan,nan,nan,6.274509803921546683e-03,nan,nan,nan,nan,3.921568627450966460e-03,nan,nan,nan,nan,nan,nan,nan,nan,nan,nan,7.843137254901933354e-04,nan,nan,nan,nan,0.000000000000000000e+00,nan,nan,nan,8.627450980392170274e-03,3.921568627450966460e-03,3.921568627450981726e-02,nan,nan,nan,nan,3.921568627450966460e-03,-7.843137254901933354e-04,nan,nan,nan,nan,nan,nan,nan
