6.303724928366749927e-03,nan,nan,nan,nan,nan,nan,nan,nan,nan,nan,nan,-1.719197707736386206e-03,nan,nan,nan,nan,nan,7.449856733524340587e-03,nan,nan,nan,nan,nan,nan,nan,nan,nan,nan,nan,nan,nan,5.730659025787954164e-03,nan,nan,nan,nan,nan,nan,nan,5.730659025787954381e-04,nan,nan,nan,nan,nan,2.865329512893977082e-03,nan,nan,1.719197707736364088e-03,nan,6.303724928366760683e-02,nan,nan,nan,nan,-1.088825214899722359e-02,nan,nan,nan,5.730659025787931612e-03,nan,nan,nan,nan
5.571030640668217081e-04,nan,nan,6.072423398328687799e-02,nan,nan,nan,nan,nan,nan,nan,nan,-6.128133704735439294e-03,nan,nan,nan,nan,5.571030640668439343e-04,8.913649025069591419e-03,nan,nan,nan,nan,nan,nan,-6.128133704735416742e-03,nan,nan,nan,nan,nan,nan,4.456824512534751474e-03,nan,nan,nan,nan,nan,nan,nan,-2.785515320334308684e-03,nan,nan,nan,nan,nan,nan,nan,nan,1.114206128133687869e-03,nan,nan,nan,nan,nan,nan,nan,nan,nan,nan,2.785515320334241898e-03,nan,nan,nan,nan
nan,nan,nan,nan,nan,nan,nan,nan,nan,nan,nan,nan,nan,nan,nan,nan,nan,1.396648044692736478e-02,nan,nan,nan,nan,nan,nan,nan,4.469273743016732511e-03,nan,2.458100558659217366e-02,nan,4.469273743016755063e-03,nan,nan,6.145251396648033007e-03,nan,nan,nan,nan,nan,nan,1.731843575418991893e-02,1.787709497206699943e-02,nan,nan,nan,nan,nan,nan,nan,nan,7.262569832402210497e-03,nan,3.184357541899438676e-02,nan,nan,nan,nan,-1.117318435754244277e-03,nan,nan,nan,nan,nan,nan,nan,nan
1.078167115902939257e-03,nan,nan,4.797843665768193600e-02,nan,nan,nan,nan,nan,nan,nan,nan,-1.617250673854475672e-03,nan,nan,nan,nan,nan,5.390835579514475107e-04,nan,nan,nan,nan,nan,nan,nan,nan,nan,nan,nan,nan,nan,1.617250673854431220e-03,nan,nan,nan,nan,nan,nan,nan,1.239892183288406925e-02,nan,nan,nan,nan,nan,5.390835579514785189e-03,nan,nan,2.695417789757370477e-03,nan,nan,nan,nan,nan,nan,1.617250673854409102e-03,nan,nan,nan,1.617250673854431220e-03,nan,nan,nan,nan
nan,nan,nan,nan,nan,nan,nan,nan,nan,nan,nan,nan,nan,nan,nan,nan,nan,nan,nan,nan,nan,nan,nan,nan,nan,nan,nan,nan,nan,1.098901098901094997e-03,nan,nan,-2.747252747252759610e-03,nan,-4.945054945055015957e-03,nan,nan,nan,nan,5.494505494505474985e-04,1.208791208791204497e-02,nan,nan,nan,nan,nan,-2.197802197802189994e-03,nan,nan,1.648351648351620378e-03,nan,7.692307692307689959e-02,nan,nan,nan,nan,-5.494505494505697247e-04,nan,nan,nan,5.494505494505252724e-04,nan,nan,nan,nan
nan,nan,nan,nan,nan,1.295774647887322148e-02,nan,nan,nan,nan,nan,nan,nan,nan,nan,nan,nan,nan,nan,-2.816901408450700472e-03,nan,nan,nan,nan,nan,nan,nan,nan,nan,5.070422535211260504e-03,nan,nan,nan,nan,nan,nan,-1.690140845070420240e-03,nan,nan,6.760563380281680960e-03,5.408450704225353789e-02,nan,nan,nan,nan,5.633802816901401162e-04,nan,nan,nan,1.126760563380280189e-02,nan,6.591549295774649930e-02,nan,nan,nan,nan,nan,nan,nan,nan,3.943661971830980488e-03,nan,nan,nan,nan
nan,nan,5.277044854880674329e-04,7.968337730870708735e-02,nan,nan,nan,nan,1.055408970976250485e-02,0.000000000000000000e+00,nan,nan,-3.693931398416938454e-03,nan,nan,nan,nan,nan,nan,nan,nan,nan,nan,nan,nan,nan,nan,nan,nan,nan,nan,nan,1.794195250659624818e-02,nan,nan,nan,nan,nan,nan,2.638522427440603661e-03,6.860158311345588081e-03,nan,nan,nan,nan,nan,nan,nan,nan,1.108179419525061674e-02,nan,nan,nan,nan,nan,nan,nan,nan,nan,nan,8.443271767809989656e-03,nan,nan,nan,nan
0.000000000000000000e+00,nan,nan,nan,nan,nan,nan,nan,nan,nan,nan,nan,-1.111111111111107207e-03,nan,nan,nan,nan,nan,-5.555555555555536035e-04,nan,nan,nan,nan,nan,nan,nan,nan,nan,nan,1.111111111111151659e-03,nan,nan,6.666666666666709595e-03,nan,nan,nan,nan,nan,nan,nan,4.055555555555558772e-02,nan,nan,nan,nan,nan,nan,nan,nan,1.666666666666660702e-03,nan,6.944444444444446141e-02,nan,nan,nan,nan,-1.666666666666660702e-03,nan,nan,nan,1.055555555555560618e-02,nan,nan,nan,nan
nan,nan,nan,2.673796791443847770e-02,nan,nan,5.080213903743313608e-02,nan,nan,nan,nan,nan,6.417112299465265943e-03,nan,nan,nan,-1.069518716577544468e-03,nan,nan,nan,nan,nan,nan,nan,nan,nan,nan,nan,nan,2.673796791443860954e-03,nan,nan,nan,nan,nan,nan,nan,nan,nan,nan,1.122994652406414905e-02,nan,nan,nan,nan,0.000000000000000000e+00,nan,nan,nan,3.743315508021383305e-03,nan,7.486631016042766609e-03,nan,nan,nan,nan,nan,nan,nan,nan,6.951871657753972041e-03,nan,nan,nan,nan
nan,3.666666666666664604e-02,nan,4.999999999999981889e-03,nan,nan,nan,-5.000000000000004441e-03,nan,nan,nan,nan,nan,nan,nan,nan,nan,nan,nan,nan,nan,nan,nan,nan,nan,nan,nan,nan,nan,2.222222222222214414e-03,nan,nan,nan,nan,nan,nan,nan,nan,nan,nan,4.444444444444439757e-02,nan,nan,0.000000000000000000e+00,nan,5.555555555555536035e-04,nan,nan,nan,2.222222222222214414e-03,nan,5.166666666666661772e-02,nan,nan,nan,nan,nan,nan,nan,nan,6.111111111111089747e-03,nan,nan,nan,nan
nan,nan,nan,1.092896174863389278e-03,nan,nan,7.103825136612030092e-03,nan,nan,nan,nan,nan,nan,nan,nan,nan,-3.825136612021862257e-03,nan,8.196721311475418936e-03,nan,nan,nan,nan,nan,nan,nan,nan,nan,nan,5.464480874316945958e-03,nan,nan,nan,nan,nan,nan,nan,nan,nan,5.464480874316946391e-04,4.426229508196725948e-02,nan,nan,nan,nan,nan,nan,nan,nan,5.464480874316946391e-04,nan,1.693989071038253316e-02,nan,nan,nan,nan,nan,nan,nan,nan,2.732240437158472979e-03,nan,nan,nan,nan
0.000000000000000000e+00,nan,nan,nan,nan,nan,1.147540983606558720e-02,nan,-1.092896174863389278e-03,nan,nan,nan,0.000000000000000000e+00,nan,nan,nan,nan,nan,-3.278688524590167401e-03,nan,nan,nan,nan,nan,nan,nan,nan,nan,nan,4.371584699453557113e-03,nan,nan,nan,nan,nan,nan,nan,nan,nan,nan,3.005464480874320277e-02,nan,nan,nan,nan,nan,nan,nan,nan,5.464480874316946391e-04,nan,4.426229508196725948e-02,nan,nan,nan,nan,nan,nan,nan,nan,3.825136612021862257e-03,nan,nan,nan,nan
8.287292817679637463e-03,nan,nan,nan,nan,nan,nan,nan,nan,nan,nan,nan,nan,nan,nan,nan,nan,nan,-2.209944751381165331e-03,nan,nan,nan,nan,nan,nan,nan,nan,nan,nan,2.220446049250313204e-17,nan,nan,1.049723756906084660e-02,nan,nan,nan,nan,nan,nan,nan,1.325966850828734847e-02,nan,nan,nan,nan,nan,4.972375690607755243e-03,nan,nan,4.419889502762485919e-03,nan,4.806629834254146083e-02,nan,nan,nan,nan,-1.160220994475131759e-02,nan,nan,nan,1.325966850828734847e-02,nan,nan,nan,nan
nan,2.702702702702719333e-03,nan,5.729729729729733656e-02,nan,nan,nan,4.864864864864881962e-03,nan,nan,nan,nan,nan,5.405405405405794717e-04,nan,nan,nan,nan,1.027027027027029894e-02,nan,nan,nan,nan,nan,nan,nan,nan,nan,nan,nan,nan,nan,nan,nan,nan,nan,nan,nan,nan,1.081081081081092157e-03,-1.621621621621605058e-03,nan,nan,nan,nan,nan,3.243243243243254352e-03,nan,nan,-6.486486486486487020e-03,nan,nan,nan,nan,nan,nan,nan,nan,nan,nan,-2.702702702702675097e-03,nan,nan,nan,nan
nan,nan,nan,6.740947075208916783e-02,nan,nan,nan,nan,nan,nan,nan,nan,nan,-1.671309192200531911e-03,nan,nan,nan,nan,nan,nan,nan,nan,nan,nan,nan,nan,nan,nan,nan,8.356545961002815465e-03,nan,nan,5.571030640668883866e-04,nan,nan,nan,nan,nan,nan,1.114206128133754439e-03,4.011142061281340598e-02,nan,nan,nan,nan,nan,3.342618384401108058e-03,nan,nan,-1.114206128133643416e-03,nan,2.228412256267464642e-03,nan,nan,nan,nan,-5.571030640668217081e-04,nan,nan,nan,nan,nan,nan,nan,nan
nan,nan,nan,1.516853932584265666e-02,nan,nan,nan,5.617977528089568295e-04,nan,nan,nan,nan,nan,nan,nan,nan,nan,nan,nan,nan,nan,nan,nan,nan,nan,nan,nan,nan,nan,nan,nan,nan,0.000000000000000000e+00,nan,nan,nan,nan,nan,nan,5.617977528089790557e-04,0.000000000000000000e+00,nan,nan,nan,nan,-3.932584269662964087e-03,5.617977528089790557e-04,nan,nan,3.370786516853918786e-03,nan,4.269662921348311990e-02,nan,nan,nan,nan,nan,nan,nan,nan,2.471910112359547787e-02,nan,nan,nan,nan
nan,nan,nan,5.690607734806625573e-02,nan,nan,nan,nan,nan,nan,nan,nan,nan,nan,nan,nan,nan,nan,nan,nan,nan,nan,nan,nan,nan,1.104972375690560548e-03,nan,nan,nan,nan,nan,nan,-4.419889502762508471e-03,nan,-5.524861878453357850e-04,nan,nan,nan,nan,1.657458563535851772e-03,2.762430939226456772e-03,nan,nan,nan,nan,nan,-2.762430939226567794e-03,nan,nan,4.972375690607711007e-03,nan,nan,nan,nan,nan,nan,-1.104972375690627118e-03,nan,nan,nan,-1.104972375690649235e-03,nan,nan,nan,nan
7.123287671232913718e-03,4.383561643835598778e-03,nan,nan,nan,nan,nan,nan,nan,nan,nan,nan,-2.191780821917799389e-03,9.315068493150734791e-03,nan,nan,nan,nan,2.739726027397249020e-03,nan,nan,nan,nan,nan,nan,nan,nan,nan,nan,nan,nan,nan,nan,nan,6.575342465753464087e-03,nan,nan,nan,nan,nan,9.315068493150734791e-03,nan,nan,nan,nan,nan,nan,nan,nan,6.027397260273991905e-03,nan,5.917808219178084805e-02,nan,nan,nan,nan,nan,nan,nan,nan,-3.287671232876698650e-03,nan,nan,nan,nan
nan,1.591511936339551347e-03,nan,nan,nan,nan,nan,-2.652519893899252246e-03,nan,nan,nan,nan,nan,-1.591511936339529230e-03,nan,nan,nan,nan,1.114058355437665994e-02,nan,nan,nan,nan,nan,nan,nan,nan,nan,nan,nan,nan,nan,nan,nan,nan,nan,5.305039787798416021e-03,nan,nan,3.713527851458908909e-03,-3.183023872679080577e-03,nan,nan,nan,nan,nan,nan,nan,nan,3.713527851458886357e-03,nan,8.912466843501325175e-02,nan,nan,nan,nan,nan,nan,nan,nan,-4.774535809018565571e-03,nan,nan,nan,nan
3.921568627450966460e-03,5.042016806722693714e-03,nan,2.689075630252102389e-02,nan,nan,nan,nan,nan,nan,nan,nan,4.481792717086818811e-03,-1.120448179271704703e-03,nan,nan,nan,nan,1.456582633053224961e-02,nan,nan,nan,nan,nan,nan,nan,nan,nan,nan,nan,nan,nan,nan,nan,nan,nan,nan,nan,nan,nan,nan,nan,nan,nan,nan,nan,nan,nan,nan,-5.602240896358523514e-04,nan,2.240896358543409406e-03,nan,nan,nan,nan,nan,nan,5.602240896358547800e-02,nan,2.240896358543409406e-03,nan,nan,nan,nan
2.133333333333342543e-03,nan,nan,nan,nan,nan,nan,nan,nan,nan,nan,nan,nan,nan,nan,nan,nan,nan,0.000000000000000000e+00,nan,nan,nan,nan,nan,nan,nan,nan,-7.466666666666644039e-03,nan,-5.866666666666664129e-03,nan,nan,6.933333333333324341e-03,nan,nan,nan,nan,nan,nan,nan,3.360000000000003262e-02,nan,nan,nan,nan,nan,nan,nan,nan,-1.599999999999979260e-03,nan,5.226666666666668348e-02,nan,nan,nan,nan,2.666666666666683925e-03,nan,nan,nan,1.120000000000001029e-02,nan,nan,nan,nan
nan,0.000000000000000000e+00,nan,1.634877384196187222e-02,nan,nan,nan,nan,nan,nan,nan,nan,nan,2.220446049250313204e-17,nan,nan,nan,0.000000000000000000e+00,nan,nan,nan,nan,nan,nan,nan,7.629427792915555520e-03,nan,nan,nan,nan,nan,nan,nan,nan,nan,nan,nan,nan,nan,nan,-1.089918256130739714e-03,nan,nan,nan,nan,nan,nan,nan,nan,4.359673024523180902e-03,nan,2.833787465940056441e-02,-5.449591280653809161e-04,nan,nan,nan,nan,nan,nan,nan,-1.089918256130784167e-03,nan,nan,nan,nan
nan,-3.733333333333277351e-03,-2.133333333333276190e-03,nan,nan,nan,nan,nan,-7.466666666666598937e-03,nan,nan,nan,nan,nan,nan,nan,nan,nan,nan,nan,nan,nan,nan,nan,nan,nan,nan,nan,nan,4.800000000000026468e-03,nan,nan,-3.199999999999958520e-03,nan,nan,nan,nan,nan,nan,-2.133333333333298307e-03,3.413333333333339048e-02,nan,nan,nan,nan,nan,nan,nan,nan,7.466666666666709959e-03,nan,6.133333333333339243e-02,nan,nan,nan,nan,nan,nan,nan,nan,-2.133333333333298307e-03,nan,nan,nan,nan
nan,nan,nan,1.382978723404251244e-02,nan,nan,nan,nan,nan,nan,nan,nan,nan,nan,nan,nan,nan,nan,nan,nan,nan,nan,nan,nan,nan,nan,nan,-1.329787234042558754e-02,nan,-6.914893617021311729e-03,nan,nan,2.021276595744676483e-02,nan,nan,nan,nan,nan,nan,1.489361702127653918e-02,6.329787234042549837e-02,nan,nan,nan,nan,nan,1.223404255319142722e-02,nan,nan,1.702127659574466031e-02,nan,4.893617021276590318e-02,nan,nan,nan,nan,-5.319148936170248199e-03,nan,nan,nan,nan,nan,nan,nan,nan
-5.449591280654031422e-04,nan,nan,nan,nan,nan,nan,nan,nan,nan,nan,nan,-2.179836512261612569e-03,nan,nan,nan,nan,nan,0.000000000000000000e+00,nan,nan,nan,nan,nan,nan,nan,nan,nan,nan,-1.416893732970028220e-02,nan,nan,8.719346049046316702e-03,nan,nan,nan,nan,nan,nan,nan,5.122615803814713903e-02,nan,nan,nan,nan,nan,nan,nan,nan,5.994550408719323542e-03,nan,7.520435967302448177e-02,nan,nan,nan,nan,-2.234332425068121658e-02,nan,nan,nan,2.070844686648500715e-02,nan,nan,nan,nan
nan,nan,nan,2.384823848238477526e-02,nan,nan,nan,nan,nan,nan,nan,nan,nan,nan,nan,nan,nan,nan,nan,nan,nan,nan,nan,nan,nan,9.756097560975573318e-03,nan,-1.084010840108429272e-03,nan,nan,nan,nan,3.794037940379379938e-03,nan,2.168021680216769640e-03,nan,nan,nan,nan,nan,0.000000000000000000e+00,nan,nan,nan,nan,nan,nan,nan,nan,1.029810298102977820e-02,nan,2.330623306233054956e-02,nan,nan,nan,nan,2.710027100270973217e-03,nan,nan,nan,5.420054200541812427e-04,nan,nan,nan,nan
nan,-2.754820936639102054e-03,nan,nan,nan,nan,nan,nan,nan,nan,nan,nan,nan,2.754820936639146289e-03,nan,nan,nan,nan,nan,nan,nan,nan,nan,nan,nan,nan,nan,1.652892561983465613e-03,nan,1.873278236914604003e-02,nan,nan,1.101928374655658559e-03,nan,nan,nan,nan,nan,nan,nan,5.454545454545456362e-02,nan,nan,nan,nan,nan,nan,nan,nan,7.162534435261736290e-03,nan,3.250688705234159454e-02,nan,nan,nan,nan,-5.509641873278292796e-04,nan,nan,nan,1.818181818181818787e-02,nan,nan,nan,nan
-2.785515320334219780e-03,nan,nan,nan,nan,nan,nan,nan,nan,nan,nan,nan,-1.671309192200531911e-03,nan,nan,nan,nan,nan,-5.571030640668439343e-04,nan,nan,nan,nan,nan,nan,-8.356545961002792913e-03,nan,nan,nan,nan,nan,nan,nan,nan,2.785515320334264015e-03,nan,nan,nan,nan,-3.342618384401108058e-03,-6.685236768802238667e-03,nan,nan,nan,nan,nan,nan,nan,nan,-2.220446049250313204e-17,nan,5.849582172701950356e-02,nan,nan,nan,nan,nan,nan,nan,nan,-5.013927576601661870e-03,nan,nan,nan,nan
-1.562500000000022204e-03,nan,0.000000000000000000e+00,nan,nan,nan,nan,nan,-3.125000000000044409e-03,nan,nan,nan,nan,nan,nan,nan,nan,nan,0.000000000000000000e+00,nan,nan,nan,nan,nan,nan,nan,nan,nan,nan,-5.729166666666696620e-03,nan,nan,nan,nan,nan,nan,nan,nan,nan,nan,8.854166666666607455e-03,nan,nan,nan,nan,nan,nan,nan,nan,1.562500000000000087e-03,nan,3.333333333333328430e-02,nan,nan,nan,nan,-1.041666666666718477e-03,nan,nan,nan,2.083333333333281696e-03,nan,nan,nan,nan
5.142857142857204175e-03,nan,nan,5.200000000000002537e-02,nan,nan,9.142857142857164360e-03,nan,nan,nan,nan,nan,-1.200000000000001066e-02,nan,nan,nan,nan,nan,1.257142857142858929e-02,nan,nan,nan,nan,nan,nan,nan,nan,nan,nan,nan,nan,nan,nan,nan,2.285714285714313208e-03,nan,nan,nan,nan,1.714285714285734797e-03,2.285714285714313208e-03,nan,nan,nan,nan,nan,nan,nan,nan,4.571428571428582180e-03,nan,nan,nan,nan,nan,nan,nan,nan,nan,nan,-4.000000000000003553e-03,nan,nan,nan,nan
nan,3.701657458563534231e-02,nan,1.325966850828725827e-02,nan,nan,nan,nan,nan,nan,nan,nan,nan,nan,nan,nan,5.524861878452691066e-04,nan,nan,nan,nan,nan,nan,nan,nan,nan,nan,5.524861878452691066e-04,nan,-4.419889502762464235e-03,nan,nan,nan,nan,nan,nan,nan,nan,nan,nan,-1.657458563535940677e-03,nan,nan,nan,nan,-5.524861878453047118e-03,nan,nan,nan,-5.524861878453135589e-04,nan,3.149171270718229693e-02,nan,nan,nan,nan,nan,nan,nan,nan,-5.524861878453068802e-03,nan,nan,nan,nan
nan,nan,nan,nan,nan,nan,nan,nan,nan,5.464480874316945958e-03,nan,nan,nan,nan,nan,nan,nan,nan,nan,nan,nan,nan,nan,nan,nan,nan,nan,1.092896174863411396e-03,nan,nan,nan,nan,2.185792349726778556e-03,nan,3.825136612021884375e-03,nan,1.530054644808744903e-02,nan,nan,3.825136612021884375e-03,-4.371584699453490326e-03,nan,nan,nan,nan,nan,nan,nan,nan,1.420765027322406018e-02,nan,7.267759562841538679e-02,nan,nan,nan,nan,6.557377049180334802e-03,nan,nan,nan,nan,nan,nan,nan,nan
nan,nan,-2.747252747252737493e-03,2.912087912087912844e-02,nan,nan,nan,nan,2.252747252747255846e-02,nan,nan,nan,nan,nan,nan,nan,nan,nan,nan,nan,nan,nan,nan,nan,nan,nan,nan,nan,nan,-7.692307692307664979e-03,nan,nan,0.000000000000000000e+00,nan,nan,nan,nan,nan,nan,nan,1.868131868131866005e-02,nan,nan,nan,nan,nan,nan,nan,nan,0.000000000000000000e+00,nan,3.351648351648348761e-02,nan,nan,nan,nan,-1.648351648351642496e-03,nan,nan,nan,8.791208791208759976e-03,nan,nan,nan,nan
nan,nan,nan,5.494505494505497190e-02,nan,nan,nan,nan,nan,nan,nan,nan,2.747252747252737493e-03,nan,nan,nan,nan,nan,nan,nan,nan,nan,nan,nan,nan,3.846153846153832490e-03,nan,-6.043956043956045035e-03,nan,nan,nan,nan,3.846153846153832490e-03,nan,6.043956043956022484e-03,nan,nan,nan,nan,1.648351648351642496e-03,2.747252747252737493e-03,nan,nan,nan,nan,nan,nan,nan,nan,1.648351648351642496e-03,nan,nan,nan,nan,nan,nan,nan,nan,nan,nan,1.263736263736263757e-02,nan,nan,nan,nan
nan,3.966942148760323889e-02,nan,1.542699724517904158e-02,nan,nan,1.873278236914594982e-02,nan,nan,nan,nan,nan,nan,nan,nan,nan,-2.220446049250313204e-17,nan,nan,nan,nan,nan,nan,nan,nan,nan,nan,nan,nan,6.611570247933839899e-03,nan,nan,nan,nan,nan,nan,nan,nan,nan,nan,1.212121212121208824e-02,nan,nan,nan,nan,8.264462809917305294e-03,nan,nan,nan,4.958677685950351952e-03,nan,2.589531680440766356e-02,nan,nan,nan,nan,nan,nan,nan,nan,4.407713498622567450e-03,nan,nan,nan,nan
nan,nan,nan,8.948787061994604997e-02,nan,nan,nan,nan,nan,nan,nan,nan,nan,nan,nan,nan,2.695417789757370477e-03,nan,nan,nan,nan,nan,nan,nan,nan,nan,nan,nan,nan,4.851752021563271108e-03,nan,nan,nan,nan,nan,nan,-5.390835579515140807e-04,nan,nan,4.312668463611846366e-03,9.164420485175161710e-03,nan,nan,nan,nan,-5.390835579515140807e-04,nan,nan,nan,-3.773584905660420756e-03,nan,0.000000000000000000e+00,nan,nan,nan,nan,nan,nan,nan,nan,0.000000000000000000e+00,nan,nan,nan,nan
nan,nan,nan,nan,nan,nan,1.081081081081078886e-02,nan,nan,2.162162162162140078e-03,nan,nan,nan,nan,nan,nan,nan,nan,nan,nan,nan,nan,nan,nan,nan,nan,nan,nan,nan,nan,nan,nan,1.243243243243241647e-02,nan,nan,nan,5.405405405405350194e-03,nan,nan,0.000000000000000000e+00,8.648648648648626230e-03,nan,nan,nan,nan,nan,nan,nan,nan,9.189189189189183801e-03,nan,7.027027027027028805e-02,nan,nan,nan,nan,0.000000000000000000e+00,nan,nan,nan,1.459459459459457910e-02,nan,nan,nan,nan
nan,0.000000000000000000e+00,nan,4.079320113314442026e-02,nan,nan,nan,nan,nan,0.000000000000000000e+00,nan,nan,nan,nan,nan,nan,nan,nan,-3.399433427762077378e-03,nan,nan,nan,nan,nan,nan,nan,nan,nan,nan,-5.665722379603499882e-04,nan,nan,nan,nan,nan,nan,8.498583569405072230e-03,nan,nan,nan,9.631728045325726670e-03,nan,nan,nan,nan,nan,nan,nan,nan,-1.133144475920699976e-03,nan,-5.665722379603432661e-03,nan,nan,nan,nan,nan,nan,nan,nan,-5.665722379603499882e-04,nan,nan,nan,nan
nan,2.702702702702675097e-03,nan,2.702702702702697215e-03,nan,nan,nan,nan,nan,nan,nan,nan,nan,nan,nan,nan,nan,nan,nan,nan,nan,nan,nan,nan,1.135135135135132388e-02,nan,nan,nan,nan,-9.189189189189206353e-03,nan,nan,3.783783783783745136e-03,nan,nan,nan,nan,nan,nan,3.243243243243210117e-03,-2.220446049250313204e-17,nan,nan,nan,nan,nan,nan,nan,nan,-3.783783783783789371e-03,nan,3.783783783783782606e-02,nan,nan,nan,nan,nan,nan,nan,nan,2.162162162162140078e-03,nan,nan,nan,nan
nan,nan,nan,nan,nan,nan,nan,nan,nan,nan,nan,nan,nan,1.933701657458566231e-02,nan,nan,nan,nan,nan,nan,nan,nan,nan,nan,nan,nan,nan,1.104972375690609424e-02,nan,5.524861878453135589e-04,nan,nan,1.325966850828732592e-02,nan,nan,nan,nan,nan,nan,nan,4.033149171270718203e-02,nan,nan,nan,nan,nan,-5.524861878453024566e-03,nan,nan,8.287292817679569809e-03,nan,5.856353591160223804e-02,nan,nan,nan,nan,7.734806629834278802e-03,nan,nan,nan,2.541436464088402472e-02,nan,nan,nan,nan
nan,nan,2.253521126760560378e-02,nan,nan,nan,1.183098591549294233e-02,nan,3.887323943661966791e-02,nan,nan,nan,nan,nan,nan,nan,3.380281690140840480e-03,nan,nan,nan,nan,nan,nan,nan,nan,nan,nan,nan,nan,8.450704225352101417e-03,nan,nan,nan,nan,nan,nan,nan,nan,nan,nan,5.633802816901403027e-02,nan,nan,nan,nan,2.816901408450700472e-03,nan,nan,nan,1.521126760563378325e-02,nan,9.915492957746477320e-02,nan,nan,nan,nan,nan,nan,nan,nan,6.760563380281680960e-03,nan,nan,nan,nan
nan,nan,nan,1.724137931034479612e-02,nan,nan,nan,nan,-1.724137931034497263e-03,nan,nan,nan,nan,nan,nan,nan,nan,nan,nan,nan,nan,nan,nan,nan,nan,nan,nan,nan,nan,-7.471264367816110932e-03,nan,nan,5.747126436781657905e-04,nan,nan,nan,nan,nan,nan,-1.724137931034475145e-03,5.747126436781613452e-03,5.229885057471261867e-02,nan,nan,nan,nan,nan,nan,-6.896551724137922265e-03,-6.896551724137944817e-03,nan,-5.747126436781657688e-03,nan,nan,nan,nan,nan,nan,nan,nan,nan,nan,nan,nan,nan
nan,-5.208333333333347789e-03,nan,nan,nan,nan,nan,nan,nan,nan,nan,nan,2.083333333333348050e-03,8.854166666666673374e-03,nan,nan,nan,nan,2.220446049250313204e-17,-5.729166666666674068e-03,nan,nan,nan,nan,nan,nan,nan,nan,nan,5.208333333333037274e-04,nan,nan,nan,nan,nan,nan,nan,nan,nan,nan,1.927083333333332732e-02,nan,nan,nan,nan,nan,nan,nan,nan,-1.041666666666651907e-03,nan,5.729166666666665048e-02,nan,nan,nan,nan,nan,nan,nan,nan,5.208333333333259535e-04,nan,nan,nan,nan
nan,3.825136612021862257e-03,nan,2.568306010928964739e-02,nan,nan,3.278688524590167401e-03,nan,nan,nan,nan,nan,nan,nan,nan,nan,nan,nan,nan,nan,nan,nan,nan,nan,nan,nan,nan,2.732240437158472979e-03,nan,nan,nan,nan,6.010928961748640380e-03,nan,7.103825136612030092e-03,nan,nan,nan,nan,nan,6.557377049180334802e-03,nan,nan,nan,nan,nan,nan,nan,nan,7.103825136612030092e-03,nan,1.311475409836066960e-02,nan,nan,nan,nan,nan,nan,nan,nan,5.464480874316945958e-03,nan,nan,nan,nan
nan,nan,nan,nan,nan,nan,nan,nan,nan,nan,nan,nan,nan,nan,nan,nan,nan,nan,nan,nan,nan,nan,nan,nan,nan,nan,nan,nan,nan,7.386363636363668314e-03,nan,nan,1.136363636363668618e-03,nan,nan,nan,5.113636363636419983e-03,nan,nan,5.113636363636419983e-03,3.465909090909093798e-02,nan,nan,nan,nan,nan,9.090909090909104345e-03,nan,nan,8.522727272727315465e-03,nan,4.886363636363637297e-02,nan,nan,nan,nan,2.220446049250313204e-17,nan,nan,nan,2.272727272727337235e-03,nan,nan,nan,nan
nan,2.133333333333364661e-03,nan,nan,nan,nan,nan,3.200000000000024873e-03,nan,5.333333333333190474e-04,nan,nan,nan,nan,nan,nan,nan,nan,-3.733333333333322020e-03,3.200000000000024873e-03,nan,nan,nan,nan,3.573333333333330447e-02,nan,nan,nan,nan,nan,nan,nan,nan,nan,nan,nan,6.400000000000005511e-03,nan,nan,nan,3.200000000000002755e-03,nan,nan,nan,nan,nan,nan,nan,nan,1.066666666666666805e-02,nan,nan,nan,nan,nan,nan,nan,nan,nan,nan,8.533333333333347620e-03,nan,nan,nan,nan
nan,nan,nan,nan,nan,5.347593582887744459e-03,1.550802139037437202e-02,nan,-8.556149732620288093e-03,nan,nan,nan,nan,nan,nan,nan,nan,nan,nan,nan,nan,nan,nan,nan,nan,nan,nan,nan,nan,1.604278074866316486e-03,nan,nan,nan,nan,nan,nan,-9.625668449197811311e-03,nan,nan,nan,5.828877005347594953e-02,nan,-2.139037433155088937e-03,nan,nan,nan,nan,nan,nan,1.176470588235298785e-02,nan,2.139037433155088937e-03,nan,nan,nan,nan,nan,nan,nan,nan,4.278074866310177873e-03,nan,nan,nan,nan
0.000000000000000000e+00,nan,nan,nan,nan,nan,nan,nan,nan,nan,nan,nan,-1.652892561983487730e-03,nan,nan,nan,nan,nan,3.856749311294738278e-03,nan,nan,nan,nan,nan,nan,0.000000000000000000e+00,nan,nan,nan,nan,nan,nan,nan,nan,9.917355371900771557e-03,nan,nan,nan,nan,2.203856749311250331e-03,5.509641873278070534e-04,nan,nan,nan,nan,nan,nan,nan,nan,6.611570247933818215e-03,nan,3.911845730027545265e-02,nan,nan,nan,nan,nan,nan,nan,nan,-5.509641873278292796e-04,nan,nan,nan,nan
6.027397260273970221e-03,nan,nan,3.671232876712331172e-02,nan,2.027397260273975516e-02,nan,nan,nan,nan,nan,2.739726027397249020e-03,-2.191780821917799389e-03,nan,nan,nan,nan,nan,4.931506849315048409e-03,nan,nan,nan,nan,nan,nan,nan,nan,nan,nan,nan,nan,nan,nan,nan,nan,nan,8.219178082191747059e-03,nan,nan,nan,nan,nan,nan,nan,nan,nan,nan,nan,nan,4.383561643835598778e-03,nan,2.027397260273975516e-02,nan,nan,nan,nan,nan,nan,nan,nan,6.575342465753442403e-03,nan,nan,nan,nan
-2.220446049250313204e-17,nan,nan,1.076487252124647132e-02,nan,nan,7.365439093484416055e-03,nan,nan,nan,nan,nan,nan,nan,nan,nan,-2.832861189801727606e-03,nan,2.832861189801682937e-03,nan,nan,nan,nan,nan,nan,nan,nan,nan,nan,nan,nan,nan,nan,nan,nan,nan,nan,nan,nan,nan,-2.832861189801705488e-03,nan,nan,nan,nan,-3.399433427762077378e-03,nan,nan,nan,2.266288951841311048e-03,nan,3.966005665722376061e-02,nan,nan,nan,nan,nan,nan,nan,nan,5.665722379603277620e-04,nan,nan,nan,nan
2.408963585434167193e-02,nan,nan,3.193277310924365342e-02,nan,2.801120448179263839e-02,nan,nan,nan,nan,nan,nan,1.512605042016801349e-02,nan,nan,nan,nan,nan,nan,7.282913165266080568e-03,nan,nan,nan,nan,nan,nan,nan,nan,nan,8.963585434173637623e-03,nan,nan,nan,nan,nan,nan,nan,nan,nan,-1.120448179271749155e-03,4.369747899159661525e-02,nan,nan,nan,nan,nan,nan,nan,nan,2.801120448179239639e-03,nan,nan,nan,nan,nan,nan,nan,nan,nan,nan,1.680672268907557054e-02,nan,nan,nan,nan
nan,nan,nan,2.279202279202241326e-03,nan,9.116809116809055508e-03,nan,nan,nan,nan,nan,nan,nan,nan,nan,2.849002849002801874e-03,nan,nan,nan,nan,nan,nan,nan,nan,6.837606837606790763e-03,nan,nan,nan,nan,3.988603988603922970e-03,nan,nan,nan,nan,nan,nan,-4.558404558404593673e-03,nan,nan,nan,2.279202279202241326e-03,nan,nan,nan,nan,nan,nan,nan,nan,-3.988603988604033992e-03,nan,1.994301994301990108e-02,nan,nan,nan,nan,nan,nan,nan,nan,-2.279202279202308112e-03,nan,nan,nan,nan
0.000000000000000000e+00,nan,nan,0.000000000000000000e+00,nan,nan,7.310704960835546010e-03,nan,nan,1.044386422976506480e-03,nan,nan,-2.088772845953012960e-03,nan,nan,nan,nan,5.221932114882532399e-04,6.788511749347292228e-03,nan,nan,nan,nan,nan,nan,nan,nan,nan,nan,nan,nan,nan,nan,nan,nan,nan,nan,nan,nan,nan,nan,nan,nan,nan,nan,nan,nan,nan,nan,4.699738903394279702e-03,nan,5.953002610966062758e-02,nan,nan,nan,nan,nan,nan,nan,nan,-5.221932114882532399e-04,nan,nan,nan,nan
nan,nan,nan,nan,nan,nan,nan,nan,nan,nan,nan,nan,nan,nan,nan,nan,nan,nan,nan,nan,nan,nan,nan,nan,nan,nan,nan,-7.799442896935970988e-03,nan,-8.913649025069702442e-03,nan,nan,5.013927576601617635e-03,nan,2.228412256267375737e-03,nan,-1.114206128133732321e-03,nan,nan,nan,2.785515320334259678e-02,nan,nan,nan,nan,nan,nan,nan,nan,-1.114206128133754439e-03,nan,4.122562674094702728e-02,nan,nan,nan,nan,-4.456824512534862497e-03,nan,nan,nan,1.169916434540385630e-02,nan,nan,nan,nan
nan,nan,nan,nan,nan,3.977272727272773700e-03,nan,nan,1.136363636363668618e-03,nan,nan,nan,nan,nan,nan,nan,nan,nan,nan,nan,nan,nan,nan,nan,2.840909090909093937e-02,nan,nan,1.079545454545458548e-02,nan,5.681818181818565350e-04,nan,nan,3.295454545454547940e-02,nan,nan,nan,nan,nan,nan,nan,-6.249999999999933560e-03,nan,nan,nan,nan,nan,nan,nan,nan,4.545454545454563448e-03,nan,4.545454545454548356e-02,nan,nan,nan,nan,nan,nan,nan,nan,3.409090909090961401e-03,nan,nan,nan,nan
nan,nan,nan,nan,nan,nan,nan,nan,nan,nan,nan,nan,nan,nan,nan,nan,nan,nan,nan,nan,nan,nan,nan,nan,nan,-5.882352941176493925e-03,nan,1.871657754010693647e-02,nan,nan,nan,nan,1.604278074866316486e-03,nan,5.347593582887699704e-02,nan,nan,nan,nan,-1.069518716577544468e-03,0.000000000000000000e+00,nan,nan,nan,nan,nan,nan,nan,nan,5.347593582887721908e-03,nan,4.438502673796791698e-02,nan,nan,nan,nan,3.208556149732632971e-03,nan,nan,nan,1.390374331550801000e-02,nan,nan,nan,nan
0.000000000000000000e+00,nan,nan,nan,1.290322580645160075e-02,nan,nan,nan,nan,nan,nan,nan,nan,nan,nan,nan,nan,nan,nan,nan,nan,nan,nan,nan,nan,nan,nan,nan,nan,6.989247311827951128e-03,nan,nan,1.612903225806450094e-03,nan,nan,nan,nan,nan,nan,nan,4.462365591397845360e-02,nan,nan,nan,nan,nan,0.000000000000000000e+00,nan,nan,-2.150537634408600414e-03,nan,5.591397849462360903e-02,nan,nan,nan,nan,1.612903225806450094e-03,nan,nan,nan,-5.913978494623650488e-03,nan,nan,nan,nan
1.072386058981234002e-03,nan,nan,1.876675603217159427e-02,nan,nan,1.447721179624665913e-02,nan,nan,nan,nan,nan,2.144772117962468003e-03,nan,nan,nan,nan,1.126005361930295691e-02,nan,nan,nan,nan,nan,nan,nan,2.841823056300269920e-02,nan,nan,nan,nan,nan,nan,nan,nan,3.753351206434318681e-03,nan,nan,nan,nan,nan,nan,nan,nan,nan,nan,nan,nan,nan,nan,9.115281501340489340e-03,nan,2.895442359249331826e-02,nan,nan,nan,nan,nan,nan,nan,nan,2.680965147453084896e-03,nan,nan,nan,nan
nan,nan,nan,1.223404255319144804e-02,nan,nan,nan,nan,nan,nan,nan,nan,nan,nan,nan,nan,6.914893617021222391e-03,nan,nan,nan,nan,nan,nan,8.510638297872307606e-03,nan,nan,nan,nan,nan,nan,nan,nan,nan,nan,nan,nan,nan,nan,nan,nan,-5.319148936170359221e-04,3.031914893617018020e-02,nan,nan,nan,-1.063829787234071844e-03,nan,nan,nan,1.170212765957441212e-02,nan,1.276595744680848396e-02,nan,nan,nan,nan,nan,nan,6.914893617021244943e-03,nan,-2.127659574468121571e-03,nan,nan,nan,nan
nan,nan,nan,nan,nan,nan,nan,nan,9.836065573770503070e-03,nan,nan,nan,nan,nan,nan,nan,nan,nan,-2.732240437158472979e-03,nan,nan,nan,nan,nan,nan,nan,nan,nan,nan,-1.092896174863389278e-03,nan,nan,0.000000000000000000e+00,nan,nan,nan,nan,nan,nan,4.918032786885251535e-03,2.732240437158472979e-03,nan,nan,nan,nan,nan,nan,nan,nan,5.464480874316946391e-04,nan,7.704918032786892135e-02,nan,nan,nan,nan,0.000000000000000000e+00,nan,nan,nan,3.278688524590167401e-03,nan,nan,nan,nan
nan,nan,1.387283236994221215e-02,2.080924855491335032e-02,nan,nan,nan,nan,-4.624277456647373982e-03,nan,nan,nan,nan,nan,nan,nan,nan,nan,nan,nan,nan,nan,nan,nan,nan,nan,nan,nan,nan,0.000000000000000000e+00,nan,nan,nan,nan,nan,nan,nan,nan,nan,nan,2.312138728323742502e-03,nan,nan,nan,nan,nan,nan,nan,1.734104046242790397e-03,5.780346820809523223e-04,nan,2.312138728323702777e-02,nan,nan,nan,nan,nan,9.826589595375767941e-03,nan,nan,9.248554913294815619e-03,nan,nan,nan,nan
-8.379888268156387987e-03,nan,nan,9.720670391061458915e-02,nan,-5.586592178770333423e-04,nan,nan,nan,nan,nan,nan,nan,nan,nan,nan,-2.234636871508333296e-03,nan,6.703910614525199381e-03,nan,nan,nan,nan,nan,nan,nan,nan,nan,nan,-3.351955307262510786e-03,nan,nan,nan,nan,nan,nan,nan,nan,nan,nan,5.586592178770999340e-03,nan,nan,nan,nan,-1.675977653631277511e-03,nan,nan,nan,7.262569832402298968e-03,nan,-4.469273743016710827e-03,nan,nan,nan,nan,nan,nan,nan,nan,nan,nan,nan,nan,nan
4.244031830238759358e-03,-5.835543766578266470e-03,nan,nan,nan,nan,nan,nan,nan,nan,nan,nan,1.591511936339551347e-03,nan,nan,nan,nan,nan,-5.835543766578243918e-03,nan,nan,nan,nan,nan,nan,-5.305039787798504491e-04,nan,nan,nan,nan,nan,nan,nan,nan,nan,nan,nan,nan,nan,1.591511936339529230e-03,-3.183023872679035908e-03,nan,nan,nan,nan,nan,nan,nan,nan,-4.774535809018565571e-03,nan,3.023872679045094131e-02,nan,nan,nan,nan,nan,nan,nan,nan,4.774535809018565571e-03,nan,nan,nan,nan
0.000000000000000000e+00,nan,nan,nan,nan,nan,nan,nan,nan,nan,nan,nan,nan,nan,nan,nan,nan,nan,-1.066666666666704665e-03,nan,nan,nan,nan,nan,nan,nan,nan,nan,nan,-2.666666666666706043e-03,nan,nan,4.799999999999959681e-03,nan,nan,nan,nan,nan,nan,1.119999999999998774e-02,4.639999999999997599e-02,nan,nan,nan,nan,nan,nan,nan,nan,1.333333333333330817e-02,nan,6.559999999999999165e-02,nan,nan,nan,nan,5.866666666666642445e-03,nan,nan,nan,1.546666666666665114e-02,nan,nan,nan,nan
nan,nan,1.473087818696880956e-02,4.589235127478754478e-02,nan,nan,nan,nan,1.189801699716710494e-02,nan,nan,nan,0.000000000000000000e+00,nan,nan,nan,nan,nan,nan,nan,nan,nan,nan,nan,nan,nan,nan,nan,nan,6.232294617563738197e-03,nan,nan,nan,nan,nan,nan,nan,nan,nan,2.832861189801660819e-03,3.172804532577903902e-02,nan,nan,nan,nan,nan,nan,nan,1.133144475920633189e-03,-5.665722379603721059e-04,nan,nan,nan,nan,nan,nan,nan,nan,nan,nan,3.399433427762011024e-03,nan,nan,nan,nan
nan,nan,-5.181347150259085549e-04,5.025906735751297510e-02,nan,nan,nan,nan,5.181347150259085549e-04,nan,nan,nan,nan,nan,nan,nan,3.108808290155451546e-03,nan,nan,nan,nan,nan,nan,nan,nan,nan,nan,nan,nan,0.000000000000000000e+00,nan,nan,nan,nan,nan,nan,nan,nan,nan,nan,6.735751295336811321e-03,nan,nan,nan,nan,2.072538860103634219e-03,nan,nan,-1.036269430051817110e-03,6.735751295336811321e-03,nan,3.626943005181348934e-02,nan,nan,nan,nan,nan,nan,nan,nan,nan,nan,nan,nan,nan
0.000000000000000000e+00,nan,nan,nan,1.739130434782620903e-03,nan,nan,nan,nan,nan,nan,nan,nan,nan,nan,nan,nan,nan,nan,nan,nan,nan,nan,nan,nan,nan,nan,nan,nan,9.855072463768132715e-03,nan,nan,-1.739130434782576451e-03,nan,nan,nan,nan,nan,nan,nan,3.594202898550724612e-02,nan,nan,nan,nan,nan,6.956521739130483613e-03,nan,nan,1.159420289855095420e-03,nan,5.565217391304348726e-02,nan,nan,nan,nan,-2.898550724637649536e-03,nan,nan,nan,-2.898550724637627418e-03,nan,nan,nan,nan
-3.278688524590167401e-03,nan,nan,nan,nan,nan,2.732240437158472979e-03,nan,nan,nan,nan,nan,5.464480874316946391e-04,nan,nan,nan,nan,nan,-5.464480874316946391e-04,nan,nan,nan,nan,nan,nan,-2.732240437158472979e-03,nan,nan,nan,nan,nan,nan,nan,nan,-7.650273224043724514e-03,nan,nan,nan,nan,nan,-2.185792349726778556e-03,nan,nan,nan,nan,nan,nan,nan,nan,1.092896174863389278e-03,nan,5.792349726775962437e-02,nan,nan,nan,nan,nan,nan,nan,nan,-8.196721311475418936e-03,nan,nan,nan,nan
-4.432132963988921759e-03,nan,-6.648199445983426874e-03,-2.770083102493092579e-03,nan,nan,nan,nan,-5.540166204986185158e-03,nan,nan,nan,1.662049861495828963e-03,nan,nan,nan,nan,nan,nan,nan,nan,nan,nan,nan,nan,nan,nan,nan,nan,-8.310249307479233502e-03,nan,nan,nan,nan,nan,nan,nan,nan,nan,nan,2.216066481994456369e-02,nan,nan,nan,nan,nan,nan,nan,nan,6.094182825484728387e-03,nan,2.936288088642655808e-02,nan,nan,nan,nan,nan,nan,nan,nan,-2.770083102493092579e-03,nan,nan,nan,nan
2.754820936639057385e-03,nan,nan,nan,nan,nan,9.366391184572941953e-03,nan,nan,nan,nan,nan,-2.754820936639146289e-03,nan,nan,nan,nan,nan,-3.305785123966975460e-03,nan,nan,nan,nan,nan,nan,1.652892561983421160e-03,nan,nan,nan,nan,nan,nan,nan,nan,-5.509641873278515057e-04,nan,nan,nan,nan,nan,0.000000000000000000e+00,nan,nan,nan,nan,nan,nan,nan,nan,-5.509641873278515057e-04,nan,1.041322314049586140e-01,nan,nan,nan,nan,nan,nan,nan,nan,1.212121212121208824e-02,nan,nan,nan,nan
-1.098901098901094997e-03,nan,nan,nan,nan,nan,nan,nan,nan,nan,nan,nan,-2.197802197802189994e-03,nan,nan,nan,nan,-1.098901098901094997e-03,1.098901098901094997e-03,nan,nan,nan,nan,nan,nan,-1.098901098901094997e-03,nan,nan,nan,nan,nan,nan,nan,nan,-5.494505494505474985e-04,nan,nan,nan,nan,nan,1.153846153846154257e-02,nan,nan,nan,nan,nan,nan,nan,nan,-2.747252747252737493e-03,nan,8.186813186813184096e-02,nan,nan,nan,nan,nan,nan,nan,nan,-1.648351648351642496e-03,nan,nan,nan,nan
-5.617977528089857127e-03,nan,nan,nan,nan,nan,1.460674157303369983e-02,nan,0.000000000000000000e+00,nan,nan,nan,-1.123595505617980229e-03,nan,nan,nan,nan,nan,-4.494382022471899232e-03,nan,nan,nan,nan,nan,nan,nan,nan,nan,nan,5.056179775280900297e-03,nan,nan,nan,nan,nan,nan,nan,nan,nan,nan,1.741573033707866092e-02,nan,nan,nan,nan,nan,nan,nan,nan,3.370786516853918786e-03,nan,5.786516853932584248e-02,nan,nan,nan,nan,nan,nan,nan,nan,1.123595505617980229e-03,nan,nan,nan,nan
nan,nan,nan,2.711864406779653652e-02,nan,nan,nan,nan,nan,2.824858757062065351e-03,nan,nan,nan,nan,nan,nan,0.000000000000000000e+00,nan,nan,6.214689265536699203e-03,nan,nan,nan,nan,nan,nan,nan,nan,nan,nan,nan,nan,nan,nan,nan,nan,1.525423728813555223e-02,nan,nan,nan,5.649717514124130268e-04,nan,nan,nan,nan,1.751412429378522775e-02,nan,nan,nan,9.604519774011244584e-03,nan,1.016949152542365696e-02,nan,nan,nan,nan,nan,nan,nan,nan,2.259887005649652107e-03,nan,nan,nan,nan
1.600000000000045830e-03,nan,nan,-5.333333333333190474e-04,nan,nan,3.733333333333410491e-03,nan,nan,nan,nan,nan,-4.266666666666640850e-03,nan,nan,nan,nan,nan,4.800000000000049019e-03,nan,nan,nan,nan,nan,nan,nan,nan,nan,nan,nan,nan,nan,nan,nan,4.800000000000049019e-03,nan,nan,nan,nan,nan,5.866666666666709232e-03,nan,nan,nan,nan,nan,nan,nan,nan,1.066666666666704665e-03,nan,5.493333333333334789e-02,nan,nan,nan,nan,nan,nan,nan,nan,0.000000000000000000e+00,nan,nan,nan,nan
2.253521126760560465e-03,1.690140845070420240e-03,nan,nan,nan,nan,nan,nan,nan,nan,nan,nan,3.943661971830980488e-03,3.380281690140840567e-02,nan,nan,nan,nan,9.014084507042241859e-03,nan,nan,nan,nan,nan,nan,nan,nan,nan,nan,2.816901408450700472e-03,nan,nan,nan,nan,nan,nan,nan,nan,nan,nan,3.267605633802812826e-02,nan,nan,nan,nan,nan,nan,nan,nan,1.521126760563378325e-02,nan,6.647887323943654780e-02,nan,nan,nan,nan,nan,nan,nan,nan,1.126760563380280232e-03,nan,nan,nan,nan
nan,nan,nan,5.869565217391299605e-02,nan,nan,nan,nan,nan,nan,nan,nan,nan,nan,nan,nan,nan,nan,nan,nan,nan,nan,nan,nan,nan,4.891304347826030963e-03,nan,nan,nan,7.065217391304301833e-03,nan,nan,0.000000000000000000e+00,nan,0.000000000000000000e+00,nan,nan,nan,nan,-5.434782608695787765e-04,3.043478260869563259e-02,nan,nan,nan,nan,nan,nan,nan,nan,1.630434782608669543e-03,nan,-1.032608695652177319e-02,nan,nan,nan,nan,nan,nan,nan,nan,6.521739130434767509e-03,nan,nan,nan,nan
nan,nan,nan,2.203389830508482167e-02,nan,6.779661016949200918e-03,7.344632768361658397e-03,nan,nan,-2.259887005649674659e-03,nan,nan,nan,nan,nan,nan,nan,nan,3.954802259887047096e-03,nan,nan,nan,nan,nan,nan,nan,nan,nan,nan,nan,nan,nan,nan,nan,nan,nan,0.000000000000000000e+00,nan,nan,nan,nan,nan,nan,nan,nan,-1.694915254237239297e-03,nan,nan,nan,-1.129943502824803936e-03,nan,3.954802259887068780e-03,nan,nan,nan,nan,nan,nan,nan,nan,1.129943502824914958e-03,nan,nan,nan,nan
nan,2.702702702702719333e-03,nan,nan,nan,nan,nan,nan,nan,nan,nan,nan,nan,5.945945945945952001e-03,nan,nan,nan,3.783783783783811923e-03,nan,nan,nan,nan,nan,nan,nan,7.027027027027043724e-03,nan,nan,nan,nan,nan,nan,nan,nan,8.108108108108113762e-03,nan,nan,nan,nan,7.027027027027043724e-03,0.000000000000000000e+00,nan,nan,nan,nan,nan,nan,nan,nan,1.081081081081081141e-02,nan,7.027027027027028805e-02,nan,nan,nan,nan,nan,nan,nan,nan,2.702702702702675097e-03,nan,nan,nan,nan
1.591511936339506895e-03,nan,nan,3.289124668435013110e-02,nan,nan,nan,nan,nan,nan,nan,nan,-5.305039787798504491e-04,nan,nan,nan,nan,-5.835543766578243918e-03,nan,nan,nan,nan,nan,nan,nan,1.591511936339484777e-03,nan,nan,nan,nan,nan,nan,nan,nan,nan,nan,nan,nan,nan,-1.061007957559700898e-03,1.591511936339462443e-03,nan,nan,nan,nan,nan,nan,nan,nan,1.591511936339484777e-03,nan,1.432360742705569498e-02,nan,nan,nan,nan,nan,nan,nan,nan,5.305039787798393469e-03,nan,nan,nan,nan
nan,nan,7.407407407407418098e-03,1.766381766381770399e-02,nan,nan,nan,nan,0.000000000000000000e+00,nan,nan,nan,nan,nan,nan,nan,nan,nan,nan,nan,nan,nan,nan,nan,nan,nan,nan,nan,nan,5.698005698005825575e-04,nan,nan,nan,nan,nan,nan,nan,nan,nan,nan,1.424501424501427652e-02,6.153846153846156269e-02,nan,nan,nan,nan,2.849002849002912896e-03,nan,-1.709401709401681211e-03,1.481481481481483620e-02,nan,nan,nan,nan,nan,nan,nan,nan,nan,nan,2.220446049250313204e-17,nan,nan,nan,nan
nan,nan,nan,5.994550408719300991e-03,nan,nan,nan,nan,nan,nan,nan,nan,nan,nan,nan,nan,nan,nan,nan,nan,nan,nan,nan,nan,nan,-1.634877384196187309e-03,nan,nan,nan,1.198910081743869219e-02,nan,nan,3.269754768392329949e-03,nan,nan,nan,nan,nan,nan,-2.220446049250313204e-17,1.089918256130788590e-02,nan,nan,nan,nan,nan,nan,nan,nan,-7.084468664850129827e-03,nan,1.089918256130784167e-03,nan,nan,nan,nan,7.084468664850107275e-03,nan,nan,nan,5.449591280654031422e-04,nan,nan,nan,nan
1.072386058981234002e-03,nan,nan,6.756032171581774493e-02,nan,nan,nan,nan,-5.898123324396787118e-03,nan,nan,nan,nan,nan,nan,nan,nan,nan,nan,nan,nan,nan,nan,nan,nan,nan,nan,nan,nan,-2.144772117962468003e-03,nan,nan,1.233243967828418983e-02,nan,nan,nan,nan,nan,nan,nan,1.930294906166220986e-02,nan,nan,nan,nan,nan,1.233243967828418983e-02,nan,nan,1.715817694369974403e-02,nan,nan,nan,nan,nan,nan,-1.340482573726542448e-02,nan,nan,nan,7.506702412868637361e-03,nan,nan,nan,nan
nan,nan,nan,2.734584450402146455e-02,nan,nan,nan,1.072386058981234002e-03,nan,nan,nan,nan,nan,nan,nan,nan,nan,nan,nan,nan,nan,nan,nan,nan,nan,nan,nan,1.018766756032172226e-02,nan,nan,nan,nan,5.898123324396787118e-03,nan,nan,nan,nan,nan,nan,4.289544235924936007e-03,nan,nan,nan,nan,nan,nan,0.000000000000000000e+00,nan,nan,6.434316353887403576e-03,nan,3.753351206434318854e-02,nan,nan,nan,nan,0.000000000000000000e+00,nan,nan,nan,1.233243967828418983e-02,nan,nan,nan,nan
nan,nan,nan,nan,1.662049861495806845e-03,2.493074792243763632e-02,nan,nan,nan,2.770083102493048344e-03,nan,nan,nan,nan,nan,nan,-2.216066481994505115e-03,nan,nan,nan,nan,nan,nan,nan,nan,nan,nan,nan,nan,nan,nan,nan,nan,nan,nan,nan,-1.662049861495895533e-03,nan,nan,nan,2.770083102493048344e-03,nan,nan,nan,nan,8.864265927977777598e-03,nan,nan,nan,1.108033240997219381e-03,nan,8.753462603878112147e-02,nan,nan,nan,nan,nan,nan,nan,nan,-4.440892098500626408e-17,nan,nan,nan,nan
nan,3.888888888888874899e-03,nan,9.444444444444411585e-03,nan,nan,nan,nan,nan,nan,nan,nan,nan,5.555555555555536035e-04,nan,nan,nan,nan,nan,nan,nan,nan,nan,nan,nan,nan,nan,nan,nan,1.833333333333331261e-02,nan,nan,4.444444444444428828e-03,nan,nan,nan,nan,nan,nan,0.000000000000000000e+00,5.499999999999997946e-02,nan,nan,nan,nan,nan,nan,nan,nan,1.444444444444439347e-02,nan,5.333333333333327431e-02,nan,nan,nan,nan,nan,nan,nan,nan,0.000000000000000000e+00,nan,nan,nan,nan
nan,-5.714285714285560758e-04,nan,2.171428571428570681e-02,nan,1.371428571428570144e-02,nan,2.285714285714268539e-03,-2.285714285714291090e-03,nan,nan,nan,nan,nan,nan,nan,nan,nan,nan,nan,nan,nan,nan,nan,nan,nan,nan,nan,nan,-4.000000000000003553e-03,nan,nan,-4.000000000000003553e-03,nan,nan,nan,nan,nan,nan,nan,1.771428571428570325e-02,nan,nan,nan,nan,nan,nan,nan,nan,-2.220446049250313204e-17,nan,nan,nan,nan,nan,nan,nan,nan,nan,nan,-5.142857142857138256e-03,nan,nan,nan,nan
5.361930294906170008e-04,nan,-2.144772117962468003e-03,5.790884718498663652e-02,nan,nan,0.000000000000000000e+00,nan,5.361930294906170008e-04,nan,nan,nan,nan,nan,nan,nan,nan,nan,-5.361930294906170008e-04,nan,nan,nan,nan,nan,nan,nan,nan,nan,nan,-3.753351206434318681e-03,nan,nan,nan,nan,nan,nan,nan,nan,nan,nan,5.898123324396787118e-03,nan,nan,nan,nan,nan,nan,nan,nan,-3.217158176943701788e-03,nan,nan,nan,nan,nan,nan,nan,nan,nan,nan,5.898123324396787118e-03,nan,nan,nan,nan
nan,nan,nan,2.055555555555554914e-02,nan,nan,nan,nan,nan,nan,nan,nan,1.666666666666660702e-03,nan,nan,nan,0.000000000000000000e+00,nan,nan,0.000000000000000000e+00,nan,nan,nan,nan,nan,nan,nan,nan,nan,-3.055555555555555802e-02,nan,nan,nan,nan,nan,nan,nan,nan,nan,nan,3.611111111111113547e-02,nan,nan,nan,nan,-3.333333333333321404e-03,nan,nan,nan,2.777777777777767909e-03,nan,6.111111111111113686e-02,nan,nan,nan,nan,nan,nan,nan,nan,2.777777777777767909e-03,nan,nan,nan,nan
nan,nan,nan,nan,nan,nan,nan,nan,nan,nan,nan,nan,nan,nan,nan,nan,nan,nan,nan,nan,1.638418079096042382e-02,nan,nan,nan,nan,0.000000000000000000e+00,nan,9.604519774011267136e-03,nan,nan,nan,nan,3.954802259886980309e-03,nan,1.638418079096044463e-02,nan,nan,nan,nan,0.000000000000000000e+00,nan,nan,nan,nan,nan,nan,nan,nan,nan,9.548022598870051225e-02,nan,9.435028248587565280e-02,nan,nan,nan,nan,1.694915254237239297e-03,nan,nan,nan,4.519774011299393553e-03,nan,nan,nan,nan
nan,nan,nan,nan,nan,nan,1.189189189189192655e-02,nan,nan,nan,nan,nan,nan,nan,nan,nan,nan,nan,nan,nan,nan,nan,nan,nan,nan,nan,nan,5.405405405405438665e-03,nan,nan,nan,nan,7.567567567567601294e-03,nan,nan,nan,nan,nan,nan,2.702702702702675097e-03,3.783783783783811923e-03,nan,nan,nan,nan,nan,0.000000000000000000e+00,nan,nan,1.621621621621649511e-03,nan,9.675675675675679543e-02,nan,nan,nan,nan,7.027027027027043724e-03,nan,nan,nan,8.648648648648693885e-03,nan,nan,nan,nan
-2.116402116402138663e-03,nan,nan,4.656084656084655965e-02,nan,nan,1.851851851851848973e-02,nan,nan,nan,nan,nan,-1.587301587301603780e-03,nan,nan,nan,nan,nan,nan,nan,nan,nan,nan,nan,nan,-5.291005291005279436e-03,nan,nan,nan,-1.058201058201069331e-03,nan,nan,nan,nan,5.291005291005346656e-04,nan,nan,nan,nan,nan,3.862433862433860277e-02,nan,nan,nan,nan,nan,nan,nan,nan,-5.820105820105858987e-03,nan,nan,nan,nan,nan,nan,nan,nan,nan,nan,-7.936507936507930863e-03,nan,nan,nan,nan
-5.333333333333411651e-04,nan,nan,1.599999999999934808e-03,nan,nan,3.733333333333277351e-03,nan,nan,nan,nan,nan,-2.666666666666706043e-03,nan,nan,nan,nan,nan,2.133333333333298307e-03,nan,nan,nan,nan,nan,nan,2.133333333333276190e-03,nan,nan,nan,nan,nan,nan,nan,nan,nan,nan,nan,nan,nan,nan,0.000000000000000000e+00,nan,nan,nan,nan,nan,nan,nan,nan,5.866666666666619893e-03,nan,6.613333333333326625e-02,nan,nan,nan,nan,nan,nan,nan,nan,1.066666666666638095e-03,nan,nan,nan,nan
nan,1.240310077519386420e-02,nan,2.377260981912148255e-02,nan,4.651162790697727263e-03,nan,nan,nan,nan,nan,nan,nan,nan,nan,nan,nan,nan,1.033591731266181226e-03,nan,nan,nan,nan,nan,nan,nan,nan,nan,nan,nan,nan,nan,nan,nan,nan,nan,3.617571059431568155e-03,nan,nan,nan,5.167958656331128392e-04,nan,9.302325581395366055e-03,nan,nan,nan,nan,nan,nan,-5.167958656330018169e-04,nan,1.757105943152457300e-02,nan,nan,nan,nan,nan,nan,nan,nan,4.134366925064658985e-03,nan,nan,nan,nan
-3.314917127071881353e-03,nan,nan,4.309392265193365962e-02,-1.104972375690627118e-03,nan,nan,nan,nan,nan,nan,nan,nan,nan,nan,nan,nan,nan,0.000000000000000000e+00,nan,nan,nan,nan,nan,nan,nan,nan,nan,nan,-1.657458563535962794e-03,nan,nan,5.524861878452980331e-03,nan,nan,nan,nan,nan,nan,nan,4.696132596685078514e-02,nan,nan,nan,nan,nan,nan,nan,nan,-4.972375690607777794e-03,nan,nan,nan,nan,nan,nan,-1.104972375690649235e-03,nan,nan,nan,-6.661338147750938996e-17,nan,nan,nan,nan
2.849002849002912896e-03,nan,3.988603988604011441e-03,5.925925925925932397e-02,nan,nan,nan,nan,1.481481481481488130e-02,nan,nan,nan,0.000000000000000000e+00,nan,nan,nan,nan,nan,0.000000000000000000e+00,nan,nan,nan,nan,nan,nan,nan,nan,nan,nan,1.139601139601165115e-03,nan,nan,nan,nan,nan,nan,nan,nan,nan,nan,4.444444444444448777e-02,nan,nan,nan,nan,nan,nan,nan,nan,8.547008547008605114e-03,nan,nan,nan,nan,nan,nan,nan,nan,nan,nan,9.686609686609726211e-03,nan,nan,nan,nan
-5.633802816901401162e-04,nan,nan,5.295774647887319109e-02,nan,nan,nan,nan,-4.507042253521120929e-03,nan,nan,nan,-1.690140845070420240e-03,nan,nan,nan,nan,nan,1.126760563380280189e-02,nan,nan,nan,nan,nan,nan,nan,nan,nan,nan,0.000000000000000000e+00,nan,nan,nan,nan,1.014084507042252101e-02,nan,nan,nan,nan,nan,9.014084507042241859e-03,nan,nan,nan,nan,nan,nan,nan,nan,2.253521126760560465e-03,nan,nan,nan,nan,nan,nan,nan,nan,nan,nan,2.084507042253518419e-02,nan,nan,nan,nan
nan,-1.108033240997197046e-03,nan,6.315789473684212119e-02,nan,nan,nan,nan,nan,nan,nan,nan,nan,-1.108033240997219381e-03,nan,nan,nan,2.216066481994438762e-03,nan,nan,nan,nan,nan,nan,5.540166204986163474e-03,4.986149584487553459e-03,nan,nan,nan,nan,nan,nan,nan,nan,-1.108033240997219381e-03,nan,nan,nan,nan,nan,1.662049861495851297e-03,nan,nan,nan,nan,nan,nan,nan,nan,2.770083102493115131e-03,nan,nan,nan,nan,nan,nan,nan,nan,nan,nan,1.108033240997219381e-03,nan,nan,nan,nan
nan,nan,nan,-1.604278074866338820e-03,nan,3.101604278074858792e-02,nan,nan,-4.812834224598949891e-03,nan,nan,nan,nan,nan,nan,nan,nan,nan,nan,-2.673796791443860954e-03,nan,nan,nan,nan,nan,nan,nan,nan,nan,-5.347593582887721908e-03,nan,nan,nan,nan,nan,nan,1.604278074866249916e-03,nan,nan,nan,6.737967914438498795e-02,nan,nan,nan,nan,5.882352941176382903e-03,nan,nan,nan,6.417112299465154920e-03,nan,nan,nan,nan,nan,nan,nan,nan,nan,nan,-5.347593582887943519e-04,nan,nan,nan,nan
0.000000000000000000e+00,nan,nan,nan,nan,nan,nan,nan,nan,nan,nan,nan,0.000000000000000000e+00,nan,nan,nan,nan,nan,0.000000000000000000e+00,nan,nan,nan,nan,nan,nan,nan,nan,nan,nan,9.973753280839913957e-03,nan,nan,-1.049868766404205098e-03,nan,nan,nan,nan,nan,nan,nan,3.464566929133858914e-02,nan,nan,nan,nan,nan,nan,nan,nan,3.149606299212592744e-03,nan,5.879265091863519060e-02,nan,nan,nan,nan,1.574803149606296372e-03,nan,nan,nan,7.349081364829412703e-03,nan,nan,nan,nan
nan,nan,nan,5.094850948509486305e-02,nan,nan,nan,nan,-5.420054200542034689e-04,-1.084010840108406938e-03,nan,nan,nan,nan,nan,nan,5.420054200542034689e-04,nan,nan,nan,nan,nan,nan,nan,nan,nan,nan,nan,nan,-4.336043360433606067e-03,nan,nan,nan,nan,nan,nan,2.710027100271017453e-03,nan,nan,nan,2.005420054200544172e-02,nan,nan,nan,nan,-3.252032520325221030e-03,nan,nan,nan,4.336043360433606067e-03,nan,nan,nan,nan,nan,nan,nan,nan,nan,nan,7.046070460704645204e-03,nan,nan,nan,nan
