nan,nan,nan,nan,1.206581352833633290e-02,1.352833638025590160e-02,nan,nan,nan,nan,nan,nan,nan,nan,nan,0.000000000000000000e+00,nan,nan,nan,nan,nan,nan,nan,nan,0.000000000000000000e+00,nan,nan,nan,nan,0.000000000000000000e+00,nan,4.387568555758658388e-03,nan,0.000000000000000000e+00,nan,nan,nan,nan,nan,nan,3.656307129798807903e-04,0.000000000000000000e+00,nan,nan,nan,1.462522851919558810e-02,nan,nan,nan,nan,nan,nan,nan,nan,nan,nan,nan,nan,nan,nan,nan
nan,nan,nan,nan,7.285974499089187045e-04,4.007285974499064096e-03,nan,nan,nan,nan,nan,nan,1.092896174863389192e-02,nan,nan,nan,nan,nan,nan,-3.642987249544704653e-04,nan,nan,nan,5.828779599271416423e-03,nan,nan,nan,-9.836065573770480519e-03,1.821493624772330209e-03,nan,nan,nan,nan,nan,nan,nan,nan,nan,-2.185792349726778556e-03,nan,nan,nan,nan,nan,nan,1.457194899817815291e-03,nan,nan,nan,nan,nan,nan,nan,nan,nan,nan,nan,nan,3.642987249544615749e-03,nan,nan
nan,nan,nan,3.795066413662229188e-03,nan,1.518026565464891718e-03,nan,nan,nan,nan,nan,nan,nan,nan,nan,nan,7.969639468690670192e-03,nan,nan,nan,3.795066413662118165e-04,nan,nan,-6.451612903225867161e-03,-1.138519924098679902e-03,nan,nan,nan,nan,7.590132827324236331e-04,nan,nan,nan,nan,nan,nan,nan,nan,-9.487666034155628481e-03,nan,nan,-8.728652751423204847e-03,nan,-1.897533206831170105e-03,nan,nan,nan,nan,nan,nan,nan,nan,nan,nan,nan,nan,nan,nan,nan,nan,nan
nan,nan,nan,nan,nan,nan,nan,nan,nan,nan,nan,nan,nan,nan,nan,nan,-1.828153564899404060e-03,nan,nan,-1.279707495429616149e-02,nan,nan,nan,-7.678244972577697065e-03,-1.828153564899426178e-03,nan,nan,-2.193784277879340383e-02,nan,nan,nan,-2.559414990859187975e-03,nan,-1.096892138939642479e-03,nan,nan,nan,nan,nan,nan,nan,-6.215722120658129235e-03,nan,nan,nan,nan,-2.742230347349172703e-02,nan,nan,nan,nan,nan,nan,nan,nan,nan,nan,nan,-1.828153564899404060e-03,nan,nan
nan,nan,nan,nan,nan,nan,nan,nan,5.871559633027478679e-03,nan,nan,nan,1.394495412844032334e-02,4.036697247706411487e-03,0.000000000000000000e+00,nan,nan,nan,nan,nan,nan,nan,nan,nan,1.137614678899079301e-02,nan,nan,nan,1.834862385321089960e-03,nan,nan,3.669724770642202039e-03,nan,nan,nan,nan,nan,nan,3.669724770642202039e-03,nan,nan,nan,5.137614678899038098e-03,nan,nan,2.165137614678898023e-02,nan,nan,nan,nan,nan,nan,nan,nan,nan,nan,nan,nan,nan,nan,nan
nan,nan,nan,nan,0.000000000000000000e+00,7.720588235294090218e-03,nan,nan,nan,nan,nan,nan,1.213235294117642749e-02,-1.838235294117640528e-03,nan,nan,nan,nan,nan,nan,nan,0.000000000000000000e+00,nan,nan,nan,nan,nan,nan,nan,nan,nan,nan,nan,nan,nan,nan,nan,nan,-3.308823529411752951e-03,nan,nan,nan,nan,3.308823529411752951e-03,nan,9.191176470588202640e-03,-1.066176470588240353e-02,nan,nan,nan,-2.573529411764696739e-03,nan,nan,nan,nan,nan,nan,nan,nan,nan,nan
-9.836065573770503070e-03,nan,nan,nan,nan,nan,nan,nan,nan,nan,nan,nan,-3.642987249544615749e-03,nan,nan,-1.092896174863389278e-03,nan,nan,nan,nan,nan,0.000000000000000000e+00,nan,nan,nan,nan,nan,-3.023679417122042759e-02,nan,nan,nan,nan,nan,nan,nan,nan,nan,nan,nan,9.471766848816032605e-03,nan,nan,nan,nan,nan,-1.821493624772352327e-03,-1.457194899817848555e-02,nan,3.642987249544637866e-03,nan,-1.457194899817859744e-03,nan,nan,nan,nan,nan,nan,nan,nan,nan,nan
nan,nan,nan,1.212121212121208824e-02,nan,nan,nan,nan,nan,nan,nan,nan,nan,nan,1.426024955436688878e-03,1.069518716577500016e-03,nan,nan,nan,nan,nan,7.130124777183332718e-04,nan,nan,nan,nan,nan,nan,nan,nan,nan,nan,nan,nan,nan,nan,nan,nan,5.347593582887677673e-03,1.996434937611402116e-02,nan,-1.426024955436755448e-03,nan,2.495543672014211012e-03,-8.556149732620355747e-03,nan,nan,nan,nan,nan,nan,nan,nan,nan,nan,nan,nan,nan,-6.417112299465288494e-03,nan,nan
nan,nan,nan,nan,0.000000000000000000e+00,nan,nan,nan,4.165170556552959258e-02,nan,nan,nan,nan,nan,nan,2.513464991023339756e-03,nan,nan,nan,nan,nan,nan,nan,nan,nan,nan,nan,nan,0.000000000000000000e+00,nan,nan,1.077199281867136007e-03,nan,nan,nan,nan,nan,nan,nan,nan,nan,0.000000000000000000e+00,nan,3.877917414721723105e-02,nan,2.190305206463196569e-02,nan,nan,0.000000000000000000e+00,nan,nan,nan,nan,nan,nan,nan,nan,nan,0.000000000000000000e+00,nan,nan
nan,nan,nan,nan,nan,nan,nan,nan,nan,nan,nan,nan,6.215722120658173470e-03,1.096892138939709049e-03,-1.096892138939642479e-03,nan,nan,nan,nan,nan,-5.484460694698323202e-03,-1.462522851919523161e-03,nan,nan,nan,nan,nan,nan,nan,nan,nan,nan,nan,nan,nan,nan,nan,nan,nan,nan,nan,-3.656307129798807903e-04,nan,nan,nan,-1.828153564899404060e-03,-3.656307129798919142e-03,nan,nan,nan,nan,4.440892098500626408e-17,nan,nan,nan,nan,nan,nan,-2.925045703839113109e-03,nan,nan
nan,nan,nan,nan,nan,nan,nan,nan,nan,nan,nan,nan,2.242647058823532547e-02,nan,nan,nan,nan,nan,nan,nan,nan,3.676470588235503318e-04,nan,1.470588235294123525e-02,5.147058823529504501e-03,nan,nan,nan,0.000000000000000000e+00,nan,nan,nan,nan,nan,nan,nan,nan,nan,7.352941176470673135e-03,nan,nan,8.455882352941257452e-03,nan,nan,1.875000000000004441e-02,nan,nan,nan,nan,nan,nan,7.720588235294201240e-03,nan,nan,nan,nan,nan,nan,1.102941176470595419e-02,nan,nan
nan,nan,nan,2.816901408450678355e-03,nan,-3.521126760563708441e-04,nan,nan,nan,nan,nan,nan,nan,nan,nan,nan,nan,nan,nan,-1.584507042253526649e-02,1.408450704225328119e-03,nan,nan,1.056338028168957166e-03,nan,nan,nan,-5.633802816901400945e-03,nan,nan,nan,nan,nan,-5.281690140845118897e-03,nan,nan,nan,nan,nan,-4.225352112676073260e-03,nan,nan,nan,2.464788732394351638e-03,nan,nan,nan,nan,nan,nan,nan,nan,nan,nan,nan,nan,-1.760563380281743306e-03,nan,nan,nan,nan
-1.077199281867136007e-03,nan,nan,5.745062836624814998e-03,nan,nan,nan,nan,nan,nan,nan,nan,3.949730700179543072e-03,nan,0.000000000000000000e+00,nan,nan,nan,nan,nan,nan,0.000000000000000000e+00,nan,nan,nan,nan,nan,nan,nan,nan,nan,nan,nan,nan,nan,nan,nan,nan,nan,nan,nan,3.949730700179521388e-03,nan,nan,nan,nan,-7.181328545780907291e-03,nan,nan,nan,-1.795332136445226823e-03,-1.077199281867136007e-03,nan,nan,nan,nan,nan,nan,1.005385996409338158e-02,nan,nan
nan,nan,nan,7.117437722419861675e-03,nan,-3.558718861210063977e-03,nan,nan,nan,nan,nan,nan,nan,-3.202846975089013084e-03,nan,nan,-2.846975088968051095e-03,nan,nan,nan,nan,nan,nan,0.000000000000000000e+00,nan,nan,nan,nan,-7.117437722420349999e-04,nan,nan,nan,nan,nan,nan,nan,nan,nan,nan,0.000000000000000000e+00,nan,nan,nan,nan,nan,nan,nan,nan,-1.316725978647692585e-02,nan,nan,9.252669039145833968e-03,nan,nan,nan,nan,nan,nan,-1.387900355871891575e-02,nan,nan
nan,nan,nan,7.821229050279331768e-03,nan,1.862197392923703454e-03,nan,nan,0.000000000000000000e+00,nan,nan,nan,nan,5.586592178770999340e-03,-1.117318435754155372e-03,nan,nan,nan,nan,nan,nan,nan,nan,nan,nan,nan,nan,nan,-7.448789571694369510e-04,nan,nan,nan,nan,nan,nan,nan,nan,nan,4.841713221601495927e-03,nan,nan,nan,nan,nan,nan,2.607076350093118396e-03,7.076350093109873458e-03,nan,nan,nan,nan,nan,nan,nan,nan,nan,nan,nan,7.821229050279376871e-03,nan,nan
nan,nan,nan,nan,nan,-1.084112149532712177e-02,nan,nan,nan,nan,nan,nan,1.495327102803756247e-03,nan,nan,nan,nan,nan,nan,-8.598130841121487400e-03,-5.607476635513974905e-03,nan,nan,2.242990654205612253e-03,nan,nan,nan,nan,0.000000000000000000e+00,-5.607476635513974905e-03,nan,nan,nan,nan,nan,nan,nan,nan,-5.607476635513974905e-03,nan,-8.971962616822426462e-03,1.869158878504717427e-03,nan,nan,nan,nan,nan,nan,nan,nan,nan,nan,nan,nan,nan,nan,nan,nan,nan,nan,nan
nan,nan,nan,nan,nan,nan,nan,nan,nan,nan,nan,nan,-5.424954792043412688e-03,-1.301989150090412418e-02,nan,nan,-6.871609403254996980e-03,nan,nan,nan,nan,-2.893309222423146032e-03,nan,-7.956600361663634241e-03,nan,nan,nan,nan,nan,nan,nan,nan,nan,3.616636528029016024e-04,nan,nan,nan,nan,nan,-1.084990958408682581e-03,nan,-3.616636528029237743e-04,nan,nan,nan,nan,nan,nan,nan,nan,nan,7.233273056057809786e-04,nan,nan,nan,nan,nan,nan,-1.084990958408704699e-03,nan,nan
nan,nan,nan,1.818181818181829890e-03,nan,nan,nan,nan,nan,nan,nan,nan,nan,nan,nan,nan,nan,nan,nan,1.818181818181829890e-03,0.000000000000000000e+00,1.454545454545463998e-03,nan,2.181818181818195781e-03,nan,nan,nan,nan,1.818181818181829890e-03,nan,nan,nan,nan,nan,nan,nan,nan,nan,1.090909090909097890e-03,nan,nan,nan,nan,nan,nan,nan,6.545454545454565225e-03,nan,-3.636363636363659996e-04,nan,nan,4.000000000000026104e-03,nan,nan,nan,nan,nan,nan,nan,nan,nan
nan,nan,nan,nan,nan,-9.756097560975595870e-03,nan,nan,-1.050656660412754330e-02,nan,nan,nan,nan,nan,nan,nan,nan,nan,nan,nan,3.752345215760399593e-04,-7.129455909943693999e-03,nan,nan,-3.302063789868663057e-02,nan,nan,-4.577861163227012892e-02,nan,-1.275797373358342722e-02,nan,nan,nan,nan,nan,nan,nan,nan,nan,2.220446049250313204e-17,nan,nan,nan,nan,nan,nan,nan,nan,-2.251407129455906819e-02,nan,nan,nan,nan,nan,nan,nan,-2.138836772983108286e-02,nan,nan,nan,nan
nan,nan,nan,nan,nan,nan,nan,nan,nan,nan,nan,nan,1.127272727272725719e-02,nan,nan,0.000000000000000000e+00,nan,nan,nan,-4.000000000000026104e-03,nan,nan,nan,1.090909090909089087e-02,nan,nan,nan,1.090909090909097890e-03,nan,nan,nan,nan,nan,0.000000000000000000e+00,nan,nan,nan,nan,0.000000000000000000e+00,1.090909090909086832e-02,nan,1.090909090909086832e-02,nan,nan,nan,nan,nan,nan,nan,nan,nan,2.545454545454561672e-03,nan,nan,nan,nan,nan,nan,nan,nan,nan
nan,nan,nan,nan,nan,-2.181818181818195781e-03,nan,nan,nan,nan,nan,nan,nan,-7.272727272727319992e-04,nan,nan,nan,nan,nan,-3.636363636363659779e-03,nan,nan,nan,3.636363636363659996e-04,nan,nan,nan,nan,-1.454545454545463998e-03,nan,nan,nan,nan,nan,nan,nan,nan,nan,nan,-5.454545454545489669e-03,nan,3.636363636363615544e-03,nan,-3.272727272727293888e-03,nan,3.272727272727293888e-03,nan,nan,-8.363636363636416798e-03,nan,nan,nan,nan,nan,nan,nan,nan,nan,nan,nan,nan
1.879699248120347919e-03,nan,nan,3.383458646616577335e-03,nan,nan,nan,nan,nan,nan,nan,nan,nan,2.631578947368429233e-03,nan,nan,nan,nan,nan,-9.774436090225569265e-03,nan,nan,nan,nan,nan,nan,nan,nan,7.518796992481479929e-04,nan,nan,nan,nan,1.879699248120370036e-03,nan,nan,nan,nan,nan,3.759398496240739965e-04,nan,-5.263157894736835915e-03,nan,nan,nan,nan,-5.263157894736814231e-03,nan,nan,nan,nan,1.879699248120370036e-03,nan,nan,nan,nan,nan,nan,nan,nan,nan
-2.957486136783660409e-03,nan,nan,2.957486136783793549e-03,nan,-7.393715341959317122e-03,nan,nan,nan,nan,nan,nan,nan,nan,nan,nan,-1.478743068391796811e-03,nan,nan,nan,nan,nan,nan,nan,3.696857670980158270e-04,nan,nan,nan,nan,nan,nan,nan,nan,-2.587800369685688655e-03,nan,nan,nan,nan,nan,-4.805914972273517445e-03,nan,-5.914972273567386737e-03,nan,nan,nan,-2.957486136783660409e-03,nan,nan,nan,nan,nan,nan,nan,nan,nan,nan,nan,nan,-9.611829944547078258e-03,nan,nan
nan,nan,nan,nan,nan,2.495543672014299916e-03,nan,nan,nan,nan,nan,nan,nan,-3.565062388591888620e-04,nan,nan,1.782531194295944310e-03,nan,nan,nan,nan,nan,nan,-6.417112299465244259e-03,nan,nan,nan,nan,1.069518716577566586e-03,nan,nan,nan,nan,nan,nan,nan,nan,nan,-8.556149732620288093e-03,nan,nan,3.208556149732610854e-03,nan,nan,nan,3.208556149732610854e-03,nan,nan,nan,nan,-2.852049910873444109e-03,nan,nan,nan,nan,nan,nan,nan,-7.130124777183777240e-04,nan,nan
nan,nan,nan,nan,nan,nan,nan,nan,-1.821493624772352327e-03,nan,nan,nan,nan,nan,nan,nan,nan,nan,nan,nan,-1.821493624772352327e-03,-1.821493624772352327e-03,nan,0.000000000000000000e+00,nan,nan,nan,-8.743169398907180145e-03,7.285974499089187045e-04,nan,nan,nan,nan,-3.278688524590234188e-03,nan,nan,nan,nan,-9.836065573770546439e-03,nan,nan,nan,nan,nan,nan,9.107468123861539588e-03,nan,nan,nan,nan,nan,6.193078324225798417e-03,nan,nan,nan,nan,nan,nan,nan,nan,nan
nan,nan,nan,nan,nan,nan,nan,nan,nan,nan,nan,nan,1.960072595281316804e-02,nan,nan,6.170598911070812771e-03,1.088929219600731635e-02,nan,nan,nan,nan,6.896551724137967368e-03,nan,1.016333938294016262e-02,nan,nan,nan,nan,7.259528130671544233e-03,nan,nan,nan,nan,nan,nan,nan,nan,nan,-3.629764065335661094e-03,nan,nan,nan,nan,nan,nan,nan,-1.814882032667819488e-03,nan,nan,nan,4.718693284936503578e-03,nan,nan,nan,nan,nan,nan,nan,-1.814882032667775036e-03,nan,nan
nan,nan,nan,nan,nan,nan,nan,nan,nan,nan,nan,nan,-2.294455066921585826e-03,nan,nan,nan,1.912045889101321450e-03,nan,nan,-9.560229445506607249e-03,0.000000000000000000e+00,nan,nan,nan,nan,nan,nan,nan,nan,nan,nan,-1.147227533460792913e-03,nan,nan,nan,nan,nan,nan,-2.256214149139577213e-02,-1.147227533460799462e-02,nan,nan,nan,nan,-3.441682600382378523e-03,nan,nan,nan,nan,nan,nan,1.912045889101321450e-03,nan,nan,nan,nan,nan,nan,-3.824091778202642683e-04,nan,nan
1.830742659758199942e-02,nan,nan,nan,nan,nan,nan,nan,nan,nan,nan,nan,nan,nan,1.381692573402393178e-03,nan,nan,nan,nan,nan,4.490500863557777937e-03,3.454231433505982945e-04,nan,nan,nan,nan,nan,1.243523316062169516e-02,nan,nan,nan,nan,nan,-1.036269430051817153e-02,nan,nan,nan,nan,nan,nan,nan,nan,nan,nan,nan,1.692573402417956244e-02,-6.908462867012410413e-04,nan,nan,nan,1.381692573402393178e-03,nan,nan,nan,nan,nan,-7.599309153713362623e-03,nan,nan,nan,nan
nan,nan,nan,7.312614259597794049e-03,nan,nan,nan,nan,nan,nan,nan,nan,nan,nan,nan,nan,-1.828153564899515082e-03,nan,nan,nan,nan,-1.828153564899492965e-03,nan,nan,nan,nan,nan,nan,nan,nan,nan,nan,nan,2.559414990859187975e-03,nan,nan,nan,nan,nan,nan,nan,-9.872029250457070929e-03,nan,nan,nan,5.484460694698323202e-03,-9.506398537477167912e-03,nan,nan,nan,nan,3.290676416818971890e-03,nan,nan,nan,nan,-1.828153564899492965e-03,nan,-5.850091407678270454e-03,nan,nan
nan,nan,nan,1.897533206831170105e-03,nan,0.000000000000000000e+00,nan,nan,-7.210626185958224008e-03,nan,nan,nan,9.867172675521840297e-03,nan,nan,-3.795066413662118165e-04,nan,nan,nan,-5.692599620493288270e-03,nan,nan,nan,-9.867172675521795194e-03,nan,nan,nan,nan,nan,nan,nan,nan,nan,nan,nan,nan,nan,nan,-6.072106261859522638e-03,nan,nan,nan,nan,nan,nan,nan,nan,nan,nan,nan,nan,3.795066413662340427e-04,nan,nan,nan,nan,nan,nan,-7.210626185958202324e-03,nan,nan
nan,nan,nan,nan,nan,nan,nan,nan,nan,nan,5.118829981718442737e-03,nan,nan,nan,nan,nan,nan,nan,nan,-3.656307129798919142e-03,1.828153564899404060e-03,nan,nan,1.133455210237654942e-02,nan,nan,nan,nan,-1.462522851919612066e-03,nan,nan,nan,nan,5.484460694698345753e-03,nan,nan,nan,nan,nan,nan,nan,1.828153564899404060e-03,nan,nan,5.484460694698323202e-03,5.118829981718464421e-03,nan,nan,-7.312614259597838284e-03,nan,nan,nan,nan,nan,nan,nan,nan,nan,nan,nan,nan
nan,nan,nan,6.071428571428549685e-03,nan,nan,nan,nan,-1.285714285714283436e-02,nan,nan,nan,nan,-1.678571428571433780e-02,nan,-1.249999999999995559e-02,nan,nan,nan,nan,nan,nan,nan,-7.142857142857117481e-03,nan,nan,nan,nan,nan,nan,nan,-5.714285714285694331e-03,nan,-3.571428571428558740e-03,nan,nan,nan,nan,nan,nan,nan,0.000000000000000000e+00,nan,0.000000000000000000e+00,nan,nan,-9.999999999999963779e-03,nan,nan,nan,nan,nan,nan,nan,nan,nan,nan,nan,nan,nan,nan
nan,nan,nan,8.378870673952598658e-03,0.000000000000000000e+00,nan,nan,nan,nan,nan,nan,nan,-4.918032786885251362e-02,-4.918032786885251362e-02,0.000000000000000000e+00,nan,nan,nan,nan,nan,nan,nan,nan,-4.918032786885251362e-02,nan,nan,nan,nan,nan,nan,nan,nan,nan,nan,nan,nan,nan,nan,nan,-4.918032786885251362e-02,nan,-4.918032786885251362e-02,nan,nan,nan,nan,-2.222222222222225430e-02,nan,nan,nan,nan,7.285974499089187262e-03,nan,nan,nan,nan,nan,nan,nan,nan,nan
nan,nan,nan,nan,0.000000000000000000e+00,1.047120418848157455e-03,nan,nan,nan,nan,nan,nan,1.815008726003495415e-02,nan,nan,nan,nan,nan,nan,nan,1.745200698080262569e-03,nan,nan,nan,nan,nan,nan,-1.431064572425826478e-02,1.047120418848157455e-03,nan,nan,nan,nan,nan,nan,nan,nan,nan,-1.047120418848157455e-03,nan,nan,9.773123909249604307e-03,nan,0.000000000000000000e+00,nan,nan,0.000000000000000000e+00,nan,nan,nan,nan,nan,nan,nan,nan,nan,nan,nan,nan,nan,nan
nan,nan,nan,1.326164874551973884e-02,nan,nan,nan,nan,nan,nan,nan,nan,nan,nan,nan,0.000000000000000000e+00,nan,nan,nan,nan,-1.792114695340463193e-03,nan,nan,nan,nan,nan,nan,nan,0.000000000000000000e+00,1.075268817204322325e-03,nan,nan,nan,1.792114695340574215e-03,nan,nan,nan,nan,7.168458781362296644e-04,nan,nan,4.301075268817222512e-03,nan,nan,nan,-4.301075268817178276e-03,-2.508960573476648297e-03,nan,nan,nan,nan,nan,nan,nan,nan,nan,nan,nan,nan,nan,nan
nan,nan,nan,1.335807050092760982e-02,nan,nan,nan,nan,nan,nan,nan,nan,4.823747680890532949e-03,nan,nan,nan,1.187384044526895721e-02,nan,nan,nan,nan,0.000000000000000000e+00,nan,nan,nan,nan,nan,nan,3.710575139146632612e-04,nan,nan,1.484230055658630710e-03,nan,nan,nan,nan,nan,nan,nan,nan,nan,-6.679035250463827462e-03,nan,nan,-2.597402597402620385e-03,7.421150278293153768e-03,-8.163265306122458390e-03,nan,nan,nan,nan,nan,nan,nan,nan,nan,nan,nan,nan,nan,nan
nan,nan,nan,nan,nan,nan,nan,nan,1.798561151079125509e-03,nan,nan,nan,nan,nan,nan,-2.517985611510775538e-03,nan,nan,nan,nan,-2.877697841726600987e-03,nan,nan,3.237410071942426002e-03,nan,nan,nan,nan,1.079136690647475262e-03,nan,nan,nan,nan,nan,nan,nan,nan,nan,-8.633093525179824645e-03,-1.043165467625897271e-02,nan,nan,nan,nan,nan,1.079136690647484152e-02,-1.978417266187049162e-02,nan,nan,nan,-1.007194244604316981e-02,nan,nan,nan,nan,nan,nan,nan,nan,nan,nan
nan,nan,nan,nan,nan,nan,nan,nan,nan,nan,nan,nan,7.393715341959428578e-04,2.587800369685799677e-03,nan,nan,nan,nan,nan,-4.436229205175568242e-03,nan,3.696857670979714289e-04,nan,9.242144177449174158e-03,nan,nan,nan,nan,3.327171903881742752e-03,nan,nan,7.393715341959649755e-04,nan,nan,nan,nan,nan,nan,0.000000000000000000e+00,nan,nan,nan,nan,nan,nan,8.133086876155260631e-03,nan,nan,nan,nan,2.957486136783771431e-03,nan,nan,nan,nan,nan,nan,nan,nan,nan,nan
nan,nan,nan,7.421150278293265224e-04,nan,nan,nan,nan,-4.452690166975914465e-03,nan,nan,nan,-8.534322820037142793e-03,-9.276437847866424863e-03,nan,nan,nan,nan,nan,-8.534322820037142793e-03,nan,-5.936920222634545392e-03,nan,nan,nan,nan,nan,nan,nan,nan,nan,nan,nan,-2.226345083488001468e-03,nan,nan,nan,nan,nan,nan,nan,nan,nan,nan,nan,-3.710575139146632395e-03,nan,nan,nan,nan,nan,-1.855287569573316198e-03,nan,nan,nan,nan,nan,nan,-3.339517625231969242e-03,nan,nan
nan,nan,nan,4.089219330854998620e-03,0.000000000000000000e+00,nan,nan,nan,4.832713754646844780e-03,nan,nan,nan,nan,-6.319702602230514547e-03,nan,nan,nan,nan,nan,nan,nan,nan,nan,0.000000000000000000e+00,nan,nan,nan,nan,nan,nan,nan,-1.486988847583692319e-03,nan,nan,nan,nan,nan,nan,nan,-1.003717472118959009e-02,nan,nan,nan,nan,nan,nan,nan,nan,-1.152416356877321649e-02,nan,nan,1.858736059479504377e-03,nan,nan,nan,nan,nan,nan,-1.747211895910782964e-02,nan,nan
nan,nan,nan,3.971119133574041102e-03,0.000000000000000000e+00,nan,nan,nan,nan,nan,nan,nan,-1.805054151624574388e-03,nan,nan,nan,nan,nan,nan,-9.025270758122760917e-03,nan,0.000000000000000000e+00,nan,-2.527075812274359908e-03,nan,nan,nan,nan,nan,nan,nan,nan,nan,nan,nan,nan,nan,nan,-1.805054151624574388e-03,nan,nan,nan,nan,0.000000000000000000e+00,nan,nan,-3.610108303249037753e-03,nan,nan,nan,nan,nan,nan,nan,nan,nan,nan,nan,0.000000000000000000e+00,nan,nan
nan,nan,nan,nan,nan,nan,nan,nan,0.000000000000000000e+00,nan,nan,nan,1.489757914338918354e-02,nan,nan,nan,nan,nan,nan,7.448789571694591771e-04,nan,nan,nan,2.234636871508377531e-02,nan,nan,nan,nan,7.076350093109829223e-03,nan,nan,2.048417132216018288e-02,nan,nan,nan,nan,nan,nan,nan,nan,nan,nan,nan,1.862197392923647943e-02,nan,2.085661080074487778e-02,-7.448789571694591771e-03,nan,nan,nan,nan,2.309124767225327959e-02,nan,nan,nan,nan,nan,nan,nan,nan,nan
nan,nan,nan,nan,nan,7.092198581559738813e-04,nan,nan,nan,nan,nan,nan,nan,nan,nan,7.092198581560183335e-04,nan,nan,nan,-1.205673758865251008e-02,-1.418439716312125355e-03,0.000000000000000000e+00,nan,nan,nan,nan,nan,nan,nan,nan,nan,nan,nan,-2.127659574468165806e-03,nan,nan,nan,nan,2.127659574468054784e-03,nan,nan,nan,nan,nan,nan,-3.546099290780180355e-03,nan,nan,nan,nan,-7.801418439716356276e-03,9.219858156028349142e-03,nan,nan,nan,nan,nan,nan,nan,nan,nan
1.731123388581952069e-02,nan,nan,nan,nan,nan,nan,nan,-2.136279926335173801e-02,nan,nan,nan,-3.683241252302016486e-04,nan,nan,-8.471454880294637321e-03,nan,nan,nan,nan,-1.399631675874766189e-02,nan,nan,nan,nan,nan,nan,-1.436464088397786457e-02,-2.357274401473297143e-02,nan,nan,-2.173112338858196324e-02,nan,-2.099447513812153707e-02,nan,nan,nan,nan,nan,nan,nan,nan,nan,nan,nan,nan,-3.499079189686926661e-02,nan,nan,nan,nan,nan,nan,nan,nan,nan,nan,nan,nan,nan,nan
nan,nan,nan,nan,nan,0.000000000000000000e+00,nan,nan,nan,nan,nan,nan,-9.057971014492793849e-03,nan,nan,-3.623188405797117756e-04,1.811594202898558770e-03,nan,nan,-9.420289855072505950e-03,-3.260869565217405872e-03,nan,nan,5.434782608695676309e-03,nan,nan,nan,nan,nan,nan,nan,nan,nan,-7.246376811594235079e-03,nan,nan,nan,nan,nan,nan,nan,nan,nan,-3.623188405797117539e-03,nan,-5.434782608695676309e-03,nan,nan,nan,nan,nan,nan,nan,nan,nan,nan,nan,nan,nan,nan,nan
nan,nan,nan,nan,nan,nan,nan,nan,nan,nan,nan,nan,1.423357664233579865e-02,nan,nan,nan,nan,nan,nan,-3.649635036496290397e-03,2.919708029197098757e-03,nan,nan,8.394160583941578588e-03,0.000000000000000000e+00,nan,nan,nan,nan,4.379562043795637294e-03,nan,nan,nan,nan,nan,nan,nan,nan,1.824817518248145198e-03,nan,-1.459854014598516202e-03,2.554744525547425309e-03,nan,nan,nan,5.109489051094917404e-03,nan,nan,nan,nan,nan,nan,nan,nan,nan,nan,nan,nan,nan,nan,nan
7.259528130671543799e-04,nan,nan,nan,nan,nan,nan,nan,nan,nan,nan,nan,nan,-6.170598911070812771e-03,nan,nan,nan,nan,nan,nan,nan,2.903811252268595402e-03,nan,3.484573502722319166e-02,nan,nan,nan,nan,2.540834845735040655e-03,nan,nan,-3.629764065335771899e-04,nan,-2.903811252268617520e-03,nan,nan,nan,nan,nan,nan,nan,nan,nan,nan,nan,7.622504537205010075e-03,-2.177858439201452168e-02,nan,nan,nan,nan,1.814882032667874956e-02,nan,nan,nan,nan,nan,nan,nan,nan,nan
3.649635036496290397e-03,nan,nan,0.000000000000000000e+00,0.000000000000000000e+00,nan,nan,nan,nan,nan,nan,nan,nan,nan,nan,0.000000000000000000e+00,nan,nan,nan,nan,nan,0.000000000000000000e+00,nan,nan,nan,nan,nan,nan,nan,nan,nan,0.000000000000000000e+00,nan,-2.554744525547447860e-03,nan,nan,nan,nan,-3.649635036496401419e-03,nan,nan,-6.569343065693433389e-03,nan,nan,nan,1.459854014598516202e-03,nan,nan,nan,nan,nan,nan,nan,nan,nan,nan,nan,nan,nan,nan,nan
6.617647058823505901e-03,nan,nan,1.433823529411766204e-02,7.352941176470562112e-04,nan,nan,nan,nan,nan,nan,nan,-6.985294117647034007e-03,-3.308823529411752951e-03,nan,nan,nan,nan,nan,-4.044117647058809162e-03,nan,nan,nan,nan,nan,nan,nan,nan,nan,nan,nan,nan,nan,nan,nan,nan,nan,nan,nan,nan,nan,nan,nan,nan,nan,8.823529411764674535e-03,nan,nan,nan,nan,-1.838235294117640528e-03,0.000000000000000000e+00,nan,nan,nan,nan,nan,nan,-3.676470588235281056e-03,nan,nan
nan,nan,nan,nan,nan,0.000000000000000000e+00,nan,nan,nan,nan,nan,nan,7.116104868913874712e-03,-1.086142322097369793e-02,nan,nan,nan,nan,nan,nan,1.872659176029967121e-03,nan,nan,nan,nan,nan,nan,-3.745318352059934242e-03,nan,nan,nan,0.000000000000000000e+00,nan,nan,nan,nan,nan,nan,nan,-6.367041198501799566e-03,nan,nan,nan,nan,nan,5.992509363295895133e-03,nan,nan,-3.745318352059934242e-03,nan,nan,nan,nan,nan,nan,nan,nan,nan,7.490636704119868917e-04,nan,nan
nan,nan,nan,nan,3.831417624521104908e-04,nan,nan,nan,nan,nan,nan,nan,4.980842911877436489e-03,-9.195402298850541625e-03,nan,nan,9.961685823754784508e-03,nan,nan,nan,nan,nan,nan,1.264367816091953658e-02,nan,nan,nan,nan,-2.298850574712663162e-03,nan,nan,-5.747126436781657688e-03,nan,nan,nan,nan,nan,nan,-4.980842911877414805e-03,nan,nan,nan,nan,nan,nan,4.597701149425326324e-03,-1.340996168582375692e-02,nan,nan,nan,nan,nan,nan,nan,nan,nan,nan,nan,nan,nan,nan
nan,nan,nan,nan,nan,5.464480874316968509e-03,nan,nan,nan,nan,nan,nan,0.000000000000000000e+00,nan,nan,nan,nan,nan,nan,nan,2.914389799635696936e-03,nan,nan,nan,nan,nan,nan,nan,-3.642987249544704653e-04,nan,nan,7.285974499089187045e-04,nan,nan,nan,nan,nan,nan,-7.285974499089187045e-04,nan,4.371584699453534562e-03,0.000000000000000000e+00,nan,nan,nan,2.841530054644807526e-02,nan,nan,nan,nan,nan,9.836065573770525622e-03,nan,nan,nan,nan,nan,nan,nan,nan,nan
-9.107468123861539588e-03,nan,nan,nan,0.000000000000000000e+00,2.914389799635763723e-03,nan,nan,nan,nan,-7.285974499088964784e-04,nan,-1.420765027322401508e-02,nan,nan,nan,nan,nan,nan,nan,nan,-5.828779599271372187e-03,nan,7.285974499089409306e-04,nan,nan,nan,nan,nan,nan,nan,nan,nan,nan,nan,nan,nan,nan,nan,nan,nan,nan,nan,nan,nan,nan,1.092896174863411396e-03,nan,nan,nan,nan,1.457194899817903979e-03,nan,nan,nan,nan,-1.821493624772241304e-03,nan,nan,nan,nan
nan,nan,nan,1.023765996343692884e-02,nan,nan,nan,nan,nan,nan,nan,nan,nan,6.215722120658196022e-03,nan,-3.656307129798807903e-04,nan,nan,nan,nan,nan,0.000000000000000000e+00,nan,nan,nan,nan,nan,nan,nan,nan,nan,nan,nan,1.462522851919589948e-03,nan,nan,nan,nan,nan,8.775137111517384431e-03,nan,-1.828153564899426178e-03,nan,-3.656307129798919142e-03,nan,0.000000000000000000e+00,nan,nan,nan,nan,0.000000000000000000e+00,nan,nan,nan,nan,nan,nan,nan,nan,nan,nan
nan,nan,nan,nan,nan,nan,nan,nan,nan,nan,nan,nan,1.660516605166051374e-02,1.107011070110663995e-03,nan,nan,nan,nan,nan,nan,nan,-2.220446049250313204e-17,nan,nan,nan,nan,nan,-1.992619926199266228e-02,3.321033210332102574e-03,nan,nan,-2.214022140221405532e-02,nan,4.059040590405893316e-03,nan,nan,nan,nan,-3.690036900369175971e-04,1.254612546125457619e-02,nan,nan,nan,nan,nan,nan,nan,nan,nan,nan,nan,nan,nan,nan,nan,nan,-1.660516605166051374e-02,nan,nan,nan,nan
nan,nan,nan,nan,nan,7.130124777183777240e-04,nan,nan,nan,nan,nan,nan,nan,-3.565062388591777598e-03,nan,nan,-3.565062388591666359e-04,nan,nan,nan,1.069518716577544468e-03,nan,nan,-1.782531194295833288e-03,nan,nan,nan,nan,nan,nan,nan,nan,nan,-4.634581105169344184e-03,nan,nan,nan,nan,nan,nan,nan,3.565062388591821833e-03,nan,nan,nan,nan,-5.347593582887721908e-03,nan,-7.843137254901932920e-03,nan,nan,nan,nan,nan,nan,nan,nan,nan,3.921568627450989011e-03,nan,nan
nan,nan,nan,1.139705882352937127e-02,nan,nan,nan,nan,nan,nan,nan,nan,nan,nan,nan,1.838235294117640528e-03,nan,nan,nan,nan,nan,1.838235294117640528e-03,nan,nan,-7.352941176470562112e-04,nan,nan,nan,nan,nan,nan,nan,nan,nan,nan,nan,nan,nan,-5.514705882352921584e-03,0.000000000000000000e+00,nan,nan,nan,9.558823529411730746e-03,nan,nan,nan,nan,nan,nan,-7.352941176470562112e-04,7.352941176470562112e-04,nan,nan,nan,nan,nan,nan,3.308823529411752951e-03,nan,nan
nan,nan,nan,nan,nan,nan,nan,nan,-1.604278074866305470e-02,nan,nan,nan,nan,nan,-8.912655971479499506e-03,-8.912655971479499506e-03,nan,nan,nan,nan,nan,nan,nan,nan,nan,nan,nan,nan,-9.982174688057066092e-03,nan,nan,nan,nan,nan,nan,nan,nan,nan,nan,-1.604278074866305470e-02,nan,nan,nan,nan,-9.269162210338688368e-03,3.565062388591444639e-04,-1.426024955436715549e-02,nan,-1.568627450980388666e-02,nan,nan,-8.556149732620310644e-03,nan,nan,nan,nan,nan,nan,nan,nan,nan
nan,nan,nan,nan,nan,nan,nan,nan,nan,nan,nan,nan,3.616636528028793762e-04,-8.318264014466536169e-03,nan,0.000000000000000000e+00,nan,nan,nan,nan,1.808318264014507903e-03,-2.169981916817365162e-03,nan,nan,nan,nan,nan,nan,nan,nan,nan,nan,nan,3.616636528029016024e-04,nan,nan,nan,nan,-3.616636528028904785e-03,nan,nan,nan,-9.041591320072317473e-03,nan,nan,1.121157323688968220e-02,2.893309222423168150e-03,nan,nan,nan,nan,nan,nan,nan,nan,nan,nan,nan,nan,nan,nan
-1.690647482014389150e-02,nan,nan,nan,nan,nan,nan,nan,nan,nan,nan,nan,-3.597122302158339922e-03,nan,nan,-3.237410071942470238e-03,nan,nan,nan,nan,nan,0.000000000000000000e+00,nan,-8.992805755395738565e-03,nan,nan,nan,nan,nan,nan,nan,nan,nan,-4.676258992805814967e-03,nan,nan,nan,nan,nan,-5.395683453237487548e-03,nan,-6.115107913669137578e-03,nan,nan,-2.122302158273388015e-02,nan,nan,nan,nan,nan,nan,nan,nan,nan,nan,nan,nan,nan,-7.194244604316723645e-04,nan,nan
1.115241635687724787e-03,nan,nan,nan,nan,-4.832713754646889015e-03,nan,nan,nan,nan,nan,nan,1.226765799256504010e-02,1.858736059479504377e-03,nan,nan,nan,nan,nan,nan,nan,nan,nan,nan,nan,nan,nan,nan,0.000000000000000000e+00,nan,nan,nan,nan,1.858736059479504377e-03,nan,nan,nan,nan,3.345724907063196696e-03,nan,nan,5.576208178438624152e-03,nan,nan,nan,nan,nan,nan,1.486988847583603415e-03,nan,0.000000000000000000e+00,nan,nan,nan,nan,nan,nan,nan,nan,nan,nan
nan,nan,nan,nan,nan,nan,nan,nan,nan,nan,nan,nan,2.193784277879395981e-03,-1.828153564899404060e-03,nan,nan,nan,nan,nan,nan,nan,nan,nan,-3.656307129798807903e-04,nan,nan,nan,nan,0.000000000000000000e+00,nan,nan,nan,nan,-3.656307129798919142e-03,nan,nan,nan,nan,0.000000000000000000e+00,nan,nan,0.000000000000000000e+00,nan,nan,nan,4.387568555758680940e-03,nan,nan,nan,nan,nan,1.828153564899515082e-03,nan,nan,nan,nan,nan,nan,3.290676416819038243e-03,nan,nan
nan,nan,nan,-3.558718861209842150e-04,-3.558718861209842150e-04,-8.540925266903930807e-03,nan,nan,nan,nan,nan,nan,-7.473309608540890450e-03,nan,nan,nan,-5.338078291814896473e-03,nan,nan,nan,nan,nan,nan,nan,nan,nan,nan,nan,nan,nan,nan,-7.117437722419905476e-04,nan,nan,nan,nan,nan,nan,-1.779359430604920966e-03,-3.558718861209842150e-04,nan,nan,nan,nan,nan,nan,-3.914590747330937495e-03,nan,nan,nan,nan,-3.914590747330937495e-03,nan,nan,nan,nan,nan,nan,nan,nan,nan
-7.207207207207133592e-04,nan,nan,nan,nan,nan,nan,nan,-4.684684684684703622e-03,nan,nan,nan,4.180180180180181893e-02,nan,nan,nan,nan,nan,nan,nan,nan,7.207207207207133592e-04,nan,nan,nan,nan,nan,nan,-1.441441441441426718e-03,nan,nan,nan,nan,nan,nan,nan,nan,nan,nan,nan,nan,2.090090090090086436e-02,nan,nan,nan,3.603603603603789058e-04,-1.873873873873876938e-02,nan,-8.288288288288314654e-03,nan,-5.765765765765817896e-03,nan,nan,nan,nan,nan,nan,nan,nan,nan,nan
nan,nan,nan,nan,nan,-1.831501831501824995e-03,nan,nan,-2.564102564102554993e-03,nan,nan,nan,nan,5.128205128205198457e-03,nan,nan,nan,nan,nan,nan,nan,nan,nan,2.271062271062274096e-02,nan,nan,nan,nan,4.029304029304081776e-03,nan,nan,-2.564102564102554993e-03,nan,7.326007326007411002e-03,nan,nan,nan,nan,1.465201465201471098e-02,nan,nan,nan,nan,nan,nan,1.098901098901106099e-02,nan,nan,nan,nan,nan,nan,nan,nan,nan,nan,nan,nan,2.600732600732602595e-02,nan,nan
0.000000000000000000e+00,nan,nan,nan,nan,nan,nan,nan,nan,nan,nan,nan,nan,nan,nan,nan,nan,nan,nan,nan,nan,nan,nan,nan,nan,nan,nan,-2.145454545454545878e-02,-1.454545454545452809e-02,nan,nan,-2.145454545454548306e-02,nan,-2.218181818181817061e-02,nan,nan,nan,nan,nan,-5.090909090909079109e-03,nan,nan,nan,nan,-3.636363636363659779e-03,-7.636363636363663332e-03,nan,nan,nan,nan,nan,nan,nan,nan,nan,nan,-2.472727272727270886e-02,nan,-1.381818181818179544e-02,nan,nan
nan,nan,nan,nan,nan,nan,nan,nan,nan,nan,nan,nan,nan,nan,nan,nan,nan,nan,nan,nan,nan,nan,nan,9.057971014492705378e-03,6.884057971014522978e-03,nan,nan,nan,nan,0.000000000000000000e+00,nan,nan,nan,nan,nan,nan,nan,nan,nan,9.057971014492682826e-03,7.246376811594235513e-04,7.608695652173924628e-03,nan,nan,nan,5.072463768115964208e-03,3.260869565217405872e-03,nan,2.173913043478270437e-03,nan,nan,5.434782608695676309e-03,nan,nan,nan,nan,nan,nan,nan,nan,nan
nan,nan,nan,nan,nan,nan,nan,nan,-1.821493624772352327e-03,nan,nan,nan,-7.285974499089409306e-04,nan,nan,nan,nan,nan,nan,-1.821493624772352327e-03,0.000000000000000000e+00,nan,nan,nan,-1.821493624772352327e-03,nan,nan,nan,0.000000000000000000e+00,nan,nan,nan,nan,nan,nan,nan,nan,nan,3.642987249544260672e-04,1.457194899817792957e-03,nan,0.000000000000000000e+00,nan,nan,nan,nan,nan,nan,nan,nan,nan,nan,nan,nan,nan,nan,nan,nan,-2.914389799635741605e-03,nan,nan
nan,nan,nan,nan,-3.597122302158251234e-04,nan,nan,nan,5.395683453237376526e-03,nan,nan,nan,nan,-6.474820143884940475e-03,nan,nan,nan,nan,nan,-7.553956834532438505e-03,nan,-3.597122302158251017e-03,nan,-1.079136690647486407e-02,nan,nan,nan,-4.676258992805814967e-03,nan,nan,nan,nan,nan,-1.798561151079125509e-03,nan,nan,nan,nan,nan,3.597122302158251234e-04,nan,nan,nan,nan,nan,nan,nan,nan,nan,nan,nan,nan,nan,nan,nan,nan,-1.043165467625903862e-02,nan,nan,nan,nan
nan,nan,nan,nan,nan,7.130124777183777240e-04,nan,nan,nan,nan,nan,nan,nan,5.347593582887721908e-03,nan,nan,nan,nan,nan,nan,nan,nan,nan,-8.912655971479499506e-03,nan,nan,nan,nan,nan,1.426024955436755448e-03,nan,nan,nan,nan,nan,nan,nan,nan,-1.247771836007129966e-02,7.486631016042832529e-03,nan,-9.625668449197811311e-03,nan,nan,nan,nan,3.921568627450989011e-03,nan,nan,nan,nan,nan,nan,nan,nan,nan,5.347593582887721908e-03,nan,-9.982174688056977621e-03,nan,nan
-7.692307692307664979e-03,nan,nan,nan,nan,nan,nan,nan,nan,nan,nan,nan,0.000000000000000000e+00,nan,nan,nan,nan,nan,nan,0.000000000000000000e+00,3.296703296703284991e-03,nan,nan,nan,nan,nan,nan,nan,nan,nan,nan,nan,nan,nan,nan,nan,nan,nan,-7.326007326007299980e-03,-3.663003663003649990e-04,nan,7.326007326007299980e-03,nan,5.128205128205109986e-03,nan,nan,3.663003663003649990e-03,nan,nan,nan,nan,nan,nan,nan,nan,nan,nan,nan,1.465201465201459996e-03,nan,nan
nan,nan,nan,5.663716814159292130e-03,nan,8.849557522123907560e-03,nan,nan,nan,nan,nan,nan,2.477876106194676267e-03,nan,0.000000000000000000e+00,nan,nan,nan,nan,nan,nan,nan,nan,nan,nan,nan,nan,nan,7.079646017699170457e-04,nan,nan,2.477876106194676267e-03,nan,nan,nan,nan,nan,nan,0.000000000000000000e+00,3.539823008849474098e-04,nan,nan,nan,nan,nan,nan,-6.017699115044261929e-03,nan,nan,nan,nan,nan,nan,nan,nan,nan,nan,nan,6.371681415929230860e-03,nan,nan
nan,nan,nan,nan,nan,nan,nan,nan,nan,nan,nan,nan,-2.554744525547403191e-03,nan,-1.459854014598493867e-03,nan,nan,nan,nan,nan,nan,nan,nan,1.459854014598516202e-03,nan,nan,nan,nan,3.649635036496512224e-04,nan,nan,4.379562043795637294e-03,nan,nan,nan,nan,nan,nan,nan,nan,nan,8.394160583941578588e-03,4.014598540146030632e-03,nan,nan,nan,-1.715328467153285491e-02,nan,6.934306569343062603e-03,nan,nan,nan,nan,nan,nan,nan,nan,nan,3.649635036496401419e-03,nan,nan
nan,nan,nan,nan,nan,nan,nan,nan,-1.148148148148151436e-02,nan,nan,nan,nan,-1.555555555555556725e-02,1.481481481481439124e-03,nan,1.851851851851848973e-02,nan,nan,-2.629629629629635229e-02,nan,-4.444444444444473064e-03,nan,nan,nan,nan,nan,nan,nan,nan,nan,5.555555555555491583e-03,nan,nan,nan,nan,nan,nan,-3.259259259259263825e-02,nan,nan,nan,nan,nan,nan,6.296296296296244321e-03,nan,nan,nan,nan,-1.740740740740740616e-02,nan,nan,nan,nan,nan,nan,nan,nan,nan,nan
nan,nan,nan,nan,0.000000000000000000e+00,nan,nan,nan,nan,nan,nan,nan,1.046931407942233196e-02,7.220216606498186529e-03,nan,0.000000000000000000e+00,0.000000000000000000e+00,nan,nan,nan,nan,-1.805054151624574388e-03,nan,nan,-1.805054151624574388e-03,nan,nan,nan,nan,nan,nan,nan,nan,nan,nan,nan,nan,nan,-5.415162454873678928e-03,1.444043321299637306e-02,nan,nan,nan,nan,nan,6.498194945848356774e-03,nan,nan,nan,nan,nan,nan,nan,nan,nan,nan,nan,nan,nan,nan,nan
nan,nan,nan,nan,nan,nan,nan,nan,nan,nan,nan,nan,nan,1.178637200736645275e-02,nan,nan,nan,nan,nan,nan,nan,3.683241252302016377e-03,nan,3.241252302025774551e-02,8.103130755064436377e-03,nan,nan,nan,nan,4.419889502762420000e-03,nan,nan,nan,3.683241252302016377e-03,nan,nan,nan,nan,-6.261510128913516660e-03,nan,1.362799263351746094e-02,nan,nan,nan,nan,1.731123388581947559e-02,-5.156537753222912093e-03,nan,nan,nan,nan,nan,nan,nan,nan,nan,nan,nan,nan,nan,nan
nan,nan,nan,-5.194805194805173984e-03,0.000000000000000000e+00,-8.163265306122390735e-03,nan,nan,nan,nan,nan,nan,-1.855287569573316198e-03,-9.276437847866358943e-03,nan,nan,nan,nan,nan,nan,nan,nan,nan,nan,nan,nan,nan,nan,nan,nan,nan,nan,nan,nan,nan,nan,nan,nan,-1.298701298701299134e-02,nan,nan,nan,nan,nan,nan,-6.307977736549142192e-03,-1.521335807050090347e-02,nan,nan,nan,nan,5.565862708719837570e-03,nan,nan,nan,nan,nan,nan,-1.855287569573316198e-03,nan,nan
nan,nan,nan,nan,0.000000000000000000e+00,3.508771929824572311e-03,nan,nan,nan,nan,nan,nan,nan,nan,nan,3.508771929824572528e-04,nan,nan,nan,nan,3.508771929824572311e-03,nan,nan,4.561403508771944178e-03,nan,nan,nan,nan,nan,nan,nan,nan,nan,nan,nan,nan,nan,nan,nan,nan,nan,2.456140350877200444e-03,nan,nan,-7.017543859649144622e-03,nan,3.859649122807029455e-03,nan,nan,nan,0.000000000000000000e+00,nan,nan,nan,nan,nan,nan,nan,-7.017543859649145056e-04,nan,nan
nan,nan,nan,nan,nan,nan,nan,nan,1.798561151079125509e-03,nan,nan,nan,nan,nan,nan,nan,1.043165467625903862e-02,nan,nan,-9.712230215827278440e-03,nan,nan,nan,2.517985611510820208e-03,nan,nan,nan,nan,nan,nan,nan,1.798561151079125509e-03,nan,nan,nan,nan,nan,nan,-1.079136690647475305e-02,7.553956834532438505e-03,nan,nan,nan,nan,nan,7.194244604316613056e-03,nan,nan,3.956834532374098150e-03,nan,nan,nan,nan,nan,nan,nan,nan,nan,-6.115107913669026556e-03,nan,nan
nan,nan,nan,nan,nan,5.714285714285716015e-03,nan,nan,nan,nan,nan,nan,8.928571428571462770e-03,nan,nan,nan,nan,nan,nan,-1.357142857142852252e-02,nan,0.000000000000000000e+00,nan,nan,nan,nan,nan,nan,-3.571428571428558957e-04,nan,nan,nan,nan,nan,nan,nan,nan,nan,nan,nan,nan,nan,nan,nan,-3.571428571428558957e-04,8.571428571428629101e-03,4.642857142857126536e-03,nan,nan,nan,-3.214285714285702953e-03,1.000000000000007480e-02,nan,nan,nan,nan,nan,nan,nan,nan,nan
nan,nan,nan,nan,nan,0.000000000000000000e+00,nan,nan,nan,nan,nan,nan,-3.683241252302016377e-03,0.000000000000000000e+00,nan,nan,6.998158379373830944e-03,nan,nan,nan,nan,-1.841620626151008189e-03,nan,nan,nan,nan,nan,nan,nan,-7.366482504604032972e-04,nan,nan,nan,1.104972375690605000e-03,nan,nan,nan,nan,nan,-1.473296500920806594e-03,0.000000000000000000e+00,nan,nan,nan,nan,nan,nan,nan,nan,nan,0.000000000000000000e+00,nan,nan,nan,nan,nan,nan,nan,nan,nan,nan
nan,nan,nan,nan,nan,-1.956521739130432508e-02,nan,nan,-1.847826086956518704e-02,nan,nan,nan,-1.340579710144922457e-02,nan,nan,nan,nan,nan,nan,-1.594202898550720754e-02,nan,nan,nan,nan,nan,nan,nan,nan,-7.971014492753548258e-03,nan,nan,nan,nan,-9.782608695652107028e-03,nan,nan,nan,nan,nan,-9.420289855072417479e-03,nan,-2.499999999999995628e-02,nan,nan,nan,nan,nan,nan,nan,nan,-1.304347826086951247e-02,nan,nan,nan,nan,nan,nan,nan,-2.173913043478254911e-02,nan,nan
nan,nan,nan,nan,nan,nan,nan,nan,nan,nan,nan,nan,1.719298245614040571e-02,nan,nan,3.508771929824572311e-03,nan,nan,nan,nan,nan,4.210526315789486600e-03,nan,nan,nan,nan,nan,nan,nan,3.508771929824572528e-04,nan,-3.157894736842115167e-03,nan,nan,nan,nan,nan,nan,3.192982456140354419e-02,nan,nan,4.140350877192986584e-02,nan,0.000000000000000000e+00,nan,nan,-4.210526315789486600e-03,nan,nan,nan,nan,nan,nan,nan,nan,nan,6.315789473684230333e-03,nan,nan,nan,nan
nan,nan,nan,nan,nan,nan,nan,nan,nan,nan,nan,nan,0.000000000000000000e+00,-2.201834862385343428e-03,nan,nan,nan,nan,nan,nan,nan,1.100917431192627262e-03,nan,1.100917431192627262e-03,nan,nan,nan,-3.669724770642202039e-03,nan,1.834862385321045508e-03,nan,nan,nan,nan,nan,nan,nan,nan,nan,nan,-3.669724770642246274e-03,-7.339449541284404077e-03,nan,1.467889908256880729e-03,nan,4.036697247706411487e-03,nan,nan,nan,nan,nan,nan,nan,nan,nan,nan,nan,nan,nan,nan,nan
nan,nan,nan,nan,-3.759398496240518245e-04,-7.518796992481258101e-03,nan,nan,nan,nan,nan,nan,-7.518796992481257668e-04,nan,nan,nan,nan,nan,nan,nan,-1.879699248120259014e-03,nan,nan,-1.879699248120259014e-03,nan,nan,nan,nan,nan,nan,nan,nan,nan,-1.879699248120259014e-03,nan,nan,nan,nan,nan,nan,nan,-1.879699248120259014e-03,nan,nan,-5.639097744360910616e-03,3.383458646616555217e-03,nan,nan,nan,nan,nan,nan,nan,nan,nan,nan,nan,nan,-1.127819548872155365e-03,nan,nan
nan,nan,nan,nan,0.000000000000000000e+00,nan,nan,nan,nan,nan,nan,nan,nan,nan,nan,nan,-3.266787658802194818e-03,nan,nan,-5.444646098003658174e-03,nan,nan,nan,-3.266787658802194818e-03,nan,nan,nan,nan,-1.451905626134308760e-03,nan,nan,nan,nan,nan,nan,nan,nan,nan,-8.711433756805853426e-03,3.629764065335771899e-04,nan,nan,nan,nan,nan,-6.533575317604389636e-03,nan,nan,-1.814882032667886058e-03,nan,nan,nan,nan,nan,nan,nan,nan,nan,-4.355716878402926713e-03,nan,nan
nan,nan,nan,nan,nan,-1.176470588235294448e-02,nan,nan,-1.782531194295833288e-03,nan,nan,nan,nan,1.033868092691625495e-02,3.565062388591888620e-04,-7.130124777183111540e-04,nan,nan,nan,nan,2.139037433155066385e-03,nan,nan,nan,nan,nan,nan,nan,3.565062388591888620e-04,nan,nan,nan,nan,nan,nan,nan,nan,nan,nan,nan,nan,nan,nan,nan,nan,3.600713012477720770e-02,nan,nan,-3.565062388591666359e-04,nan,3.565062388591777598e-03,nan,nan,nan,nan,nan,nan,nan,nan,nan,nan
nan,nan,nan,nan,nan,-1.444043321299659510e-03,nan,nan,-1.805054151624574388e-03,nan,nan,nan,4.693140794223782386e-03,nan,nan,nan,nan,nan,nan,-1.263537906137188714e-02,nan,nan,nan,nan,nan,nan,nan,-1.299638989169673610e-02,0.000000000000000000e+00,nan,nan,nan,nan,5.415162454873612141e-03,nan,nan,nan,nan,nan,1.083032490974700180e-03,nan,-6.859205776173315887e-03,nan,nan,nan,nan,-1.949458483754516053e-02,nan,nan,nan,nan,nan,nan,nan,nan,nan,nan,nan,nan,nan,nan
-4.718693284936503578e-03,nan,nan,nan,-1.814882032667886058e-03,nan,nan,nan,nan,nan,nan,nan,1.088929219600731678e-03,-3.629764065335771899e-04,nan,-2.540834845735040655e-03,nan,nan,nan,nan,nan,nan,nan,-1.814882032667886058e-03,nan,nan,nan,nan,nan,nan,nan,nan,nan,nan,nan,nan,nan,nan,nan,0.000000000000000000e+00,nan,-3.266787658802194818e-03,nan,nan,-1.633393829401086350e-02,nan,-1.088929219600720533e-02,nan,nan,nan,nan,nan,nan,nan,nan,nan,nan,nan,nan,nan,nan
0.000000000000000000e+00,nan,nan,nan,0.000000000000000000e+00,nan,nan,nan,nan,nan,nan,nan,1.870503597122301701e-02,nan,nan,nan,-3.597122302158251017e-03,nan,nan,nan,nan,0.000000000000000000e+00,nan,1.798561151079125509e-03,nan,nan,nan,nan,0.000000000000000000e+00,nan,nan,nan,nan,nan,nan,nan,nan,nan,nan,nan,nan,nan,nan,0.000000000000000000e+00,nan,nan,-5.395683453237376526e-03,nan,nan,nan,nan,nan,nan,nan,nan,nan,nan,nan,0.000000000000000000e+00,nan,nan
2.150537634408577863e-03,nan,nan,nan,nan,nan,nan,nan,-5.376344086021500601e-03,nan,nan,nan,nan,-9.318996415770630995e-03,nan,nan,nan,nan,nan,nan,nan,nan,nan,-6.451612903225778690e-03,nan,nan,nan,-1.254480286738348695e-02,-1.433691756272370641e-03,nan,nan,-5.017921146953430167e-03,nan,nan,nan,nan,nan,nan,-5.017921146953407616e-03,-2.867383512544807635e-03,nan,nan,nan,nan,nan,nan,nan,nan,nan,nan,nan,nan,nan,nan,nan,nan,-4.301075268817222512e-03,nan,nan,nan,nan
nan,nan,nan,nan,nan,nan,nan,nan,nan,nan,-5.827067669172936171e-02,nan,nan,nan,0.000000000000000000e+00,nan,nan,nan,nan,nan,-6.390977443609014048e-03,nan,nan,nan,nan,nan,nan,nan,-3.383458646616577335e-03,nan,nan,nan,nan,nan,nan,nan,nan,nan,-5.827067669172936171e-02,nan,nan,-4.812030075187974376e-02,-3.759398496240629051e-03,nan,-1.541353383458647988e-02,-2.631578947368429233e-03,nan,nan,-6.390977443609058284e-03,nan,nan,nan,nan,nan,nan,nan,nan,nan,nan,nan,nan
nan,nan,nan,nan,nan,nan,nan,nan,-8.665511265164660068e-03,nan,nan,nan,1.143847487001734518e-02,nan,nan,nan,nan,nan,nan,-1.074523396880415829e-02,nan,nan,nan,nan,nan,nan,nan,3.466204506065828747e-04,-3.466204506065828747e-04,nan,nan,nan,nan,nan,nan,nan,nan,nan,nan,2.079722703639497357e-03,nan,-2.426343154246079960e-03,nan,nan,-6.932409012131768300e-03,nan,nan,nan,-1.213171577123051126e-02,nan,nan,nan,nan,nan,nan,nan,-7.625649913344911823e-03,nan,nan,nan,nan
nan,nan,nan,nan,4.484629294755870799e-02,4.484629294755870799e-02,nan,nan,nan,nan,nan,nan,nan,nan,nan,nan,nan,nan,nan,0.000000000000000000e+00,nan,nan,nan,0.000000000000000000e+00,nan,nan,nan,nan,nan,nan,nan,nan,nan,nan,nan,nan,nan,nan,0.000000000000000000e+00,nan,nan,0.000000000000000000e+00,4.520795660036158736e-02,nan,0.000000000000000000e+00,nan,nan,nan,nan,nan,nan,4.339963833634719048e-02,nan,nan,nan,nan,nan,nan,0.000000000000000000e+00,nan,nan
nan,nan,nan,3.935599284436519171e-03,nan,nan,nan,nan,0.000000000000000000e+00,nan,nan,nan,5.366726296958890252e-03,-2.504472271914104289e-03,-2.862254025044697059e-03,nan,nan,nan,nan,6.797853309481261333e-03,nan,nan,nan,nan,nan,nan,nan,nan,-3.220035778175289829e-03,nan,nan,nan,nan,-5.366726296958779230e-03,nan,nan,nan,nan,nan,nan,nan,nan,nan,nan,nan,nan,-7.871198568872927320e-03,nan,-4.293381037567023037e-03,nan,nan,nan,nan,nan,nan,nan,nan,nan,nan,nan,nan
-1.001855287569575204e-02,nan,nan,nan,nan,-1.484230055658630710e-03,nan,nan,nan,nan,nan,nan,nan,nan,nan,nan,nan,nan,nan,nan,nan,nan,nan,nan,nan,nan,nan,nan,nan,nan,nan,nan,nan,nan,nan,nan,nan,nan,nan,nan,nan,3.710575139146521373e-03,nan,3.710575139146632612e-04,-6.307977736549163876e-03,nan,-6.307977736549163876e-03,nan,0.000000000000000000e+00,nan,1.113172541743989675e-03,4.081632653061206643e-03,nan,nan,nan,nan,nan,nan,2.597402597402598268e-03,nan,nan
nan,nan,nan,nan,nan,nan,nan,nan,nan,nan,nan,nan,3.831417624521083008e-03,-1.915708812260552563e-03,nan,0.000000000000000000e+00,0.000000000000000000e+00,nan,nan,-6.513409961685878886e-03,nan,nan,nan,-1.915708812260552563e-03,-1.915708812260552563e-03,nan,nan,nan,nan,nan,nan,nan,nan,nan,nan,nan,nan,nan,4.597701149425236986e-03,nan,nan,nan,nan,nan,nan,nan,-6.896551724137989052e-03,nan,nan,nan,nan,0.000000000000000000e+00,nan,nan,nan,nan,nan,nan,nan,nan,nan
nan,nan,nan,1.632653061224487168e-02,nan,nan,nan,nan,nan,nan,nan,nan,nan,nan,nan,-1.484230055658653045e-03,nan,nan,nan,1.855287569573316198e-03,nan,-1.113172541743989675e-03,nan,nan,nan,nan,nan,nan,nan,nan,nan,nan,nan,-3.339517625231969242e-03,nan,nan,nan,nan,nan,nan,nan,2.003710575139143815e-02,nan,nan,-5.565862708719837570e-03,2.226345083487890446e-03,nan,nan,nan,nan,-3.710575139146632395e-03,1.669758812615951271e-02,nan,nan,nan,nan,nan,nan,nan,nan,nan
nan,nan,nan,nan,nan,nan,nan,nan,nan,nan,nan,nan,nan,nan,nan,nan,nan,nan,nan,-7.117437722419905910e-03,nan,-1.423487544483936860e-03,nan,8.185053380782925450e-03,nan,nan,nan,nan,nan,nan,nan,0.000000000000000000e+00,nan,nan,nan,nan,nan,nan,3.202846975088968848e-03,1.245551601423489085e-02,nan,3.914590747330959179e-03,nan,nan,nan,4.270462633451987955e-03,4.982206405693956168e-03,nan,1.779359430604987580e-02,nan,nan,nan,nan,nan,nan,nan,nan,nan,nan,nan,nan
nan,nan,nan,6.545454545454587776e-03,nan,nan,nan,nan,1.490909090909100544e-02,nan,nan,nan,nan,-1.454545454545375094e-03,nan,nan,1.345454545454554188e-02,nan,nan,nan,nan,nan,nan,nan,nan,nan,nan,nan,nan,nan,nan,1.200000000000007658e-02,nan,nan,nan,nan,nan,nan,nan,1.018181818181824669e-02,nan,nan,nan,nan,-1.163636363636360097e-02,nan,nan,nan,9.090909090909149448e-03,nan,nan,1.745454545454552114e-02,nan,nan,nan,nan,nan,nan,1.090909090909097934e-02,nan,nan
