nan,1.318051575931229388e-02,2.865329512893977082e-03,nan,nan,nan,nan,1.203438395415470409e-02,nan,5.730659025787954381e-04,nan,nan,nan,nan,nan,nan,nan,nan,nan,nan,nan,nan,-9.169054441260727009e-03,nan,nan,nan,nan,nan,nan,nan,5.730659025787954381e-04,nan,nan,nan,nan,1.833810888252145402e-02,nan,1.146131805157590833e-02,nan,nan,nan,nan,nan,nan,nan,nan,nan,5.157593123209158401e-03,nan,nan,nan,nan,5.730659025787954381e-04,nan,nan,nan,nan,nan,nan,nan,nan,nan,nan,nan,nan
nan,-2.116991643454040409e-02,nan,nan,nan,nan,nan,-5.571030640668550582e-03,nan,-5.571030640668883866e-04,nan,-1.392757660167132094e-02,nan,nan,nan,nan,nan,nan,1.671309192200531911e-03,nan,nan,nan,nan,nan,nan,nan,nan,nan,nan,nan,1.114206128133705606e-02,nan,nan,nan,nan,nan,-6.128133704735372507e-03,nan,nan,nan,nan,nan,nan,nan,nan,nan,nan,5.571030640668439343e-04,nan,nan,nan,nan,2.841225626740946295e-02,nan,nan,nan,nan,nan,nan,nan,-6.128133704735416742e-03,nan,nan,nan,nan
nan,-1.061452513966485399e-02,2.234636871508355414e-03,nan,nan,nan,nan,1.229050279329604346e-02,nan,-3.351955307262599690e-03,nan,8.379888268156365436e-03,nan,nan,nan,nan,nan,nan,3.351955307262532904e-03,nan,nan,nan,nan,nan,nan,nan,nan,nan,nan,nan,5.586592178770776861e-04,nan,nan,nan,nan,nan,nan,nan,nan,nan,nan,nan,nan,nan,nan,nan,nan,5.586592178770910869e-03,nan,nan,nan,nan,nan,2.290502793296083153e-02,7.709497206703908034e-02,nan,nan,nan,nan,nan,nan,nan,nan,nan,nan
nan,-4.312668463611868050e-03,nan,nan,nan,nan,nan,6.469002695417791667e-03,nan,-1.617250673854453338e-03,nan,nan,nan,nan,nan,nan,nan,nan,2.695417789757392595e-03,nan,nan,nan,nan,nan,nan,nan,nan,nan,nan,nan,2.695417789757437264e-03,nan,nan,nan,nan,1.293800539083553823e-02,nan,3.719676549865229276e-02,nan,nan,nan,nan,nan,nan,nan,nan,nan,4.312668463611890601e-03,nan,nan,nan,nan,nan,nan,1.239892183288409180e-02,nan,nan,nan,nan,nan,-4.851752021563360447e-03,nan,nan,nan,nan
nan,-2.417582417582418014e-02,4.395604395604379988e-03,nan,nan,nan,nan,-1.648351648351642496e-03,nan,5.494505494505474985e-04,nan,-3.296703296703284991e-03,nan,nan,nan,nan,nan,nan,-1.263736263736263757e-02,nan,nan,nan,-2.197802197802201096e-02,nan,nan,nan,nan,nan,nan,nan,2.197802197802189994e-03,nan,nan,nan,nan,6.153846153846152106e-02,nan,nan,nan,nan,nan,nan,nan,nan,nan,nan,nan,-3.186813186813186594e-02,nan,nan,nan,nan,nan,nan,nan,nan,nan,nan,nan,nan,nan,nan,nan,nan,nan
nan,6.760563380281770299e-03,nan,nan,nan,nan,nan,-7.323943661971798851e-03,nan,-6.197183098591541386e-03,nan,4.440892098500626408e-17,nan,nan,nan,nan,nan,nan,5.070422535211349842e-03,nan,nan,nan,nan,nan,nan,nan,nan,nan,nan,nan,2.220446049250313204e-17,nan,nan,nan,nan,nan,1.239436619718319380e-02,nan,nan,nan,nan,nan,nan,nan,nan,nan,nan,-8.450704225352101417e-03,nan,nan,nan,nan,4.619718309859159600e-02,nan,nan,nan,nan,nan,nan,nan,3.380281690140907267e-03,nan,nan,nan,nan
nan,6.860158311345609765e-03,-4.749340369393184776e-03,nan,nan,nan,nan,8.970976253298101541e-03,nan,1.319261213720315275e-02,nan,2.796833773087068625e-02,nan,nan,nan,nan,nan,nan,2.638522427440581544e-03,nan,nan,nan,nan,nan,nan,nan,nan,nan,nan,nan,1.055408970976223770e-03,nan,nan,nan,nan,nan,nan,nan,nan,nan,nan,nan,nan,nan,nan,nan,nan,6.332453825857497880e-03,nan,nan,nan,nan,nan,3.166226912928758047e-02,nan,nan,nan,nan,nan,nan,-4.749340369393184776e-03,nan,nan,nan,nan
nan,-6.666666666666642808e-03,nan,nan,nan,nan,nan,-1.666666666666660702e-03,nan,1.111111111111107164e-02,nan,-5.555555555555558370e-03,nan,nan,nan,nan,nan,nan,-4.999999999999981889e-03,nan,nan,nan,2.611111111111110578e-02,nan,nan,nan,nan,nan,nan,nan,-1.111111111111107207e-03,nan,nan,nan,nan,nan,nan,7.666666666666663299e-02,nan,nan,nan,nan,nan,nan,nan,nan,nan,0.000000000000000000e+00,nan,nan,nan,nan,nan,nan,nan,nan,nan,nan,nan,nan,-8.333333333333326279e-03,nan,nan,nan,nan
nan,-5.882352941176493925e-03,-3.743315508021405422e-03,nan,nan,nan,nan,-5.882352941176493925e-03,nan,-3.208556149732632971e-03,nan,-2.139037433155088937e-03,nan,nan,nan,nan,nan,nan,-5.347593582887722342e-04,nan,nan,nan,nan,nan,nan,nan,nan,nan,nan,nan,0.000000000000000000e+00,nan,nan,nan,nan,1.604278074866309980e-02,nan,-5.347593582887722342e-04,nan,nan,nan,nan,nan,nan,nan,nan,nan,1.604278074866316486e-03,nan,nan,nan,nan,nan,nan,nan,nan,nan,nan,nan,nan,nan,nan,nan,nan,nan
nan,-7.777777777777749799e-03,-7.222222222222174186e-03,nan,nan,nan,nan,-1.055555555555551771e-02,nan,1.555555555555561062e-02,nan,-4.999999999999981889e-03,nan,nan,nan,nan,nan,nan,3.333333333333410309e-03,nan,nan,nan,nan,nan,nan,nan,nan,nan,nan,nan,1.111111111111151659e-03,nan,nan,nan,nan,nan,4.611111111111114436e-02,nan,nan,nan,nan,nan,nan,nan,nan,nan,nan,1.111111111111173777e-03,nan,nan,nan,nan,nan,nan,nan,nan,nan,nan,nan,nan,-1.499999999999994740e-02,nan,nan,nan,nan
nan,2.622950819672133921e-02,nan,nan,nan,nan,nan,4.918032786885251535e-03,nan,-1.639344262295083701e-03,nan,1.311475409836066960e-02,nan,nan,nan,nan,nan,nan,2.568306010928964739e-02,nan,nan,nan,nan,nan,nan,nan,nan,nan,nan,nan,-3.278688524590167401e-03,nan,nan,nan,nan,nan,1.038251366120219663e-02,nan,nan,nan,nan,nan,nan,nan,nan,nan,nan,1.475409836065575374e-02,nan,nan,nan,nan,nan,2.185792349726778383e-02,nan,nan,nan,nan,nan,nan,1.420765027322406018e-02,nan,nan,nan,nan
nan,3.114754098360659335e-02,1.475409836065575374e-02,nan,nan,nan,nan,1.693989071038253316e-02,nan,4.371584699453557113e-03,nan,1.202185792349728076e-02,nan,nan,nan,nan,nan,nan,8.196721311475418936e-03,nan,nan,nan,nan,nan,nan,nan,nan,nan,nan,nan,-1.092896174863389278e-03,nan,nan,nan,nan,nan,nan,nan,nan,nan,nan,nan,nan,nan,nan,nan,nan,4.590163934426234882e-02,nan,nan,nan,nan,nan,6.393442622950826215e-02,nan,nan,nan,nan,nan,nan,1.092896174863389192e-02,nan,nan,nan,nan
nan,4.419889502762397449e-03,5.524861878452469888e-04,nan,nan,nan,nan,9.944751381215422015e-03,nan,2.762430939226478890e-03,nan,2.762430939226501007e-03,nan,nan,nan,nan,nan,nan,-3.867403314917150677e-03,nan,nan,nan,nan,nan,nan,nan,nan,nan,nan,nan,-1.104972375690627118e-03,nan,nan,nan,nan,nan,1.546961325966846913e-02,1.016574585635358768e-01,nan,nan,nan,nan,nan,nan,nan,nan,nan,6.077348066298293890e-03,nan,nan,nan,nan,nan,nan,nan,nan,nan,nan,nan,nan,nan,nan,nan,nan,nan
nan,nan,4.864864864864903646e-03,nan,nan,nan,nan,-1.135135135135134643e-02,nan,2.702702702702697215e-03,nan,-5.405405405405372746e-03,nan,nan,nan,nan,nan,nan,nan,nan,nan,nan,nan,nan,nan,nan,nan,nan,nan,nan,-5.405405405405350194e-04,nan,nan,nan,nan,nan,-8.648648648648626230e-03,nan,nan,nan,nan,nan,nan,nan,nan,nan,nan,5.351351351351352204e-02,nan,nan,nan,nan,-5.405405405405350194e-04,2.432432432432434302e-02,nan,nan,nan,-1.027027027027023129e-02,nan,nan,nan,nan,nan,nan,nan
nan,-6.685236768802238667e-03,1.002785515320332374e-02,nan,nan,nan,nan,1.169916434540387885e-02,nan,-4.456824512534862497e-03,nan,nan,nan,nan,nan,nan,nan,nan,2.172701949860722515e-02,nan,nan,nan,nan,nan,nan,nan,nan,nan,nan,nan,-2.785515320334330802e-03,nan,nan,nan,nan,nan,8.356545961002770362e-03,nan,nan,nan,nan,nan,nan,nan,nan,nan,nan,-2.228412256267442524e-03,nan,nan,nan,nan,nan,2.674094707520890957e-02,nan,nan,nan,1.448467966573814200e-02,nan,nan,nan,nan,nan,nan,nan
nan,-3.932584269662942403e-03,-7.303370786516882873e-03,nan,nan,nan,nan,-6.741573033707903492e-03,nan,-7.303370786516882873e-03,nan,-3.370786516853985140e-03,nan,nan,nan,nan,nan,nan,5.617977528089790557e-04,nan,nan,nan,nan,nan,nan,nan,nan,nan,nan,nan,-3.932584269662964087e-03,nan,nan,nan,nan,nan,nan,nan,nan,nan,nan,nan,nan,nan,nan,nan,nan,5.617977528089568295e-04,nan,nan,nan,nan,nan,nan,nan,nan,nan,nan,nan,8.707865168539323519e-02,5.617977528089790557e-04,nan,nan,nan,nan
nan,-1.381215469613266203e-02,1.104972375690538213e-03,nan,nan,nan,nan,nan,nan,-9.392265193370219478e-03,nan,-1.325966850828734847e-02,nan,nan,nan,nan,nan,nan,-2.762430939226545677e-03,nan,nan,nan,nan,nan,nan,nan,nan,nan,nan,nan,-1.657458563535940677e-03,nan,nan,nan,nan,nan,-2.154696132596689573e-02,8.232044198895023535e-02,nan,nan,nan,nan,nan,nan,nan,nan,nan,-4.972375690607777794e-03,nan,nan,nan,nan,nan,nan,nan,nan,nan,nan,nan,nan,-1.823204419889505948e-02,nan,nan,nan,nan
nan,5.479452054794498039e-03,3.287671232876698650e-03,nan,nan,nan,nan,-1.095890410958899695e-03,nan,nan,nan,2.191780821917799389e-03,nan,nan,nan,nan,nan,nan,5.479452054794498473e-04,nan,nan,nan,nan,nan,nan,nan,nan,nan,nan,nan,2.191780821917799389e-03,nan,nan,nan,nan,nan,nan,nan,nan,nan,nan,nan,nan,nan,nan,nan,nan,-2.191780821917799389e-03,nan,nan,nan,nan,nan,1.808219178082193235e-02,1.041095890410958791e-01,nan,nan,nan,nan,nan,7.123287671232847798e-03,nan,nan,nan,nan
nan,-1.326259946949597326e-02,-2.652519893899163341e-03,nan,nan,nan,nan,1.697612732095492641e-02,nan,nan,nan,-3.183023872679013790e-03,nan,nan,nan,nan,nan,nan,4.774535809018565571e-03,nan,nan,nan,nan,nan,nan,nan,nan,nan,nan,nan,2.652519893899230128e-03,nan,nan,nan,nan,nan,nan,nan,nan,nan,nan,nan,nan,nan,nan,nan,nan,-3.183023872678991673e-03,nan,nan,nan,nan,nan,1.644562334217507596e-02,9.018567639257298041e-02,nan,nan,nan,nan,nan,-5.305039787798370918e-03,nan,nan,nan,nan
nan,3.361344537815114109e-03,nan,nan,nan,nan,nan,-4.481792717086818811e-03,nan,5.042016806722671163e-03,nan,nan,nan,nan,nan,nan,nan,nan,-5.602240896358523514e-04,nan,nan,nan,nan,nan,nan,nan,nan,nan,nan,nan,1.120448179271704703e-03,nan,nan,nan,nan,nan,nan,2.745098039215687624e-02,nan,nan,nan,nan,nan,nan,nan,nan,nan,3.921568627450966460e-03,nan,nan,nan,nan,3.361344537815114109e-03,nan,4.425770308123251617e-02,nan,nan,nan,nan,nan,-3.921568627450966460e-03,nan,nan,nan,nan
nan,-5.866666666666686680e-03,nan,nan,nan,nan,nan,-1.333333333333337409e-02,nan,2.666666666666639256e-03,nan,-2.220446049250313204e-17,nan,nan,nan,nan,nan,nan,-6.400000000000028062e-03,nan,nan,nan,nan,nan,nan,nan,nan,nan,nan,nan,2.133333333333276190e-03,nan,nan,nan,nan,nan,-3.733333333333366255e-03,nan,nan,nan,nan,nan,nan,nan,nan,nan,nan,-2.506666666666668153e-02,nan,nan,nan,nan,nan,-1.493333333333339910e-02,nan,nan,nan,nan,nan,nan,-1.866666666666672025e-02,nan,nan,nan,nan
nan,-9.264305177111697293e-03,-3.814713896457755209e-03,nan,nan,nan,nan,-2.615803814713895184e-02,nan,-1.471389645776566280e-02,nan,nan,nan,nan,nan,nan,nan,nan,-5.449591280653920400e-03,nan,nan,nan,nan,nan,nan,nan,nan,nan,nan,nan,-5.449591280653809161e-04,nan,nan,nan,nan,nan,-1.253405994550407278e-02,nan,nan,nan,nan,nan,nan,nan,nan,nan,nan,8.719346049046339253e-03,nan,nan,nan,nan,nan,2.125340599455043458e-02,nan,nan,nan,nan,nan,nan,-1.362397820163485651e-02,nan,nan,nan,nan
nan,nan,-1.919999999999992893e-02,nan,nan,nan,nan,nan,nan,-2.666666666666595020e-03,nan,-2.613333333333329664e-02,nan,nan,nan,nan,nan,nan,-2.133333333333320425e-03,nan,nan,nan,nan,nan,nan,nan,nan,nan,nan,nan,-5.866666666666619893e-03,nan,nan,nan,nan,nan,nan,-2.613333333333327582e-02,nan,nan,nan,nan,nan,nan,nan,nan,nan,-2.133333333333327017e-02,nan,nan,nan,nan,-1.173333333333326234e-02,-7.466666666666598937e-03,-2.186666666666661069e-02,nan,nan,nan,nan,nan,nan,nan,nan,nan,nan
nan,9.042553191489322711e-03,nan,nan,nan,nan,nan,1.063829787234005274e-03,nan,-7.446808510638325100e-03,nan,7.978723404255294235e-03,nan,nan,nan,nan,nan,nan,7.446808510638258313e-03,nan,nan,nan,nan,nan,nan,nan,nan,nan,nan,nan,1.063829787234038537e-02,nan,nan,nan,nan,nan,nan,9.893617021276593371e-02,nan,nan,nan,nan,nan,nan,nan,nan,nan,4.255319148936132119e-03,nan,nan,nan,nan,nan,nan,nan,nan,nan,1.861702127659572298e-02,nan,nan,2.659574468085068588e-03,nan,nan,nan,nan
nan,nan,2.724795640327037829e-03,nan,nan,nan,nan,8.174386920980981214e-03,nan,-2.724795640326926807e-03,nan,4.440892098500626408e-17,nan,nan,nan,nan,nan,nan,-5.449591280653586899e-04,nan,nan,nan,nan,nan,nan,nan,nan,nan,nan,nan,1.634877384196209427e-03,nan,nan,nan,nan,nan,1.634877384196275997e-03,nan,nan,nan,nan,nan,nan,nan,nan,nan,nan,5.449591280654475945e-04,nan,nan,nan,nan,nan,nan,8.610354223433247522e-02,nan,nan,1.198910081743873556e-02,nan,nan,nan,nan,nan,nan,nan
nan,8.672086720867167031e-03,5.962059620596172130e-03,nan,nan,nan,nan,-1.626016260162632633e-03,nan,2.168021680216791758e-03,nan,1.300813008130079565e-02,nan,nan,nan,nan,nan,nan,5.962059620596149578e-03,nan,nan,nan,nan,nan,nan,nan,nan,nan,nan,nan,0.000000000000000000e+00,nan,nan,nan,nan,nan,nan,nan,nan,nan,nan,nan,nan,nan,nan,nan,nan,2.764227642276417818e-02,nan,nan,nan,nan,nan,4.444444444444439757e-02,nan,nan,nan,nan,nan,nan,2.710027100270973217e-03,nan,nan,nan,nan
nan,8.815426997245223370e-03,2.809917355371904790e-02,nan,nan,nan,nan,4.958677685950462974e-03,nan,-6.611570247933862450e-03,nan,1.212121212121217671e-02,nan,nan,nan,nan,nan,nan,1.322314049586783592e-02,nan,nan,nan,nan,nan,nan,nan,nan,nan,nan,nan,2.203856749311317118e-03,nan,nan,nan,nan,nan,nan,nan,nan,nan,nan,nan,nan,nan,nan,nan,nan,7.162534435261757974e-03,nan,nan,nan,nan,nan,3.636363636363641738e-02,nan,nan,nan,nan,nan,nan,6.611570247933906685e-03,nan,nan,nan,nan
nan,1.114206128133710203e-03,-1.002785515320334629e-02,nan,nan,nan,nan,0.000000000000000000e+00,nan,-5.571030640668506347e-03,nan,-3.342618384401108058e-03,nan,nan,nan,nan,nan,nan,nan,nan,nan,nan,nan,nan,nan,nan,nan,nan,nan,nan,0.000000000000000000e+00,nan,nan,nan,nan,4.289693593314765352e-02,nan,1.671309192200531911e-03,nan,nan,nan,nan,nan,nan,nan,nan,nan,2.785515320334241898e-03,nan,nan,nan,nan,nan,nan,1.392757660167134350e-02,nan,nan,nan,nan,nan,nan,nan,nan,nan,nan
nan,-8.229166666666662411e-02,-3.854166666666662688e-02,nan,nan,nan,nan,-5.364583333333332316e-02,nan,-3.541666666666663105e-02,nan,-3.906249999999995837e-02,nan,nan,nan,nan,nan,nan,nan,nan,nan,nan,nan,nan,nan,nan,nan,nan,nan,nan,-9.374999999999956285e-03,nan,nan,nan,nan,nan,-4.791666666666664909e-02,-5.781249999999997502e-02,nan,nan,nan,nan,nan,nan,nan,nan,nan,-1.927083333333328222e-02,nan,nan,nan,nan,nan,nan,nan,nan,nan,nan,nan,nan,-9.739583333333330650e-02,nan,nan,nan,nan
nan,-5.714285714285116235e-04,4.571428571428626415e-03,nan,nan,nan,nan,1.828571428571432872e-02,nan,5.714285714285760251e-03,nan,4.440892098500626408e-17,nan,nan,nan,nan,nan,nan,5.714285714285782802e-03,nan,nan,nan,nan,nan,nan,nan,nan,nan,nan,nan,-1.142857142857112152e-03,nan,nan,nan,nan,nan,9.714285714285786355e-03,nan,nan,nan,nan,nan,nan,nan,nan,nan,nan,5.142857142857204175e-03,nan,nan,nan,nan,nan,nan,nan,nan,nan,nan,nan,nan,8.000000000000052208e-03,nan,nan,nan,nan
nan,2.320441988950270457e-02,-6.629834254143651684e-03,nan,nan,nan,nan,-5.524861878453091353e-03,nan,2.209944751381187449e-03,nan,-3.867403314917172794e-03,nan,nan,nan,nan,nan,nan,1.491712707182317812e-02,nan,nan,nan,nan,nan,nan,nan,nan,nan,nan,nan,2.209944751381187449e-03,nan,nan,nan,nan,nan,nan,nan,nan,nan,nan,nan,nan,nan,nan,nan,nan,3.204419889502758967e-02,nan,nan,nan,nan,nan,4.972375690607729048e-02,nan,nan,nan,nan,nan,nan,9.392265193370131007e-03,nan,nan,nan,nan
nan,1.147540983606558720e-02,nan,nan,nan,nan,nan,1.748633879781422845e-02,nan,-5.464480874316945958e-03,nan,2.185792349726778556e-03,nan,nan,nan,nan,nan,nan,-3.278688524590167401e-03,nan,nan,nan,nan,nan,nan,nan,nan,nan,nan,nan,2.732240437158472979e-03,nan,nan,nan,nan,nan,8.743169398907114226e-03,nan,nan,nan,nan,nan,nan,nan,nan,nan,nan,4.918032786885251535e-03,nan,nan,nan,nan,nan,-5.464480874316946391e-04,nan,nan,nan,nan,nan,nan,-1.092896174863389278e-03,nan,nan,nan,nan
nan,nan,1.098901098901094997e-02,nan,nan,nan,nan,7.142857142857117481e-03,nan,-5.494505494505474985e-04,nan,-1.043956043956046839e-02,nan,nan,nan,nan,nan,nan,-1.648351648351642496e-03,nan,nan,nan,nan,nan,nan,nan,nan,nan,nan,nan,2.197802197802189994e-03,nan,nan,nan,nan,nan,-1.648351648351642496e-03,9.615384615384614531e-02,nan,nan,nan,nan,nan,nan,nan,nan,nan,1.098901098901094997e-03,nan,nan,nan,nan,nan,nan,nan,nan,nan,3.846153846153832490e-03,nan,nan,nan,nan,nan,nan,nan
nan,1.098901098901094997e-02,-1.648351648351709066e-03,nan,nan,nan,nan,6.043956043955978248e-03,nan,-1.593406593406598848e-02,nan,-8.241758241758323500e-03,nan,nan,nan,nan,nan,nan,-2.220446049250313204e-17,nan,nan,nan,nan,nan,nan,nan,nan,nan,nan,nan,1.098901098901050545e-03,nan,nan,nan,nan,nan,-3.296703296703351778e-03,nan,nan,nan,nan,nan,nan,nan,nan,nan,nan,-9.340659340659418497e-03,nan,nan,nan,nan,nan,nan,nan,nan,nan,nan,nan,nan,-5.494505494505541772e-03,nan,nan,nan,nan
nan,-2.220446049250313204e-17,nan,nan,nan,nan,nan,3.305785123966931225e-03,nan,-2.220446049250313204e-17,nan,0.000000000000000000e+00,nan,nan,nan,nan,nan,nan,6.611570247933862450e-03,nan,nan,nan,3.140495867768593186e-02,nan,nan,nan,nan,nan,nan,nan,5.509641873278225792e-03,nan,nan,nan,nan,6.225895316804408441e-02,nan,nan,nan,nan,nan,nan,nan,nan,nan,nan,nan,2.203856749311317118e-03,nan,nan,nan,nan,nan,nan,nan,nan,nan,nan,nan,nan,1.652892561983465613e-03,nan,nan,nan,nan
nan,-8.086253369272201202e-03,nan,nan,nan,nan,nan,-1.293800539083553823e-02,nan,-7.547169811320730490e-03,nan,-5.390835579514785189e-03,nan,nan,nan,nan,nan,nan,-5.390835579514785189e-03,nan,nan,nan,nan,nan,nan,nan,nan,nan,nan,nan,2.695417789757459381e-03,nan,nan,nan,nan,nan,7.008086253369305747e-03,6.415094339622644248e-02,nan,nan,nan,nan,nan,nan,nan,nan,nan,7.008086253369283196e-03,nan,nan,nan,nan,nan,nan,nan,nan,nan,nan,nan,nan,-2.695417789757392595e-03,nan,nan,nan,nan
nan,8.648648648648605414e-03,-1.135135135135139153e-02,nan,nan,nan,nan,2.162162162162095842e-03,nan,9.729729729729696269e-03,nan,2.162162162162117960e-03,nan,nan,nan,nan,nan,nan,9.729729729729675453e-03,nan,nan,nan,nan,nan,nan,nan,nan,nan,nan,nan,-5.405405405405572456e-04,nan,nan,nan,nan,1.016216216216216106e-01,1.783783783783778748e-02,nan,nan,nan,nan,nan,nan,nan,nan,nan,nan,7.027027027026999488e-03,nan,nan,nan,nan,nan,nan,nan,nan,nan,nan,nan,nan,nan,nan,nan,nan,nan
nan,nan,-3.966005665722405031e-03,nan,nan,nan,nan,-7.365439093484482842e-03,nan,nan,nan,-6.661338147750938996e-17,nan,nan,nan,nan,nan,nan,-5.099150141643127125e-03,nan,nan,nan,6.232294617563671410e-03,nan,nan,nan,nan,nan,nan,nan,2.832861189801660819e-03,nan,nan,nan,nan,nan,nan,8.498583569405049679e-03,nan,nan,nan,nan,nan,nan,nan,nan,nan,1.133144475920633189e-03,nan,nan,nan,nan,nan,4.192634560906512153e-02,3.342776203966002502e-02,nan,nan,nan,nan,nan,nan,nan,nan,nan,nan
nan,9.729729729729763923e-03,3.243243243243321139e-03,nan,nan,nan,nan,1.189189189189190400e-02,nan,-1.081081081081025587e-03,nan,3.783783783783811923e-03,nan,nan,nan,nan,nan,nan,9.189189189189228904e-03,nan,nan,nan,nan,nan,nan,nan,nan,nan,nan,nan,4.864864864864926197e-03,nan,nan,nan,nan,1.837837837837843352e-02,nan,nan,nan,nan,nan,nan,nan,nan,nan,nan,nan,8.108108108108136314e-03,nan,nan,nan,nan,nan,nan,6.486486486486491010e-02,nan,nan,nan,nan,nan,nan,nan,nan,nan,nan
nan,1.436464088397795304e-02,1.657458563535940677e-03,nan,nan,nan,nan,nan,nan,-2.762430939226501007e-03,nan,-2.209944751381187449e-03,nan,nan,nan,nan,nan,nan,5.524861878453357850e-04,nan,nan,nan,nan,nan,nan,nan,nan,nan,nan,nan,1.104972375690605000e-03,nan,nan,nan,nan,nan,5.524861878453135589e-04,6.961325966850831493e-02,nan,nan,nan,nan,nan,nan,nan,nan,nan,1.270718232044201236e-02,nan,nan,nan,nan,nan,5.359116022099450621e-02,nan,nan,nan,nan,nan,nan,nan,nan,nan,nan,nan
nan,5.633802816901400945e-03,nan,nan,nan,nan,nan,1.690140845070420240e-03,nan,9.577464788732382300e-03,nan,-5.070422535211260504e-03,nan,nan,nan,nan,nan,nan,7.323943661971821402e-03,nan,nan,nan,nan,nan,nan,nan,nan,nan,nan,nan,0.000000000000000000e+00,nan,nan,nan,nan,nan,1.521126760563378325e-02,nan,nan,nan,nan,nan,nan,nan,nan,nan,nan,6.197183098591541386e-03,nan,nan,nan,nan,4.394366197183101341e-02,nan,nan,nan,nan,nan,nan,nan,-2.253521126760560465e-03,nan,nan,nan,nan
nan,nan,nan,nan,nan,nan,nan,nan,nan,-1.149425287356309246e-03,nan,4.022988505747160208e-03,nan,nan,nan,nan,nan,nan,-3.448275862068972408e-03,nan,nan,nan,nan,nan,nan,nan,nan,nan,nan,nan,5.747126436781657905e-04,nan,nan,nan,nan,1.149425287356324946e-02,1.149425287356324946e-02,nan,nan,nan,nan,nan,nan,nan,nan,nan,nan,5.747126436781657905e-04,nan,nan,nan,nan,nan,2.701149425287356978e-02,1.494252873563219931e-02,nan,nan,nan,nan,nan,1.724137931034486204e-02,nan,nan,nan,nan
nan,1.979166666666663105e-02,nan,nan,nan,nan,nan,1.666666666666662827e-02,nan,-2.604166666666696446e-03,nan,-1.093750000000004441e-02,nan,nan,nan,nan,nan,nan,2.083333333333303814e-03,nan,nan,nan,nan,nan,nan,nan,nan,nan,nan,nan,-5.208333333333481797e-04,nan,nan,nan,nan,nan,4.166666666666651864e-03,nan,nan,nan,nan,nan,nan,nan,nan,nan,nan,1.041666666666665221e-02,nan,nan,nan,nan,nan,5.520833333333328291e-02,nan,nan,nan,nan,nan,nan,2.083333333333281696e-03,nan,nan,nan,nan
nan,1.693989071038253316e-02,nan,nan,nan,nan,nan,1.475409836065575374e-02,nan,1.311475409836066960e-02,nan,4.918032786885251535e-03,nan,nan,nan,nan,nan,nan,4.371584699453557113e-03,nan,nan,nan,nan,nan,nan,nan,nan,nan,nan,nan,-2.185792349726778556e-03,nan,nan,nan,nan,nan,2.459016393442625681e-02,nan,nan,nan,nan,nan,nan,nan,nan,nan,nan,1.584699453551914258e-02,nan,nan,nan,nan,nan,4.754098360655741040e-02,nan,nan,nan,nan,nan,nan,2.568306010928964739e-02,nan,nan,nan,nan
nan,3.750000000000004718e-02,-2.272727272727248331e-03,nan,nan,nan,nan,nan,nan,-6.818181818181767544e-03,nan,4.545454545454586000e-03,nan,nan,nan,nan,nan,nan,nan,nan,nan,nan,nan,nan,nan,nan,nan,nan,nan,nan,5.681818181818565350e-04,nan,nan,nan,nan,nan,2.840909090909093937e-02,nan,nan,nan,nan,nan,nan,nan,nan,nan,nan,1.250000000000004406e-02,nan,nan,nan,nan,1.761363636363639726e-02,5.681818181818232283e-03,nan,nan,nan,-1.136363636363602048e-03,nan,nan,nan,nan,nan,nan,nan
nan,-9.066666666666667318e-03,nan,nan,nan,nan,nan,-6.933333333333346893e-03,nan,-1.066666666666660213e-03,nan,6.933333333333369444e-03,nan,nan,nan,nan,nan,nan,6.933333333333324341e-03,nan,nan,nan,nan,nan,nan,nan,nan,nan,nan,nan,1.066666666666660213e-03,nan,nan,nan,nan,7.306666666666668253e-02,nan,nan,nan,nan,nan,nan,nan,nan,nan,nan,nan,1.440000000000001348e-02,nan,nan,nan,nan,nan,nan,nan,nan,nan,1.013333333333335008e-02,nan,nan,3.199999999999980638e-03,nan,nan,nan,nan
nan,-1.229946524064171563e-02,-2.673796791443860954e-03,nan,nan,nan,nan,9.625668449197877230e-03,nan,-7.486631016042766609e-03,nan,nan,nan,nan,nan,nan,nan,nan,nan,nan,nan,nan,nan,nan,nan,nan,nan,nan,nan,nan,-5.347593582887722342e-04,nan,nan,nan,nan,nan,-1.176470588235289938e-02,7.700534759358293457e-02,nan,nan,nan,nan,nan,nan,nan,nan,nan,1.443850267379680544e-02,nan,nan,nan,nan,nan,2.459893048128345555e-02,nan,nan,nan,nan,nan,nan,-6.417112299465244259e-03,nan,nan,nan,nan
nan,7.603305785123966321e-02,7.713498622589520792e-03,nan,nan,nan,nan,4.958677685950374503e-03,nan,6.611570247933862450e-03,nan,3.856749311294738278e-03,nan,nan,nan,nan,nan,nan,4.958677685950418738e-03,nan,nan,nan,nan,nan,nan,nan,nan,nan,nan,nan,1.652892561983443278e-03,nan,nan,nan,nan,nan,1.707988980716255295e-02,nan,nan,nan,nan,nan,nan,nan,nan,nan,nan,9.917355371900814925e-03,nan,nan,nan,nan,nan,nan,nan,nan,nan,nan,nan,nan,2.093663911845726824e-02,nan,nan,nan,nan
nan,-7.123287671232869482e-03,nan,nan,nan,nan,nan,nan,nan,-6.575342465753397300e-03,nan,2.191780821917799389e-03,nan,nan,nan,nan,nan,nan,-9.315068493150691423e-03,nan,nan,nan,nan,nan,nan,nan,nan,nan,nan,nan,-1.095890410958899695e-03,nan,nan,nan,nan,8.767123287671218373e-03,nan,1.863013698630135856e-02,nan,nan,nan,nan,nan,nan,nan,nan,nan,-4.931506849315048409e-03,nan,nan,nan,nan,0.000000000000000000e+00,nan,nan,nan,nan,nan,nan,nan,-7.671232876712319113e-03,nan,nan,nan,nan
nan,-7.422096317280450772e-02,-3.796033994334278155e-02,nan,nan,nan,nan,-5.779036827195462717e-02,nan,-3.286118980169969866e-02,nan,nan,nan,nan,nan,nan,nan,nan,-2.266288951841333166e-03,nan,nan,nan,nan,nan,nan,nan,nan,nan,nan,nan,-5.099150141643016103e-03,nan,nan,nan,nan,nan,nan,-1.065155807365438800e-01,nan,nan,nan,nan,nan,nan,nan,nan,nan,-8.498583569405093047e-03,nan,nan,nan,nan,nan,nan,-8.441926345609063187e-02,nan,nan,nan,nan,nan,-8.215297450424925707e-02,nan,nan,nan,nan
nan,2.801120448179217522e-03,-1.064425770308126060e-02,nan,nan,nan,nan,5.602240896358301253e-04,nan,-3.361344537815136226e-03,nan,7.282913165266080568e-03,nan,nan,nan,nan,nan,nan,9.523809523809489974e-03,nan,nan,nan,nan,nan,nan,nan,nan,nan,nan,nan,-7.282913165266147355e-03,nan,nan,nan,nan,nan,nan,nan,nan,nan,nan,nan,nan,nan,nan,nan,nan,-2.352941176470590978e-02,nan,nan,nan,nan,nan,-2.352941176470590978e-02,nan,nan,nan,nan,nan,nan,6.162464985994398417e-03,nan,nan,nan,nan
nan,nan,nan,nan,nan,nan,nan,-2.849002849002846109e-03,nan,-1.709401709401747781e-03,nan,-5.698005698005714770e-03,nan,nan,nan,nan,nan,nan,6.267806267806231083e-03,nan,nan,nan,nan,nan,nan,nan,nan,nan,nan,nan,5.698005698005670534e-03,nan,nan,nan,nan,4.102564102564101173e-02,-6.837606837606857550e-03,8.547008547008539195e-03,nan,nan,nan,nan,nan,nan,nan,nan,nan,5.698005698005159875e-04,nan,nan,nan,nan,nan,nan,-2.849002849002868661e-03,nan,nan,nan,nan,nan,nan,nan,nan,nan,nan
nan,-2.088772845953006455e-02,nan,nan,nan,nan,nan,-4.177545691906025919e-03,nan,-8.877284595300304754e-03,nan,-4.177545691906048471e-03,nan,nan,nan,nan,nan,nan,5.221932114882532399e-04,nan,nan,nan,2.036553524804174398e-02,nan,nan,nan,nan,nan,nan,nan,5.221932114882532399e-04,nan,nan,nan,nan,nan,nan,nan,nan,nan,nan,nan,nan,nan,nan,nan,nan,1.148825065274146004e-02,nan,nan,nan,nan,nan,nan,6.840731070496078314e-02,nan,nan,nan,nan,nan,-2.088772845953012960e-03,nan,nan,nan,nan
nan,-1.281337047353763373e-02,nan,nan,nan,nan,nan,1.504178272980498735e-02,nan,2.228412256267375737e-03,nan,-1.559888579387189687e-02,nan,nan,nan,nan,nan,nan,-9.470752089136525234e-03,nan,nan,nan,nan,nan,nan,nan,nan,nan,nan,nan,-3.342618384401152727e-03,nan,nan,nan,nan,nan,-8.356545961002815465e-03,nan,nan,nan,nan,nan,nan,nan,nan,nan,nan,1.114206128133665751e-03,nan,nan,nan,nan,nan,4.456824512534795710e-03,nan,nan,nan,nan,nan,nan,-1.782729805013931815e-02,nan,nan,nan,nan
nan,nan,nan,nan,nan,nan,nan,-5.113636363636331512e-03,nan,5.681818181818343088e-04,nan,3.977272727272729465e-03,nan,nan,nan,nan,nan,nan,6.818181818181834331e-03,nan,nan,nan,3.352272727272729430e-02,nan,nan,nan,nan,nan,nan,nan,-2.272727272727248331e-03,nan,nan,nan,nan,1.647727272727275011e-02,nan,1.250000000000000069e-02,nan,nan,nan,nan,nan,nan,nan,nan,nan,7.954545454545458930e-03,nan,nan,nan,nan,nan,nan,3.465909090909091717e-02,nan,nan,nan,nan,nan,nan,nan,nan,nan,nan
nan,5.080213903743311527e-02,8.021390374331560311e-03,nan,nan,nan,nan,4.812834224598949891e-03,nan,7.486631016042810845e-03,nan,8.556149732620355747e-03,nan,nan,nan,nan,nan,nan,1.283422459893046597e-02,nan,nan,nan,2.352941176470586468e-02,nan,nan,nan,nan,nan,nan,nan,5.347593582887722342e-04,nan,nan,nan,nan,nan,nan,nan,nan,nan,nan,nan,nan,nan,nan,nan,nan,2.139037433155088937e-03,nan,nan,nan,nan,nan,5.187165775401068185e-02,nan,nan,nan,nan,nan,nan,nan,nan,nan,nan,nan
nan,-1.129032258064515196e-02,-1.129032258064515196e-02,nan,nan,nan,nan,-9.677419354838701429e-03,nan,-1.612903225806450094e-03,nan,1.451612903225805128e-02,nan,nan,nan,nan,nan,nan,-4.838709677419350715e-03,nan,nan,nan,1.612903225806450180e-02,nan,nan,nan,nan,nan,nan,nan,-5.376344086021501035e-04,nan,nan,nan,nan,8.440860215053766491e-02,nan,nan,nan,nan,nan,nan,nan,nan,nan,nan,nan,-8.064516129032250902e-03,nan,nan,nan,nan,nan,nan,nan,nan,nan,nan,nan,nan,nan,nan,nan,nan,nan
nan,nan,6.434316353887403576e-03,nan,nan,nan,nan,5.898123324396787118e-03,nan,2.144772117962468003e-03,nan,7.506702412868637361e-03,nan,nan,nan,nan,nan,nan,nan,nan,nan,nan,1.662198391420912497e-02,nan,nan,nan,nan,nan,nan,nan,-1.072386058981234002e-03,nan,nan,nan,nan,8.042895442359254687e-03,nan,3.378016085790887246e-02,nan,nan,nan,nan,nan,nan,nan,nan,nan,-4.289544235924936007e-03,nan,nan,nan,nan,nan,nan,1.554959785522789205e-02,nan,nan,nan,nan,nan,nan,nan,nan,nan,nan
nan,-1.117021276595739875e-02,nan,nan,nan,nan,nan,-1.063829787234005274e-03,nan,-7.446808510638258313e-03,nan,-9.042553191489322711e-03,nan,nan,nan,nan,nan,nan,-2.074468085106377993e-02,nan,nan,nan,nan,nan,nan,nan,nan,nan,nan,nan,-2.659574468085068588e-03,nan,nan,nan,nan,8.031914893617027318e-02,nan,nan,nan,nan,nan,nan,nan,nan,nan,nan,nan,-6.382978723404253256e-03,nan,nan,nan,nan,nan,1.063829787234045129e-02,nan,nan,nan,nan,nan,nan,-1.702127659574461521e-02,nan,nan,nan,nan
nan,1.092896174863389278e-03,nan,nan,nan,nan,nan,3.825136612021862257e-03,nan,1.092896174863389278e-03,nan,3.825136612021862257e-03,nan,nan,nan,nan,nan,nan,7.103825136612030092e-03,nan,nan,nan,nan,nan,nan,nan,nan,nan,nan,nan,3.825136612021862257e-03,nan,nan,nan,nan,nan,nan,nan,nan,nan,nan,nan,nan,nan,nan,nan,nan,1.311475409836066960e-02,nan,9.672131147540985463e-02,nan,nan,nan,1.475409836065575374e-02,nan,nan,nan,nan,nan,nan,2.185792349726778556e-03,nan,nan,nan,nan
nan,-6.936416184971072249e-03,nan,nan,nan,nan,nan,1.156069364161860192e-03,nan,1.213872832369946621e-02,nan,9.248554913294815619e-03,nan,nan,nan,nan,nan,nan,1.734104046242790397e-03,nan,nan,nan,nan,nan,nan,nan,nan,nan,nan,nan,3.468208092485580794e-03,nan,nan,nan,nan,nan,nan,nan,nan,nan,nan,nan,nan,nan,nan,nan,nan,7.514450867052047123e-03,nan,nan,nan,nan,nan,3.063583815028902979e-02,nan,nan,nan,6.936416184971117352e-03,nan,nan,-5.780346820809212707e-03,nan,nan,nan,nan
nan,1.620111731843571976e-02,nan,nan,nan,nan,nan,1.675977653631255393e-03,nan,3.351955307262532904e-03,nan,6.145251396648010456e-03,nan,nan,nan,nan,nan,nan,6.703910614525132594e-03,nan,nan,nan,nan,nan,nan,nan,nan,nan,nan,nan,4.469273743016710827e-03,nan,nan,nan,nan,nan,nan,nan,nan,nan,nan,nan,nan,nan,nan,nan,nan,2.737430167597760741e-02,nan,nan,nan,nan,nan,4.860335195530725294e-02,nan,nan,nan,2.402234636871505152e-02,nan,nan,6.145251396647987904e-03,nan,nan,nan,nan
nan,0.000000000000000000e+00,1.591511936339573465e-03,nan,nan,nan,nan,2.652519893899230128e-03,nan,7.957559681697623163e-03,nan,6.366047745358116919e-03,nan,nan,nan,nan,nan,nan,-6.366047745358050132e-03,nan,nan,nan,2.175066312997349025e-02,nan,nan,nan,nan,nan,nan,nan,6.896551724137922265e-03,nan,nan,nan,nan,nan,nan,nan,nan,nan,nan,nan,nan,nan,nan,nan,nan,-5.305039787798282230e-04,nan,nan,nan,nan,nan,nan,nan,nan,nan,nan,nan,nan,2.220446049250313204e-17,nan,nan,nan,nan
nan,-8.533333333333304252e-03,nan,nan,nan,nan,nan,nan,nan,-2.666666666666639256e-03,nan,-5.333333333333190474e-04,nan,nan,nan,nan,nan,nan,-2.666666666666617138e-03,nan,nan,nan,nan,nan,nan,nan,nan,nan,nan,nan,0.000000000000000000e+00,nan,nan,nan,nan,nan,1.386666666666669379e-02,nan,nan,nan,nan,nan,nan,nan,nan,nan,nan,2.220446049250313204e-17,nan,nan,nan,nan,nan,4.160000000000003972e-02,6.826666666666669769e-02,nan,nan,nan,nan,nan,-4.266666666666618299e-03,nan,nan,nan,nan
nan,nan,nan,nan,nan,nan,nan,3.399433427762055260e-03,nan,-2.266288951841377401e-03,nan,-9.065155807365443685e-03,nan,nan,nan,nan,nan,nan,1.133144475920677642e-03,nan,nan,nan,nan,nan,nan,nan,nan,nan,nan,nan,-2.220446049250313204e-17,nan,nan,nan,nan,4.815864022662889876e-02,nan,2.096317280453259199e-02,nan,nan,nan,nan,nan,nan,nan,nan,nan,2.832861189801705488e-03,nan,nan,nan,nan,nan,2.322946175637397026e-02,nan,nan,nan,1.076487252124647132e-02,nan,nan,nan,nan,nan,nan,nan
nan,nan,-5.181347150259085765e-03,nan,nan,nan,nan,-3.626943005181360209e-03,nan,1.036269430051817110e-03,nan,-3.108808290155451546e-03,nan,nan,nan,nan,nan,nan,-1.036269430051817110e-03,nan,nan,nan,nan,nan,nan,nan,nan,nan,nan,nan,-1.554404145077725773e-03,nan,nan,nan,nan,nan,-1.554404145077725773e-03,nan,nan,nan,nan,nan,nan,nan,nan,nan,nan,-3.108808290155451546e-03,nan,nan,nan,nan,-5.699481865284993995e-03,nan,nan,nan,nan,-7.253886010362720418e-03,nan,nan,nan,nan,nan,nan,nan
nan,-8.695652173913015828e-03,-1.101449275362316113e-02,nan,nan,nan,nan,-6.376811594202868791e-03,nan,-5.217391304347817824e-03,nan,-1.159420289855070917e-02,nan,nan,nan,nan,nan,nan,-5.217391304347817824e-03,nan,nan,nan,nan,nan,nan,nan,nan,nan,nan,nan,-1.739130434782598569e-03,nan,nan,nan,nan,nan,nan,5.159420289855076724e-02,nan,nan,nan,nan,nan,nan,nan,nan,nan,-5.797101449275032575e-04,nan,nan,nan,nan,nan,nan,nan,nan,nan,nan,nan,nan,-9.855072463768089347e-03,nan,nan,nan,nan
nan,3.825136612021862257e-03,3.278688524590167401e-03,nan,nan,nan,nan,-4.371584699453557113e-03,nan,nan,nan,4.371584699453557113e-03,nan,nan,nan,nan,nan,nan,7.103825136612030092e-03,nan,nan,nan,2.404371584699456152e-02,nan,nan,nan,nan,nan,nan,nan,-4.371584699453557113e-03,nan,nan,nan,nan,nan,nan,nan,nan,nan,nan,nan,nan,nan,nan,nan,nan,7.103825136612030092e-03,nan,nan,nan,nan,nan,1.748633879781420417e-02,nan,nan,nan,nan,nan,nan,1.038251366120219663e-02,nan,nan,nan,nan
nan,nan,-1.274238227146815526e-02,nan,nan,nan,nan,-8.310249307479278605e-03,nan,-4.432132963988944310e-03,nan,-2.216066481994505115e-03,nan,nan,nan,nan,nan,nan,-6.648199445983426874e-03,nan,nan,nan,nan,nan,nan,nan,nan,nan,nan,nan,1.108033240997219381e-03,nan,nan,nan,nan,nan,nan,nan,nan,nan,nan,nan,nan,nan,nan,nan,nan,-4.432132963988988546e-03,nan,nan,nan,nan,8.864265927977798415e-03,nan,7.534626038781160051e-02,nan,nan,-5.540166204986540343e-04,nan,nan,nan,nan,nan,nan,nan
nan,2.424242424242419730e-02,-1.101928374655680677e-03,nan,nan,nan,nan,1.652892561983443278e-03,nan,-3.856749311294804632e-03,nan,7.162534435261646952e-03,nan,nan,nan,nan,nan,nan,-1.101928374655680677e-03,nan,nan,nan,nan,nan,nan,nan,nan,nan,nan,nan,-2.203856749311339236e-03,nan,nan,nan,nan,nan,1.707988980716252866e-02,nan,nan,nan,nan,nan,nan,nan,nan,nan,nan,8.815426997245134899e-03,nan,nan,nan,nan,nan,4.407713498622585491e-02,nan,nan,nan,nan,nan,nan,nan,nan,nan,nan,nan
nan,9.340659340659284923e-03,1.153846153846149747e-02,nan,nan,nan,nan,-9.340659340659418497e-03,nan,nan,nan,1.318681318681313996e-02,nan,nan,nan,nan,nan,nan,6.043956043956022484e-03,nan,nan,nan,1.153846153846149747e-02,nan,nan,nan,nan,nan,nan,nan,2.197802197802189994e-03,nan,nan,nan,nan,nan,nan,nan,nan,nan,nan,nan,nan,nan,nan,nan,nan,-6.593406593406658453e-03,nan,nan,nan,nan,nan,1.373626373626368746e-02,nan,nan,nan,nan,nan,nan,-2.220446049250313204e-17,nan,nan,nan,nan
nan,1.404494382022472045e-02,nan,nan,nan,nan,nan,4.494382022471899232e-03,nan,-2.220446049250313204e-17,nan,2.247191011235938340e-03,nan,nan,nan,nan,nan,nan,-2.247191011236005127e-03,nan,nan,nan,5.786516853932581472e-02,nan,nan,nan,nan,nan,nan,nan,-1.123595505618002564e-03,nan,nan,nan,nan,nan,1.123595505617980229e-03,nan,nan,nan,nan,nan,nan,nan,nan,nan,nan,5.617977528089878811e-03,nan,nan,nan,nan,nan,nan,nan,nan,nan,nan,nan,nan,2.247191011235938340e-03,nan,nan,nan,nan
nan,1.242937853107348688e-02,1.129943502824914958e-03,nan,nan,nan,nan,4.440892098500626408e-17,nan,nan,nan,1.186440677966105195e-02,nan,nan,nan,nan,nan,nan,-3.954802259886980309e-03,nan,nan,nan,3.389830508474611735e-03,nan,nan,nan,nan,nan,nan,nan,0.000000000000000000e+00,nan,nan,nan,nan,nan,nan,nan,nan,nan,nan,nan,nan,nan,nan,nan,nan,1.694915254237305867e-03,nan,nan,nan,nan,nan,2.881355932203393325e-02,nan,nan,nan,nan,nan,nan,6.214689265536743439e-03,nan,nan,nan,nan
nan,-5.333333333333856174e-04,3.733333333333299468e-03,nan,nan,nan,nan,nan,nan,5.333333333332968213e-04,nan,1.226666666666662540e-02,nan,nan,nan,nan,nan,nan,nan,nan,nan,nan,nan,nan,nan,nan,nan,nan,nan,nan,-5.333333333333411651e-04,nan,nan,nan,nan,nan,nan,1.279999999999994510e-02,nan,nan,nan,nan,nan,nan,nan,nan,nan,7.466666666666621488e-03,nan,nan,nan,nan,nan,3.999999999999994532e-02,1.866666666666663005e-02,nan,nan,nan,nan,nan,-2.133333333333364661e-03,nan,nan,nan,nan
nan,5.633802816901400945e-03,nan,nan,nan,nan,nan,2.816901408450700472e-02,nan,0.000000000000000000e+00,nan,-1.126760563380280232e-03,nan,nan,nan,nan,nan,nan,nan,nan,nan,nan,nan,nan,nan,nan,nan,nan,nan,nan,-5.633802816901401162e-04,nan,nan,nan,nan,nan,3.943661971830980488e-03,nan,nan,nan,nan,nan,nan,nan,nan,nan,nan,5.633802816901400945e-03,nan,nan,nan,nan,nan,6.197183098591541386e-03,6.422535211267606237e-02,nan,nan,nan,nan,nan,6.197183098591541386e-03,nan,nan,nan,nan
nan,-4.891304347826075198e-03,nan,nan,nan,nan,nan,1.630434782608713995e-03,nan,-2.173913043478248319e-03,nan,4.347826086956519190e-03,nan,nan,nan,nan,nan,nan,-2.717391304347826879e-03,nan,nan,nan,nan,nan,nan,nan,nan,nan,nan,nan,4.891304347826075198e-03,nan,nan,nan,nan,9.782608695652195499e-03,nan,1.521739130434782671e-02,nan,nan,nan,nan,nan,nan,nan,nan,nan,4.347826086956519190e-03,nan,nan,nan,nan,nan,nan,nan,nan,nan,nan,nan,nan,-1.630434782608669543e-03,nan,nan,nan,nan
nan,nan,5.084745762711917819e-03,nan,nan,nan,nan,-2.259887005649674659e-03,nan,2.259887005649741012e-03,nan,4.440892098500626408e-17,nan,nan,nan,nan,nan,nan,-5.649717514123909091e-04,nan,nan,nan,9.039548022598920679e-03,nan,nan,nan,nan,nan,nan,nan,3.389830508474611735e-03,nan,nan,nan,nan,nan,7.909604519774094192e-03,5.197740112994351375e-02,nan,nan,nan,nan,nan,nan,nan,nan,nan,2.220446049250313204e-17,nan,nan,nan,nan,nan,nan,nan,nan,nan,nan,nan,nan,nan,nan,nan,nan,nan
nan,nan,-3.621621621621620019e-02,nan,nan,nan,nan,-6.054054054054051892e-02,nan,4.864864864864881962e-03,nan,-2.972972972972971403e-02,nan,nan,nan,nan,nan,nan,-4.864864864864859410e-03,nan,nan,nan,nan,nan,nan,nan,nan,nan,nan,nan,-1.837837837837839189e-02,nan,nan,nan,nan,-3.297297297297296925e-02,-3.675675675675673520e-02,-8.918918918918916638e-02,nan,nan,nan,nan,nan,nan,nan,nan,nan,-1.837837837837834679e-02,nan,nan,nan,nan,nan,nan,nan,nan,nan,nan,nan,nan,nan,nan,nan,nan,nan
nan,5.835543766578243918e-03,nan,nan,nan,nan,nan,3.183023872679013790e-03,nan,-7.957559681697600612e-03,nan,-5.305039787798504491e-04,nan,nan,nan,nan,nan,nan,nan,nan,nan,nan,nan,nan,nan,nan,nan,nan,nan,nan,4.244031830238692571e-03,nan,nan,nan,nan,8.435013262599466710e-02,-3.713527851458908909e-03,nan,nan,nan,nan,nan,nan,nan,nan,nan,nan,-1.061007957559700898e-03,nan,nan,nan,nan,nan,nan,3.872679045092837502e-02,nan,nan,nan,nan,nan,1.114058355437665994e-02,nan,nan,nan,nan
nan,5.698005698005692218e-03,nan,nan,nan,nan,nan,6.267806267806231083e-03,nan,-1.139601139601165115e-03,nan,5.128205128205109986e-03,nan,nan,nan,nan,nan,nan,1.025641025641021997e-02,nan,nan,nan,1.880341880341878172e-02,nan,nan,nan,nan,nan,nan,nan,5.128205128205109986e-03,nan,nan,nan,nan,nan,nan,nan,nan,nan,nan,nan,nan,nan,nan,nan,nan,9.116809116809076324e-03,nan,nan,nan,nan,nan,nan,7.692307692307687184e-02,nan,nan,nan,nan,nan,4.558404558404527754e-03,nan,nan,nan,nan
nan,nan,-1.253405994550409533e-02,nan,nan,nan,nan,8.719346049046294150e-03,nan,-1.198910081743871300e-02,nan,-1.634877384196187309e-03,nan,nan,nan,nan,nan,nan,-4.359673024523158351e-03,nan,nan,nan,2.506811989100814556e-02,nan,nan,nan,nan,nan,nan,nan,1.634877384196164974e-03,nan,nan,nan,nan,nan,5.994550408719300991e-03,nan,nan,nan,nan,nan,nan,nan,nan,nan,nan,5.994550408719323542e-03,nan,nan,nan,nan,nan,nan,nan,nan,nan,nan,nan,5.395095367847406453e-02,nan,nan,nan,nan,nan
nan,1.876675603217159427e-02,-4.289544235924936007e-03,nan,nan,nan,nan,-2.144772117962468003e-03,nan,-8.042895442359254687e-03,nan,1.018766756032172226e-02,nan,nan,nan,nan,nan,nan,nan,nan,nan,nan,nan,nan,nan,nan,nan,nan,nan,nan,1.072386058981234002e-03,nan,nan,nan,nan,nan,1.983914209115282892e-02,nan,nan,nan,nan,nan,nan,nan,nan,nan,nan,1.608579088471850894e-03,nan,nan,nan,nan,nan,2.305630026809652941e-02,nan,nan,nan,nan,nan,nan,1.554959785522789205e-02,nan,nan,nan,nan
nan,-6.970509383378020903e-03,nan,nan,nan,nan,nan,-2.680965147453084896e-03,nan,2.144772117962468003e-03,nan,-4.289544235924936007e-03,nan,nan,nan,nan,nan,nan,-9.651474530831104931e-03,nan,nan,nan,nan,nan,nan,nan,nan,nan,nan,nan,-1.608579088471850894e-03,nan,nan,nan,nan,nan,5.898123324396787118e-03,nan,nan,nan,nan,nan,nan,nan,nan,nan,nan,-2.680965147453084896e-03,nan,nan,nan,nan,2.198391420911529476e-02,nan,nan,nan,nan,nan,nan,nan,-7.506702412868637361e-03,nan,nan,nan,nan
nan,-4.986149584487486672e-03,nan,nan,nan,nan,nan,7.202216066482036889e-03,nan,-5.540166204986096687e-03,nan,-7.202216066481970103e-03,nan,nan,nan,nan,nan,nan,-1.108033240997225929e-02,nan,nan,nan,nan,nan,nan,nan,nan,nan,nan,nan,4.432132963988965994e-03,nan,nan,nan,nan,nan,-2.770083102493026226e-03,nan,nan,nan,nan,nan,nan,nan,nan,nan,nan,1.662049861495873415e-03,nan,nan,nan,nan,nan,nan,1.545706371191136186e-01,nan,nan,nan,nan,nan,-7.756232686980557567e-03,nan,nan,nan,nan
nan,1.999999999999999695e-02,-4.444444444444450512e-03,nan,nan,nan,nan,-4.444444444444450512e-03,nan,-3.333333333333321404e-03,nan,2.777777777777767909e-03,nan,nan,nan,nan,nan,nan,nan,nan,nan,nan,4.777777777777773849e-02,nan,nan,nan,nan,nan,nan,nan,4.444444444444428828e-03,nan,nan,nan,nan,nan,2.777777777777767909e-03,nan,nan,nan,nan,nan,nan,nan,nan,nan,nan,-1.666666666666660702e-03,nan,nan,nan,nan,nan,nan,nan,nan,nan,nan,nan,nan,-1.666666666666683037e-03,nan,nan,nan,nan
nan,-2.220446049250313204e-17,-9.142857142857185176e-03,nan,nan,nan,nan,-7.428571428571451030e-03,nan,-5.714285714286005281e-04,nan,1.714285714285690345e-03,nan,nan,nan,nan,nan,nan,6.857142857142828167e-03,nan,nan,nan,nan,nan,nan,nan,nan,nan,nan,nan,-2.285714285714313208e-03,nan,nan,nan,nan,8.514285714285711737e-02,6.285714285714272091e-03,nan,nan,nan,nan,nan,nan,nan,nan,nan,nan,-5.714285714285738567e-03,nan,nan,nan,nan,nan,nan,nan,nan,nan,nan,nan,nan,nan,nan,nan,nan,nan
nan,3.217158176943701788e-03,nan,nan,nan,nan,nan,1.072386058981234002e-03,nan,-1.608579088471850894e-03,nan,-4.825737265415552465e-03,nan,nan,nan,nan,nan,nan,nan,nan,nan,nan,nan,nan,nan,nan,nan,nan,nan,nan,-5.361930294906170008e-04,nan,nan,nan,nan,-3.217158176943701788e-03,nan,2.680965147453084896e-03,nan,nan,nan,nan,nan,nan,nan,nan,nan,1.983914209115282892e-02,nan,nan,nan,nan,nan,3.860589812332441972e-02,nan,nan,nan,nan,nan,nan,1.608579088471850894e-03,nan,nan,nan,nan
nan,nan,8.333333333333303727e-03,nan,nan,nan,nan,6.666666666666642808e-03,nan,nan,nan,3.333333333333321404e-03,nan,nan,nan,nan,nan,nan,-1.111111111111107207e-03,nan,nan,nan,6.666666666666642808e-03,nan,nan,nan,nan,nan,nan,nan,0.000000000000000000e+00,nan,nan,nan,nan,nan,nan,4.166666666666662966e-02,nan,nan,nan,nan,nan,nan,nan,nan,nan,0.000000000000000000e+00,nan,nan,nan,nan,nan,4.999999999999995420e-02,5.611111111111109079e-02,nan,nan,nan,nan,nan,nan,nan,nan,nan,nan
nan,6.497175141242941820e-02,-2.259887005649674659e-03,nan,nan,nan,nan,6.214689265536765990e-03,nan,-2.824858757062087469e-03,nan,1.355932203389835847e-02,nan,nan,nan,nan,nan,nan,2.090395480225992753e-02,nan,nan,nan,nan,nan,nan,nan,nan,nan,nan,nan,-1.694915254237239297e-03,nan,nan,nan,nan,nan,1.525423728813561988e-02,nan,nan,nan,nan,nan,nan,nan,nan,nan,nan,2.259887005649741012e-03,nan,nan,nan,nan,nan,1.581920903954807736e-02,nan,nan,nan,nan,nan,nan,nan,nan,nan,nan,nan
nan,2.702702702702675097e-03,nan,nan,nan,nan,nan,-1.135135135135139153e-02,nan,-1.621621621621649511e-03,nan,1.027027027027023129e-02,nan,nan,nan,nan,nan,nan,-5.945945945946018787e-03,nan,nan,nan,nan,nan,nan,nan,nan,nan,nan,nan,-1.081081081081114491e-03,nan,nan,nan,nan,nan,nan,3.837837837837834026e-02,nan,nan,nan,nan,nan,nan,nan,nan,nan,5.405405405405127933e-04,nan,nan,nan,nan,nan,nan,3.459459459459457431e-02,nan,nan,nan,nan,nan,-5.945945945946018787e-03,nan,nan,nan,nan
nan,3.492063492063494923e-02,nan,nan,nan,nan,nan,-4.761904761904700752e-03,nan,2.169312169312174327e-02,nan,4.232804232804254774e-03,nan,nan,nan,nan,nan,nan,-6.878306878306839414e-03,nan,nan,nan,2.857142857142862605e-02,nan,nan,nan,nan,nan,nan,nan,0.000000000000000000e+00,nan,nan,nan,nan,nan,nan,nan,nan,nan,nan,nan,nan,nan,nan,nan,nan,9.523809523809578445e-03,nan,nan,nan,nan,nan,1.322751322751329964e-02,nan,nan,nan,nan,nan,nan,-1.851851851851846892e-02,nan,nan,nan,nan
nan,nan,2.133333333333342543e-03,nan,nan,nan,nan,1.600000000000023712e-03,nan,0.000000000000000000e+00,nan,-1.066666666666638095e-03,nan,nan,nan,nan,nan,nan,3.733333333333366255e-03,nan,nan,nan,nan,nan,nan,nan,nan,nan,nan,nan,3.200000000000024873e-03,nan,nan,nan,nan,nan,1.653333333333335473e-02,1.066666666666666805e-02,nan,nan,nan,nan,nan,nan,nan,nan,nan,0.000000000000000000e+00,nan,nan,nan,nan,nan,nan,6.933333333333333015e-02,nan,nan,nan,nan,nan,nan,nan,nan,nan,nan
nan,-2.583979328165364377e-03,nan,nan,nan,nan,nan,-3.100775193798433089e-03,nan,nan,nan,4.651162790697683028e-03,nan,nan,nan,nan,nan,nan,2.220446049250313204e-17,nan,nan,nan,nan,nan,nan,nan,nan,nan,nan,nan,-5.167958656330684953e-04,nan,nan,nan,nan,1.343669250645995739e-02,nan,-7.751937984496093566e-03,nan,nan,nan,nan,nan,nan,nan,nan,nan,2.583979328165409046e-03,nan,nan,nan,nan,nan,nan,-6.718346253229956141e-03,nan,nan,nan,nan,nan,-2.583979328165342260e-03,nan,nan,nan,nan
nan,9.944751381215487934e-03,1.104972375690607168e-02,nan,nan,nan,nan,-1.104972375690582665e-03,nan,-3.314917127071792449e-03,nan,-7.734806629834278802e-03,nan,nan,nan,nan,nan,nan,4.972375690607755243e-03,nan,nan,nan,nan,nan,nan,nan,nan,nan,nan,nan,3.867403314917150677e-03,nan,nan,nan,nan,nan,3.204419889502763130e-02,nan,nan,nan,nan,nan,nan,nan,nan,nan,nan,5.524861878453068802e-03,nan,nan,nan,nan,nan,nan,nan,nan,nan,nan,nan,nan,2.541436464088400043e-02,nan,nan,nan,nan
nan,nan,9.116809116809143979e-03,nan,nan,nan,nan,9.686609686609726211e-03,nan,3.988603988604033992e-03,nan,-4.558404558404527754e-03,nan,nan,nan,nan,nan,nan,-3.418803418803362422e-03,nan,nan,nan,nan,nan,nan,nan,nan,nan,nan,nan,-5.698005698005603314e-04,nan,nan,nan,nan,3.076923076923081604e-02,nan,nan,nan,nan,nan,nan,nan,nan,nan,nan,nan,-6.267806267806208531e-03,nan,nan,nan,nan,nan,-3.418803418803384540e-03,2.051282051282055097e-02,nan,nan,nan,nan,nan,nan,nan,nan,nan,nan
nan,3.154929577464786472e-02,3.380281690140840480e-03,nan,nan,nan,nan,9.014084507042241859e-03,nan,6.760563380281680960e-03,nan,9.014084507042241859e-03,nan,nan,nan,nan,nan,nan,0.000000000000000000e+00,nan,nan,nan,nan,nan,nan,nan,nan,nan,nan,nan,7.323943661971821402e-03,nan,nan,nan,nan,nan,-1.126760563380280232e-03,nan,nan,nan,nan,nan,nan,nan,nan,nan,nan,-1.690140845070420240e-03,nan,nan,nan,nan,2.873239436619716772e-02,nan,nan,nan,nan,nan,nan,nan,nan,nan,nan,nan,nan
nan,-1.163434903047091441e-02,-8.310249307479210951e-03,nan,nan,nan,nan,1.274238227146815526e-02,nan,5.540166204986319166e-04,nan,nan,nan,nan,nan,nan,nan,nan,1.662049861495873415e-03,nan,nan,nan,-3.656509695290856982e-02,nan,nan,nan,nan,nan,nan,nan,5.540166204986185158e-03,nan,nan,nan,nan,nan,-1.495844875346259359e-02,nan,nan,nan,nan,nan,nan,nan,nan,nan,nan,-5.706371191135730520e-02,nan,nan,nan,nan,nan,nan,nan,nan,nan,nan,nan,nan,-2.049861495844875620e-02,nan,nan,nan,nan
nan,-1.122994652406421670e-02,nan,nan,nan,nan,nan,6.951871657753993725e-03,nan,1.604278074866272250e-03,nan,nan,nan,nan,nan,nan,nan,nan,-5.347593582887721908e-03,nan,nan,nan,nan,nan,nan,nan,nan,nan,nan,nan,8.556149732620244724e-03,nan,nan,nan,nan,nan,-3.743315508021405422e-03,2.139037433155075579e-02,nan,nan,nan,nan,nan,nan,nan,nan,nan,2.139037433155066385e-03,nan,nan,nan,nan,nan,nan,1.240641711229946154e-01,nan,nan,nan,nan,nan,-1.069518716577566586e-03,nan,nan,nan,nan
nan,-6.299212598425141252e-03,nan,nan,nan,nan,nan,4.199475065616820393e-03,nan,5.774278215223116115e-03,nan,-1.049868766404160646e-03,nan,nan,nan,nan,nan,nan,5.249343832021358342e-04,nan,nan,nan,nan,nan,nan,nan,nan,nan,nan,nan,-5.249343832020936587e-03,nan,nan,nan,nan,8.031496062992130036e-02,1.049868766404249334e-03,2.939632545931760571e-02,nan,nan,nan,nan,nan,nan,nan,nan,nan,5.774278215223138666e-03,nan,nan,nan,nan,nan,nan,nan,nan,nan,nan,nan,nan,nan,nan,nan,nan,nan
nan,1.355013550135508726e-02,-5.420054200541946435e-03,nan,nan,nan,nan,2.168021680216813876e-03,nan,nan,nan,-5.962059620596149578e-03,nan,nan,nan,nan,nan,nan,1.734417344173451100e-02,nan,nan,nan,nan,nan,nan,nan,nan,nan,nan,nan,-1.084010840108362485e-03,nan,nan,nan,nan,nan,4.336043360433650302e-03,nan,nan,nan,nan,nan,nan,nan,nan,nan,nan,3.252032520325221030e-03,nan,nan,nan,nan,nan,1.463414634146345018e-02,8.455284552845535040e-02,nan,nan,nan,nan,nan,nan,nan,nan,nan,nan
