-1.462522851919523161e-03,nan,nan,nan,nan,nan,nan,nan,4.021937842778844710e-03,nan,nan,nan,nan,nan,nan,nan,nan,3.656307129798941260e-03,nan,nan,nan,nan,nan,nan,nan,nan,1.462522851919612066e-03,nan,1.170018281535649754e-02,3.656307129799030164e-04,nan,nan,nan,3.656307129799252426e-04,nan,nan,nan,nan,nan,-1.096892138939664597e-03,nan,nan,nan,nan,nan,nan,nan,nan,nan,nan,nan,nan,nan,nan,nan,nan,7.678244972577718749e-03,nan,2.595978062157220517e-02,nan,nan,nan,nan,nan,nan
nan,nan,nan,nan,nan,nan,nan,nan,-6.557377049180357353e-03,nan,nan,nan,nan,nan,4.007285974499108332e-03,nan,nan,nan,nan,nan,nan,nan,nan,nan,nan,nan,-4.007285974499086648e-03,-6.921675774134783583e-03,-6.193078324225864337e-03,nan,nan,nan,nan,-7.285974499088964784e-04,nan,nan,nan,nan,1.092896174863386936e-02,nan,nan,nan,nan,nan,-2.220446049250313204e-17,nan,nan,nan,nan,nan,-1.566484517304185184e-02,nan,nan,nan,nan,nan,-1.056466302367939890e-02,nan,nan,nan,nan,nan,nan,nan,nan
nan,nan,nan,nan,nan,nan,nan,nan,nan,nan,3.567362428842502098e-02,nan,nan,nan,nan,nan,nan,-4.554079696394697056e-03,nan,-1.138519924098679902e-03,nan,nan,nan,nan,6.072106261859611109e-03,nan,nan,nan,5.313092979127143241e-03,nan,nan,nan,nan,-4.933586337760931424e-03,nan,nan,nan,nan,nan,-6.451612903225845477e-03,nan,-8.728652751423159745e-03,nan,nan,nan,nan,nan,nan,nan,nan,nan,nan,nan,nan,nan,nan,-1.518026565464891718e-03,nan,-3.795066413662340427e-04,nan,nan,nan,nan,nan,nan
-1.170018281535649754e-02,nan,nan,nan,nan,1.645338208409505981e-02,nan,nan,nan,nan,nan,nan,nan,-1.462522851919589948e-03,nan,nan,nan,nan,nan,8.775137111517361879e-03,nan,nan,nan,6.215722120658129235e-03,nan,nan,nan,-8.775137111517384431e-03,nan,nan,nan,nan,nan,nan,nan,nan,nan,nan,nan,2.925045703839113109e-03,nan,nan,nan,nan,nan,nan,2.193784277879329194e-03,nan,nan,nan,nan,2.595978062157218089e-02,nan,nan,nan,nan,-2.925045703839135227e-03,nan,nan,nan,nan,nan,nan,nan,nan
1.834862385321067626e-03,nan,nan,3.559633027522934867e-02,nan,nan,nan,nan,nan,nan,1.834862385321045508e-03,nan,nan,nan,nan,nan,nan,nan,nan,nan,nan,nan,nan,nan,nan,nan,nan,-5.137614678899127436e-03,7.706422018348590974e-03,nan,nan,nan,nan,nan,nan,nan,nan,nan,-2.201834862385365545e-03,nan,nan,nan,nan,nan,5.504587155963270098e-03,nan,nan,nan,-7.339449541284625905e-04,nan,4.403669724770642620e-03,nan,nan,nan,nan,nan,1.834862385321089960e-03,nan,nan,nan,nan,nan,nan,nan,nan
nan,nan,nan,8.308823529411761555e-02,nan,nan,nan,nan,nan,nan,nan,nan,nan,nan,nan,nan,nan,2.573529411764696739e-03,nan,1.838235294117640528e-03,nan,nan,nan,nan,nan,nan,1.102941176470584317e-03,nan,nan,nan,nan,nan,nan,nan,nan,nan,nan,nan,nan,3.676470588235281056e-03,nan,5.514705882352921584e-03,nan,nan,2.279411764705878765e-02,nan,nan,nan,nan,nan,7.352941176470562112e-04,nan,nan,nan,nan,nan,4.779411764705865373e-03,nan,4.044117647058809162e-03,nan,nan,nan,nan,nan,nan
6.921675774134739348e-03,nan,nan,nan,3.642987249544482392e-04,4.007285974499041545e-03,nan,nan,nan,nan,1.020036429872492843e-02,nan,nan,nan,nan,nan,nan,nan,nan,nan,nan,nan,nan,nan,nan,nan,-2.914389799635763723e-03,nan,-2.550091074681315375e-03,nan,nan,0.000000000000000000e+00,nan,-2.914389799635741605e-03,nan,nan,nan,nan,nan,nan,nan,nan,nan,nan,nan,9.836065573770435416e-03,nan,nan,nan,nan,-7.285974499089298284e-03,nan,nan,nan,nan,nan,nan,nan,nan,nan,nan,nan,nan,nan,nan
nan,nan,nan,nan,nan,nan,nan,nan,-2.495543672014233130e-03,nan,1.604278074866312062e-02,nan,1.782531194295944310e-03,nan,nan,nan,nan,nan,nan,nan,nan,3.565062388592110882e-04,nan,nan,nan,nan,nan,2.220446049250313204e-17,nan,nan,nan,nan,nan,nan,nan,nan,nan,nan,3.565062388591799716e-03,1.782531194295922192e-03,nan,2.174688057041001057e-02,nan,nan,nan,nan,nan,nan,nan,nan,9.625668449197877230e-03,nan,nan,nan,nan,nan,nan,nan,4.634581105169366735e-03,nan,nan,nan,nan,nan,nan
-8.258527827648132202e-03,nan,nan,nan,nan,nan,nan,nan,nan,nan,-4.667863554757634321e-03,nan,nan,-3.949730700179521388e-03,nan,nan,nan,nan,nan,nan,nan,nan,nan,-1.041292639138242590e-02,nan,nan,nan,nan,8.976660682226200033e-03,nan,nan,nan,nan,nan,-9.335727109515268643e-03,nan,nan,nan,nan,nan,nan,nan,nan,nan,-5.026929982046702064e-03,-3.949730700179543072e-03,nan,nan,nan,nan,nan,-7.181328545780907074e-04,nan,nan,nan,nan,-5.745062836624814998e-03,nan,nan,nan,nan,nan,nan,nan,nan
nan,nan,nan,6.946983546617913063e-02,nan,nan,nan,nan,nan,nan,nan,nan,nan,nan,nan,-2.193784277879395981e-03,nan,nan,nan,-5.118829981718442737e-03,nan,nan,nan,nan,-5.484460694698367438e-03,nan,nan,-7.312614259597815733e-03,nan,nan,nan,nan,nan,-1.828153564899470630e-03,nan,nan,nan,nan,nan,nan,-1.279707495429618404e-02,6.946983546617891032e-03,nan,nan,nan,nan,nan,nan,nan,nan,6.581352833638009700e-03,nan,nan,nan,nan,nan,-7.312614259597815733e-03,nan,nan,nan,nan,nan,nan,nan,nan
4.779411764705865373e-03,nan,nan,nan,nan,nan,nan,nan,nan,nan,1.544117647058818044e-02,nan,nan,nan,nan,2.941176470588224845e-03,nan,nan,nan,nan,nan,nan,nan,nan,nan,nan,nan,1.470588235294112422e-03,nan,nan,nan,nan,nan,nan,nan,nan,nan,nan,-1.838235294117651630e-02,nan,nan,-1.102941176470590909e-02,nan,nan,1.066176470588231506e-02,nan,nan,nan,nan,nan,7.352941176470562112e-03,nan,nan,nan,nan,nan,4.779411764705865373e-03,nan,-1.213235294117651596e-02,nan,nan,nan,nan,nan,nan
1.056338028168957166e-03,nan,nan,4.929577464788681591e-03,nan,nan,nan,nan,nan,nan,nan,nan,nan,nan,nan,nan,nan,nan,nan,nan,nan,nan,nan,nan,nan,nan,6.690140845070380662e-03,5.633802816901378394e-03,1.056338028169014932e-02,nan,nan,nan,nan,nan,nan,nan,nan,nan,1.725352112676057509e-02,nan,nan,3.521126760563331355e-03,nan,nan,nan,nan,5.633802816901356710e-03,nan,nan,nan,nan,4.225352112676028157e-03,nan,nan,nan,nan,5.633802816901378394e-03,nan,nan,nan,nan,nan,nan,nan,nan
nan,nan,nan,nan,nan,nan,nan,nan,-3.590664272890453645e-03,nan,nan,nan,nan,nan,-3.590664272890453537e-04,nan,nan,nan,nan,nan,nan,nan,nan,nan,nan,nan,-1.436265709156159297e-03,-4.667863554757590086e-03,5.745062836624814998e-03,nan,nan,nan,nan,1.795332136445293393e-03,nan,nan,nan,nan,3.590664272890897518e-04,nan,nan,nan,1.615798922800721835e-02,nan,nan,nan,nan,nan,nan,nan,-6.104129263913770850e-03,nan,nan,nan,nan,nan,nan,nan,1.436265709156247985e-03,nan,nan,nan,nan,nan,nan
1.423487544484003430e-03,nan,nan,6.761565836298943921e-03,nan,nan,nan,nan,-3.914590747330914944e-03,nan,nan,nan,nan,nan,nan,nan,nan,nan,nan,nan,nan,nan,nan,3.202846975088990966e-03,nan,nan,nan,nan,nan,nan,nan,nan,nan,1.067615658362996989e-03,nan,nan,nan,nan,nan,nan,nan,nan,nan,-3.558718861209930837e-03,nan,nan,nan,nan,-1.423487544483936860e-03,nan,1.138790035587191642e-02,1.103202846975090932e-02,nan,nan,nan,nan,nan,nan,1.423487544483990029e-02,nan,nan,nan,nan,nan,nan
nan,nan,nan,nan,nan,nan,nan,nan,3.724394785846963036e-04,nan,nan,nan,nan,nan,nan,1.862197392923614549e-03,nan,nan,nan,nan,nan,nan,nan,nan,nan,nan,nan,-8.193668528864096051e-03,nan,-5.959031657355717652e-03,nan,nan,nan,-5.214152700186236791e-03,nan,nan,nan,nan,-3.724394785847628736e-04,nan,nan,nan,4.134078212290494964e-02,nan,-2.607076350093140513e-03,nan,-1.117318435754222159e-03,nan,nan,nan,nan,nan,nan,nan,nan,nan,7.076350093109829223e-03,nan,nan,nan,nan,nan,nan,nan,nan
nan,nan,nan,2.205607476635516179e-02,nan,3.476635514018695805e-02,nan,nan,nan,nan,nan,nan,nan,-7.476635514018115537e-04,nan,nan,-3.364485981308340534e-03,nan,nan,-2.616822429906484528e-03,nan,nan,nan,nan,nan,nan,nan,nan,nan,nan,nan,nan,nan,nan,nan,nan,nan,nan,nan,1.495327102803778365e-03,nan,4.440892098500626408e-17,nan,nan,nan,1.495327102803778365e-03,nan,nan,nan,nan,-4.859813084112119333e-03,nan,nan,nan,nan,nan,nan,nan,1.869158878504717427e-03,nan,nan,nan,nan,nan,nan
-1.048824593128388008e-02,nan,nan,nan,nan,nan,nan,nan,nan,nan,nan,nan,nan,nan,nan,nan,7.594936708860822519e-03,nan,nan,-1.808318264014418999e-03,nan,nan,nan,-3.616636528028882667e-03,3.254972875226069644e-03,nan,nan,2.893309222423190268e-03,nan,nan,nan,nan,nan,nan,nan,nan,nan,nan,nan,nan,nan,7.233273056058032047e-04,nan,nan,4.339963833634774559e-03,nan,nan,nan,nan,nan,nan,5.280289330922245672e-02,nan,nan,nan,nan,1.446654611211628527e-03,nan,nan,nan,nan,nan,nan,nan,nan
-2.909090909090905445e-03,nan,nan,nan,nan,nan,nan,nan,nan,nan,2.327272727272731295e-02,nan,nan,nan,nan,nan,nan,nan,nan,nan,nan,nan,nan,-8.727272727272672101e-03,-6.181818181818154664e-03,nan,nan,nan,3.636363636363659779e-03,nan,nan,nan,nan,nan,1.272727272727272076e-02,nan,nan,nan,-6.909090909090864763e-03,nan,nan,-3.636363636363615544e-03,nan,nan,nan,nan,nan,nan,nan,nan,-2.181818181818151545e-03,nan,nan,nan,nan,nan,nan,nan,-2.545454545454539554e-03,nan,nan,nan,nan,nan,nan
-6.003752345215729487e-03,nan,nan,2.401500938086309489e-02,nan,nan,nan,nan,nan,nan,nan,nan,nan,nan,nan,4.440892098500626408e-17,2.251407129455929024e-03,nan,nan,nan,nan,nan,nan,-2.626641651031880187e-03,nan,nan,nan,nan,nan,nan,nan,nan,nan,-4.127579737335818413e-03,nan,nan,nan,nan,nan,nan,nan,nan,nan,nan,nan,9.380863039399644707e-03,-4.502814258911791261e-03,nan,nan,nan,-1.125703564727942394e-03,nan,nan,nan,nan,nan,nan,nan,-4.878048780487786659e-03,nan,nan,nan,nan,nan,nan
nan,nan,nan,2.545454545454561672e-03,nan,nan,nan,nan,nan,nan,nan,nan,nan,-6.545454545454476754e-03,nan,nan,nan,-4.363636363636303091e-03,nan,nan,nan,nan,nan,nan,-9.818181818181771076e-03,nan,nan,-1.818181818181763320e-03,-1.454545454545441664e-03,nan,nan,nan,nan,nan,-5.454545454545401198e-03,nan,nan,nan,-1.454545454545419546e-03,-3.636363636363615544e-03,nan,nan,nan,nan,-6.909090909090842211e-03,nan,nan,nan,nan,nan,nan,nan,nan,nan,nan,nan,nan,nan,nan,nan,nan,nan,nan,nan,nan
1.090909090909097890e-03,nan,nan,nan,nan,nan,nan,nan,nan,nan,4.363636363636391562e-03,nan,nan,0.000000000000000000e+00,nan,nan,nan,nan,nan,nan,nan,nan,nan,nan,3.272727272727293888e-03,nan,nan,2.181818181818195781e-03,2.181818181818195781e-03,nan,nan,nan,nan,nan,nan,nan,nan,nan,-1.454545454545463998e-03,nan,nan,nan,nan,nan,nan,nan,nan,nan,2.545454545454561672e-03,nan,nan,4.363636363636369878e-03,nan,nan,nan,nan,1.090909090909097890e-03,nan,nan,nan,nan,nan,nan,nan,nan
nan,nan,nan,3.383458646616510548e-03,nan,-4.135338345864702884e-03,nan,nan,6.015037593984873428e-03,nan,nan,nan,nan,7.142857142857094929e-03,nan,-3.007518796992525618e-03,nan,nan,nan,nan,nan,-3.759398496240739965e-04,nan,1.090225563909770143e-02,nan,nan,nan,nan,nan,-2.255639097744399635e-03,nan,nan,nan,nan,nan,nan,nan,nan,-5.639097744360932300e-03,nan,nan,3.496240601503754902e-02,nan,nan,nan,nan,nan,nan,nan,nan,nan,nan,nan,nan,nan,nan,nan,nan,nan,nan,nan,nan,nan,nan,nan
-2.957486136783660409e-03,nan,nan,nan,nan,nan,nan,nan,-5.545286506469437535e-03,nan,nan,nan,nan,nan,nan,nan,nan,nan,nan,nan,nan,nan,nan,nan,4.436229205175612478e-03,nan,nan,nan,-7.393715341958984055e-04,nan,nan,nan,nan,nan,nan,nan,nan,nan,nan,8.872458410351247507e-03,nan,nan,nan,nan,nan,nan,-3.696857670979048047e-04,nan,nan,nan,-7.763401109057243774e-03,3.290203327171907499e-02,nan,nan,nan,nan,-7.393715341958984055e-04,nan,-1.035120147874302177e-02,nan,nan,nan,nan,nan,nan
nan,nan,nan,nan,nan,nan,nan,nan,nan,nan,6.417112299465221707e-03,nan,nan,nan,-2.495543672014299916e-03,-2.220446049250313204e-17,nan,-7.130124777183999502e-04,nan,nan,nan,nan,nan,3.565062388591666359e-04,nan,nan,3.565062388591444639e-04,nan,nan,nan,nan,nan,nan,nan,1.140819964349373307e-02,nan,nan,nan,nan,nan,nan,nan,nan,nan,nan,nan,nan,nan,nan,nan,nan,8.199643493761099231e-03,nan,nan,nan,nan,3.565062388591444639e-04,nan,3.208556149732610854e-03,nan,nan,nan,nan,nan,nan
nan,nan,nan,4.735883424407960791e-03,nan,nan,nan,nan,nan,nan,1.092896174863344826e-03,nan,nan,nan,nan,nan,nan,nan,nan,nan,nan,nan,nan,nan,4.371584699453512010e-03,nan,nan,7.285974499089209813e-03,1.202185792349721484e-02,nan,nan,nan,nan,nan,nan,nan,nan,nan,-3.642987249544660418e-03,nan,nan,8.743169398907091674e-03,6.193078324225842653e-03,nan,1.056466302367937635e-02,nan,nan,nan,nan,nan,nan,nan,nan,nan,nan,nan,nan,nan,9.107468123861517037e-03,nan,nan,nan,nan,nan,nan
nan,nan,nan,nan,nan,-9.800362976406584020e-03,nan,nan,-1.343012704174231277e-02,nan,nan,nan,nan,nan,nan,-3.266787658802194818e-03,nan,nan,nan,nan,nan,3.629764065335771899e-04,nan,-1.451905626134302255e-02,nan,nan,nan,-1.415607985480946650e-02,1.088929219600722788e-02,-3.266787658802194818e-03,nan,nan,nan,nan,nan,nan,nan,nan,nan,nan,nan,-5.081669691470102994e-03,nan,nan,nan,nan,nan,nan,nan,nan,-7.622504537205121097e-03,nan,nan,nan,nan,nan,nan,nan,nan,nan,nan,nan,nan,nan,nan
3.824091778203087206e-04,nan,nan,nan,nan,nan,nan,nan,nan,nan,2.256214149139585887e-02,nan,nan,nan,nan,nan,nan,nan,nan,nan,nan,2.220446049250313204e-17,nan,nan,2.676864244741916556e-03,nan,2.294455066921674731e-03,nan,-5.353728489483700406e-03,4.206500956022996181e-03,nan,nan,nan,7.648183556405729888e-04,nan,nan,nan,nan,nan,nan,nan,nan,nan,nan,nan,nan,nan,nan,nan,nan,nan,8.030592734225660764e-03,nan,nan,nan,-1.147227533460770579e-03,nan,nan,nan,nan,nan,nan,nan,nan,nan
-7.599309153713251601e-03,nan,nan,-9.671848013816885387e-03,nan,-5.181347150259018979e-03,nan,nan,nan,nan,-1.381692573402371060e-03,nan,nan,-2.417962003454165835e-03,nan,1.036269430051883680e-03,nan,nan,nan,nan,nan,3.454231433506205207e-04,nan,nan,-6.908462867011744713e-04,nan,nan,nan,nan,nan,nan,nan,nan,nan,nan,nan,nan,nan,nan,nan,nan,nan,-6.908462867012054795e-03,nan,nan,nan,nan,nan,nan,nan,6.563039723661523613e-03,nan,nan,nan,nan,nan,nan,nan,nan,nan,nan,nan,nan,nan,nan
-8.043875685557599214e-03,nan,nan,nan,nan,nan,nan,nan,nan,nan,-1.096892138939671232e-02,nan,nan,nan,nan,nan,nan,nan,nan,nan,nan,nan,nan,nan,6.946983546617935268e-03,-1.096892138939669151e-02,2.220446049250313204e-17,-3.290676416818994008e-03,nan,nan,nan,nan,nan,nan,nan,nan,nan,nan,nan,nan,nan,-8.043875685557599214e-03,nan,nan,nan,nan,nan,nan,nan,nan,3.656307129799030164e-04,nan,nan,nan,nan,nan,-4.387568555758680940e-03,nan,-5.484460694698345753e-03,nan,nan,nan,nan,nan,nan
1.138519924098702020e-03,nan,nan,nan,nan,nan,nan,nan,nan,nan,3.795066413662251305e-03,nan,2.277039848197381922e-03,nan,nan,nan,nan,nan,nan,nan,nan,nan,nan,nan,nan,nan,nan,-4.174573055028441004e-03,4.174573055028463556e-03,nan,nan,nan,nan,nan,nan,nan,nan,nan,nan,-1.897533206831103535e-03,nan,nan,nan,nan,-3.795066413662229188e-03,nan,7.210626185958269110e-03,nan,8.728652751423159745e-03,nan,nan,nan,nan,nan,nan,nan,2.220446049250313204e-17,nan,nan,nan,nan,nan,nan,nan,nan
nan,nan,nan,2.961608775137112431e-02,nan,nan,nan,nan,nan,nan,nan,nan,nan,nan,nan,nan,nan,nan,nan,2.559414990859254328e-03,nan,nan,nan,nan,nan,nan,nan,-2.193784277879329194e-03,7.312614259597815733e-03,nan,nan,-1.096892138939642479e-03,nan,3.290676416819038243e-03,nan,nan,nan,nan,nan,5.484460694698367438e-03,nan,nan,nan,nan,1.352833638025596752e-02,nan,nan,nan,nan,nan,-1.828153564899448512e-03,nan,nan,nan,nan,nan,nan,nan,1.133455210237661534e-02,nan,nan,nan,nan,nan,nan
nan,nan,nan,nan,nan,nan,nan,nan,nan,nan,nan,nan,-1.428571428571423583e-03,4.642857142857126536e-03,nan,nan,7.499999999999973702e-03,nan,nan,nan,nan,nan,nan,nan,8.928571428571396851e-03,nan,nan,nan,nan,nan,nan,1.785714285714279370e-03,nan,7.142857142857117914e-04,nan,nan,nan,nan,nan,nan,nan,2.857142857142847166e-03,nan,7.142857142857117914e-04,nan,1.214285714285709937e-02,-1.071428571428567579e-03,nan,nan,nan,nan,nan,nan,nan,nan,nan,nan,nan,nan,nan,nan,nan,nan,nan,nan
nan,nan,nan,-2.513661202185788618e-02,0.000000000000000000e+00,-4.371584699453467775e-03,nan,nan,nan,nan,nan,nan,nan,nan,nan,nan,nan,nan,nan,3.642987249544682535e-03,nan,nan,nan,-1.748633879781413825e-02,nan,nan,nan,8.014571948998239215e-03,nan,nan,nan,nan,nan,nan,nan,nan,nan,nan,nan,-9.836065573770435416e-03,nan,nan,nan,-6.557377049180246331e-03,nan,-1.457194899817792957e-03,nan,nan,nan,nan,nan,-1.639344262295077195e-02,nan,nan,nan,nan,nan,nan,nan,nan,nan,nan,nan,nan,nan
nan,nan,nan,nan,nan,nan,nan,nan,nan,nan,nan,nan,nan,nan,nan,-1.745200698080351474e-03,nan,-4.440892098500626408e-17,nan,nan,nan,nan,nan,nan,3.839441535776577479e-03,nan,nan,nan,1.396160558464165560e-03,nan,nan,nan,nan,nan,1.884816753926694607e-02,nan,nan,nan,nan,-3.490401396160614043e-03,nan,7.678883071553177508e-03,nan,nan,nan,nan,3.839441535776577479e-03,nan,nan,nan,nan,1.256544502617795711e-02,nan,nan,nan,1.186736474694585243e-02,nan,nan,nan,nan,nan,nan,nan,nan,nan
nan,nan,nan,nan,nan,5.017921146953363380e-03,nan,nan,nan,nan,2.473118279569887917e-02,nan,nan,nan,nan,nan,nan,nan,nan,nan,nan,nan,nan,nan,5.376344086021456366e-03,nan,1.792114695340463193e-03,5.734767025089571035e-03,3.225806451612855952e-03,6.093189964157664021e-03,nan,nan,nan,7.168458781361630944e-04,nan,nan,nan,nan,nan,nan,nan,nan,nan,nan,nan,nan,nan,nan,nan,nan,3.225806451612855952e-03,nan,nan,nan,nan,nan,2.867383512544763400e-03,nan,nan,nan,nan,nan,nan,nan,nan
-5.194805194805196535e-03,nan,nan,2.597402597402596186e-02,nan,nan,nan,nan,nan,nan,nan,nan,nan,nan,nan,nan,nan,nan,nan,-1.113172541743989675e-03,nan,nan,nan,nan,nan,nan,nan,4.823747680890532949e-03,1.187384044526900231e-02,nan,nan,nan,nan,nan,9.276437847866404046e-03,nan,nan,nan,-3.710575139146854331e-04,nan,nan,2.226345083487912997e-03,nan,nan,2.968460111317217185e-03,nan,nan,nan,nan,nan,nan,nan,nan,nan,nan,nan,7.421150278293265224e-04,nan,nan,nan,nan,nan,nan,nan,nan
nan,nan,nan,6.906474820143881921e-02,nan,nan,nan,nan,-2.877697841726645223e-03,nan,nan,nan,nan,nan,nan,-2.517985611510798090e-03,nan,nan,nan,-6.115107913669093342e-03,nan,nan,nan,6.474820143884873688e-03,nan,nan,nan,-8.633093525179869748e-03,9.712230215827299257e-03,nan,nan,1.079136690647475262e-03,nan,nan,nan,nan,nan,nan,-2.158273381294950524e-03,nan,nan,nan,nan,nan,nan,nan,nan,nan,nan,nan,nan,nan,nan,nan,nan,nan,3.956834532374098150e-03,nan,nan,nan,nan,nan,nan,nan,nan
nan,nan,nan,2.144177449168209806e-02,nan,nan,nan,nan,nan,nan,nan,nan,nan,nan,nan,nan,nan,nan,nan,nan,nan,nan,nan,nan,6.284658040665446962e-03,nan,-1.478743068391818929e-03,3.696857670979936008e-04,-1.109057301293869726e-03,nan,nan,nan,nan,1.109057301293914178e-03,nan,nan,nan,nan,nan,nan,nan,nan,nan,nan,nan,9.611829944547145912e-03,nan,nan,nan,nan,3.696857670979669837e-03,nan,nan,nan,nan,7.763401109057288876e-03,3.696857670979936008e-04,nan,nan,nan,nan,nan,nan,nan,nan
nan,nan,nan,2.337662337662338441e-02,nan,5.936920222634501157e-03,nan,nan,5.194805194805173984e-03,nan,nan,nan,nan,nan,nan,nan,nan,nan,nan,nan,nan,nan,nan,1.484230055658630710e-03,-2.597402597402598268e-03,nan,nan,8.905380333951783828e-03,1.410018552875695955e-02,nan,nan,nan,nan,nan,nan,nan,nan,nan,-1.113172541743967557e-03,nan,nan,nan,nan,nan,-7.421150278293265224e-04,nan,nan,nan,nan,nan,nan,nan,nan,nan,nan,nan,3.710575139146854331e-04,nan,nan,nan,nan,nan,nan,nan,nan
nan,nan,nan,nan,0.000000000000000000e+00,-4.440892098500626408e-17,nan,nan,nan,nan,nan,nan,7.434944237917795896e-04,nan,0.000000000000000000e+00,nan,nan,2.973977695167251498e-03,nan,nan,6.691449814126393392e-03,nan,nan,nan,nan,nan,nan,nan,nan,nan,nan,nan,nan,8.550185873605963688e-03,nan,nan,nan,nan,nan,-5.947955390334569784e-03,nan,nan,nan,nan,nan,nan,nan,nan,nan,nan,nan,2.230483271375449574e-03,nan,nan,nan,nan,nan,nan,4.460966542750921700e-03,nan,nan,nan,nan,nan,nan
6.859205776173294203e-03,nan,nan,nan,nan,nan,nan,nan,nan,nan,nan,nan,nan,nan,nan,nan,nan,nan,nan,nan,nan,nan,nan,nan,nan,nan,6.137184115523486132e-03,nan,1.805054151624552270e-03,nan,nan,nan,nan,2.527075812274382025e-03,7.581227436823123958e-03,nan,nan,nan,nan,nan,nan,nan,nan,nan,nan,nan,nan,nan,nan,nan,1.805054151624552270e-03,7.220216606498230764e-03,nan,nan,nan,-1.444043321299615058e-03,-3.610108303248926514e-04,nan,1.083032490974766750e-03,nan,nan,nan,nan,nan,nan
nan,nan,nan,1.899441340782121942e-02,nan,nan,nan,nan,nan,nan,5.586592178770976788e-03,nan,3.724394785847628736e-04,nan,nan,nan,nan,nan,nan,nan,nan,nan,nan,nan,-1.489757914338873902e-03,nan,nan,-3.724394785846963036e-04,nan,nan,nan,nan,nan,nan,nan,nan,nan,nan,nan,nan,nan,-1.489757914338896237e-03,nan,nan,1.117318435754222159e-03,nan,-2.607076350093095844e-03,nan,-1.117318435754155372e-03,nan,8.566108007448790945e-03,nan,nan,nan,nan,nan,nan,nan,nan,nan,nan,nan,nan,nan,nan
-4.255319148936176354e-03,nan,nan,nan,nan,nan,nan,nan,nan,nan,nan,nan,nan,nan,-7.092198581560183335e-04,0.000000000000000000e+00,nan,nan,nan,nan,nan,1.773049645390045725e-03,nan,nan,nan,nan,nan,-6.028368794326222080e-03,nan,nan,nan,nan,nan,nan,nan,nan,nan,nan,nan,nan,nan,nan,-8.510638297872352709e-03,nan,1.063829787234049726e-03,nan,nan,nan,nan,nan,nan,3.546099290780313387e-04,nan,nan,nan,nan,1.453900709219855224e-02,nan,-2.482269503546086394e-03,nan,nan,nan,nan,nan,nan
nan,nan,nan,nan,nan,nan,nan,nan,nan,nan,nan,nan,nan,nan,nan,7.366482504604032972e-04,nan,-2.578268876611411378e-03,nan,nan,nan,nan,nan,nan,1.104972375690605000e-03,nan,0.000000000000000000e+00,-2.209944751381210000e-03,3.683241252302060613e-03,-4.419889502762420000e-03,nan,nan,nan,nan,nan,nan,nan,nan,nan,nan,nan,nan,nan,nan,nan,nan,nan,nan,-5.156537753222822755e-03,nan,nan,nan,nan,nan,nan,nan,2.578268876611433495e-03,nan,-1.841620626151008189e-03,nan,nan,nan,nan,nan,nan
-8.695652173913081748e-03,nan,nan,nan,nan,nan,nan,nan,2.536231884057982104e-03,nan,nan,nan,nan,-3.260869565217405872e-03,nan,nan,nan,nan,nan,nan,nan,nan,nan,nan,nan,nan,nan,2.898550724637671654e-03,-2.536231884057982104e-03,nan,nan,nan,nan,nan,nan,nan,nan,nan,nan,-5.797101449275388410e-03,nan,8.333333333333281176e-03,nan,nan,nan,1.449275362318847103e-03,nan,nan,nan,nan,1.811594202898536652e-03,nan,nan,nan,nan,nan,-7.246376811594235079e-03,nan,nan,nan,nan,nan,nan,nan,nan
-4.014598540145986397e-03,nan,nan,4.379562043795593058e-03,nan,nan,nan,nan,nan,nan,-3.649635036496379301e-03,nan,nan,nan,nan,nan,nan,nan,nan,nan,nan,nan,nan,nan,6.934306569343040919e-03,nan,nan,nan,3.284671532846705853e-03,nan,nan,nan,nan,nan,nan,nan,nan,nan,nan,nan,nan,-5.839416058394197515e-03,7.299270072992581010e-04,nan,2.554744525547425309e-03,nan,nan,nan,nan,nan,nan,nan,nan,nan,nan,nan,1.459854014598516202e-03,nan,3.649635036496290505e-04,nan,nan,nan,nan,nan,nan
nan,nan,nan,7.259528130671433210e-03,nan,nan,nan,nan,nan,nan,1.488203266787655431e-02,nan,nan,nan,nan,-1.088929219600731678e-03,nan,nan,nan,nan,nan,1.451905626134286642e-03,nan,nan,-3.629764065336216422e-04,nan,nan,nan,2.177858439201396570e-03,nan,nan,nan,nan,nan,nan,nan,nan,nan,nan,nan,-5.081669691470081310e-03,-3.629764065335772116e-03,nan,nan,nan,nan,nan,nan,-3.629764065335772116e-03,nan,nan,nan,nan,nan,nan,nan,2.903811252268551166e-03,nan,nan,nan,nan,nan,nan,nan,nan
nan,nan,nan,nan,nan,-3.649635036495846524e-04,nan,nan,nan,nan,nan,nan,nan,nan,nan,nan,nan,nan,nan,nan,nan,nan,nan,nan,5.109489051094939956e-03,nan,-3.649635036496290397e-03,nan,2.919708029197121309e-03,nan,nan,nan,nan,nan,nan,nan,nan,nan,4.744525547445310742e-03,1.094890510948953776e-03,nan,nan,nan,nan,nan,nan,nan,nan,nan,nan,1.094890510948953776e-03,2.591240875912412950e-02,nan,nan,nan,nan,-1.459854014598516202e-03,nan,2.116788321167888468e-02,nan,nan,nan,nan,nan,nan
nan,nan,nan,1.139705882352945975e-02,nan,5.882352941176472241e-03,nan,nan,nan,nan,2.169117647058826925e-02,nan,nan,nan,nan,5.882352941176449690e-03,nan,nan,nan,nan,nan,2.573529411764696739e-03,nan,nan,nan,nan,nan,1.066176470588240353e-02,5.882352941176493925e-03,nan,nan,nan,nan,nan,nan,nan,nan,nan,nan,1.617647058823534767e-02,nan,nan,nan,nan,2.022058823529415683e-02,nan,nan,nan,nan,nan,1.507352941176476335e-02,nan,nan,nan,nan,nan,nan,nan,nan,nan,nan,nan,nan,nan,nan
nan,nan,nan,nan,nan,nan,nan,nan,nan,nan,0.000000000000000000e+00,nan,nan,nan,nan,nan,nan,nan,nan,nan,nan,nan,nan,nan,-3.745318352059934458e-04,nan,-7.490636704119868917e-04,nan,1.872659176029967121e-03,nan,nan,nan,nan,1.872659176029967121e-03,nan,nan,nan,nan,nan,nan,nan,nan,nan,nan,nan,3.370786516853940904e-03,nan,nan,nan,nan,nan,2.247191011235960458e-03,nan,nan,nan,-3.745318352059934458e-04,1.872659176029967121e-03,nan,0.000000000000000000e+00,nan,nan,nan,nan,nan,nan
nan,nan,nan,nan,nan,nan,nan,nan,nan,nan,nan,nan,nan,nan,nan,nan,2.298850574712663162e-03,nan,nan,-6.896551724137878030e-03,nan,nan,nan,nan,-1.034482758620685131e-02,nan,nan,nan,-5.363984674329458184e-03,nan,nan,nan,nan,-5.747126436781569217e-03,nan,nan,nan,nan,nan,-1.302681992337160165e-02,nan,-8.045977011494209394e-03,nan,6.896551724137989052e-03,nan,7.279693486590077534e-03,-5.363984674329480735e-03,nan,nan,nan,nan,nan,nan,nan,nan,nan,nan,nan,nan,nan,nan,nan,nan,nan,nan
-2.914389799635741605e-03,nan,nan,2.440801457194892096e-02,nan,nan,nan,nan,nan,nan,nan,nan,nan,1.457194899817815291e-03,nan,nan,nan,nan,nan,nan,nan,-1.092896174863411396e-03,nan,-4.735883424408049262e-03,nan,nan,nan,nan,1.092896174863344826e-03,nan,nan,nan,nan,nan,nan,nan,nan,nan,nan,nan,nan,3.642987249544038411e-04,nan,nan,nan,nan,-5.464480874316968509e-03,nan,nan,nan,-4.371584699453601348e-03,nan,nan,nan,nan,nan,-5.100182149362542279e-03,nan,nan,nan,nan,nan,nan,nan,nan
nan,nan,nan,nan,nan,2.222222222222214327e-02,nan,nan,nan,nan,nan,nan,nan,4.735883424407982475e-03,nan,nan,nan,-3.642987249545148634e-04,nan,nan,nan,nan,nan,nan,nan,nan,nan,nan,-1.821493624772352327e-03,1.092896174863344826e-03,nan,nan,nan,nan,nan,nan,nan,nan,nan,nan,-1.821493624772352327e-03,nan,nan,nan,nan,nan,-2.220446049250313204e-17,nan,nan,nan,nan,1.275045537340615577e-02,nan,nan,nan,nan,-2.185792349726800674e-03,nan,1.238615664845166275e-02,nan,nan,nan,nan,nan,nan
nan,nan,nan,nan,nan,2.486288848263256204e-02,nan,nan,-1.828153564899426178e-03,nan,nan,nan,nan,nan,nan,3.656307129799030164e-04,nan,-1.133455210237657197e-02,nan,nan,nan,nan,nan,-1.096892138939664597e-03,nan,nan,nan,4.387568555758702624e-03,4.440892098500626408e-17,nan,nan,nan,nan,nan,nan,nan,nan,nan,4.021937842778822159e-03,nan,nan,nan,nan,nan,2.376599634369289810e-02,nan,nan,nan,nan,nan,nan,nan,nan,nan,nan,nan,6.946983546617957819e-03,nan,nan,nan,nan,nan,nan,nan,nan
-8.118081180811809183e-03,nan,nan,5.202952029520295507e-02,nan,nan,nan,nan,nan,nan,nan,nan,nan,nan,nan,nan,nan,nan,nan,nan,nan,nan,nan,nan,nan,nan,-4.428044280442811238e-03,nan,-8.118081180811809183e-03,nan,nan,nan,nan,1.107011070110708231e-03,nan,nan,nan,nan,nan,-3.321033210332080456e-03,nan,nan,nan,nan,nan,-5.166051660516601980e-03,-8.118081180811809183e-03,nan,nan,nan,-8.118081180811809183e-03,nan,nan,nan,nan,nan,1.476014760147603602e-03,nan,nan,nan,nan,nan,nan,nan,nan
nan,nan,nan,nan,nan,nan,nan,nan,nan,nan,6.060606060606066325e-02,nan,nan,nan,nan,nan,nan,nan,nan,nan,nan,nan,nan,-1.283422459893042086e-02,nan,nan,3.565062388592332601e-04,nan,-2.139037433155022150e-03,nan,nan,nan,nan,7.130124777183999502e-04,nan,nan,nan,nan,nan,-7.130124777183332718e-04,nan,-7.130124777183332718e-04,nan,nan,nan,nan,nan,nan,nan,nan,-8.199643493761099231e-03,nan,nan,nan,nan,-2.139037433155044268e-03,5.347593582887721908e-03,nan,nan,nan,nan,nan,nan,nan,nan
2.573529411764696739e-03,nan,nan,2.132352941176474115e-02,nan,7.352941176470606348e-03,nan,nan,nan,nan,7.352941176470562112e-04,nan,nan,nan,nan,nan,nan,nan,nan,nan,nan,nan,nan,nan,nan,nan,nan,-2.573529411764696739e-03,nan,nan,nan,nan,nan,nan,nan,nan,nan,nan,nan,nan,nan,4.044117647058809162e-03,nan,nan,8.455882352941191532e-03,nan,2.573529411764696739e-03,nan,nan,nan,9.558823529411796666e-03,nan,nan,nan,nan,nan,7.352941176470562112e-04,nan,nan,nan,nan,nan,nan,nan,nan
nan,nan,nan,8.912655971479522057e-03,nan,nan,nan,nan,2.852049910873421992e-03,nan,4.634581105169321633e-03,nan,nan,nan,nan,-2.495543672014277799e-03,nan,nan,nan,nan,nan,nan,nan,nan,-7.130124777183554979e-04,nan,-7.130124777183554979e-04,4.991087344028510495e-03,7.130124777183777240e-04,nan,nan,nan,nan,nan,nan,nan,nan,nan,nan,nan,nan,nan,nan,nan,nan,nan,nan,nan,nan,nan,-1.426024955436710996e-03,nan,nan,nan,nan,4.991087344028533046e-03,nan,nan,nan,nan,nan,nan,nan,nan,nan
nan,nan,nan,6.726943942133814525e-02,nan,nan,nan,nan,nan,nan,nan,nan,-4.701627486437609700e-03,nan,nan,nan,nan,nan,nan,nan,nan,nan,nan,-6.509945750452095052e-03,4.339963833634707772e-03,nan,nan,nan,1.446654611211573016e-02,nan,nan,nan,nan,-7.233273056058032047e-04,nan,nan,nan,nan,nan,nan,nan,nan,nan,-3.616636528029016024e-04,nan,nan,-2.220446049250313204e-17,nan,nan,nan,9.403254972875219400e-03,nan,nan,nan,nan,nan,-3.616636528028949020e-03,nan,nan,nan,nan,nan,nan,nan,nan
nan,nan,nan,nan,nan,nan,nan,nan,nan,nan,1.546762589928052378e-02,nan,-5.755395683453312997e-03,nan,nan,nan,nan,nan,nan,nan,nan,nan,nan,nan,nan,nan,-3.597122302158916934e-04,1.798561151079125509e-03,5.755395683453201974e-03,nan,nan,nan,nan,3.597122302157806711e-04,nan,nan,nan,nan,nan,nan,nan,-3.597122302158339922e-03,nan,nan,1.187050359712225021e-02,nan,nan,nan,nan,nan,2.517985611510775538e-03,1.438848920863278159e-03,nan,nan,nan,nan,nan,nan,nan,nan,nan,nan,nan,nan,nan
nan,nan,nan,7.434944237918217347e-02,nan,nan,nan,nan,1.115241635687724787e-03,nan,nan,nan,nan,nan,nan,nan,nan,nan,nan,nan,nan,nan,nan,nan,-3.345724907063196696e-03,nan,-2.230483271375449574e-03,3.717472118959097658e-03,nan,nan,nan,nan,nan,nan,nan,nan,nan,nan,nan,9.293680297397766479e-03,nan,1.486988847583643400e-02,nan,nan,nan,nan,nan,nan,nan,nan,2.973977695167295734e-03,nan,nan,nan,nan,nan,1.115241635687702669e-03,nan,3.643122676579928221e-02,nan,nan,nan,nan,nan,nan
nan,nan,nan,nan,nan,nan,nan,nan,nan,nan,1.572212065813529541e-02,nan,nan,3.656307129799030164e-04,nan,nan,nan,8.775137111517384431e-03,nan,nan,nan,nan,nan,nan,5.118829981718486972e-03,nan,nan,nan,1.499085923217549111e-02,4.387568555758702624e-03,nan,nan,nan,-2.559414990859232211e-03,nan,nan,nan,nan,nan,2.559414990859187975e-03,nan,5.484460694698367438e-03,nan,nan,nan,nan,nan,nan,nan,nan,nan,nan,nan,nan,nan,nan,nan,nan,-7.312614259597615806e-04,nan,nan,nan,nan,nan,nan
2.846975088968006860e-03,nan,nan,3.202846975088968762e-02,nan,nan,nan,nan,nan,nan,3.558718861209975073e-03,nan,nan,nan,nan,nan,nan,nan,nan,nan,nan,nan,nan,nan,nan,nan,-7.117437722419462038e-04,nan,-3.558718861209842150e-04,nan,nan,nan,nan,6.049822064056975708e-03,nan,nan,nan,nan,nan,1.067615658363019106e-03,nan,4.270462633451987955e-03,nan,nan,nan,nan,nan,nan,-1.067615658362974871e-03,nan,-7.117437722419462038e-04,nan,nan,nan,nan,nan,nan,nan,nan,nan,nan,nan,nan,nan,nan
-2.522522522522474640e-03,nan,nan,nan,nan,nan,nan,nan,nan,nan,-4.324324324324280155e-03,nan,nan,nan,nan,nan,nan,nan,nan,-3.963963963963900924e-03,nan,nan,nan,nan,4.440892098500626408e-17,nan,nan,-2.522522522522496757e-03,4.324324324324391178e-03,-6.126126126126063554e-03,nan,nan,nan,nan,nan,nan,nan,nan,nan,nan,nan,nan,nan,nan,-1.081081081081047921e-03,nan,nan,nan,nan,nan,nan,3.243243243243299021e-03,nan,nan,nan,nan,-7.207207207206911331e-04,nan,nan,nan,nan,nan,nan,nan,nan
4.395604395604402539e-03,nan,nan,9.560439560439563944e-02,nan,nan,nan,nan,nan,nan,nan,nan,nan,nan,nan,1.831501831501824995e-03,nan,nan,nan,nan,nan,nan,nan,nan,nan,nan,nan,3.663003663003649990e-04,nan,2.197802197802212112e-03,nan,nan,nan,nan,nan,nan,nan,nan,nan,9.157509157509213446e-03,nan,1.538461538461544098e-02,nan,nan,nan,nan,-3.296703296703284991e-03,nan,nan,nan,nan,nan,nan,nan,nan,nan,9.890109890109920893e-03,nan,2.454212454212456596e-02,nan,nan,nan,nan,nan,nan
nan,nan,nan,nan,nan,nan,nan,nan,nan,nan,nan,nan,nan,nan,nan,-3.636363636363659996e-04,nan,nan,nan,nan,nan,0.000000000000000000e+00,nan,nan,nan,nan,2.909090909090927997e-03,nan,8.000000000000052208e-03,nan,nan,nan,nan,nan,nan,nan,nan,nan,nan,5.454545454545489669e-03,nan,nan,nan,nan,nan,nan,-2.545454545454495319e-03,nan,4.727272727272757886e-03,nan,1.090909090909120225e-03,nan,nan,nan,nan,nan,6.545454545454587776e-03,nan,7.418181818181820986e-02,nan,nan,nan,nan,nan,nan
-5.797101449275343307e-03,nan,nan,nan,nan,nan,nan,nan,-5.434782608695676309e-03,nan,nan,nan,nan,nan,2.898550724637694205e-03,nan,nan,nan,nan,nan,nan,nan,nan,nan,3.985507246376829640e-03,nan,nan,nan,nan,nan,nan,nan,nan,nan,nan,nan,nan,nan,-1.340579710144926794e-02,-6.521739130434767509e-03,nan,3.623188405797117756e-04,1.376811594202898004e-02,nan,-9.420289855072460847e-03,nan,nan,nan,-1.195652173913039872e-02,nan,nan,nan,nan,nan,nan,nan,nan,nan,nan,nan,nan,nan,nan,nan,nan
-5.464480874316901722e-03,nan,nan,-8.378870673952576106e-03,nan,-7.285974499088964784e-04,nan,nan,nan,nan,nan,nan,-2.550091074681204353e-03,nan,nan,nan,nan,nan,nan,nan,nan,nan,nan,nan,-1.056466302367937635e-02,nan,3.642987249545148634e-04,nan,nan,-1.275045537340613322e-02,nan,nan,nan,-2.185792349726756005e-03,nan,nan,nan,nan,-1.420765027322399253e-02,nan,-1.457194899817844044e-02,nan,nan,nan,nan,nan,nan,nan,nan,nan,nan,nan,nan,nan,nan,nan,nan,nan,nan,nan,nan,nan,nan,nan,nan
nan,nan,nan,nan,nan,nan,nan,nan,nan,nan,nan,nan,nan,nan,nan,nan,nan,-1.906474820143884072e-02,nan,nan,nan,nan,nan,nan,-2.158273381294950524e-03,nan,nan,1.258992805755398958e-02,nan,nan,nan,nan,nan,nan,-1.330935251798557283e-02,nan,nan,nan,nan,nan,-1.366906474820142083e-02,-1.079136690647475262e-03,nan,nan,-2.517985611510775538e-03,nan,nan,nan,nan,nan,-2.517985611510775538e-03,8.273381294964087668e-03,nan,nan,nan,nan,2.517985611510820208e-03,nan,nan,nan,nan,nan,nan,nan,nan
5.704099821746910770e-03,nan,nan,6.559714795008916854e-02,nan,nan,nan,nan,-3.565062388591444639e-04,nan,nan,nan,nan,nan,nan,nan,nan,nan,nan,nan,nan,nan,nan,nan,nan,nan,nan,nan,8.199643493761166885e-03,-4.278074866310111087e-03,nan,-3.208556149732566618e-03,nan,nan,nan,nan,nan,nan,nan,nan,nan,1.426024955436755448e-03,nan,nan,1.176470588235294448e-02,-1.426024955436666544e-03,-6.773618538324388885e-03,nan,nan,nan,nan,nan,nan,nan,nan,nan,nan,nan,nan,nan,nan,nan,nan,nan,nan
-3.663003663003716777e-03,nan,nan,nan,nan,4.395604395604357437e-03,nan,nan,nan,nan,nan,nan,nan,nan,nan,nan,nan,nan,nan,nan,nan,nan,nan,8.791208791208759976e-03,-2.930402930403008897e-03,nan,nan,nan,nan,nan,nan,nan,nan,2.197802197802189994e-03,nan,nan,nan,nan,-4.761904761904833458e-03,2.564102564102532875e-03,nan,nan,nan,nan,nan,nan,nan,nan,1.098901098901072879e-03,nan,1.428571428571423496e-02,1.282051282051277497e-02,nan,nan,nan,nan,nan,nan,nan,nan,nan,nan,nan,nan,nan
nan,nan,nan,7.433628318584096020e-03,nan,nan,nan,nan,nan,nan,7.433628318584140256e-03,nan,nan,nan,nan,nan,nan,nan,nan,1.769911504424803673e-03,nan,nan,nan,nan,nan,nan,nan,nan,1.345132743362835795e-02,nan,nan,nan,nan,nan,nan,nan,nan,nan,nan,nan,nan,nan,nan,nan,6.371681415929253411e-03,1.061946902654871058e-02,7.433628318584140256e-03,nan,nan,nan,nan,-3.539823008849030117e-04,nan,nan,nan,nan,6.725663716814200659e-03,nan,1.061946902654871058e-02,nan,nan,nan,nan,nan,nan
3.649635036496290505e-04,nan,nan,5.766423357664229865e-02,nan,nan,nan,nan,-2.919708029197098757e-03,nan,2.335766423357663740e-02,nan,nan,nan,nan,nan,nan,2.919708029197076640e-03,nan,nan,nan,nan,nan,1.167883211678828401e-02,nan,nan,nan,4.379562043795614742e-03,nan,1.824817518248145198e-03,nan,nan,nan,nan,nan,nan,nan,nan,1.459854014598538320e-03,nan,nan,nan,nan,nan,nan,nan,2.919708029197054522e-03,nan,nan,nan,nan,nan,nan,nan,nan,nan,nan,nan,nan,nan,nan,nan,nan,nan,nan
-2.962962962963011822e-03,nan,nan,nan,nan,nan,nan,nan,nan,nan,nan,nan,nan,nan,nan,nan,nan,nan,nan,-3.703703703703764560e-03,2.592592592592546548e-03,nan,nan,-5.185185185185248354e-03,-9.259259259259322930e-03,nan,nan,-7.037037037037086398e-03,nan,nan,nan,nan,nan,nan,nan,nan,nan,nan,nan,2.592592592592546548e-03,nan,nan,nan,nan,nan,nan,-4.444444444444495615e-03,nan,-4.440892098500626408e-17,nan,nan,-1.666666666666673929e-02,nan,nan,nan,nan,nan,nan,nan,nan,nan,nan,nan,nan,nan
nan,nan,nan,nan,nan,nan,nan,nan,-1.046931407942237532e-02,nan,-1.083032490974729020e-02,nan,nan,nan,nan,nan,nan,nan,nan,nan,nan,nan,nan,nan,nan,nan,nan,nan,nan,1.083032490974766750e-03,nan,nan,nan,-1.444043321299637393e-03,nan,nan,nan,nan,nan,nan,nan,-1.877256317689530649e-02,nan,nan,nan,nan,nan,nan,-1.155234657039709914e-02,nan,5.776173285198549570e-03,-1.119133574007216171e-02,nan,nan,nan,nan,-1.263537906137184377e-02,nan,-1.480144404332131049e-02,nan,nan,nan,nan,nan,nan
-4.419889502762397449e-03,nan,nan,2.578268876611500282e-03,7.366482504604476410e-04,7.366482504604476410e-04,nan,nan,nan,nan,nan,nan,nan,nan,nan,nan,nan,nan,nan,nan,4.788213627992710282e-03,nan,nan,nan,nan,nan,nan,nan,nan,nan,nan,nan,nan,nan,nan,nan,nan,nan,nan,3.683241252302083164e-03,nan,nan,nan,nan,1.104972375690649235e-03,4.419889502762531022e-03,9.944751381215555588e-03,nan,nan,nan,nan,2.946593001841679542e-03,nan,nan,nan,nan,nan,nan,nan,nan,nan,nan,nan,nan,nan
-1.855287569573294080e-03,nan,nan,7.532467532467534976e-02,nan,nan,nan,nan,nan,nan,nan,nan,nan,nan,nan,nan,nan,nan,nan,nan,nan,nan,nan,-3.710575139146410351e-04,-4.452690166975891914e-03,nan,nan,-1.855287569573294080e-03,-4.081632653061206643e-03,nan,nan,nan,nan,nan,nan,nan,nan,nan,nan,nan,nan,2.597402597402598268e-03,nan,nan,-4.823747680890488714e-03,nan,-4.081632653061206643e-03,nan,nan,nan,nan,nan,nan,nan,nan,nan,-9.276437847866424863e-03,nan,nan,nan,nan,nan,nan,nan,nan
nan,nan,nan,nan,nan,nan,nan,nan,-2.105263157894743300e-03,nan,6.666666666666687044e-03,nan,nan,nan,nan,nan,nan,nan,nan,1.052631578947371650e-03,nan,nan,nan,-5.614035087719316044e-03,8.070175438596515621e-03,nan,nan,nan,3.157894736842115167e-03,nan,nan,nan,nan,nan,nan,nan,nan,nan,nan,nan,nan,3.157894736842115167e-03,nan,nan,nan,nan,3.508771929824572528e-04,nan,nan,nan,nan,nan,nan,nan,nan,nan,3.508771929824572528e-04,nan,1.754385964912286155e-03,nan,nan,nan,nan,nan,nan
3.597122302158317804e-03,nan,nan,2.877697841726712009e-03,nan,3.237410071942537024e-03,nan,nan,nan,nan,-2.877697841726600987e-03,nan,nan,nan,nan,nan,nan,nan,nan,nan,nan,nan,nan,1.798561151079192079e-03,nan,nan,nan,nan,nan,nan,nan,nan,nan,nan,nan,nan,nan,nan,7.194244604316590505e-03,nan,3.597122302158339922e-03,nan,nan,nan,2.877697841726712009e-03,nan,nan,nan,nan,nan,nan,-7.194244604316502468e-04,nan,nan,nan,nan,1.798561151079192079e-03,nan,nan,nan,nan,nan,nan,nan,nan
-6.428571428571405906e-03,nan,nan,nan,nan,1.785714285714279370e-03,nan,nan,-1.071428571428567579e-03,nan,nan,nan,3.571428571428558957e-04,-7.142857142857117914e-04,nan,nan,nan,nan,nan,nan,nan,nan,nan,nan,-4.285714285714270315e-03,nan,nan,nan,nan,nan,nan,nan,nan,2.499999999999990945e-03,nan,nan,nan,nan,-7.142857142857117481e-03,nan,6.785714285714261260e-03,nan,nan,nan,nan,nan,3.214285714285702953e-03,nan,nan,nan,nan,nan,nan,nan,nan,nan,nan,nan,nan,nan,nan,nan,nan,nan,nan
nan,nan,nan,1.104972375690605000e-03,nan,nan,nan,nan,nan,nan,1.473296500920817653e-02,nan,nan,nan,0.000000000000000000e+00,nan,nan,2.209944751381210000e-03,nan,nan,nan,0.000000000000000000e+00,nan,nan,nan,nan,7.366482504604032972e-04,7.366482504604032972e-04,nan,nan,nan,nan,nan,nan,3.683241252302038495e-03,nan,nan,nan,nan,-6.629834254143629133e-03,nan,nan,nan,nan,7.366482504604032972e-04,nan,nan,nan,nan,nan,nan,nan,nan,nan,nan,nan,nan,nan,nan,nan,nan,nan,nan,nan,nan
-1.449275362318847103e-03,nan,nan,-1.086956521739133007e-02,nan,4.347826086956519190e-03,nan,nan,-2.536231884057982104e-03,nan,nan,nan,-3.623188405797117756e-04,nan,nan,nan,nan,nan,nan,nan,nan,nan,nan,nan,nan,nan,nan,nan,1.594202898550722836e-02,nan,nan,nan,nan,nan,nan,nan,nan,nan,nan,-2.536231884057982104e-03,nan,nan,nan,nan,5.797101449275343307e-03,nan,1.811594202898558770e-03,nan,nan,nan,nan,-8.333333333333369647e-03,nan,nan,nan,nan,nan,nan,nan,nan,nan,nan,nan,nan,nan
-1.052631578947416102e-03,nan,nan,nan,nan,nan,nan,nan,2.456140350877134091e-03,nan,nan,nan,2.456140350877156209e-03,nan,nan,-2.807017543859658022e-03,nan,nan,nan,nan,nan,-3.508771929824572528e-04,nan,2.105263157894699064e-03,nan,nan,nan,2.105263157894699064e-03,-3.508771929824794247e-04,nan,nan,nan,nan,nan,nan,nan,nan,nan,nan,-4.912280701754400888e-03,nan,nan,nan,nan,nan,nan,nan,nan,nan,nan,nan,nan,nan,nan,nan,nan,1.403508771929784559e-03,nan,nan,nan,nan,nan,nan,nan,nan
nan,nan,nan,7.743119266055047134e-02,nan,nan,nan,nan,8.073394495412866342e-03,nan,nan,nan,-3.669724770642179921e-03,nan,2.935779816513784009e-03,nan,nan,nan,nan,nan,nan,nan,nan,-1.100917431192627262e-03,nan,nan,nan,4.036697247706433171e-03,6.238532110091754915e-03,nan,nan,nan,nan,-2.935779816513761457e-03,nan,nan,nan,nan,nan,nan,nan,nan,nan,nan,nan,nan,4.403669724770664304e-03,nan,nan,nan,-5.137614678899060650e-03,nan,nan,nan,nan,nan,nan,nan,nan,nan,nan,nan,nan,nan,nan
-3.759398496240518245e-04,nan,nan,nan,nan,nan,nan,nan,nan,nan,2.631578947368422641e-02,nan,nan,nan,nan,nan,nan,nan,nan,nan,nan,nan,nan,3.759398496240962226e-04,nan,nan,2.220446049250313204e-17,1.879699248120325584e-03,7.894736842105287700e-03,nan,nan,nan,nan,3.759398496240651168e-03,nan,nan,nan,nan,nan,nan,nan,-1.503759398496251534e-03,nan,nan,1.503759398496273868e-03,nan,nan,nan,nan,nan,nan,nan,nan,nan,nan,nan,-6.766917293233043647e-03,nan,nan,nan,nan,nan,nan,nan,nan
nan,nan,nan,nan,nan,-5.444646098003658174e-03,nan,nan,-3.629764065335772116e-03,nan,nan,nan,3.266787658802194818e-03,nan,0.000000000000000000e+00,nan,nan,nan,nan,nan,nan,nan,nan,nan,7.259528130671543799e-04,nan,nan,nan,-3.992740471869348981e-03,3.629764065335771899e-04,nan,nan,nan,nan,nan,nan,nan,nan,nan,4.718693284936481894e-03,nan,nan,nan,nan,nan,nan,nan,nan,nan,nan,-3.992740471869348981e-03,nan,nan,nan,nan,1.088929219600731678e-03,nan,nan,nan,nan,nan,nan,nan,nan,nan
nan,nan,nan,nan,nan,nan,nan,nan,nan,nan,nan,nan,-4.440892098500626408e-17,nan,nan,nan,nan,nan,nan,4.634581105169299949e-03,nan,nan,nan,nan,nan,nan,nan,nan,nan,nan,nan,2.495543672014233130e-03,nan,nan,nan,nan,nan,nan,nan,1.033868092691618903e-02,nan,-2.139037433155111054e-03,4.634581105169277397e-03,nan,-1.782531194295944310e-03,nan,3.565062388591733362e-03,nan,nan,nan,1.319073083778960973e-02,2.887700534759354148e-02,nan,nan,nan,nan,nan,nan,nan,nan,nan,nan,nan,nan,nan
1.444043321299570606e-03,nan,nan,nan,nan,2.888086642599230116e-03,nan,nan,nan,nan,2.166064981949422479e-03,nan,nan,nan,nan,-2.220446049250313204e-17,nan,nan,nan,6.498194945848356774e-03,nan,nan,nan,nan,nan,nan,nan,nan,6.137184115523441896e-03,nan,nan,nan,nan,nan,nan,nan,nan,nan,nan,nan,nan,nan,nan,nan,nan,nan,nan,nan,nan,nan,2.166064981949422479e-03,1.119133574007216171e-02,nan,nan,nan,nan,2.527075812274315238e-03,nan,8.664259927797800936e-03,nan,nan,nan,nan,nan,nan
nan,nan,nan,7.731397459165156860e-02,nan,nan,nan,nan,nan,nan,1.088929219600731678e-03,nan,nan,nan,nan,nan,nan,nan,nan,nan,nan,nan,nan,nan,7.259528130671543799e-04,nan,nan,-7.259528130671543799e-04,4.718693284936503578e-03,1.088929219600731678e-03,nan,nan,nan,nan,nan,nan,nan,nan,nan,nan,nan,nan,nan,nan,nan,nan,nan,nan,3.629764065335772116e-03,nan,6.533575317604389636e-03,nan,nan,nan,nan,nan,5.081669691470081310e-03,nan,9.800362976406584020e-03,nan,nan,nan,nan,nan,nan
nan,nan,nan,nan,nan,nan,nan,nan,1.438848920863300494e-03,nan,5.755395683453246210e-03,nan,nan,nan,nan,nan,nan,nan,nan,nan,nan,1.798561151079125509e-03,nan,8.633093525179847197e-03,nan,nan,nan,-1.043165467625901607e-02,5.395683453237376526e-03,nan,nan,nan,nan,nan,nan,nan,nan,nan,nan,nan,nan,-8.273381294964021748e-03,nan,nan,7.194244604316502468e-04,nan,nan,nan,5.395683453237376526e-03,nan,nan,7.913669064748196300e-03,nan,nan,nan,nan,nan,nan,nan,nan,nan,nan,nan,nan,nan
nan,nan,nan,nan,nan,nan,nan,nan,nan,nan,2.007168458781356454e-02,nan,nan,nan,0.000000000000000000e+00,nan,nan,nan,nan,nan,nan,nan,nan,nan,nan,nan,-3.584229390681148322e-04,-5.017921146953430167e-03,nan,nan,nan,1.433691756272370641e-03,nan,-5.017921146953407616e-03,nan,nan,nan,nan,nan,-8.960573476702560561e-03,nan,nan,1.075268817204255755e-03,nan,nan,nan,nan,nan,nan,nan,nan,-4.301075268817222512e-03,nan,nan,nan,nan,-2.508960573476715084e-03,nan,nan,nan,nan,nan,nan,nan,nan
2.631578947368451351e-03,nan,nan,nan,nan,nan,nan,nan,-5.639097744360865513e-03,nan,2.819548872180457216e-02,nan,nan,nan,nan,nan,nan,nan,nan,nan,nan,nan,nan,nan,-3.759398496240073722e-04,nan,1.879699248120347919e-03,nan,-3.759398496240073722e-04,nan,nan,nan,nan,-5.639097744360865513e-03,nan,nan,nan,nan,nan,nan,nan,1.127819548872184205e-02,nan,nan,nan,nan,nan,nan,nan,nan,-6.766917293233043647e-03,nan,nan,nan,nan,3.383458646616621570e-03,nan,nan,nan,nan,nan,nan,nan,nan,nan
nan,nan,nan,nan,nan,nan,nan,nan,nan,nan,2.980935875216641356e-02,nan,nan,nan,nan,nan,nan,nan,nan,nan,nan,nan,nan,nan,-2.772963604852640880e-03,nan,nan,nan,1.039861351819759694e-02,nan,nan,nan,nan,-1.733102253032914319e-03,nan,nan,nan,nan,-2.079722703639474805e-03,-1.039861351819753102e-02,nan,nan,nan,nan,2.220446049250313204e-17,nan,-6.585788561525074240e-03,nan,nan,nan,nan,nan,nan,nan,nan,1.039861351819792914e-03,2.426343154246124630e-03,nan,nan,nan,nan,nan,nan,nan,nan
2.531645569620222420e-03,nan,nan,nan,nan,nan,nan,nan,nan,nan,nan,nan,nan,nan,0.000000000000000000e+00,nan,nan,nan,nan,-3.616636528029460004e-04,nan,nan,nan,nan,nan,nan,nan,-1.084990958408727033e-03,-1.808318264014507903e-03,nan,nan,nan,nan,nan,nan,nan,nan,nan,nan,1.446654611211517505e-03,nan,4.701627486437587149e-03,-7.233273056058253225e-04,nan,nan,nan,2.169981916817320493e-03,nan,nan,nan,-6.509945750452117604e-03,nan,nan,nan,nan,nan,nan,nan,nan,nan,nan,nan,nan,nan,nan
4.651162790697704712e-03,nan,nan,nan,nan,nan,nan,nan,nan,nan,3.649373881932023445e-02,nan,nan,nan,nan,nan,nan,nan,nan,nan,nan,nan,nan,nan,nan,nan,nan,2.504472271914148958e-03,nan,-1.073345259391778094e-03,nan,nan,nan,3.577817531305926618e-04,nan,nan,nan,nan,nan,nan,1.395348837209300398e-02,1.645796064400717462e-02,nan,nan,1.252236135957065545e-02,nan,nan,nan,nan,nan,2.146690518783556188e-03,nan,nan,nan,nan,nan,1.180679785330949159e-02,nan,nan,nan,nan,nan,nan,nan,nan
nan,nan,nan,8.163265306122390735e-03,nan,nan,nan,nan,nan,nan,nan,nan,nan,nan,-3.339517625231947125e-03,nan,nan,nan,nan,nan,nan,nan,nan,nan,-3.339517625231947125e-03,nan,nan,-1.855287569573316198e-03,-4.452690166975914465e-03,nan,nan,nan,nan,nan,nan,nan,nan,nan,8.905380333951740460e-03,nan,nan,1.113172541743965259e-02,1.447124304267160058e-02,nan,3.339517625231880338e-03,nan,nan,nan,nan,nan,-9.647495361781111001e-03,nan,nan,nan,nan,nan,nan,nan,nan,nan,nan,nan,nan,nan,nan
nan,nan,nan,nan,nan,nan,nan,nan,nan,nan,1.226053639846749234e-02,nan,nan,nan,0.000000000000000000e+00,nan,nan,nan,nan,3.831417624521327170e-04,nan,nan,nan,9.578544061302717710e-03,nan,nan,nan,-1.532567049808375393e-03,8.812260536398519931e-03,nan,nan,nan,nan,nan,nan,nan,nan,nan,nan,nan,nan,9.578544061302762813e-03,-2.681992337164706974e-03,nan,3.065134099616883927e-03,nan,nan,nan,nan,nan,2.681992337164817997e-03,nan,nan,nan,nan,nan,nan,nan,nan,nan,nan,nan,nan,nan,nan
nan,nan,nan,7.272727272727279313e-02,nan,nan,nan,nan,5.565862708719926041e-03,nan,nan,nan,nan,nan,nan,nan,nan,nan,nan,-5.565862708719815019e-03,nan,4.081632653061295982e-03,nan,nan,nan,nan,7.421150278293198004e-03,nan,9.647495361781111001e-03,1.410018552875700291e-02,nan,nan,nan,nan,nan,nan,nan,nan,nan,4.081632653061295982e-03,nan,nan,nan,nan,nan,nan,nan,nan,6.307977736549230663e-03,nan,3.339517625231969242e-03,nan,nan,nan,nan,nan,nan,nan,nan,nan,nan,nan,nan,nan,nan
nan,nan,nan,nan,nan,nan,nan,nan,2.135231316725927191e-03,nan,nan,nan,nan,nan,nan,nan,nan,9.964412811387846416e-03,nan,nan,nan,nan,nan,nan,1.423487544483936860e-03,nan,6.761565836298877134e-03,1.779359430604976477e-02,9.608540925266884428e-03,nan,nan,nan,nan,nan,nan,nan,nan,nan,2.491103202846969150e-02,nan,nan,nan,nan,nan,nan,nan,nan,nan,nan,nan,-3.202846975089035202e-03,nan,nan,nan,nan,7.473309608540890450e-03,2.846975088967917955e-03,nan,nan,nan,nan,nan,nan,nan,nan
nan,nan,nan,nan,nan,nan,nan,nan,nan,nan,2.290909090909089979e-02,nan,nan,nan,nan,-1.454545454545463998e-03,nan,7.272727272727319992e-04,nan,nan,nan,nan,nan,nan,6.545454545454565225e-03,nan,4.727272727272757886e-03,nan,6.909090909090931550e-03,nan,nan,nan,nan,3.636363636363659996e-04,nan,nan,nan,nan,nan,-9.090909090909083529e-03,nan,nan,nan,nan,2.545454545454561672e-03,nan,nan,nan,nan,nan,nan,nan,nan,nan,nan,nan,nan,nan,-2.181818181818195781e-03,nan,nan,nan,nan,nan,nan
